{"timestamp": 1767937625.8867204, "CC": 100.0, "RC": 5.0995317868697505, "SC": 91.61570062945655}