timestamp,elapsed_sec,CC,RC,SC,CC_avg,RC_avg,SC_avg,ΔCC,ΔRC,ΔSC
1769587558.122299,0.5138771533966064,100,57,69,,,,,,
1769587558.206978,0.5988171100616455,100,56,69,,,,,,
1769587558.2776551,0.669457197189331,100,56,69,,,,,,
1769587558.355118,0.746941328048706,100,56,69,,,,,,
1769587558.4257762,0.8167140483856201,100,56,69,,,,,,
1769587558.668046,1.0599281787872314,100,56,69,,,,,,
1769587558.738113,1.1300411224365234,100,56,69,,,,,,
1769587558.798023,1.189913272857666,100,56,70,,,,,,
1769587558.865275,1.2571852207183838,100,56,70,,,,,,
1769587558.920094,1.3120012283325195,100,56,69,,,,,,
1769587558.966812,1.3582191467285156,100,56,69,,,,,,
1769587559.012531,1.4043211936950684,100,56,69,,,,,,
1769587559.070225,1.462083101272583,100,56,69,,,,,,
1769587559.116906,1.508730173110962,100,56,70,,,,,,
1769587559.163809,1.5556800365447998,100,56,70,,,,,,
1769587559.207844,1.5996572971343994,100,56,70,,,,,,
1769587559.252288,1.6440761089324951,100,56,70,,,,,,
1769587559.298309,1.6901891231536865,100,56,70,,,,,,
1769587559.3445811,1.736253261566162,100,56,70,,,,,,
1769587559.390402,1.7821602821350098,100,56,70,,,,,,
1769587559.436728,1.8284993171691895,100,56,70,,,,,,
1769587559.482916,1.8747673034667969,100,55,70,,,,,,
1769587559.530543,1.9223780632019043,100,55,70,,,,,,
1769587559.576905,1.9687511920928955,100,55,71,,,,,,
1769587559.626317,2.0181221961975098,100,55,71,,,,,,
1769587559.67756,2.069336175918579,100,55,71,,,,,,
1769587559.728671,2.120516300201416,100,55,71,,,,,,
1769587559.7780302,2.1697840690612793,100,55,71,,,,,,
1769587559.828761,2.220564365386963,100,55,71,,,,,,
1769587559.878232,2.2699341773986816,100,55,72,,,,,,
1769587559.9283452,2.3200740814208984,100,54,72,,,,,,
1769587559.978154,2.3698360919952393,100,54,72,,,,,,
1769587560.0266979,2.418501138687134,100,54,72,,,,,,
1769587560.0791218,2.470874309539795,100,54,72,,,,,,
1769587560.12642,2.518320322036743,100,54,72,,,,,,
1769587560.177578,2.5694222450256348,100,54,72,,,,,,
1769587560.230217,2.6217522621154785,100,54,73,,,,,,
1769587560.2787478,2.670555353164673,100,53,73,,,,,,
1769587560.327119,2.719048261642456,100,54,72,,,,,,
1769587560.380928,2.7725350856781006,100,54,73,,,,,,
1769587560.44503,2.83685302734375,100,54,73,,,,,,
1769587560.49168,2.8835294246673584,100,53,73,,,,,,
1769587560.535574,2.9273600578308105,100,53,73,,,,,,
1769587560.579629,2.9714879989624023,100,53,74,,,,,,
1769587560.6265228,3.0182483196258545,100,53,74,,,,,,
1769587560.677019,3.068909168243408,100,53,74,,,,,,
1769587560.728405,3.1200811862945557,100,53,74,,,,,,
1769587560.779364,3.1710922718048096,100,53,74,,,,,,
1769587560.82824,3.219984292984009,100,53,74,,,,,,
1769587560.8777401,3.2694242000579834,100,53,74,,,,,,
1769587560.928063,3.3198461532592773,100,53,74,,,,,,
1769587560.977868,3.3697521686553955,100,53,74,,,,,,
1769587561.0322719,3.4237911701202393,100,53,74,,,,,,
1769587561.0827541,3.4746041297912598,100,52,75,,,,,,
1769587561.126184,3.517956256866455,100,52,74,,,,,,
1769587561.178187,3.569789171218872,100,52,75,,,,,,
1769587561.2264562,3.6182782649993896,100,52,75,,,,,,
1769587561.278901,3.670652151107788,100,52,75,,,,,,
1769587561.328289,3.7200193405151367,100,51,75,,,,,,
1769587561.376988,3.7686922550201416,100,51,76,,,,,,
1769587561.428349,3.8199570178985596,100,51,75,,,,,,
1769587561.485107,3.8769333362579346,100,51,75,,,,,,
1769587561.527447,3.9193451404571533,100,51,75,,,,,,
1769587561.576691,3.96854305267334,100,51,75,,,,,,
1769587561.628736,4.020498275756836,100,51,75,,,,,,
1769587561.678268,4.0700154304504395,100,51,75,,,,,,
1769587561.7263849,4.11815619468689,100,51,75,,,,,,
1769587561.7784162,4.169894218444824,100,51,75,,,,,,
1769587561.826462,4.21824312210083,100,51,76,,,,,,
1769587561.879371,4.2710981369018555,100,51,76,,,,,,
1769587561.927669,4.3195130825042725,100,50,76,,,,,,
1769587561.978421,4.370139122009277,100,50,76,,,,,,
1769587562.028683,4.420344114303589,100,50,76,,,,,,
1769587562.078136,4.469950199127197,100,50,77,,,,,,
1769587562.127556,4.519391059875488,100,50,77,,,,,,
1769587562.17957,4.57117223739624,100,49,77,,,,,,
1769587562.238799,4.630447149276733,100,49,77,,,,,,
1769587562.281599,4.673439025878906,100,50,76,,,,,,
1769587562.327331,4.719205141067505,100,49,77,,,,,,
1769587562.379071,4.770756244659424,100,49,77,,,,,,
1769587562.4264178,4.818221092224121,100,50,76,,,,,,
1769587562.477571,4.8693671226501465,100,50,76,,,,,,
1769587562.528466,4.9200122356414795,100,49,77,,,,,,
1769587562.578123,4.969863176345825,100,49,77,,,,,,
1769587562.626791,5.01855206489563,100,49,77,,,,,,
1769587562.67932,5.070914268493652,100,49,77,,,,,,
1769587562.728478,5.120370388031006,100,49,77,,,,,,
1769587562.7762449,5.168091297149658,100,48,78,,,,,,
1769587562.8287191,5.220515251159668,100,48,79,,,,,,
1769587562.877592,5.269448280334473,100,47,79,,,,,,
1769587562.927239,5.319116115570068,100,47,78,,,,,,
1769587562.9784162,5.370088338851929,100,47,78,,,,,,
1769587563.029374,5.42092227935791,100,47,79,,,,,,
1769587563.086144,5.478039026260376,100,47,79,,,,,,
1769587563.127319,5.51915431022644,100,47,79,,,,,,
1769587563.1773329,5.569047212600708,100,47,78,,,,,,
1769587563.227903,5.61964225769043,100,47,78,,,,,,
1769587563.2772381,5.6689722537994385,100,48,77,,,,,,
1769587563.327512,5.719351053237915,100,49,76,,,,,,
1769587563.378191,5.769979238510132,100,49,76,,,,,,
1769587563.4279108,5.819631099700928,100,48,77,,,,,,
1769587563.477945,5.869725227355957,100,47,78,,,,,,
1769587563.5290549,5.920652151107788,100,47,78,,,,,,
1769587563.586402,5.97811222076416,100,47,78,,,,,,
1769587563.6295092,6.021411180496216,100,48,77,,,,,,
1769587563.676765,6.068579196929932,100,48,76,,,,,,
1769587563.729548,6.121426343917847,100,48,75,,,,,,
1769587563.776165,6.168071269989014,100,48,75,,,,,,
1769587563.827908,6.219829082489014,100,48,76,,,,,,
1769587563.878491,6.270334243774414,100,49,74,,,,,,
1769587563.9291441,6.321059226989746,100,50,73,,,,,,
1769587564.038084,6.42988920211792,100,49,74,,,,,,
1769587564.0840771,6.475956439971924,100,49,74,,,,,,
1769587564.138258,6.529864311218262,100,49,74,,,,,,
1769587564.181996,6.573797225952148,100,49,73,,,,,,
1769587564.227328,6.619209289550781,100,49,73,,,,,,
1769587564.2769768,6.6688501834869385,100,49,73,,,,,,
1769587564.3272388,6.718996286392212,100,49,74,,,,,,
1769587564.376535,6.768385171890259,100,49,74,,,,,,
1769587564.4281862,6.819994211196899,100,51,70,,,,,,
1769587564.4769,6.868809223175049,100,51,70,,,,,,
1769587564.527731,6.919172286987305,100,50,71,,,,,,
1769587564.57667,6.96858811378479,100,51,69,,,,,,
1769587564.6277199,7.0195581912994385,100,51,68,,,,,,
1769587564.677652,7.069512367248535,100,51,69,,,,,,
1769587564.739115,7.130922079086304,100,51,68,,,,,,
1769587564.7828858,7.174663305282593,100,51,68,,,,,,
1769587564.8265102,7.2184202671051025,100,51,68,,,,,,
1769587564.877084,7.268994092941284,100,51,68,,,,,,
1769587564.926063,7.317798137664795,100,51,67,,,,,,
1769587564.976249,7.368155241012573,100,51,67,,,,,,
1769587565.030653,7.422086238861084,100,51,67,,,,,,
1769587565.0951989,7.487007141113281,100,51,67,,,,,,
1769587565.141352,7.53310227394104,100,52,65,,,,,,
1769587565.184021,7.575798034667969,100,53,64,,,,,,
1769587565.226196,7.618049144744873,100,52,64,,,,,,
1769587565.279289,7.67086124420166,100,52,65,,,,,,
1769587565.326457,7.7183122634887695,100,52,65,,,,,,
1769587565.377229,7.768920183181763,100,52,65,,,,,,
1769587565.426848,7.818725109100342,100,52,64,,,,,,
1769587565.477514,7.869264125823975,100,52,64,,,,,,
1769587565.526762,7.918670177459717,100,52,64,,,,,,
1769587565.575835,7.967738151550293,100,53,63,,,,,,
1769587565.628028,8.01994013786316,100,54,62,,,,,,
1769587565.6760378,8.067835330963135,100,53,62,,,,,,
1769587565.727854,8.119600296020508,100,52,64,,,,,,
1769587565.777908,8.16954231262207,100,52,64,,,,,,
1769587565.827245,8.218980312347412,100,52,64,,,,,,
1769587565.876812,8.268725156784058,100,52,63,,,,,,
1769587565.926483,8.318344354629517,100,53,62,,,,,,
1769587565.977813,8.369566202163696,100,53,62,,,,,,
1769587566.026571,8.418426275253296,100,53,62,,,,,,
1769587566.0774348,8.469203233718872,100,53,62,,,,,,
1769587566.125812,8.517584323883057,100,53,62,,,,,,
1769587566.176529,8.568339347839355,100,52,62,,,,,,
1769587566.226132,8.617958307266235,100,52,62,,,,,,
1769587566.278075,8.669846057891846,100,53,62,,,,,,
1769587566.325928,8.717770099639893,100,53,62,,,,,,
1769587566.3780942,8.769840240478516,100,53,61,,,,,,
1769587566.426107,8.817885398864746,100,53,61,,,,,,
1769587566.47751,8.869251251220703,100,53,62,,,,,,
1769587566.526871,8.918735265731812,100,53,61,,,,,,
1769587566.578335,8.96994423866272,100,53,61,,,,,,
1769587566.6389089,9.030764102935791,100,53,61,,,,,,
1769587566.682576,9.074339151382446,100,53,61,,,,,,
1769587566.7261388,9.117931127548218,100,53,62,,,,,,
1769587566.7785878,9.170270204544067,100,54,61,,,,,,
1769587566.8260229,9.217936277389526,100,54,60,,,,,,
1769587566.877366,9.269053220748901,100,54,61,,,,,,
1769587566.928301,9.320093393325806,100,54,61,,,,,,
1769587566.977015,9.368877172470093,100,54,61,,,,,,
1769587567.027518,9.419281244277954,100,54,60,,,,,,
1769587567.077953,9.469693183898926,100,54,60,,,,,,
1769587567.126892,9.518741130828857,100,54,60,,,,,,
1769587567.178706,9.570476055145264,100,54,60,,,,,,
1769587567.227693,9.619471311569214,100,54,60,,,,,,
1769587567.276674,9.668501138687134,100,55,60,,,,,,
1769587567.328452,9.720117092132568,100,54,60,,,,,,
1769587567.377965,9.769718170166016,100,54,60,,,,,,
1769587567.427661,9.819563150405884,100,55,60,,,,,,
1769587567.4779708,9.869808197021484,100,55,60,,,,,,
1769587567.527016,9.918877363204956,100,55,59,,,,,,
1769587567.5777578,9.969475269317627,100,55,60,,,,,,
1769587567.626254,10.018003225326538,100,54,60,,,,,,
1769587567.678646,10.070357084274292,100,55,60,,,,,,
1769587567.72739,10.11919903755188,100,56,58,,,,,,
1769587567.775944,10.167824268341064,100,56,58,,,,,,
1769587567.827898,10.219642162322998,100,56,59,,,,,,
1769587567.87669,10.268583297729492,100,56,58,,,,,,
1769587567.9276469,10.319230318069458,100,56,59,,,,,,
1769587567.977453,10.369223356246948,100,56,59,,,,,,
1769587568.027116,10.418990135192871,100,56,58,,,,,,
1769587568.076937,10.468658208847046,100,56,58,,,,,,
1769587568.1268759,10.518742084503174,100,56,58,,,,,,
1769587568.177653,10.56928825378418,100,56,58,,,,,,
1769587568.2266161,10.618472337722778,100,57,57,,,,,,
1769587568.276573,10.66848635673523,100,57,57,,,,,,
1769587568.3284109,10.720149040222168,100,57,57,,,,,,
1769587568.376153,10.768043041229248,100,57,57,,,,,,
1769587568.427188,10.818875312805176,100,57,57,,,,,,
1769587568.475939,10.867749214172363,100,57,57,,,,,,
1769587568.527694,10.919487237930298,100,57,57,,,,,,
1769587568.577098,10.968899250030518,100,57,56,,,,,,
1769587568.6280162,11.019760131835938,100,57,57,,,,,,
1769587568.677154,11.068830251693726,100,58,56,,,,,,
1769587568.727499,11.119280338287354,100,58,56,,,,,,
1769587568.776733,11.168561220169067,99,58,56,,,,,,
1769587568.827915,11.219663143157959,100,58,56,,,,,,
1769587568.876242,11.268134355545044,100,56,58,,,,,,
1769587568.9273942,11.319175243377686,100,57,57,,,,,,
1769587568.977372,11.369158267974854,99,58,55,,,,,,
1769587569.026463,11.418379068374634,99,59,55,,,,,,
1769587569.0779169,11.469399213790894,99,58,55,,,,,,
1769587569.126882,11.518753051757812,98,58,55,,,,,,
1769587569.176736,11.568641185760498,98,58,55,,,,,,
1769587569.227019,11.618834257125854,98,58,55,,,,,,
1769587569.276948,11.668716192245483,99,58,56,,,,,,
1769587569.327731,11.719520092010498,99,58,56,,,,,,
1769587569.376272,11.768055200576782,99,57,56,,,,,,
1769587569.4273121,11.819234132766724,99,57,57,,,,,,
1769587569.4769468,11.868800163269043,98,59,55,,,,,,
1769587569.526164,11.918013334274292,99,59,54,,,,,,
1769587569.5775099,11.969335079193115,98,59,54,,,,,,
1769587569.627404,12.019248247146606,98,59,55,,,,,,
1769587569.676696,12.068440198898315,98,58,55,,,,,,
1769587569.727328,12.11911129951477,98,59,55,,,,,,
1769587569.777827,12.169666051864624,98,59,55,,,,,,
1769587569.82754,12.219287157058716,98,59,55,,,,,,
1769587569.876415,12.26829743385315,98,59,55,,,,,,
1769587569.927302,12.319147109985352,98,59,55,,,,,,
1769587569.977748,12.369484186172485,98,58,55,,,,,,
1769587570.0271082,12.418846368789673,98,58,55,,,,,,
1769587570.0787709,12.470487117767334,98,59,55,,,,,,
1769587570.1262898,12.518140316009521,98,59,55,,,,,,
1769587570.177981,12.569543361663818,98,59,55,,,,,,
1769587570.2273111,12.619101285934448,98,59,54,,,,,,
1769587570.2771661,12.668946266174316,98,59,54,,,,,,
1769587570.3301601,12.721436262130737,98,59,55,,,,,,
1769587570.387274,12.779027223587036,98,59,55,,,,,,
1769587570.428192,12.82006311416626,98,59,55,,,,,,
1769587570.4798698,12.871238231658936,98,59,54,,,,,,
1769587570.536375,12.92825436592102,98,59,54,,,,,,
1769587570.577464,12.969340324401855,98,59,55,,,,,,
1769587570.6261408,13.017861127853394,98,59,55,,,,,,
1769587570.683818,13.07521939277649,98,59,55,,,,,,
1769587570.749089,13.140639066696167,98,59,55,,,,,,
1769587570.793747,13.185558080673218,98,59,55,,,,,,
1769587570.8352718,13.227136135101318,98,59,54,,,,,,
1769587570.875786,13.267561435699463,98,59,54,,,,,,
1769587570.927493,13.319167375564575,97,59,54,,,,,,
1769587570.976802,13.3686363697052,97,59,54,,,,,,
1769587571.02618,13.418097257614136,97,59,54,,,,,,
1769587571.0786219,13.470345258712769,97,59,55,,,,,,
1769587571.126884,13.518770217895508,97,59,54,,,,,,
1769587571.176699,13.568343162536621,97,60,54,,,,,,
1769587571.226521,13.618340253829956,97,59,54,,,,,,
1769587571.277777,13.66956901550293,97,59,54,,,,,,
1769587571.328449,13.720146179199219,97,59,54,,,,,,
1769587571.377032,13.768813133239746,97,59,54,,,,,,
1769587571.428055,13.819846153259277,97,59,54,,,,,,
1769587571.4762821,13.868126392364502,97,59,54,,,,,,
1769587571.5278022,13.919449090957642,97,60,54,,,,,,
1769587571.5775309,13.969351291656494,97,60,54,,,,,,
1769587571.626805,14.01859426498413,97,59,54,,,,,,
1769587571.67816,14.069772243499756,97,59,54,,,,,,
1769587571.7269351,14.118764162063599,97,59,54,,,,,,
1769587571.777288,14.16912317276001,97,59,54,,,,,,
1769587571.827703,14.219344139099121,97,60,54,,,,,,
1769587571.875755,14.267641305923462,97,60,54,,,,,,
1769587571.92709,14.31880497932434,97,60,54,,,,,,
1769587571.9764621,14.368242263793945,97,60,54,,,,,,
1769587572.02778,14.41962218284607,97,59,54,,,,,,
1769587572.078478,14.470255136489868,97,59,54,,,,,,
1769587572.1265879,14.518388986587524,97,59,54,,,,,,
1769587572.177374,14.568711280822754,97,59,54,,,,,,
1769587572.2286,14.620097160339355,97,59,54,,,,,,
1769587572.289421,14.681328296661377,97,59,54,,,,,,
1769587572.3313222,14.723107099533081,97,60,53,,,,,,
1769587572.3766851,14.768538236618042,96,60,53,,,,,,
1769587572.4289138,14.820593357086182,97,59,55,,,,,,
1769587572.475615,14.86753225326538,97,60,54,,,,,,
1769587572.527374,14.919126033782959,96,61,53,,,,,,
1769587572.575733,14.967548370361328,96,61,53,,,,,,
1769587572.6273952,15.019097089767456,96,60,53,,,,,,
1769587572.6782541,15.070033311843872,97,60,54,,,,,,
1769587572.7257369,15.117570161819458,96,60,54,,,,,,
1769587572.777508,15.169307231903076,96,60,53,,,,,,
1769587572.8279932,15.219507217407227,96,60,53,,,,,,
1769587572.876204,15.268004179000854,96,61,53,,,,,,
1769587572.9278421,15.319521188735962,96,60,53,,,,,,
1769587572.978675,15.370193243026733,96,60,54,,,,,,
1769587573.026725,15.418573141098022,97,60,54,,,,,,
1769587573.07744,15.469146251678467,96,60,53,,,,,,
1769587573.125702,15.517503261566162,95,61,52,,,,,,
1769587573.177854,15.569489240646362,96,61,53,,,,,,
1769587573.22641,15.618229150772095,96,60,53,,,,,,
1769587573.27642,15.668249130249023,95,60,53,,,,,,
1769587573.327667,15.71936321258545,95,60,53,,,,,,
1769587573.3957179,15.787646293640137,95,60,53,,,,,,
1769587573.4376938,15.829529285430908,95,60,53,,,,,,
1769587573.4812422,15.872988224029541,95,61,53,,,,,,
1769587573.526807,15.918467283248901,95,61,53,,,,,,
1769587573.576886,15.968669176101685,95,62,52,,,,,,
1769587573.627199,16.01896023750305,95,61,52,,,,,,
1769587573.6766331,16.06843328475952,97,59,55,,,,,,
1769587573.72544,16.117293119430542,96,60,53,,,,,,
1769587573.778236,16.17000436782837,95,61,52,,,,,,
1769587573.82578,16.2176513671875,95,60,53,,,,,,
1769587573.876545,16.268388271331787,95,61,53,,,,,,
1769587573.926971,16.318711042404175,95,61,53,,,,,,
1769587573.975737,16.367597103118896,96,60,53,,,,,,
1769587574.027769,16.419586181640625,96,60,53,,,,,,
1769587574.0773592,16.46908712387085,96,60,54,,,,,,
1769587574.125767,16.5176522731781,95,60,53,,,,,,
1769587574.176304,16.568158388137817,95,60,53,,,,,,
1769587574.227627,16.619426250457764,96,61,53,,,,,,
1769587574.275425,16.667282342910767,95,60,53,,,,,,
1769587574.326837,16.718716144561768,97,59,55,,,,,,
1769587574.378986,16.770710229873657,96,60,54,,,,,,
1769587574.4266298,16.818511247634888,96,61,52,,,,,,
1769587574.4762728,16.86792230606079,95,61,53,,,,,,
1769587574.527584,16.91933798789978,95,60,53,,,,,,
1769587574.576193,16.968054056167603,94,61,53,,,,,,
1769587574.627784,17.019583225250244,95,60,53,,,,,,
1769587574.675564,17.06744122505188,95,60,54,,,,,,
1769587574.726929,17.1187481880188,95,60,54,,,,,,
1769587574.7755158,17.16736102104187,95,60,53,,,,,,
1769587574.82713,17.218858003616333,95,61,53,,,,,,
1769587574.877501,17.269357204437256,95,60,53,,,,,,
1769587574.927412,17.319215297698975,95,60,53,,,,,,
1769587574.9762409,17.368142127990723,95,60,53,,,,,,
1769587575.026498,17.418198108673096,95,60,53,,,,,,
1769587575.077158,17.468966245651245,95,60,53,,,,,,
1769587575.127938,17.51965618133545,95,60,53,,,,,,
1769587575.176624,17.568440198898315,95,60,53,,,,,,
1769587575.227059,17.618893146514893,95,60,54,,,,,,
1769587575.275577,17.667477130889893,94,61,53,,,,,,
1769587575.326518,17.71837329864502,95,60,53,,,,,,
1769587575.3766432,17.7684223651886,94,60,54,,,,,,
1769587575.426474,17.8182692527771,94,60,54,,,,,,
1769587575.4837089,17.87502121925354,95,60,54,,,,,,
1769587575.5519161,17.943665266036987,95,59,54,,,,,,
1769587575.599145,17.99102520942688,94,60,53,,,,,,
1769587575.644671,18.0365092754364,94,60,53,,,,,,
1769587575.687585,18.079333305358887,94,59,54,,,,,,
1769587575.732265,18.12411332130432,94,59,54,,,,,,
1769587575.776596,18.168366193771362,94,60,54,,,,,,
1769587575.8275478,18.219343185424805,94,60,54,,,,,,
1769587575.876823,18.26855707168579,94,60,54,,,,,,
1769587575.9271948,18.319095134735107,94,59,54,,,,,,
1769587575.9767418,18.368499279022217,93,60,54,,,,,,
1769587576.0267441,18.418347120285034,94,60,54,,,,,,
1769587576.07631,18.468101263046265,93,59,54,,,,,,
1769587576.126621,18.518376350402832,93,59,54,,,,,,
1769587576.177749,18.569594144821167,93,60,54,,,,,,
1769587576.2271638,18.61876130104065,93,60,54,,,,,,
1769587576.276146,18.66793918609619,93,60,54,,,,,,
1769587576.327714,18.71936321258545,92,60,53,,,,,,
1769587576.3757849,18.7676522731781,93,59,54,,,,,,
1769587576.427302,18.819083213806152,92,60,54,,,,,,
1769587576.47596,18.867711305618286,93,59,55,,,,,,
1769587576.525514,18.917336225509644,94,59,55,,,,,,
1769587576.5775008,18.969125270843506,94,59,55,,,,,,
1769587576.6264288,19.01825213432312,91,60,53,,,,,,
1769587576.676678,19.068520307540894,92,60,53,,,,,,
1769587576.7264361,19.118091106414795,93,58,55,,,,,,
1769587576.776057,19.167936086654663,93,59,55,,,,,,
1769587576.82749,19.219091415405273,92,59,55,,,,,,
1769587576.876263,19.2681622505188,92,59,55,,,,,,
1769587576.925846,19.31759214401245,91,59,54,,,,,,
1769587576.977791,19.369471311569214,91,59,55,,,,,,
1769587577.0251808,19.416994094848633,92,59,55,,,,,,
1769587577.0767858,19.468505144119263,92,59,54,,,,,,
1769587577.1269948,19.518834352493286,91,59,55,,,,,,
1769587577.176335,19.56815004348755,91,59,55,,,,,,
1769587577.227961,19.619707345962524,91,59,55,,,,,,
1769587577.275658,19.667498111724854,91,59,55,,,,,,
1769587577.326868,19.71872615814209,91,59,55,,,,,,
1769587577.37806,19.76983332633972,91,59,55,,,,,,
1769587577.42557,19.817407369613647,91,58,56,,,,,,
1769587577.4776719,19.869433164596558,91,58,56,,,,,,
1769587577.5260658,19.917901277542114,91,58,57,,,,,,
1769587577.576816,19.968564987182617,90,59,55,96.2,59.085,54.505,03.799999999999997,7.0412841530054635,015.708114754098354
1769587577.626463,20.01822829246521,90,59,55,96.15,59.11,54.48,03.8499999999999943,7.066284153005462,015.73311475409836
1769587577.6775942,20.069279193878174,90,59,55,96.1,59.13,54.455,03.9000000000000057,7.086284153005465,015.758114754098358
1769587577.726218,20.117935180664062,89,59,55,96.045,59.145,54.44,03.9549999999999983,7.101284153005466,015.773114754098359
1769587577.777225,20.1688711643219,89,59,55,95.99,59.16,54.425,04.010000000000005,7.116284153005459,015.788114754098359
1769587577.826731,20.218491315841675,89,59,55,95.935,59.175,54.405,04.064999999999998,7.13128415300546,015.808114754098355
1769587577.876263,20.2680401802063,91,58,56,95.89,59.185,54.395,04.109999999999999,7.141284153005465,015.818114754098353
1769587577.926558,20.318288326263428,90,58,56,95.84,59.195,54.38,04.159999999999997,7.151284153005463,015.833114754098354
1769587577.975451,20.3671452999115,89,58,56,95.785,59.205,54.365,04.215000000000003,7.161284153005461,015.848114754098354
1769587578.026603,20.41835117340088,89,58,56,95.73,59.215,54.355,04.269999999999996,7.171284153005466,015.85811475409836
1769587578.077476,20.46919822692871,89,58,56,95.675,59.225,54.345,04.325000000000003,7.181284153005464,015.868114754098357
1769587578.1258082,20.517529249191284,90,58,56,95.625,59.235,54.335,04.375,7.191284153005462,015.878114754098355
1769587578.1767921,20.56845211982727,88,58,56,95.565,59.245,54.325,04.435000000000002,7.20128415300546,015.888114754098353
1769587578.2270532,20.618674278259277,89,58,57,95.51,59.25,54.325,04.489999999999995,7.206284153005463,015.888114754098353
1769587578.275719,20.667450189590454,90,57,57,95.46,59.25,54.325,04.540000000000006,7.206284153005463,015.888114754098353
1769587578.327399,20.719151258468628,89,57,57,95.405,59.25,54.325,04.594999999999999,7.206284153005463,015.888114754098353
1769587578.37637,20.768166303634644,89,57,57,95.35,59.25,54.325,04.650000000000006,7.206284153005463,015.888114754098353
1769587578.427022,20.81874108314514,89,58,57,95.295,59.255,54.325,04.704999999999998,7.211284153005465,015.888114754098353
1769587578.4767702,20.868369340896606,89,57,57,95.24,59.255,54.325,04.760000000000005,7.211284153005465,015.888114754098353
1769587578.526337,20.918127298355103,89,57,57,95.185,59.255,54.325,04.814999999999998,7.211284153005465,015.888114754098353
1769587578.577636,20.96907329559326,89,57,57,95.13,59.255,54.33,04.8700000000000045,7.211284153005465,015.883114754098358
1769587578.626933,21.01870322227478,89,57,57,95.075,59.255,54.33,04.924999999999997,7.211284153005465,015.883114754098358
1769587578.676987,21.068726062774658,89,57,57,95.02,59.25,54.335,04.980000000000004,7.206284153005463,015.878114754098355
1769587578.725204,21.117046117782593,88,57,57,94.96,59.245,54.34,05.040000000000006,7.20128415300546,015.873114754098353
1769587578.777002,21.16875910758972,88,57,57,94.905,59.24,54.345,05.094999999999999,7.196284153005465,015.868114754098357
1769587578.8269749,21.218688011169434,88,57,58,94.845,59.235,54.355,05.155000000000001,7.191284153005462,015.85811475409836
1769587578.875212,21.26697826385498,88,58,57,94.785,59.245,54.35,05.215000000000003,7.20128415300546,015.863114754098355
1769587578.926116,21.31789803504944,88,58,57,94.725,59.25,54.35,05.275000000000006,7.206284153005463,015.863114754098355
1769587578.976778,21.368499279022217,88,57,58,94.67,59.245,54.365,05.329999999999998,7.20128415300546,015.848114754098354
1769587579.0274508,21.419219255447388,88,57,58,94.615,59.235,54.38,05.385000000000005,7.191284153005462,015.833114754098354
1769587579.077284,21.468935251235962,88,56,58,94.56,59.225,54.395,05.439999999999998,7.181284153005464,015.818114754098353
1769587579.1270552,21.518822193145752,88,56,58,94.51,59.215,54.41,05.489999999999995,7.171284153005466,015.80311475409836
1769587579.1766348,21.56847906112671,88,56,58,94.46,59.205,54.425,05.540000000000006,7.161284153005461,015.788114754098359
1769587579.227963,21.61965799331665,88,56,58,94.41,59.195,54.44,05.590000000000003,7.151284153005463,015.773114754098359
1769587579.276406,21.668153285980225,87,57,58,94.35,59.19,54.45,05.650000000000006,7.14628415300546,015.763114754098353
1769587579.3278358,21.71959614753723,87,56,58,94.29,59.18,54.46,05.709999999999994,7.136284153005462,015.753114754098355
1769587579.375235,21.766991138458252,87,57,58,94.23,59.18,54.47,05.769999999999996,7.136284153005462,015.743114754098357
1769587579.42703,21.81863021850586,87,57,58,94.17,59.18,54.475,05.829999999999998,7.136284153005462,015.738114754098355
1769587579.4757462,21.86738920211792,88,56,59,94.12,59.165,54.495,05.8799999999999955,7.121284153005462,015.718114754098359
1769587579.527657,21.91943120956421,89,55,60,94.07,59.145,54.525,05.930000000000007,7.101284153005466,015.688114754098358
1769587579.57534,21.967185258865356,88,56,59,94.02,59.13,54.55,05.980000000000004,7.086284153005465,015.663114754098359
1769587579.6267588,22.018384218215942,87,56,59,93.965,59.115,54.57,06.034999999999997,7.071284153005465,015.643114754098356
1769587579.677265,22.068817138671875,87,56,59,93.91,59.105,54.59,06.090000000000003,7.0612841530054595,015.623114754098353
1769587579.72649,22.118223190307617,87,57,58,93.855,59.095,54.605,06.144999999999996,7.0512841530054615,015.60811475409836
1769587579.797466,22.189211130142212,87,56,59,93.8,59.08,54.625,06.200000000000003,7.036284153005461,015.588114754098356
1769587579.841425,22.233169317245483,88,55,60,93.75,59.06,54.65,06.25,7.016284153005465,015.563114754098358
1769587579.8858519,22.277664184570312,87,56,59,93.695,59.045,54.67,06.305000000000007,7.001284153005464,015.543114754098355
1769587579.927264,22.31889009475708,87,56,60,93.64,59.03,54.695,06.359999999999999,6.986284153005464,015.518114754098356
1769587579.975637,22.36741828918457,87,56,59,93.585,59.02,54.715,06.415000000000006,6.976284153005466,015.498114754098353
1769587580.0272079,22.418883085250854,87,55,60,93.53,59.005,54.74,06.469999999999999,6.961284153005465,015.473114754098354
1769587580.076977,22.468610048294067,87,55,61,93.475,58.985,54.77,06.525000000000006,6.941284153005462,015.443114754098353
1769587580.126404,22.51805806159973,87,55,60,93.42,58.965,54.795,06.579999999999998,6.921284153005466,015.418114754098355
1769587580.1777852,22.569274187088013,87,56,59,93.365,58.95,54.815,06.635000000000005,6.9062841530054655,015.398114754098359
1769587580.22674,22.618468284606934,87,56,59,93.31,58.935,54.84,06.689999999999998,6.891284153005465,015.373114754098353
1769587580.2767448,22.66836929321289,87,55,60,93.255,58.915,54.87,06.7450000000000045,6.871284153005462,015.343114754098359
1769587580.326381,22.718070030212402,86,55,60,93.195,58.895,54.895,06.805000000000007,6.851284153005466,015.318114754098353
1769587580.376857,22.76836133003235,86,56,60,93.135,58.88,54.92,06.864999999999995,6.836284153005465,015.293114754098355
1769587580.427561,22.81924319267273,87,55,61,93.08,58.86,54.95,06.920000000000002,6.816284153005462,015.263114754098353
1769587580.476088,22.867926120758057,86,55,61,93.02,58.84,54.985,06.980000000000004,6.796284153005466,015.228114754098357
1769587580.528209,22.919814348220825,86,55,61,92.96,58.82,55.02,07.040000000000006,6.776284153005463,015.193114754098353
1769587580.576034,22.967786073684692,86,55,60,92.9,58.8,55.045,07.099999999999994,6.75628415300546,015.168114754098355
1769587580.627226,23.018736124038696,87,55,61,92.845,58.78,55.075,07.155000000000001,6.736284153005464,015.138114754098353
1769587580.67605,23.067792177200317,87,55,60,92.79,58.76,55.1,07.209999999999994,6.716284153005461,015.113114754098355
1769587580.727315,23.118999242782593,86,55,61,92.73,58.74,55.13,07.269999999999996,6.696284153005465,015.083114754098354
1769587580.7752378,23.166999101638794,86,55,61,92.67,58.72,55.16,07.329999999999998,6.6762841530054615,015.05311475409836
1769587580.826588,23.218270301818848,86,54,61,92.61,58.695,55.195,07.390000000000001,6.651284153005463,015.018114754098356
1769587580.876797,23.268596410751343,86,54,61,92.55,58.67,55.23,07.450000000000003,6.626284153005464,014.98311475409836
1769587580.928215,23.319671154022217,86,55,61,92.495,58.65,55.265,07.5049999999999955,6.606284153005461,014.948114754098356
1769587580.994997,23.386727333068848,86,55,61,92.44,58.63,55.3,07.560000000000002,6.586284153005465,014.913114754098359
1769587581.039074,23.430814266204834,86,54,62,92.385,58.605,55.34,07.614999999999995,6.5612841530054595,014.873114754098353
1769587581.0820632,23.473839282989502,86,55,61,92.33,58.585,55.37,07.670000000000002,6.5412841530054635,014.843114754098359
1769587581.126307,23.518118143081665,86,54,62,92.275,58.56,55.41,07.724999999999994,6.516284153005465,014.80311475409836
1769587581.177019,23.56866717338562,86,54,62,92.22,58.53,55.45,07.780000000000001,6.486284153005464,014.763114754098353
1769587581.225329,23.617136240005493,86,54,61,92.165,58.505,55.485,07.834999999999994,6.461284153005465,014.728114754098357
1769587581.281335,23.672767400741577,86,54,62,92.11,58.48,55.525,07.890000000000001,6.4362841530054595,014.688114754098358
1769587581.3466592,23.73827028274536,86,55,61,92.055,58.46,55.56,07.944999999999993,6.4162841530054635,014.653114754098354
1769587581.3911822,23.782909393310547,85,55,61,91.995,58.44,55.595,08.004999999999995,6.39628415300546,014.618114754098357
1769587581.435031,23.82680606842041,85,55,61,91.935,58.42,55.63,08.064999999999998,6.376284153005464,014.583114754098354
1769587581.4787898,23.870497226715088,85,55,61,91.875,58.4,55.665,08.125,6.356284153005461,014.548114754098357
1769587581.525493,23.91720724105835,86,54,62,91.82,58.37,55.705,08.180000000000007,6.32628415300546,014.508114754098358
1769587581.576142,23.96771216392517,85,55,60,91.76,58.345,55.735,08.239999999999995,6.3012841530054615,014.478114754098357
1769587581.627208,24.018832206726074,85,55,61,91.7,58.325,55.77,08.299999999999997,6.2812841530054655,014.443114754098353
1769587581.6773279,24.06882929801941,85,55,61,91.64,58.305,55.805,08.36,6.261284153005462,014.408114754098357
1769587581.7267962,24.118516445159912,86,54,62,91.585,58.28,55.845,08.415000000000006,6.236284153005464,014.368114754098357
1769587581.77582,24.167640209197998,86,54,62,91.53,58.255,55.885,08.469999999999999,6.211284153005465,014.328114754098358
1769587581.828374,24.21972131729126,85,54,61,91.47,58.225,55.92,08.530000000000001,6.181284153005464,014.293114754098355
1769587581.8897212,24.281444311141968,85,54,62,91.41,58.195,55.96,08.590000000000003,6.151284153005463,014.253114754098355
1769587581.936095,24.327832221984863,85,55,61,91.35,58.17,55.995,08.650000000000006,6.126284153005464,014.218114754098359
1769587581.9801369,24.37193512916565,86,54,62,91.295,58.14,56.035,08.704999999999998,6.096284153005463,014.17811475409836
1769587582.025834,24.4175443649292,86,54,62,91.24,58.115,56.075,08.760000000000005,6.071284153005465,014.138114754098353
1769587582.0766542,24.468263387680054,85,54,62,91.18,58.09,56.115,08.819999999999993,6.046284153005466,014.098114754098354
1769587582.1260421,24.51775312423706,85,54,62,91.12,58.065,56.155,08.879999999999995,6.02128415300546,014.058114754098355
1769587582.1773598,24.56906819343567,86,54,62,91.065,58.04,56.195,08.935000000000002,5.996284153005462,014.018114754098356
1769587582.227027,24.618204355239868,85,54,62,91.005,58.015,56.235,08.995000000000005,5.971284153005463,013.978114754098357
1769587582.277796,24.669392347335815,85,54,62,90.945,57.99,56.275,09.055000000000007,5.946284153005465,013.938114754098358
1769587582.326269,24.718072175979614,85,54,62,90.885,57.96,56.32,09.114999999999995,5.9162841530054635,013.893114754098356
1769587582.375906,24.76745915412903,86,54,63,90.835,57.93,56.37,09.165000000000006,5.886284153005462,013.843114754098359
1769587582.42832,24.819749116897583,85,54,62,90.775,57.905,56.405,09.224999999999994,5.861284153005464,013.808114754098355
1769587582.4768808,24.8686420917511,85,54,63,90.715,57.875,56.45,09.284999999999997,5.831284153005463,013.763114754098353
1769587582.5274081,24.919098138809204,85,53,63,90.66,57.835,56.5,09.340000000000003,5.7912841530054635,013.713114754098356
1769587582.575884,24.96759033203125,85,54,62,90.605,57.8,56.545,09.394999999999996,5.75628415300546,013.668114754098355
1769587582.6261492,25.017919301986694,86,53,63,90.555,57.765,56.595,09.444999999999993,5.721284153005463,013.618114754098357
1769587582.676814,25.068422317504883,85,54,62,90.495,57.735,56.635,09.504999999999995,5.691284153005462,013.578114754098358
1769587582.727008,25.118694305419922,85,54,63,90.44,57.705,56.68,09.560000000000002,5.661284153005461,013.533114754098357
1769587582.7769961,25.168750286102295,85,53,63,90.385,57.67,56.73,09.614999999999995,5.626284153005464,013.48311475409836
1769587582.826907,25.218565225601196,85,53,63,90.33,57.635,56.78,09.670000000000002,5.591284153005461,013.433114754098355
1769587582.8761861,25.267508268356323,85,54,63,90.275,57.6,56.83,09.724999999999994,5.556284153005464,013.383114754098358
1769587582.9281101,25.319517374038696,85,54,63,90.22,57.57,56.88,09.780000000000001,5.526284153005463,013.333114754098354
1769587582.977578,25.369383335113525,85,54,62,90.165,57.54,56.92,09.834999999999994,5.496284153005462,013.293114754098355
1769587583.025002,25.416714191436768,85,54,63,90.105,57.51,56.965,09.894999999999996,5.466284153005461,013.248114754098353
1769587583.0760052,25.46768832206726,85,53,63,90.05,57.475,57.015,09.950000000000003,5.431284153005464,013.198114754098356
1769587583.125877,25.51761817932129,84,54,62,89.995,57.44,57.065,010.004999999999995,5.39628415300546,013.148114754098359
1769587583.176254,25.567897081375122,84,55,61,89.935,57.41,57.105,010.064999999999998,5.366284153005459,013.10811475409836
1769587583.226063,25.61785912513733,84,54,62,89.875,57.38,57.15,010.125,5.336284153005465,013.063114754098358
1769587583.2764611,25.668138027191162,84,54,61,89.82,57.35,57.19,010.180000000000007,5.306284153005464,013.023114754098359
1769587583.326132,25.717883348464966,83,54,61,89.76,57.32,57.23,010.239999999999995,5.276284153005463,012.98311475409836
1769587583.37732,25.768869161605835,84,54,62,89.705,57.29,57.275,010.295000000000002,5.246284153005462,012.938114754098358
1769587583.4264152,25.81812834739685,83,54,61,89.645,57.26,57.315,010.355000000000004,5.216284153005461,012.898114754098359
1769587583.475869,25.86748433113098,83,54,62,89.585,57.225,57.36,010.415000000000006,5.181284153005464,012.853114754098357
1769587583.5262988,25.917983055114746,83,55,61,89.525,57.195,57.4,010.474999999999994,5.151284153005463,012.813114754098358
1769587583.575685,25.967382192611694,83,55,60,89.465,57.16,57.44,010.534999999999997,5.116284153005459,012.773114754098359
1769587583.626351,26.018163204193115,82,55,60,89.4,57.13,57.48,010.599999999999994,5.086284153005465,012.73311475409836
1769587583.6761,26.067843198776245,83,55,61,89.33,57.11,57.51,010.670000000000002,5.066284153005462,012.703114754098358
1769587583.72634,26.11819815635681,83,54,62,89.265,57.08,57.555,010.735,5.036284153005461,012.658114754098357
1769587583.7775402,26.168909072875977,83,55,61,89.205,57.05,57.6,010.795000000000002,5.00628415300546,012.613114754098355
1769587583.8260238,26.217833995819092,82,55,60,89.14,57.025,57.635,010.86,4.981284153005461,012.578114754098358
1769587583.877532,26.269071102142334,82,55,61,89.075,56.995,57.675,010.924999999999997,4.95128415300546,012.538114754098359
1769587583.924961,26.31680417060852,82,55,61,89.01,56.965,57.715,010.989999999999995,4.921284153005466,012.498114754098353
1769587583.976625,26.36837410926819,82,55,61,88.94,56.94,57.755,011.060000000000002,4.89628415300546,012.458114754098354
1769587584.025453,26.416763305664062,82,55,61,88.87,56.915,57.795,011.129999999999995,4.871284153005462,012.418114754098355
1769587584.0750551,26.466848134994507,82,55,60,88.8,56.89,57.825,011.200000000000003,4.846284153005463,012.388114754098353
1769587584.1268291,26.518638134002686,81,55,60,88.73,56.865,57.86,011.269999999999996,4.821284153005465,012.353114754098357
1769587584.176147,26.567869186401367,81,56,59,88.66,56.845,57.89,011.340000000000003,4.8012841530054615,012.323114754098356
1769587584.2261891,26.61776828765869,81,55,60,88.585,56.815,57.925,011.415000000000006,4.77128415300546,012.288114754098359
1769587584.2762098,26.667864084243774,81,56,59,88.515,56.795,57.955,011.485,4.751284153005464,012.258114754098358
1769587584.32608,26.717921018600464,81,56,59,88.435,56.78,57.975,011.564999999999998,4.736284153005464,012.238114754098355
1769587584.385646,26.776743173599243,80,57,58,88.355,56.765,57.995,011.644999999999996,4.721284153005463,012.218114754098359
1769587584.457582,26.849151372909546,80,56,59,88.275,56.74,58.03,011.724999999999994,4.696284153005465,012.183114754098355
1769587584.504961,26.896713972091675,80,56,59,88.2,56.715,58.06,011.799999999999997,4.671284153005466,012.153114754098354
1769587584.548586,26.94035816192627,80,56,59,88.125,56.695,58.09,011.875,4.651284153005463,012.123114754098353
1769587584.590828,26.982534170150757,79,57,58,88.05,56.675,58.115,011.950000000000003,4.63128415300546,012.098114754098354
1769587584.6349068,27.026730060577393,79,56,58,87.97,56.655,58.14,012.030000000000001,4.611284153005464,012.073114754098356
1769587584.678526,27.07026720046997,79,57,58,87.89,56.64,58.16,012.11,4.596284153005463,012.05311475409836
1769587584.7275362,27.118728399276733,79,56,59,87.81,56.62,58.185,012.189999999999998,4.57628415300546,012.028114754098354
1769587584.7757282,27.16751718521118,79,56,58,87.73,56.6,58.21,012.269999999999996,4.556284153005464,012.003114754098355
1769587584.8257,27.217464208602905,79,57,58,87.65,56.58,58.235,012.349999999999994,4.536284153005461,011.978114754098357
1769587584.8776698,27.269418001174927,78,57,57,87.565,56.565,58.255,012.435000000000002,4.52128415300546,011.958114754098354
1769587584.9358451,27.32758402824402,78,58,57,87.48,56.555,58.275,012.519999999999996,4.511284153005462,011.938114754098358
1769587584.9893172,27.381039142608643,78,57,57,87.395,56.54,58.295,012.605000000000004,4.496284153005462,011.918114754098355
1769587585.0405629,27.432260274887085,78,57,57,87.31,56.525,58.315,012.689999999999998,4.481284153005461,011.898114754098359
1769587585.137983,27.52968120574951,77,58,56,87.22,56.515,58.33,012.780000000000001,4.471284153005463,011.883114754098358
1769587585.219717,27.611440181732178,77,58,56,87.13,56.505,58.345,012.870000000000005,4.461284153005465,011.868114754098357
1769587585.2673202,27.65903902053833,77,58,57,87.04,56.495,58.365,012.959999999999994,4.45128415300546,011.848114754098354
1769587585.311798,27.703598260879517,77,57,57,86.95,56.48,58.38,013.049999999999997,4.4362841530054595,011.833114754098354
1769587585.356378,27.748101234436035,77,58,56,86.865,56.465,58.395,013.135000000000005,4.421284153005466,011.818114754098353
1769587585.3993201,27.790972232818604,76,58,56,86.77,56.455,58.41,013.230000000000004,4.411284153005461,011.80311475409836
1769587585.443616,27.835410356521606,77,58,57,86.685,56.445,58.425,013.314999999999998,4.401284153005463,011.788114754098359
1769587585.4873269,27.87906837463379,76,58,56,86.595,56.435,58.435,013.405000000000001,4.391284153005465,011.778114754098354
1769587585.530443,27.922234296798706,76,58,56,86.5,56.425,58.445,013.5,4.38128415300546,011.768114754098356
1769587585.57588,27.967722177505493,76,58,56,86.405,56.42,58.455,013.594999999999999,4.376284153005464,011.758114754098358
1769587585.627359,28.01909303665161,76,59,55,86.315,56.415,58.465,013.685000000000002,4.371284153005462,011.748114754098353
1769587585.6753678,28.067081212997437,76,58,56,86.225,56.405,58.48,013.775000000000006,4.361284153005464,011.73311475409836
1769587585.725235,28.117005109786987,76,58,56,86.135,56.4,58.49,013.864999999999995,4.356284153005461,011.723114754098354
1769587585.777138,28.168391227722168,75,59,55,86.04,56.4,58.495,013.959999999999994,4.356284153005461,011.718114754098359
1769587585.826575,28.218255281448364,75,59,55,85.945,56.395,58.5,014.055000000000007,4.351284153005466,011.713114754098356
1769587585.8755252,28.26727819442749,75,58,55,85.85,56.385,58.505,014.150000000000006,4.341284153005461,011.708114754098354
1769587585.9267368,28.318376302719116,75,59,55,85.755,56.38,58.51,014.245000000000005,4.336284153005465,011.703114754098358
1769587585.9762938,28.3681321144104,74,59,54,85.655,56.38,58.51,014.344999999999999,4.336284153005465,011.703114754098358
1769587586.0256388,28.417397022247314,74,59,54,85.56,56.375,58.51,014.439999999999998,4.331284153005463,011.703114754098358
1769587586.075426,28.467162132263184,74,59,55,85.46,56.37,58.515,014.540000000000006,4.32628415300546,011.698114754098356
1769587586.125542,28.51738715171814,74,59,55,85.365,56.37,58.52,014.635000000000005,4.32628415300546,011.693114754098353
1769587586.1759071,28.567562103271484,74,59,54,85.27,56.37,58.52,014.730000000000004,4.32628415300546,011.693114754098353
1769587586.2251258,28.616915225982666,74,59,54,85.175,56.365,58.52,014.825000000000003,4.321284153005465,011.693114754098353
1769587586.276287,28.667983293533325,74,59,55,85.08,56.36,58.525,014.920000000000002,4.316284153005462,011.688114754098358
1769587586.324818,28.716549158096313,73,59,54,84.98,56.355,58.525,015.019999999999996,4.3112841530054595,011.688114754098358
1769587586.376401,28.768051385879517,73,59,54,84.885,56.35,58.53,015.114999999999995,4.306284153005464,011.683114754098355
1769587586.42691,28.818705320358276,73,59,54,84.785,56.35,58.53,015.215000000000003,4.306284153005464,011.683114754098355
1769587586.4759161,28.86756420135498,73,59,54,84.69,56.345,58.53,015.310000000000002,4.3012841530054615,011.683114754098355
1769587586.525172,28.916880130767822,73,60,53,84.59,56.35,58.52,015.409999999999997,4.306284153005464,011.693114754098353
1769587586.577088,28.96857714653015,73,60,54,84.485,56.355,58.515,015.515,4.3112841530054595,011.698114754098356
1769587586.6251981,29.01701307296753,72,60,53,84.375,56.36,58.505,015.625,4.316284153005462,011.708114754098354
1769587586.676373,29.068103313446045,72,60,53,84.28,56.36,58.505,015.719999999999999,4.316284153005462,011.708114754098354
1769587586.726063,29.11781620979309,72,60,54,84.18,56.36,58.51,015.819999999999993,4.316284153005462,011.703114754098358
1769587586.775753,29.167450189590454,72,60,53,84.075,56.37,58.5,015.924999999999997,4.32628415300546,011.713114754098356
1769587586.8284569,29.21963334083557,72,60,53,83.97,56.375,58.49,016.03,4.331284153005463,011.723114754098354
1769587586.889066,29.28079628944397,71,60,53,83.865,56.38,58.48,016.135000000000005,4.336284153005465,011.73311475409836
1769587586.93453,29.326345205307007,71,60,53,83.76,56.385,58.47,016.239999999999995,4.341284153005461,011.743114754098357
1769587586.977566,29.36940312385559,71,60,53,83.66,56.39,58.465,016.340000000000003,4.346284153005463,011.748114754098353
1769587587.025294,29.41706919670105,71,60,53,83.56,56.395,58.455,016.439999999999998,4.351284153005466,011.758114754098358
1769587587.078302,29.469425201416016,71,60,53,83.455,56.4,58.445,016.545,4.356284153005461,011.768114754098356
1769587587.137066,29.528818368911743,71,60,53,83.35,56.405,58.44,016.650000000000006,4.361284153005464,011.773114754098359
1769587587.180244,29.571943283081055,71,61,52,83.25,56.415,58.425,016.75,4.371284153005462,011.788114754098359
1769587587.225546,29.617391109466553,71,61,52,83.15,56.425,58.41,016.849999999999994,4.38128415300546,011.80311475409836
1769587587.277813,29.669459342956543,71,61,52,83.05,56.435,58.395,016.950000000000003,4.391284153005465,011.818114754098353
1769587587.3260741,29.717804193496704,70,61,52,82.945,56.445,58.38,017.055000000000007,4.401284153005463,011.833114754098354
1769587587.3755882,29.76729130744934,71,60,53,82.845,56.45,58.37,017.155,4.4062841530054655,011.843114754098359
1769587587.42684,29.818363189697266,70,60,52,82.74,56.455,58.355,017.260000000000005,4.411284153005461,011.85811475409836
1769587587.4750779,29.866718292236328,70,61,52,82.635,56.47,58.335,017.364999999999995,4.4262841530054615,011.878114754098355
1769587587.52671,29.918463230133057,70,61,52,82.53,56.485,58.315,017.47,4.441284153005462,011.898114754098359
1769587587.577274,29.968679189682007,70,61,52,82.425,56.5,58.29,017.575000000000003,4.456284153005463,011.923114754098357
1769587587.625303,30.017146110534668,70,61,52,82.325,56.51,58.275,017.674999999999997,4.466284153005461,011.938114754098358
1769587587.676546,30.068100214004517,70,61,52,82.225,56.52,58.26,017.775000000000006,4.476284153005466,011.953114754098358
1769587587.725748,30.11741805076599,69,61,51,82.12,56.53,58.24,017.879999999999995,4.486284153005464,011.973114754098354
1769587587.7754922,30.167346239089966,69,61,51,82.02,56.54,58.22,017.980000000000004,4.496284153005462,011.993114754098357
1769587587.82512,30.216788291931152,69,61,51,81.92,56.55,58.2,018.08,4.50628415300546,012.013114754098353
1769587587.875506,30.267369985580444,69,61,51,81.82,56.56,58.18,018.180000000000007,4.516284153005465,012.033114754098357
1769587587.93602,30.32718324661255,69,61,51,81.71,56.575,58.155,018.290000000000006,4.5312841530054655,012.058114754098355
1769587588.004992,30.396687269210815,69,62,51,81.605,56.595,58.13,018.394999999999996,4.5512841530054615,012.083114754098354
1769587588.052556,30.444331169128418,69,62,51,81.505,56.615,58.105,018.495000000000005,4.571284153005465,012.10811475409836
1769587588.094665,30.486260414123535,69,61,51,81.405,56.63,58.08,018.595,4.586284153005465,012.133114754098358
1769587588.137006,30.528831243515015,69,61,51,81.305,56.645,58.055,018.694999999999993,4.601284153005466,012.158114754098357
1769587588.178646,30.570346117019653,68,62,51,81.195,56.665,58.03,018.805000000000007,4.621284153005462,012.183114754098355
1769587588.2250712,30.616863012313843,68,62,50,81.095,56.685,58.0,018.905,4.641284153005465,012.213114754098356
1769587588.277091,30.66855812072754,68,62,50,80.99,56.705,57.965,019.010000000000005,4.661284153005461,012.248114754098353
1769587588.326091,30.717759370803833,68,62,50,80.88,56.73,57.93,019.120000000000005,4.6862841530054595,012.283114754098357
1769587588.3763049,30.768097162246704,68,62,50,80.775,56.755,57.895,019.224999999999994,4.711284153005465,012.318114754098353
1769587588.4252632,30.817071199417114,68,62,50,80.67,56.78,57.86,019.33,4.736284153005464,012.353114754098357
1769587588.475331,30.867136001586914,68,62,50,80.565,56.8,57.825,019.435000000000002,4.75628415300546,012.388114754098353
1769587588.527835,30.919522047042847,68,62,50,80.46,56.825,57.79,019.540000000000006,4.7812841530054655,012.423114754098357
1769587588.575845,30.967636346817017,68,62,50,80.355,56.85,57.755,019.644999999999996,4.806284153005464,012.458114754098354
1769587588.625864,31.017632007598877,68,62,50,80.25,56.875,57.72,019.75,4.831284153005463,012.493114754098357
1769587588.6769722,31.06869125366211,67,63,49,80.14,56.905,57.68,019.86,4.861284153005464,012.533114754098357
1769587588.72647,31.11809015274048,67,63,49,80.03,56.935,57.64,019.97,4.891284153005465,012.573114754098356
1769587588.775734,31.16729712486267,68,62,50,79.93,56.96,57.605,020.069999999999993,4.9162841530054635,012.60811475409836
1769587588.827751,31.219184160232544,68,62,50,79.83,56.985,57.57,020.17,4.941284153005462,012.643114754098356
1769587588.887542,31.279276132583618,67,63,49,79.725,57.015,57.525,020.275000000000006,4.971284153005463,012.688114754098358
1769587588.928368,31.32009720802307,66,64,48,79.615,57.045,57.48,020.385000000000005,5.001284153005464,012.73311475409836
1769587588.974967,31.366814374923706,67,64,48,79.51,57.075,57.435,020.489999999999995,5.0312841530054655,012.778114754098354
1769587589.0268958,31.418416261672974,67,63,49,79.405,57.105,57.39,020.595,5.0612841530054595,012.823114754098356
1769587589.0764658,31.468109130859375,67,63,49,79.3,57.135,57.345,020.700000000000003,5.091284153005461,012.868114754098357
1769587589.125278,31.516784191131592,67,63,49,79.195,57.17,57.3,020.805000000000007,5.126284153005464,012.913114754098359
1769587589.176726,31.56838035583496,67,63,48,79.09,57.205,57.25,020.909999999999997,5.161284153005461,012.963114754098356
1769587589.224653,31.616446256637573,67,63,48,78.985,57.24,57.2,021.015,5.196284153005465,013.013114754098353
1769587589.2774668,31.669146299362183,67,63,49,78.88,57.275,57.155,021.120000000000005,5.231284153005461,013.058114754098355
1769587589.32675,31.718401193618774,67,63,49,78.78,57.305,57.11,021.22,5.261284153005462,013.103114754098357
1769587589.375445,31.7672061920166,67,63,49,78.68,57.34,57.065,021.319999999999993,5.296284153005466,013.148114754098359
1769587589.427747,31.819172143936157,67,63,49,78.58,57.37,57.02,021.42,5.32628415300546,013.193114754098353
1769587589.480217,31.87205410003662,67,64,48,78.48,57.405,56.97,021.519999999999996,5.361284153005464,013.243114754098357
1769587589.526072,31.917683362960815,67,64,48,78.375,57.445,56.915,021.625,5.401284153005463,013.298114754098357
1769587589.5763881,31.968030214309692,66,65,47,78.26,57.495,56.85,021.739999999999995,5.45128415300546,013.363114754098355
1769587589.626074,32.01787328720093,67,63,49,78.155,57.53,56.8,021.845,5.486284153005464,013.413114754098359
1769587589.676515,32.06820726394653,68,63,49,78.06,57.565,56.75,021.939999999999998,5.52128415300546,013.463114754098356
1769587589.7247229,32.11656928062439,67,64,48,77.96,57.605,56.695,022.040000000000006,5.5612841530054595,013.518114754098356
1769587589.778508,32.16990113258362,67,64,48,77.86,57.64,56.645,022.14,5.596284153005463,013.568114754098353
1769587589.839891,32.23161339759827,69,63,50,77.77,57.675,56.6,022.230000000000004,5.63128415300546,013.613114754098355
1769587589.883231,32.27503418922424,68,63,50,77.67,57.715,56.55,022.33,5.671284153005466,013.663114754098359
1769587589.926222,32.31802225112915,68,63,49,77.575,57.75,56.5,022.424999999999997,5.706284153005463,013.713114754098356
1769587589.9750311,32.36674618721008,67,64,48,77.475,57.79,56.44,022.525000000000006,5.746284153005462,013.773114754098359
1769587590.028212,32.41968011856079,67,64,48,77.375,57.83,56.385,022.625,5.786284153005461,013.828114754098358
1769587590.090593,32.48231339454651,67,64,48,77.275,57.875,56.325,022.724999999999994,5.831284153005463,013.888114754098353
1769587590.13334,32.52508330345154,67,63,49,77.175,57.915,56.265,022.825000000000003,5.871284153005462,013.948114754098356
1769587590.175955,32.5677011013031,68,63,49,77.08,57.955,56.21,022.92,5.911284153005461,014.003114754098355
1769587590.225736,32.61748504638672,68,63,49,76.985,57.99,56.16,023.015,5.946284153005465,014.05311475409836
1769587590.277086,32.66849732398987,68,63,49,76.89,58.025,56.11,023.11,5.981284153005461,014.103114754098357
1769587590.325647,32.717501401901245,68,63,49,76.795,58.065,56.055,023.205,6.02128415300546,014.158114754098357
1769587590.376987,32.76855230331421,68,62,50,76.705,58.1,56.005,023.295,6.056284153005464,014.208114754098354
1769587590.426489,32.818132400512695,68,62,50,76.615,58.13,55.955,023.385000000000005,6.086284153005465,014.258114754098358
1769587590.475203,32.86673307418823,68,62,50,76.52,58.165,55.9,023.480000000000004,6.121284153005462,014.313114754098358
1769587590.527798,32.91914439201355,68,63,50,76.43,58.205,55.845,023.569999999999993,6.161284153005461,014.368114754098357
1769587590.580617,32.97242712974548,68,63,50,76.34,58.245,55.79,023.659999999999997,6.20128415300546,014.423114754098357
1769587590.626266,33.018052101135254,68,62,50,76.25,58.28,55.74,023.75,6.236284153005464,014.473114754098354
1769587590.676458,33.06810712814331,68,63,49,76.155,58.32,55.68,023.845,6.276284153005463,014.533114754098357
1769587590.725224,33.11703014373779,69,63,49,76.065,58.36,55.625,023.935000000000002,6.316284153005462,014.588114754098356
1769587590.775337,33.167139291763306,69,62,50,75.98,58.395,55.57,024.019999999999996,6.351284153005466,014.643114754098356
1769587590.825658,33.21744418144226,69,62,50,75.895,58.43,55.515,024.105000000000004,6.386284153005462,014.698114754098356
1769587590.8765702,33.26804304122925,68,63,49,75.805,58.475,55.455,024.194999999999993,6.431284153005464,014.758114754098358
1769587590.9253829,33.3171751499176,69,62,50,75.72,58.515,55.4,024.28,6.471284153005463,014.813114754098358
1769587590.977432,33.369054317474365,69,63,50,75.635,58.555,55.345,024.364999999999995,6.511284153005462,014.868114754098357
1769587591.0256839,33.41748929023743,69,62,50,75.55,58.59,55.29,024.450000000000003,6.546284153005466,014.923114754098357
1769587591.076032,33.46781516075134,68,63,50,75.46,58.635,55.23,024.540000000000006,6.591284153005461,014.98311475409836
1769587591.126666,33.51813507080078,69,62,50,75.375,58.67,55.175,024.625,6.626284153005464,015.038114754098359
1769587591.176063,33.56777811050415,69,62,50,75.29,58.71,55.115,024.709999999999994,6.6662841530054635,015.098114754098354
1769587591.226942,33.61863136291504,69,62,51,75.205,58.75,55.06,024.795,6.706284153005463,015.153114754098354
1769587591.274785,33.66654109954834,69,62,50,75.12,58.79,55.005,024.879999999999995,6.746284153005462,015.208114754098354
1769587591.326655,33.718417167663574,69,62,50,75.035,58.83,54.945,024.965000000000003,6.786284153005461,015.268114754098356
1769587591.376835,33.768107175827026,69,62,50,74.95,58.865,54.89,025.049999999999997,6.821284153005465,015.323114754098356
1769587591.425285,33.81702518463135,69,62,50,74.87,58.9,54.835,025.129999999999995,6.856284153005461,015.378114754098355
1769587591.477066,33.86864614486694,69,62,51,74.79,58.935,54.785,025.209999999999994,6.891284153005465,015.42811475409836
1769587591.526484,33.91813039779663,69,62,51,74.71,58.97,54.735,025.290000000000006,6.9262841530054615,015.478114754098357
1769587591.5755131,33.96726036071777,69,62,50,74.625,59.01,54.675,025.375,6.966284153005461,015.538114754098359
1769587591.628108,34.019169092178345,69,62,51,74.545,59.045,54.63,025.455,7.001284153005464,015.583114754098354
1769587591.6862211,34.0780611038208,69,62,50,74.465,59.08,54.575,025.534999999999997,7.036284153005461,015.638114754098353
1769587591.729033,34.12083029747009,69,62,51,74.385,59.115,54.525,025.614999999999995,7.071284153005465,015.688114754098358
1769587591.775105,34.166879177093506,70,61,51,74.305,59.15,54.47,025.694999999999993,7.106284153005461,015.743114754098357
1769587591.826654,34.21836733818054,69,61,51,74.22,59.185,54.415,025.78,7.141284153005465,015.798114754098357
1769587591.8777778,34.26911735534668,69,61,51,74.14,59.22,54.365,025.86,7.1762841530054615,015.848114754098354
1769587591.9262452,34.318016052246094,69,61,51,74.06,59.255,54.31,025.939999999999998,7.211284153005465,015.903114754098354
1769587591.976749,34.368473291397095,70,61,51,73.985,59.285,54.26,026.015,7.241284153005459,015.953114754098358
1769587592.026439,34.41808819770813,70,61,52,73.905,59.32,54.21,026.095,7.276284153005463,016.003114754098355
1769587592.0760598,34.467607259750366,70,61,52,73.825,59.355,54.16,026.174999999999997,7.3112841530054595,016.05311475409836
1769587592.1266508,34.51818132400513,69,61,51,73.745,59.39,54.105,026.254999999999995,7.346284153005463,016.10811475409836
1769587592.175585,34.56738519668579,69,61,51,73.665,59.425,54.05,026.334999999999994,7.38128415300546,016.16311475409836
1769587592.2254899,34.616894245147705,70,62,51,73.585,59.465,53.995,026.415000000000006,7.421284153005466,016.21811475409836
1769587592.2753432,34.66709303855896,70,62,51,73.51,59.505,53.94,026.489999999999995,7.461284153005465,016.27311475409836
1769587592.325821,34.71748924255371,70,61,52,73.435,59.54,53.89,026.564999999999998,7.496284153005462,016.323114754098356
1769587592.375967,34.767611265182495,70,61,52,73.36,59.575,53.84,026.64,7.5312841530054655,016.373114754098353
1769587592.42519,34.816779136657715,69,61,51,73.275,59.61,53.78,026.724999999999994,7.566284153005462,016.433114754098355
1769587592.477719,34.869282245635986,69,61,51,73.195,59.645,53.725,026.805000000000007,7.601284153005466,016.488114754098355
1769587592.524715,34.916407108306885,69,62,50,73.115,59.685,53.66,026.885000000000005,7.641284153005465,016.55311475409836
1769587592.577136,34.96862721443176,69,61,51,73.035,59.725,53.6,026.965000000000003,7.681284153005464,016.613114754098355
1769587592.626048,35.017754316329956,70,61,52,72.96,59.76,53.55,027.040000000000006,7.716284153005461,016.66311475409836
1769587592.676191,35.06791710853577,69,61,52,72.875,59.8,53.495,027.125,7.75628415300546,016.71811475409836
1769587592.726252,35.11767911911011,70,61,52,72.8,59.835,53.445,027.200000000000003,7.7912841530054635,016.768114754098356
1769587592.775604,35.16732120513916,70,60,52,72.725,59.865,53.39,027.275000000000006,7.821284153005465,016.823114754098356
1769587592.825645,35.21739625930786,69,61,51,72.645,59.905,53.33,027.355000000000004,7.861284153005464,016.883114754098358
1769587592.876012,35.26773405075073,69,61,52,72.565,59.945,53.275,027.435000000000002,7.901284153005463,016.938114754098358
1769587592.9248059,35.31657028198242,69,61,52,72.485,59.98,53.22,027.515,7.9362841530054595,016.993114754098357
1769587592.9770648,35.36824917793274,69,62,51,72.405,60.02,53.16,027.595,7.976284153005466,017.05311475409836
1769587593.035787,35.42762541770935,69,61,52,72.325,60.055,53.11,027.674999999999997,8.011284153005462,017.103114754098357
1769587593.076982,35.46878004074097,69,61,52,72.245,60.09,53.055,027.754999999999995,8.046284153005466,017.158114754098357
1769587593.125906,35.51757740974426,70,61,52,72.17,60.13,53.0,027.83,8.086284153005465,017.213114754098356
1769587593.175455,35.5672402381897,70,60,53,72.1,60.16,52.955,027.900000000000006,8.11628415300546,017.258114754098358
1769587593.2280152,35.6191132068634,70,60,53,72.03,60.185,52.915,027.97,8.141284153005465,017.298114754098357
1769587593.2919948,35.68368721008301,69,60,52,71.955,60.215,52.865,028.045,8.171284153005466,017.348114754098354
1769587593.338371,35.73016810417175,70,61,52,71.885,60.25,52.82,028.114999999999995,8.206284153005463,017.393114754098356
1769587593.37981,35.77151823043823,70,60,52,71.82,60.28,52.775,028.180000000000007,8.236284153005464,017.438114754098358
1769587593.4248261,35.81661128997803,70,60,53,71.75,60.31,52.73,028.25,8.266284153005465,017.48311475409836
1769587593.4773161,35.86863899230957,69,60,52,71.68,60.34,52.685,028.319999999999993,8.296284153005466,017.528114754098354
1769587593.53731,35.92904233932495,70,60,54,71.615,60.37,52.645,028.385000000000005,8.32628415300546,017.568114754098353
1769587593.5798788,35.97167730331421,70,60,53,71.55,60.395,52.605,028.450000000000003,8.351284153005466,017.60811475409836
1769587593.625458,36.0172381401062,70,60,54,71.485,60.42,52.575,028.515,8.376284153005464,017.638114754098353
1769587593.6757782,36.06733536720276,70,60,53,71.425,60.445,52.54,028.575000000000003,8.401284153005463,017.673114754098357
1769587593.7245262,36.11628007888794,70,60,53,71.36,60.47,52.5,028.64,8.426284153005462,017.713114754098356
1769587593.775789,36.1674382686615,70,60,53,71.295,60.5,52.455,028.705,8.456284153005463,017.758114754098358
1769587593.825979,36.21762418746948,70,60,54,71.23,60.525,52.42,028.769999999999996,8.481284153005461,017.793114754098355
1769587593.87742,36.26889514923096,71,60,53,71.175,60.55,52.385,028.825000000000003,8.50628415300546,017.828114754098358
1769587593.9340632,36.325897216796875,71,59,54,71.12,60.57,52.35,028.879999999999995,8.526284153005463,017.863114754098355
1769587593.976932,36.36853241920471,71,60,53,71.065,60.595,52.31,028.935000000000002,8.551284153005462,017.903114754098354
1769587594.024433,36.416266202926636,71,59,54,71.01,60.615,52.275,028.989999999999995,8.571284153005465,017.938114754098358
1769587594.077471,36.46896719932556,71,59,54,70.955,60.635,52.24,029.045,8.59128415300546,017.973114754098354
1769587594.12521,36.51687812805176,71,60,53,70.9,60.66,52.205,029.099999999999994,8.61628415300546,018.008114754098358
1769587594.1755462,36.56721615791321,71,59,54,70.85,60.68,52.175,029.150000000000006,8.636284153005462,018.03811475409836
1769587594.2261288,36.61776518821716,70,60,54,70.795,60.7,52.15,029.205,8.656284153005465,018.063114754098358
1769587594.2758698,36.66757607460022,70,60,53,70.74,60.725,52.115,029.260000000000005,8.681284153005464,018.098114754098354
1769587594.326117,36.71787428855896,70,59,54,70.685,60.74,52.09,029.314999999999998,8.696284153005465,018.123114754098353
1769587594.377246,36.768731355667114,70,59,54,70.63,60.755,52.065,029.370000000000005,8.711284153005465,018.14811475409836
1769587594.442061,36.83377003669739,70,59,54,70.58,60.765,52.045,029.42,8.721284153005463,018.168114754098355
1769587594.488329,36.880080223083496,70,59,54,70.53,60.78,52.02,029.47,8.736284153005464,018.193114754098353
1769587594.530821,36.92260026931763,70,59,54,70.48,60.795,51.995,029.519999999999996,8.751284153005464,018.21811475409836
1769587594.576285,36.968045234680176,70,60,54,70.43,60.815,51.97,029.569999999999993,8.77128415300546,018.243114754098357
1769587594.627399,37.01885628700256,70,59,54,70.385,60.825,51.95,029.614999999999995,8.781284153005465,018.263114754098353
1769587594.692754,37.0843939781189,70,59,54,70.34,60.84,51.93,029.659999999999997,8.796284153005466,018.283114754098357
1769587594.736325,37.12803816795349,70,60,54,70.295,60.855,51.91,029.705,8.81128415300546,018.30311475409836
1769587594.778198,37.17001914978027,70,60,53,70.25,60.875,51.88,029.75,8.831284153005463,018.333114754098354
1769587594.825151,37.21686911582947,70,60,52,70.205,60.895,51.85,029.795,8.851284153005466,018.363114754098355
1769587594.875935,37.267701148986816,70,60,53,70.16,60.91,51.825,029.840000000000003,8.86628415300546,018.388114754098353
1769587594.9263098,37.31807518005371,70,60,53,70.12,60.925,51.805,029.879999999999995,8.88128415300546,018.408114754098357
1769587594.976783,37.368245124816895,70,60,53,70.08,60.935,51.785,029.92,8.891284153005465,018.42811475409836
1769587595.024957,37.41667938232422,70,60,53,70.04,60.95,51.765,029.959999999999994,8.906284153005465,018.448114754098356
1769587595.0770519,37.46882200241089,70,60,53,70.0,60.965,51.745,030.0,8.921284153005466,018.46811475409836
1769587595.1262772,37.51783227920532,70,60,53,69.965,60.975,51.73,030.034999999999997,8.931284153005464,018.48311475409836
1769587595.174494,37.56632328033447,70,60,53,69.93,60.985,51.715,030.069999999999993,8.941284153005462,018.498114754098353
1769587595.226316,37.617966175079346,70,60,53,69.895,60.995,51.695,030.105000000000004,8.95128415300546,018.518114754098356
1769587595.276458,37.66812229156494,70,60,53,69.86,61.01,51.675,030.14,8.96628415300546,018.53811475409836
1769587595.3258848,37.717387199401855,70,60,53,69.825,61.02,51.66,030.174999999999997,8.976284153005466,018.55311475409836
1769587595.3773,37.76878118515015,70,60,53,69.795,61.03,51.645,030.205,8.986284153005464,018.568114754098353
1769587595.434401,37.82616329193115,69,60,52,69.755,61.04,51.62,030.245000000000005,8.996284153005462,018.59311475409836
1769587595.4761631,37.86795425415039,69,61,52,69.72,61.055,51.6,030.28,9.011284153005462,018.613114754098355
1769587595.524915,37.91670608520508,69,61,52,69.685,61.07,51.58,030.314999999999998,9.026284153005463,018.633114754098358
1769587595.5764391,37.96799826622009,69,61,51,69.65,61.085,51.555,030.349999999999994,9.041284153005464,018.658114754098357
1769587595.6253629,38.01706600189209,69,61,52,69.615,61.095,51.54,030.385000000000005,9.051284153005462,018.673114754098357
1769587595.6767302,38.06850719451904,69,61,52,69.58,61.11,51.52,030.42,9.066284153005462,018.693114754098353
1769587595.727432,38.1188223361969,69,61,52,69.545,61.125,51.5,030.455,9.081284153005463,018.713114754098356
1769587595.792906,38.18461322784424,69,61,52,69.515,61.135,51.485,030.485,9.09128415300546,018.728114754098357
1769587595.835511,38.22725033760071,69,61,52,69.485,61.145,51.47,030.515,9.101284153005466,018.743114754098357
1769587595.877258,38.26907014846802,69,61,52,69.455,61.16,51.455,030.545,9.11628415300546,018.758114754098358
1769587595.925067,38.31680631637573,69,61,52,69.425,61.17,51.44,030.575000000000003,9.126284153005464,018.77311475409836
1769587595.976293,38.36796021461487,69,61,52,69.4,61.18,51.43,030.599999999999994,9.136284153005462,018.783114754098357
1769587596.025413,38.41719126701355,69,61,52,69.375,61.19,51.42,030.625,9.14628415300546,018.793114754098355
1769587596.076146,38.467732429504395,69,61,52,69.35,61.2,51.405,030.650000000000006,9.156284153005465,018.808114754098355
1769587596.125599,38.517367124557495,69,61,52,69.325,61.21,51.39,030.674999999999997,9.166284153005464,018.823114754098356
1769587596.176895,38.56850814819336,69,61,51,69.3,61.22,51.375,030.700000000000003,9.176284153005462,018.838114754098356
1769587596.2252438,38.61703705787659,69,61,51,69.275,61.23,51.36,030.724999999999994,9.18628415300546,018.853114754098357
1769587596.276273,38.66753530502319,69,61,51,69.25,61.24,51.34,030.75,9.196284153005465,018.873114754098353
1769587596.325794,38.71750617027283,69,61,51,69.23,61.25,51.325,030.769999999999996,9.206284153005463,018.888114754098353
1769587596.375687,38.76746129989624,69,61,51,69.21,61.26,51.31,030.790000000000006,9.21628415300546,018.903114754098354
1769587596.4284391,38.81986427307129,69,61,51,69.19,61.27,51.295,030.810000000000002,9.226284153005466,018.918114754098355
1769587596.475582,38.867292165756226,69,61,51,69.17,61.28,51.28,030.83,9.236284153005464,018.933114754098355
1769587596.526531,38.91817498207092,69,61,51,69.15,61.285,51.27,030.849999999999994,9.24128415300546,018.943114754098353
1769587596.575818,38.967512130737305,69,61,51,69.13,61.29,51.255,030.870000000000005,9.246284153005462,018.958114754098354
1769587596.625153,39.01681613922119,69,61,51,69.115,61.295,51.245,030.885000000000005,9.251284153005464,018.96811475409836
1769587596.6775832,39.069191217422485,69,62,51,69.1,61.305,51.235,030.900000000000006,9.261284153005462,018.978114754098357
1769587596.725315,39.117077112197876,69,62,51,69.085,61.315,51.22,030.915000000000006,9.27128415300546,018.993114754098357
1769587596.7765,39.1677451133728,69,61,51,69.07,61.32,51.21,030.930000000000007,9.276284153005463,019.003114754098355
1769587596.8260329,39.21767807006836,69,62,51,69.055,61.33,51.2,030.944999999999993,9.286284153005461,019.013114754098353
1769587596.87479,39.26638913154602,68,62,51,69.04,61.34,51.19,030.959999999999994,9.296284153005466,019.02311475409836
1769587596.925977,39.31763935089111,68,62,50,69.025,61.35,51.175,030.974999999999994,9.306284153005464,019.03811475409836
1769587596.9763,39.367966413497925,68,62,50,69.01,61.36,51.16,030.989999999999995,9.316284153005462,019.05311475409836
1769587597.024689,39.41647005081177,68,62,50,68.995,61.37,51.145,031.004999999999995,9.32628415300546,019.068114754098353
1769587597.075906,39.4675612449646,68,62,50,68.98,61.38,51.13,031.019999999999996,9.336284153005465,019.083114754098354
1769587597.125411,39.51715302467346,68,62,50,68.965,61.39,51.115,031.034999999999997,9.346284153005463,019.098114754098354
1769587597.175093,39.56674408912659,68,62,50,68.95,61.395,51.105,031.049999999999997,9.351284153005466,019.10811475409836
1769587597.225601,39.61716318130493,68,62,50,68.935,61.4,51.095,031.064999999999998,9.356284153005461,019.118114754098357
1769587597.2778828,39.66900825500488,68,62,51,68.92,61.405,51.09,031.08,9.361284153005464,019.123114754098353
1769587597.334833,39.72662925720215,68,62,50,68.91,61.41,51.08,031.090000000000003,9.36628415300546,019.133114754098358
1769587597.376401,39.76810908317566,68,62,50,68.895,61.42,51.065,031.105000000000004,9.376284153005464,019.14811475409836
1769587597.4257112,39.817413330078125,68,62,50,68.885,61.43,51.055,031.114999999999995,9.386284153005462,019.158114754098357
1769587597.4746182,39.866416215896606,68,63,50,68.875,61.44,51.045,031.125,9.39628415300546,019.168114754098355
1769587597.526211,39.917726278305054,67,63,50,68.86,61.45,51.035,031.14,9.406284153005465,019.17811475409836
1769587597.575763,39.96743822097778,67,63,49,68.845,61.46,51.02,031.155,9.416284153005464,019.193114754098353
1769587597.6267798,40.01824998855591,67,63,49,68.83,61.47,51.005,031.17,9.426284153005462,019.208114754098354
1769587597.675073,40.06678605079651,68,62,50,68.82,61.475,50.995,031.180000000000007,9.431284153005464,019.21811475409836
1769587597.725717,40.11745834350586,68,62,50,68.815,61.48,50.99,031.185000000000002,9.43628415300546,019.223114754098354
1769587597.7765849,40.16789221763611,68,62,50,68.81,61.485,50.985,031.189999999999998,9.441284153005462,019.228114754098357
1769587597.82483,40.21658706665039,68,62,50,68.805,61.49,50.98,031.194999999999993,9.446284153005465,019.23311475409836
1769587597.878945,40.27040719985962,68,62,50,68.8,61.495,50.975,031.200000000000003,9.45128415300546,019.238114754098355
1769587597.925837,40.31764030456543,68,62,50,68.795,61.5,50.97,031.205,9.456284153005463,019.243114754098357
1769587597.975273,40.367053270339966,67,63,49,68.785,61.505,50.96,031.215000000000003,9.461284153005465,019.253114754098355
1769587598.0272262,40.41854906082153,68,62,50,68.78,61.505,50.955,031.22,9.461284153005465,019.258114754098358
1769587598.091281,40.482978105545044,68,62,50,68.775,61.51,50.95,031.224999999999994,9.46628415300546,019.263114754098353
1769587598.1366909,40.52844023704529,68,62,50,68.77,61.515,50.945,031.230000000000004,9.471284153005463,019.268114754098356
1769587598.179122,40.57074308395386,67,63,49,68.765,61.52,50.935,031.235,9.476284153005466,019.278114754098354
1769587598.224685,40.616438150405884,67,63,49,68.76,61.525,50.93,031.239999999999995,9.481284153005461,019.283114754098357
1769587598.27629,40.66785526275635,67,63,49,68.755,61.53,50.925,031.245000000000005,9.486284153005464,019.28811475409836
1769587598.3252459,40.71694326400757,67,63,49,68.75,61.535,50.92,031.25,9.49128415300546,019.293114754098355
1769587598.376468,40.76820516586304,67,63,50,68.745,61.54,50.92,031.254999999999995,9.496284153005462,019.293114754098355
1769587598.425436,40.81703019142151,67,63,50,68.74,61.545,50.92,031.260000000000005,9.501284153005464,019.293114754098355
1769587598.4747362,40.86652231216431,67,63,49,68.735,61.55,50.915,031.265,9.50628415300546,019.298114754098357
1769587598.524916,40.91660737991333,67,63,49,68.73,61.555,50.91,031.269999999999996,9.511284153005462,019.30311475409836
1769587598.5749362,40.96662712097168,67,62,50,68.725,61.555,50.91,031.275000000000006,9.511284153005462,019.30311475409836
1769587598.627456,41.01901817321777,68,62,50,68.725,61.555,50.91,031.275000000000006,9.511284153005462,019.30311475409836
1769587598.675442,41.067233085632324,68,62,50,68.73,61.55,50.915,031.269999999999996,9.50628415300546,019.298114754098357
1769587598.726202,41.11781620979309,67,62,50,68.73,61.545,50.92,031.269999999999996,9.501284153005464,019.293114754098355
1769587598.7759712,41.167588233947754,68,62,50,68.73,61.545,50.92,031.269999999999996,9.501284153005464,019.293114754098355
1769587598.825674,41.21735405921936,68,62,50,68.73,61.545,50.92,031.269999999999996,9.501284153005464,019.293114754098355
1769587598.874351,41.26582407951355,67,62,50,68.73,61.54,50.925,031.269999999999996,9.496284153005462,019.28811475409836
1769587598.9249952,41.316758155822754,68,62,50,68.74,61.53,50.935,031.260000000000005,9.486284153005464,019.278114754098354
1769587598.978648,41.36995029449463,68,62,50,68.745,61.52,50.945,031.254999999999995,9.476284153005466,019.268114754098356
1769587599.043751,41.435447216033936,68,62,50,68.75,61.515,50.95,031.25,9.471284153005463,019.263114754098353
1769587599.0891268,41.480966329574585,68,62,51,68.755,61.51,50.96,031.245000000000005,9.46628415300546,019.253114754098355
1769587599.1299572,41.521780252456665,68,62,51,68.76,61.505,50.97,031.239999999999995,9.461284153005465,019.243114754098357
1769587599.175622,41.567429304122925,68,62,51,68.765,61.5,50.985,031.235,9.456284153005463,019.228114754098357
1769587599.224778,41.616375207901,68,62,51,68.77,61.495,51.0,031.230000000000004,9.45128415300546,019.213114754098356
1769587599.275468,41.66713333129883,68,62,51,68.775,61.49,51.01,031.224999999999994,9.446284153005465,019.203114754098358
1769587599.326577,41.71831035614014,68,61,51,68.78,61.48,51.02,031.22,9.43628415300546,019.193114754098353
1769587599.3740768,41.76585125923157,68,61,51,68.785,61.47,51.03,031.215000000000003,9.426284153005462,019.183114754098355
1769587599.425544,41.81730318069458,68,61,51,68.79,61.46,51.04,031.209999999999994,9.416284153005464,019.173114754098357
1769587599.476363,41.867746114730835,68,61,51,68.795,61.445,51.055,031.205,9.401284153005463,019.158114754098357
1769587599.5252402,41.91700029373169,68,61,51,68.8,61.43,51.07,031.200000000000003,9.386284153005462,019.143114754098356
1769587599.577148,41.968560218811035,68,61,51,68.81,61.41,51.09,031.189999999999998,9.36628415300546,019.123114754098353
1769587599.626134,42.017794132232666,68,61,51,68.815,61.4,51.1,031.185000000000002,9.356284153005461,019.113114754098355
1769587599.6747808,42.066468238830566,68,61,51,68.815,61.39,51.11,031.185000000000002,9.346284153005463,019.103114754098357
1769587599.725316,42.11701726913452,68,61,51,68.82,61.375,51.125,031.180000000000007,9.331284153005463,019.088114754098356
1769587599.7760608,42.167811155319214,68,61,52,68.825,61.36,51.145,031.174999999999997,9.316284153005462,019.068114754098353
1769587599.826185,42.21773910522461,68,61,52,68.82,61.35,51.155,031.180000000000007,9.306284153005464,019.058114754098355
1769587599.876008,42.267680168151855,68,61,52,68.82,61.34,51.165,031.180000000000007,9.296284153005466,019.048114754098357
1769587599.925323,42.31689715385437,68,61,52,68.82,61.33,51.18,031.180000000000007,9.286284153005461,019.033114754098357
1769587599.9764411,42.368107080459595,68,61,52,68.825,61.315,51.2,031.174999999999997,9.27128415300546,019.013114754098353
1769587600.024183,42.4159471988678,68,61,52,68.83,61.3,51.22,031.17,9.25628415300546,018.993114754098357
1769587600.076562,42.46786832809448,68,61,52,68.835,61.285,51.24,031.165000000000006,9.24128415300546,018.973114754098354
1769587600.1248572,42.516698122024536,68,61,52,68.84,61.275,51.255,031.159999999999997,9.231284153005461,018.958114754098354
1769587600.1754482,42.5672242641449,68,61,52,68.84,61.265,51.27,031.159999999999997,9.221284153005463,018.943114754098353
1769587600.225237,42.61695623397827,68,61,52,68.84,61.255,51.285,031.159999999999997,9.211284153005465,018.92811475409836
1769587600.2754738,42.66720414161682,68,60,52,68.84,61.24,51.3,031.159999999999997,9.196284153005465,018.91311475409836
1769587600.325561,42.7170991897583,68,60,52,68.84,61.225,51.315,031.159999999999997,9.181284153005464,018.89811475409836
1769587600.376692,42.76834511756897,68,60,53,68.84,61.215,51.33,031.159999999999997,9.171284153005466,018.883114754098358
1769587600.423966,42.81575918197632,68,60,52,68.84,61.205,51.34,031.159999999999997,9.161284153005461,018.873114754098353
1769587600.476018,42.86768817901611,68,60,52,68.84,61.195,51.35,031.159999999999997,9.151284153005463,018.863114754098355
1769587600.524951,42.91675925254822,68,60,53,68.84,61.18,51.365,031.159999999999997,9.136284153005462,018.848114754098354
1769587600.5753138,42.9668390750885,68,60,53,68.84,61.165,51.38,031.159999999999997,9.121284153005462,018.833114754098354
1769587600.6269891,43.018476247787476,67,60,52,68.835,61.155,51.39,031.165000000000006,9.111284153005464,018.823114754098356
1769587600.696023,43.08770036697388,68,60,53,68.835,61.14,51.41,031.165000000000006,9.096284153005463,018.80311475409836
1769587600.741429,43.13325810432434,68,60,53,68.83,61.125,51.43,031.17,9.081284153005463,018.783114754098357
1769587600.783083,43.174885272979736,67,60,53,68.82,61.115,51.445,031.180000000000007,9.071284153005465,018.768114754098356
1769587600.82522,43.21680736541748,67,60,53,68.81,61.105,51.46,031.189999999999998,9.06128415300546,018.753114754098355
1769587600.875069,43.26684808731079,67,60,53,68.805,61.09,51.48,031.194999999999993,9.046284153005466,018.73311475409836
1769587600.92765,43.31904935836792,67,60,53,68.795,61.08,51.495,031.205,9.036284153005461,018.71811475409836
1769587600.9748201,43.366599321365356,68,60,53,68.79,61.065,51.51,031.209999999999994,9.02128415300546,018.703114754098358
1769587601.0254579,43.417062282562256,68,60,53,68.785,61.055,51.525,031.215000000000003,9.011284153005462,018.688114754098358
1769587601.075884,43.46748113632202,68,60,53,68.785,61.04,51.54,031.215000000000003,8.996284153005462,018.673114754098357
1769587601.125739,43.51752805709839,67,60,53,68.775,61.03,51.555,031.224999999999994,8.986284153005464,018.658114754098357
1769587601.176212,43.56796312332153,68,60,53,68.77,61.02,51.57,031.230000000000004,8.976284153005466,018.643114754098356
1769587601.2251031,43.61681818962097,68,59,54,68.765,61.005,51.585,031.235,8.961284153005465,018.628114754098355
1769587601.275895,43.66761112213135,67,59,53,68.755,60.99,51.6,031.245000000000005,8.946284153005465,018.613114754098355
1769587601.3259,43.71751618385315,67,60,53,68.745,60.98,51.615,031.254999999999995,8.93628415300546,018.598114754098354
1769587601.374204,43.765804052352905,67,59,53,68.735,60.965,51.63,031.265,8.921284153005466,018.583114754098354
1769587601.427306,43.818456172943115,68,59,54,68.73,60.95,51.65,031.269999999999996,8.906284153005465,018.563114754098358
1769587601.4795752,43.87138223648071,67,59,54,68.72,60.935,51.665,031.28,8.891284153005465,018.548114754098357
1769587601.524708,43.91651916503906,67,59,53,68.71,60.92,51.675,031.290000000000006,8.876284153005464,018.53811475409836
1769587601.576022,43.967613220214844,67,59,54,68.7,60.905,51.695,031.299999999999997,8.861284153005464,018.518114754098356
1769587601.624135,44.01594924926758,67,59,54,68.69,60.89,51.71,031.310000000000002,8.846284153005463,018.503114754098355
1769587601.675895,44.0675573348999,67,59,54,68.68,60.875,51.73,031.319999999999993,8.831284153005463,018.48311475409836
1769587601.726154,44.11783814430237,67,59,54,68.67,60.86,51.745,031.33,8.816284153005462,018.46811475409836
1769587601.7765179,44.16795635223389,67,59,54,68.655,60.85,51.76,031.345,8.806284153005464,018.453114754098358
1769587601.824215,44.21601629257202,67,59,54,68.645,60.84,51.775,031.355000000000004,8.796284153005466,018.438114754098358
1769587601.8772109,44.2684280872345,67,59,54,68.635,60.83,51.79,031.364999999999995,8.786284153005461,018.423114754098357
1769587601.9259598,44.31756806373596,66,59,53,68.62,60.82,51.8,031.379999999999995,8.776284153005463,018.41311475409836
1769587601.974048,44.365867137908936,66,59,53,68.6,60.81,51.81,031.400000000000006,8.766284153005465,018.403114754098354
1769587602.026182,44.41786217689514,67,59,54,68.585,60.8,51.82,031.415000000000006,8.75628415300546,018.393114754098356
1769587602.074626,44.46640110015869,66,59,54,68.565,60.79,51.83,031.435000000000002,8.746284153005462,018.383114754098358
1769587602.126144,44.51775932312012,66,59,54,68.55,60.78,51.845,031.450000000000003,8.736284153005464,018.368114754098357
1769587602.1748102,44.56657314300537,66,59,54,68.535,60.77,51.86,031.465000000000003,8.726284153005466,018.353114754098357
1769587602.226003,44.617714166641235,66,59,54,68.515,60.755,51.875,031.485,8.711284153005465,018.338114754098356
1769587602.276049,44.667553186416626,66,59,54,68.495,60.74,51.89,031.504999999999995,8.696284153005465,018.323114754098356
1769587602.326143,44.717894315719604,66,59,54,68.475,60.73,51.9,031.525000000000006,8.68628415300546,018.313114754098358
1769587602.375322,44.766847372055054,66,59,54,68.455,60.72,51.91,031.545,8.676284153005462,018.30311475409836
1769587602.425368,44.817108392715454,66,59,54,68.44,60.71,51.925,031.560000000000002,8.666284153005464,018.28811475409836
1769587602.47533,44.867096185684204,66,59,54,68.425,60.7,51.94,031.575000000000003,8.656284153005465,018.27311475409836
1769587602.525755,44.917402267456055,66,59,54,68.41,60.685,51.96,031.590000000000003,8.641284153005465,018.253114754098355
1769587602.574523,44.96613025665283,66,59,54,68.395,60.675,51.975,031.605000000000004,8.63128415300546,018.238114754098355
1769587602.6275551,45.01879119873047,66,59,54,68.375,60.665,51.985,031.625,8.621284153005462,018.228114754098357
1769587602.690763,45.08253526687622,66,59,54,68.36,60.655,51.995,031.64,8.611284153005464,018.21811475409836
1769587602.734882,45.12670826911926,66,59,55,68.34,60.645,52.01,031.659999999999997,8.601284153005466,018.203114754098358
1769587602.777736,45.16951036453247,66,59,54,68.32,60.64,52.02,031.680000000000007,8.596284153005463,018.193114754098353
1769587602.824988,45.216769218444824,66,59,54,68.305,60.63,52.035,031.694999999999993,8.586284153005465,018.17811475409836
1769587602.875417,45.26712226867676,66,59,55,68.29,60.62,52.05,031.709999999999994,8.57628415300546,018.16311475409836
1769587602.9258208,45.31756639480591,65,59,54,68.27,60.61,52.06,031.730000000000004,8.566284153005462,018.153114754098354
1769587602.9740102,45.36571025848389,65,59,54,68.25,60.595,52.075,031.75,8.551284153005462,018.138114754098353
1769587603.0254679,45.417102098464966,66,58,55,68.235,60.58,52.09,031.765,8.536284153005461,018.123114754098353
1769587603.0919418,45.4836151599884,66,58,55,68.22,60.565,52.105,031.78,8.52128415300546,018.10811475409836
1769587603.1340091,45.525832176208496,66,58,55,68.2,60.55,52.12,031.799999999999997,8.50628415300546,018.09311475409836
1769587603.175606,45.56742024421692,66,58,55,68.18,60.54,52.13,031.819999999999993,8.496284153005462,018.083114754098354
1769587603.2274811,45.618969202041626,65,58,55,68.155,60.53,52.14,031.845,8.486284153005464,018.073114754098356
1769587603.284798,45.67665410041809,65,58,55,68.135,60.52,52.155,031.864999999999995,8.476284153005466,018.058114754098355
1769587603.3269188,45.71870827674866,65,58,55,68.11,60.505,52.17,031.89,8.461284153005465,018.043114754098355
1769587603.37462,45.76623725891113,66,58,55,68.09,60.495,52.185,031.909999999999997,8.45128415300546,018.028114754098354
1769587603.4241369,45.81570315361023,66,58,56,68.07,60.485,52.2,031.930000000000007,8.441284153005462,018.013114754098353
1769587603.475965,45.867579221725464,65,58,55,68.05,60.475,52.215,031.950000000000003,8.431284153005464,017.998114754098353
1769587603.523808,45.915607213974,65,58,55,68.025,60.465,52.22,031.974999999999994,8.421284153005466,017.993114754098357
1769587603.575499,45.96714115142822,65,58,55,68.0,60.455,52.23,032.0,8.411284153005461,017.98311475409836
1769587603.6237419,46.01548624038696,65,58,55,67.975,60.445,52.235,032.025000000000006,8.401284153005463,017.978114754098357
1769587603.675015,46.066596269607544,65,58,55,67.95,60.435,52.245,032.05,8.391284153005465,017.96811475409836
1769587603.725441,46.1169753074646,65,58,56,67.925,60.425,52.26,032.075,8.38128415300546,017.953114754098358
1769587603.775682,46.167280197143555,65,58,56,67.9,60.415,52.275,032.099999999999994,8.371284153005462,017.938114754098358
1769587603.825623,46.21736121177673,65,58,56,67.875,60.405,52.285,032.125,8.361284153005464,017.92811475409836
1769587603.876842,46.26835036277771,65,58,56,67.845,60.395,52.3,032.155,8.351284153005466,017.91311475409836
1769587603.933013,46.32480430603027,65,58,55,67.815,60.39,52.305,032.185,8.346284153005463,017.908114754098357
1769587603.975331,46.36701726913452,65,58,55,67.785,60.38,52.315,032.215,8.336284153005465,017.89811475409836
1769587604.024082,46.415884017944336,65,58,55,67.755,60.375,52.32,032.245000000000005,8.331284153005463,017.893114754098356
1769587604.075546,46.46726608276367,65,58,55,67.725,60.37,52.325,032.275000000000006,8.32628415300546,017.888114754098353
1769587604.125586,46.51723527908325,65,58,55,67.695,60.36,52.335,032.30500000000001,8.316284153005462,017.878114754098355
1769587604.174337,46.566163301467896,65,58,55,67.665,60.355,52.34,032.334999999999994,8.31128415300546,017.873114754098353
1769587604.227565,46.618770360946655,64,58,55,67.635,60.345,52.345,032.364999999999995,8.301284153005462,017.868114754098357
1769587604.28674,46.67849922180176,64,58,55,67.605,60.335,52.355,032.394999999999996,8.291284153005464,017.85811475409836
1769587604.3300018,46.721821308135986,64,58,55,67.575,60.33,52.36,032.425,8.286284153005461,017.853114754098357
1769587604.3747609,46.76654839515686,64,58,55,67.545,60.325,52.365,032.455,8.281284153005465,017.848114754098354
1769587604.425188,46.81692433357239,64,58,55,67.515,60.32,52.37,032.485,8.276284153005463,017.84311475409836
1769587604.477481,46.8685941696167,64,58,55,67.485,60.315,52.375,032.515,8.27128415300546,017.838114754098356
1769587604.5350459,46.92684316635132,64,58,55,67.455,60.31,52.38,032.545,8.266284153005465,017.833114754098354
1769587604.576229,46.96796417236328,64,58,55,67.425,60.3,52.385,032.575,8.25628415300546,017.828114754098358
1769587604.625289,47.01700139045715,64,58,55,67.395,60.295,52.39,032.605000000000004,8.251284153005464,017.823114754098356
1769587604.6744661,47.066232204437256,64,58,55,67.365,60.29,52.395,032.635000000000005,8.246284153005462,017.818114754098353
1769587604.729675,47.12076425552368,64,58,55,67.335,60.28,52.4,032.665000000000006,8.236284153005464,017.813114754098358
1769587604.792233,47.183895111083984,64,58,55,67.305,60.27,52.41,032.69499999999999,8.226284153005466,017.80311475409836
1769587604.837344,47.22907519340515,64,58,55,67.275,60.26,52.425,032.724999999999994,8.21628415300546,017.78811475409836
1769587604.8782961,47.27012920379639,64,58,55,67.245,60.25,52.435,032.754999999999995,8.206284153005463,017.778114754098354
1769587604.9245188,47.31630730628967,64,58,55,67.215,60.24,52.445,032.785,8.196284153005465,017.768114754098356
1769587604.976853,47.36820197105408,64,58,56,67.185,60.23,52.46,032.815,8.18628415300546,017.753114754098355
1769587605.031286,47.423049211502075,64,58,56,67.155,60.22,52.475,032.845,8.176284153005462,017.738114754098355
1769587605.0742989,47.46612310409546,64,58,55,67.125,60.21,52.485,032.875,8.166284153005464,017.728114754098357
1769587605.124777,47.51648306846619,64,58,55,67.095,60.2,52.495,032.905,8.156284153005465,017.71811475409836
1769587605.1752121,47.56695818901062,63,58,55,67.06,60.19,52.505,032.94,8.14628415300546,017.708114754098354
1769587605.226114,47.61747717857361,63,58,55,67.025,60.18,52.515,032.974999999999994,8.136284153005462,017.698114754098356
1769587605.273918,47.66569423675537,63,58,55,66.99,60.17,52.525,033.010000000000005,8.126284153005464,017.688114754098358
1769587605.326367,47.71793818473816,63,58,55,66.955,60.16,52.535,033.045,8.11628415300546,017.67811475409836
1769587605.375721,47.76720213890076,63,58,55,66.92,60.15,52.545,033.08,8.106284153005461,017.668114754098355
1769587605.42511,47.81669235229492,63,58,55,66.89,60.14,52.56,033.11,8.096284153005463,017.653114754098354
1769587605.474794,47.86645722389221,63,58,55,66.86,60.125,52.575,033.14,8.081284153005463,017.638114754098353
1769587605.524999,47.91678524017334,63,58,55,66.83,60.11,52.59,033.17,8.066284153005462,017.623114754098353
1769587605.5761,47.967793226242065,63,58,55,66.8,60.095,52.61,033.2,8.051284153005462,017.603114754098357
1769587605.6257339,48.017380237579346,63,58,55,66.77,60.08,52.625,033.230000000000004,8.036284153005461,017.588114754098356
1769587605.6748412,48.066368103027344,63,58,55,66.74,60.065,52.64,033.260000000000005,8.02128415300546,017.573114754098356
1769587605.7257018,48.117356061935425,63,58,56,66.71,60.05,52.66,033.290000000000006,8.00628415300546,017.55311475409836
1769587605.774782,48.16651701927185,63,58,55,66.68,60.035,52.675,033.31999999999999,7.991284153005459,017.53811475409836
1769587605.8255732,48.216976165771484,63,58,55,66.65,60.02,52.69,033.349999999999994,7.976284153005466,017.52311475409836
1769587605.875247,48.266982316970825,63,58,55,66.62,60.005,52.705,033.379999999999995,7.961284153005465,017.508114754098358
1769587605.925689,48.317225217819214,63,58,55,66.59,59.99,52.72,033.41,7.946284153005465,017.493114754098357
1769587605.9766212,48.36807918548584,63,58,55,66.56,59.975,52.735,033.44,7.931284153005464,017.478114754098357
1769587606.0345511,48.426249265670776,63,58,55,66.53,59.96,52.75,033.47,7.9162841530054635,017.463114754098356
1769587606.0774589,48.46928119659424,63,58,55,66.5,59.945,52.765,033.5,7.901284153005463,017.448114754098356
1769587606.123829,48.515626192092896,63,58,55,66.47,59.93,52.78,033.53,7.886284153005462,017.433114754098355
1769587606.1767628,48.56801414489746,63,58,55,66.44,59.915,52.8,033.56,7.871284153005462,017.41311475409836
1769587606.241089,48.6314013004303,62,58,55,66.405,59.9,52.82,033.595,7.856284153005461,017.393114754098356
1769587606.322051,48.7136492729187,63,58,56,66.375,59.885,52.845,033.625,7.841284153005461,017.368114754098357
1769587606.3807669,48.772547245025635,63,58,55,66.345,59.87,52.865,033.655,7.82628415300546,017.348114754098354
1769587606.42709,48.81881928443909,62,58,55,66.31,59.855,52.885,033.69,7.8112841530054595,017.328114754098358
1769587606.476619,48.86807036399841,62,58,56,66.275,59.84,52.91,033.724999999999994,7.796284153005466,017.30311475409836
1769587606.527528,48.91927719116211,62,58,55,66.24,59.825,52.93,033.760000000000005,7.7812841530054655,017.283114754098357
1769587606.57526,48.96688723564148,62,58,55,66.205,59.81,52.95,033.795,7.766284153005465,017.263114754098353
1769587606.6250198,49.01664733886719,62,58,55,66.17,59.795,52.97,033.83,7.751284153005464,017.243114754098357
1769587606.675327,49.06698417663574,62,58,56,66.135,59.78,52.995,033.864999999999995,7.736284153005464,017.21811475409836
1769587606.7258172,49.11753606796265,62,58,56,66.1,59.76,53.02,033.900000000000006,7.716284153005461,017.193114754098353
1769587606.775415,49.16704726219177,62,58,55,66.065,59.74,53.04,033.935,7.696284153005465,017.173114754098357
1769587606.824509,49.216243267059326,62,58,56,66.03,59.725,53.065,033.97,7.681284153005464,017.14811475409836
1769587606.874832,49.266582012176514,62,57,56,65.995,59.7,53.09,034.004999999999995,7.6562841530054655,017.123114754098353
1769587606.9257689,49.31742310523987,62,58,56,65.965,59.68,53.115,034.035,7.636284153005462,017.098114754098354
1769587606.9751208,49.366844177246094,62,57,56,65.935,59.655,53.145,034.065,7.611284153005464,017.068114754098353
1769587607.0241961,49.4158992767334,62,58,56,65.905,59.635,53.175,034.095,7.591284153005461,017.03811475409836
1769587607.074844,49.46659207344055,62,57,56,65.875,59.61,53.205,034.125,7.566284153005462,017.008114754098358
1769587607.1264079,49.517651319503784,62,57,56,65.845,59.585,53.235,034.155,7.5412841530054635,016.978114754098357
1769587607.173815,49.56556415557861,62,58,56,65.815,59.565,53.265,034.185,7.52128415300546,016.948114754098356
1769587607.228607,49.61994433403015,61,58,55,65.78,59.545,53.29,034.22,7.501284153005464,016.923114754098357
1769587607.293561,49.68526220321655,61,58,55,65.745,59.525,53.315,034.254999999999995,7.481284153005461,016.89811475409836
1769587607.338638,49.730414152145386,61,58,56,65.71,59.505,53.34,034.290000000000006,7.461284153005465,016.873114754098353
1769587607.382207,49.77400612831116,62,57,56,65.68,59.48,53.37,034.31999999999999,7.4362841530054595,016.84311475409836
1769587607.424667,49.81639122962952,62,57,56,65.65,59.455,53.4,034.349999999999994,7.411284153005461,016.813114754098358
1769587607.4742348,49.865955114364624,61,58,56,65.615,59.435,53.43,034.385000000000005,7.391284153005465,016.783114754098357
1769587607.523375,49.91522932052612,61,58,56,65.58,59.41,53.46,034.42,7.366284153005459,016.753114754098355
1769587607.575714,49.9674072265625,61,58,56,65.55,59.385,53.49,034.45,7.341284153005461,016.723114754098354
1769587607.6253061,50.01678109169006,61,58,55,65.52,59.36,53.52,034.480000000000004,7.316284153005462,016.693114754098353
1769587607.674856,50.066662311553955,61,58,56,65.49,59.335,53.555,034.510000000000005,7.2912841530054635,016.658114754098357
1769587607.725555,50.117072343826294,61,57,56,65.455,59.31,53.585,034.545,7.266284153005465,016.628114754098355
1769587607.7743518,50.166128158569336,62,57,56,65.425,59.285,53.615,034.575,7.241284153005459,016.598114754098354
1769587607.824542,50.21634221076965,61,58,55,65.39,59.265,53.64,034.61,7.221284153005463,016.573114754098356
1769587607.8761668,50.26780915260315,61,58,55,65.355,59.245,53.665,034.644999999999996,7.20128415300546,016.548114754098357
1769587607.924303,50.31601619720459,61,58,55,65.32,59.225,53.69,034.68000000000001,7.181284153005464,016.52311475409836
1769587607.975372,50.3667311668396,61,58,55,65.285,59.205,53.715,034.715,7.161284153005461,016.498114754098353
1769587608.024389,50.41614627838135,61,58,55,65.255,59.18,53.745,034.745000000000005,7.136284153005462,016.46811475409836
1769587608.074826,50.46659731864929,61,58,55,65.22,59.16,53.77,034.78,7.116284153005459,016.443114754098353
1769587608.1257012,50.51708126068115,61,58,55,65.185,59.14,53.795,034.815,7.096284153005463,016.418114754098355
1769587608.173739,50.5655403137207,61,58,55,65.15,59.12,53.82,034.849999999999994,7.07628415300546,016.393114754098356
1769587608.226422,50.61813139915466,61,58,55,65.12,59.095,53.85,034.879999999999995,7.0512841530054615,016.363114754098355
1769587608.273978,50.665791273117065,60,58,55,65.085,59.07,53.88,034.915000000000006,7.026284153005463,016.333114754098354
1769587608.324682,50.71649718284607,60,58,55,65.05,59.045,53.91,034.95,7.001284153005464,016.30311475409836
1769587608.375926,50.76728820800781,60,58,55,65.015,59.02,53.94,034.985,6.976284153005466,016.27311475409836
1769587608.424521,50.81632208824158,60,58,55,64.98,58.995,53.965,035.019999999999996,6.95128415300546,016.248114754098353
1769587608.476019,50.86741018295288,60,58,55,64.945,58.97,53.99,035.05500000000001,6.9262841530054615,016.223114754098354
1769587608.52464,50.91643810272217,60,58,55,64.91,58.945,54.02,035.09,6.901284153005463,016.193114754098353
1769587608.5749052,50.966673374176025,60,58,55,64.875,58.92,54.05,035.125,6.876284153005464,016.16311475409836
1769587608.623771,51.015488147735596,60,58,55,64.84,58.9,54.075,035.16,6.856284153005461,016.138114754098353
1769587608.674659,51.066418170928955,60,58,55,64.8,58.88,54.1,035.2,6.836284153005465,016.113114754098355
1769587608.7257888,51.117422103881836,60,58,55,64.76,58.86,54.125,035.239999999999995,6.816284153005462,016.088114754098356
1769587608.776442,51.167988300323486,60,58,55,64.725,58.84,54.15,035.275000000000006,6.796284153005466,016.063114754098358
1769587608.84155,51.23321032524109,60,58,55,64.685,58.82,54.175,035.315,6.776284153005463,016.03811475409836
1769587608.886334,51.27808928489685,60,58,55,64.645,58.8,54.2,035.355000000000004,6.75628415300546,016.013114754098353
1769587608.928303,51.32003426551819,60,58,55,64.61,58.78,54.225,035.39,6.736284153005464,015.988114754098355
1769587608.975292,51.36694312095642,61,57,56,64.575,58.755,54.255,035.425,6.711284153005465,015.958114754098354
1769587609.0255628,51.417259216308594,60,57,56,64.535,58.73,54.285,035.465,6.6862841530054595,015.92811475409836
1769587609.074466,51.46628141403198,60,57,56,64.495,58.705,54.315,035.504999999999995,6.661284153005461,015.898114754098359
1769587609.12491,51.51657724380493,60,57,56,64.455,58.68,54.34,035.545,6.636284153005462,015.873114754098353
1769587609.173697,51.56548619270325,60,57,56,64.415,58.655,54.365,035.584999999999994,6.611284153005464,015.848114754098354
1769587609.226641,51.61802434921265,60,57,56,64.375,58.63,54.39,035.625,6.586284153005465,015.823114754098356
1769587609.275042,51.66675138473511,60,57,56,64.335,58.605,54.415,035.665000000000006,6.5612841530054595,015.798114754098357
1769587609.323998,51.715660095214844,60,57,56,64.295,58.58,54.44,035.705,6.536284153005461,015.773114754098359
1769587609.375577,51.76720309257507,60,57,56,64.255,58.56,54.465,035.745000000000005,6.516284153005465,015.748114754098353
1769587609.4256651,51.81740736961365,60,57,56,64.215,58.54,54.49,035.785,6.496284153005462,015.723114754098354
1769587609.4755452,51.867040157318115,60,57,56,64.175,58.52,54.515,035.825,6.476284153005466,015.698114754098356
1769587609.525163,51.91694617271423,60,57,56,64.135,58.5,54.54,035.864999999999995,6.456284153005463,015.673114754098357
1769587609.575979,51.96746611595154,60,57,56,64.095,58.48,54.565,035.905,6.4362841530054595,015.648114754098359
1769587609.625105,52.016759157180786,60,57,56,64.055,58.46,54.59,035.94499999999999,6.4162841530054635,015.623114754098353
1769587609.6741362,52.0659294128418,60,57,56,64.015,58.44,54.615,035.985,6.39628415300546,015.598114754098354
1769587609.72653,52.11789107322693,60,57,56,63.975,58.42,54.64,036.025,6.376284153005464,015.573114754098356
1769587609.779448,52.1712760925293,60,57,56,63.935,58.4,54.665,036.065,6.356284153005461,015.548114754098357
1769587609.825193,52.21690225601196,60,58,55,63.895,58.385,54.68,036.105,6.341284153005461,015.533114754098357
1769587609.876409,52.267903327941895,60,57,55,63.855,58.365,54.695,036.145,6.321284153005465,015.518114754098356
1769587609.943617,52.33533811569214,60,57,56,63.815,58.345,54.715,036.185,6.3012841530054615,015.498114754098353
1769587609.9880629,52.37976121902466,60,57,56,63.775,58.325,54.735,036.225,6.2812841530054655,015.478114754098357
1769587610.0303402,52.422136068344116,59,58,55,63.73,58.31,54.75,036.27,6.266284153005465,015.463114754098356
1769587610.073715,52.46538329124451,59,58,55,63.685,58.295,54.765,036.315,6.251284153005464,015.448114754098356
1769587610.1247098,52.51637816429138,59,58,55,63.64,58.28,54.78,036.36,6.236284153005464,015.433114754098355
1769587610.174298,52.56611728668213,59,58,55,63.595,58.265,54.795,036.405,6.221284153005463,015.418114754098355
1769587610.225282,52.616934299468994,59,58,55,63.55,58.25,54.81,036.45,6.206284153005463,015.403114754098354
1769587610.274575,52.66637420654297,59,58,55,63.505,58.235,54.825,036.495,6.191284153005462,015.388114754098353
1769587610.324668,52.71619415283203,59,58,55,63.46,58.225,54.84,036.54,6.181284153005464,015.373114754098353
1769587610.375308,52.766958236694336,59,58,55,63.415,58.215,54.855,036.585,6.171284153005466,015.35811475409836
1769587610.424938,52.81652522087097,59,58,55,63.37,58.205,54.865,036.63,6.161284153005461,015.348114754098354
1769587610.476365,52.867852210998535,59,58,55,63.325,58.195,54.88,036.675,6.151284153005463,015.333114754098354
1769587610.524405,52.916216135025024,59,57,55,63.28,58.18,54.895,036.72,6.136284153005462,015.318114754098353
1769587610.575657,52.9670033454895,59,58,55,63.235,58.17,54.905,036.765,6.126284153005464,015.308114754098355
1769587610.623796,53.01559615135193,59,58,55,63.19,58.16,54.915,036.81,6.116284153005459,015.298114754098357
1769587610.676638,53.068191051483154,59,58,55,63.15,58.15,54.93,036.85,6.106284153005461,015.283114754098357
1769587610.7243881,53.11619305610657,59,58,55,63.105,58.14,54.94,036.895,6.096284153005463,015.273114754098359
1769587610.774035,53.16584515571594,59,58,55,63.06,58.13,54.95,036.94,6.086284153005465,015.263114754098353
1769587610.8282409,53.2193820476532,59,58,55,63.02,58.12,54.96,036.98,6.07628415300546,015.253114754098355
1769587610.889406,53.28111219406128,59,58,55,62.98,58.11,54.97,037.02,6.066284153005462,015.243114754098357
1769587610.932823,53.32465219497681,58,58,54,62.935,58.1,54.975,037.065,6.056284153005464,015.238114754098355
1769587610.975539,53.36729717254639,58,58,54,62.89,58.09,54.98,037.11,6.046284153005466,015.23311475409836
1769587611.02546,53.417166233062744,58,58,54,62.84,58.08,54.985,037.16,6.036284153005461,015.228114754098357
1769587611.075779,53.467491149902344,58,58,55,62.79,58.07,54.995,037.21,6.026284153005463,015.218114754098359
1769587611.124871,53.51651215553284,58,58,55,62.74,58.06,55.005,037.26,6.016284153005465,015.208114754098354
1769587611.174808,53.56658720970154,58,58,55,62.695,58.05,55.015,037.305,6.00628415300546,015.198114754098356
1769587611.225595,53.617236375808716,58,58,55,62.645,58.04,55.025,037.355,5.996284153005462,015.188114754098358
1769587611.2743292,53.66602611541748,58,58,55,62.595,58.035,55.03,037.405,5.991284153005459,015.183114754098355
1769587611.326124,53.717814207077026,58,58,55,62.55,58.03,55.04,037.45,5.986284153005464,015.173114754098357
1769587611.373833,53.76564407348633,58,58,54,62.505,58.02,55.045,037.495,5.976284153005466,015.168114754098355
1769587611.4254851,53.81702518463135,58,58,54,62.46,58.015,55.05,037.54,5.971284153005463,015.163114754098359
1769587611.4765491,53.86786508560181,58,58,54,62.41,58.01,55.05,037.59,5.966284153005461,015.163114754098359
1769587611.53375,53.92514419555664,57,58,54,62.36,58.005,55.05,037.64,5.961284153005465,015.163114754098359
1769587611.5768452,53.968661069869995,57,58,54,62.31,58.0,55.055,037.69,5.956284153005463,015.158114754098357
1769587611.62352,54.0153112411499,58,58,54,62.265,57.995,55.055,037.735,5.95128415300546,015.158114754098357
1769587611.67418,54.06588006019592,58,58,54,62.22,57.99,55.055,037.78,5.946284153005465,015.158114754098357
1769587611.727297,54.11821913719177,58,58,55,62.175,57.985,55.06,037.825,5.941284153005462,015.153114754098354
1769587611.7876039,54.17934322357178,58,58,54,62.13,57.98,55.06,037.87,5.9362841530054595,015.153114754098354
1769587611.830942,54.22272729873657,57,58,54,62.08,57.975,55.06,037.92,5.931284153005464,015.153114754098354
1769587611.87449,54.26618027687073,57,58,54,62.03,57.97,55.06,037.97,5.9262841530054615,015.153114754098354
1769587611.9243572,54.31614017486572,57,58,54,61.98,57.965,55.06,038.02,5.921284153005466,015.153114754098354
1769587611.975081,54.36670112609863,57,58,54,61.935,57.96,55.065,038.065,5.9162841530054635,015.148114754098359
1769587612.024498,54.41626715660095,58,58,54,61.895,57.955,55.07,038.105,5.911284153005461,015.143114754098356
1769587612.075256,54.466750383377075,57,58,54,61.845,57.95,55.07,038.155,5.9062841530054655,015.143114754098356
1769587612.1239622,54.51567625999451,57,58,54,61.8,57.945,55.07,038.2,5.901284153005463,015.143114754098356
1769587612.173818,54.565553188323975,57,58,54,61.755,57.94,55.07,038.245,5.89628415300546,015.143114754098356
1769587612.224239,54.61587834358215,57,58,55,61.71,57.935,55.075,038.29,5.891284153005465,015.138114754098353
1769587612.2739332,54.66553330421448,57,58,54,61.665,57.93,55.075,038.335,5.886284153005462,015.138114754098353
1769587612.324507,54.71613812446594,57,58,54,61.62,57.925,55.075,038.38,5.88128415300546,015.138114754098353
1769587612.3734322,54.76523518562317,57,58,54,61.575,57.92,55.075,038.425,5.876284153005464,015.138114754098353
1769587612.4244668,54.81623411178589,57,58,54,61.53,57.915,55.075,038.47,5.871284153005462,015.138114754098353
1769587612.476036,54.86767530441284,58,58,55,61.49,57.91,55.08,038.51,5.866284153005459,015.133114754098358
1769587612.5232708,54.91510319709778,57,58,55,61.445,57.905,55.085,038.555,5.861284153005464,015.128114754098355
1769587612.575825,54.967469215393066,57,58,54,61.4,57.9,55.085,038.6,5.856284153005461,015.128114754098355
1769587612.623733,55.01544117927551,57,58,54,61.355,57.895,55.085,038.645,5.851284153005466,015.128114754098355
1769587612.675681,55.067331075668335,57,58,55,61.31,57.89,55.09,038.69,5.846284153005463,015.123114754098353
1769587612.724024,55.115578174591064,57,58,54,61.265,57.885,55.09,038.735,5.841284153005461,015.123114754098353
1769587612.775038,55.16670632362366,56,58,54,61.215,57.88,55.085,038.785,5.836284153005465,015.128114754098355
1769587612.824084,55.21562337875366,57,58,54,61.17,57.875,55.085,038.83,5.831284153005463,015.128114754098355
1769587612.876232,55.26770520210266,57,58,54,61.125,57.87,55.085,038.875,5.82628415300546,015.128114754098355
1769587612.933588,55.325207233428955,57,58,55,61.08,57.865,55.085,038.92,5.821284153005465,015.128114754098355
1769587612.977003,55.3687801361084,57,58,55,61.04,57.86,55.09,038.96,5.816284153005462,015.123114754098353
1769587613.023969,55.41569423675537,57,58,55,61.0,57.855,55.095,039.0,5.8112841530054595,015.118114754098357
1769587613.074632,55.466413259506226,56,58,54,60.95,57.855,55.09,039.05,5.8112841530054595,015.123114754098353
1769587613.124819,55.51652407646179,56,58,54,60.9,57.855,55.085,039.1,5.8112841530054595,015.128114754098355
1769587613.174412,55.566012144088745,57,58,55,60.855,57.855,55.085,039.145,5.8112841530054595,015.128114754098355
1769587613.2251918,55.61675214767456,56,58,54,60.805,57.855,55.08,039.195,5.8112841530054595,015.133114754098358
1769587613.274683,55.666372299194336,56,58,54,60.76,57.855,55.075,039.24,5.8112841530054595,015.138114754098353
1769587613.325429,55.717034101486206,56,58,54,60.715,57.855,55.07,039.285,5.8112841530054595,015.143114754098356
1769587613.375071,55.76672101020813,56,58,54,60.67,57.855,55.065,039.33,5.8112841530054595,015.148114754098359
1769587613.423645,55.81515121459961,56,58,54,60.62,57.855,55.06,039.38,5.8112841530054595,015.153114754098354
1769587613.476275,55.86763334274292,56,58,54,60.57,57.855,55.05,039.43,5.8112841530054595,015.163114754098359
1769587613.529495,55.92129325866699,56,58,54,60.525,57.855,55.045,039.475,5.8112841530054595,015.168114754098355
1769587613.574879,55.966679096221924,56,58,55,60.48,57.855,55.045,039.52,5.8112841530054595,015.168114754098355
1769587613.6250482,56.01671028137207,56,58,55,60.435,57.855,55.045,039.565,5.8112841530054595,015.168114754098355
1769587613.674399,56.066195249557495,56,58,54,60.39,57.855,55.04,039.61,5.8112841530054595,015.173114754098357
1769587613.725172,56.116841316223145,56,58,54,60.345,57.855,55.035,039.655,5.8112841530054595,015.17811475409836
1769587613.773653,56.16539120674133,56,58,55,60.3,57.855,55.03,039.7,5.8112841530054595,015.183114754098355
1769587613.826737,56.21791219711304,56,58,54,60.255,57.855,55.02,039.745,5.8112841530054595,015.193114754098353
1769587613.8855228,56.2772741317749,55,58,54,60.205,57.855,55.01,039.795,5.8112841530054595,015.203114754098358
1769587613.928985,56.32069134712219,56,58,54,60.16,57.855,55.0,039.84,5.8112841530054595,015.213114754098356
1769587613.9743109,56.3661093711853,55,58,53,60.11,57.855,54.99,039.89,5.8112841530054595,015.223114754098354
1769587614.025005,56.41671919822693,55,58,53,60.06,57.855,54.98,039.94,5.8112841530054595,015.23311475409836
1769587614.073941,56.4656822681427,55,58,54,60.01,57.855,54.975,039.99,5.8112841530054595,015.238114754098355
1769587614.1249979,56.516664266586304,56,58,54,59.965,57.855,54.97,040.035,5.8112841530054595,015.243114754098357
1769587614.1744971,56.5661780834198,56,58,54,59.92,57.855,54.965,040.08,5.8112841530054595,015.248114754098353
1769587614.2262652,56.61773228645325,56,58,55,59.875,57.855,54.965,040.125,5.8112841530054595,015.248114754098353
1769587614.274411,56.66613721847534,56,57,55,59.835,57.85,54.965,040.165,5.806284153005464,015.248114754098353
1769587614.32433,56.71599531173706,55,58,54,59.79,57.85,54.96,040.21,5.806284153005464,015.253114754098355
1769587614.374451,56.76622223854065,55,58,54,59.745,57.85,54.955,040.255,5.806284153005464,015.258114754098358
1769587614.4251158,56.81686615943909,55,58,53,59.7,57.85,54.945,040.3,5.806284153005464,015.268114754098356
1769587614.473731,56.865504026412964,55,58,53,59.655,57.85,54.935,040.345,5.806284153005464,015.278114754098354
1769587614.524391,56.91599631309509,55,58,54,59.61,57.85,54.93,040.39,5.806284153005464,015.283114754098357
1769587614.576709,56.96784520149231,55,58,54,59.565,57.85,54.925,040.435,5.806284153005464,015.288114754098359
1769587614.6339872,57.025798320770264,55,58,55,59.52,57.85,54.925,040.48,5.806284153005464,015.288114754098359
1769587614.677525,57.069186210632324,55,58,54,59.475,57.85,54.92,040.525,5.806284153005464,015.293114754098355
1769587614.724415,57.11616635322571,55,58,54,59.43,57.85,54.915,040.57,5.806284153005464,015.298114754098357
1769587614.773694,57.16538715362549,55,58,54,59.385,57.85,54.91,040.615,5.806284153005464,015.30311475409836
1769587614.82575,57.21709728240967,55,58,54,59.34,57.85,54.905,040.66,5.806284153005464,015.308114754098355
1769587614.874537,57.26629137992859,55,58,54,59.295,57.85,54.9,040.705,5.806284153005464,015.313114754098358
1769587614.925736,57.31740427017212,55,58,54,59.25,57.85,54.895,040.75,5.806284153005464,015.318114754098353
1769587614.9748302,57.366507053375244,54,58,54,59.2,57.85,54.89,040.8,5.806284153005464,015.323114754098356
1769587615.0243049,57.41605234146118,54,58,54,59.15,57.85,54.88,040.85,5.806284153005464,015.333114754098354
1769587615.073619,57.46542429924011,54,58,54,59.1,57.85,54.87,040.9,5.806284153005464,015.343114754098359
1769587615.125058,57.51670813560486,54,58,54,59.05,57.85,54.865,040.95,5.806284153005464,015.348114754098354
1769587615.174348,57.56613302230835,55,58,54,59.005,57.85,54.86,040.995,5.806284153005464,015.353114754098357
1769587615.226186,57.617613077163696,55,57,55,58.965,57.845,54.86,041.035,5.8012841530054615,015.353114754098357
1769587615.274802,57.66661715507507,55,57,55,58.925,57.84,54.86,041.075,5.796284153005466,015.353114754098357
1769587615.3241699,57.71576118469238,55,57,55,58.885,57.835,54.86,041.115,5.7912841530054635,015.353114754098357
1769587615.374468,57.76624822616577,55,57,55,58.845,57.83,54.86,041.155,5.786284153005461,015.353114754098357
1769587615.4255621,57.81732726097107,55,57,55,58.805,57.825,54.86,041.195,5.7812841530054655,015.353114754098357
1769587615.4732642,57.865047216415405,55,58,55,58.765,57.825,54.86,041.235,5.7812841530054655,015.353114754098357
1769587615.524568,57.91633415222168,55,58,55,58.725,57.825,54.86,041.275,5.7812841530054655,015.353114754098357
1769587615.574461,57.96618700027466,54,58,54,58.68,57.825,54.855,041.32,5.7812841530054655,015.35811475409836
1769587615.6255438,58.01724624633789,55,58,55,58.64,57.825,54.855,041.36,5.7812841530054655,015.35811475409836
1769587615.6739452,58.065434217453,54,58,54,58.595,57.825,54.85,041.405,5.7812841530054655,015.363114754098355
1769587615.72467,58.11637830734253,54,58,54,58.55,57.825,54.845,041.45,5.7812841530054655,015.368114754098357
1769587615.774706,58.166335344314575,54,57,55,58.505,57.82,54.84,041.495,5.776284153005463,015.373114754098353
1769587615.824367,58.21612524986267,54,57,54,58.46,57.815,54.835,041.54,5.77128415300546,015.378114754098355
1769587615.8741992,58.26596927642822,54,58,54,58.415,57.815,54.83,041.585,5.77128415300546,015.383114754098358
1769587615.925987,58.31721615791321,54,57,55,58.37,57.81,54.83,041.63,5.766284153005465,015.383114754098358
1769587615.9745421,58.366260290145874,54,58,54,58.325,57.81,54.825,041.675,5.766284153005465,015.388114754098353
1769587616.0239842,58.415751218795776,54,58,54,58.28,57.81,54.82,041.72,5.766284153005465,015.393114754098356
1769587616.075063,58.46664023399353,54,57,55,58.235,57.805,54.82,041.765,5.761284153005462,015.393114754098356
1769587616.124286,58.51603627204895,54,57,55,58.19,57.8,54.82,041.81,5.75628415300546,015.393114754098356
1769587616.1743512,58.56603717803955,54,57,55,58.145,57.795,54.82,041.855,5.751284153005464,015.393114754098356
1769587616.223404,58.61514115333557,54,57,55,58.1,57.79,54.82,041.9,5.746284153005462,015.393114754098356
1769587616.2746098,58.666375160217285,54,57,55,58.06,57.785,54.82,041.94,5.741284153005459,015.393114754098356
1769587616.325171,58.7168402671814,54,57,55,58.015,57.78,54.815,041.985,5.736284153005464,015.398114754098359
1769587616.373605,58.76540517807007,53,58,54,57.965,57.78,54.81,042.035,5.736284153005464,015.403114754098354
1769587616.425746,58.8173770904541,53,58,53,57.92,57.78,54.8,042.08,5.736284153005464,015.413114754098359
1769587616.474045,58.8658082485199,53,58,54,57.875,57.78,54.79,042.125,5.736284153005464,015.423114754098357
1769587616.5240362,58.915778160095215,53,58,54,57.83,57.78,54.785,042.17,5.736284153005464,015.42811475409836
1769587616.574175,58.96577525138855,53,58,54,57.785,57.78,54.78,042.215,5.736284153005464,015.433114754098355
1769587616.62406,59.015820026397705,53,57,55,57.74,57.775,54.78,042.26,5.731284153005461,015.433114754098355
1769587616.6738,59.06553602218628,53,57,55,57.695,57.77,54.775,042.305,5.726284153005466,015.438114754098358
1769587616.7242198,59.11595416069031,53,57,54,57.65,57.765,54.765,042.35,5.721284153005463,015.448114754098356
1769587616.774622,59.166343212127686,53,57,54,57.605,57.76,54.76,042.395,5.716284153005461,015.453114754098358
1769587616.8246431,59.21627330780029,52,58,54,57.555,57.76,54.75,042.445,5.716284153005461,015.463114754098356
1769587616.873363,59.26477122306824,53,58,53,57.51,57.765,54.735,042.49,5.721284153005463,015.478114754098357
1769587616.926254,59.31750726699829,53,58,54,57.465,57.765,54.725,042.535,5.721284153005463,015.488114754098355
1769587616.985375,59.37717032432556,53,58,54,57.42,57.77,54.715,042.58,5.726284153005466,015.498114754098353
1769587617.0271502,59.41886019706726,53,58,54,57.375,57.77,54.705,042.625,5.726284153005466,015.508114754098358
1769587617.07283,59.46467733383179,52,58,54,57.325,57.775,54.695,042.675,5.731284153005461,015.518114754098356
1769587617.125765,59.51732611656189,52,58,54,57.275,57.78,54.685,042.725,5.736284153005464,015.528114754098354
1769587617.173408,59.5652072429657,52,58,54,57.225,57.78,54.675,042.775,5.736284153005464,015.538114754098359
1769587617.223219,59.61502432823181,52,58,53,57.18,57.78,54.665,042.82,5.736284153005464,015.548114754098357
1769587617.275658,59.667391300201416,52,58,54,57.135,57.78,54.66,042.865,5.736284153005464,015.55311475409836
1769587617.323244,59.71501111984253,52,58,54,57.09,57.78,54.65,042.91,5.736284153005464,015.563114754098358
1769587617.37479,59.76632809638977,52,58,53,57.04,57.785,54.635,042.96,5.741284153005459,015.578114754098358
1769587617.424416,59.8161141872406,51,58,53,56.985,57.79,54.62,043.015,5.746284153005462,015.593114754098359
1769587617.474058,59.86582612991333,52,58,53,56.94,57.79,54.605,043.06,5.746284153005462,015.60811475409836
1769587617.524651,59.91617512702942,51,58,53,56.89,57.79,54.59,043.11,5.746284153005462,015.623114754098353
1769587617.5738292,59.965577363967896,51,58,53,56.84,57.79,54.575,043.16,5.746284153005462,015.638114754098353
1769587617.624925,60.01628112792969,51,59,52,56.79,57.795,54.56,043.21,5.751284153005464,015.653114754098354
1769587617.674834,60.06649112701416,51,58,52,56.74,57.795,54.54,043.26,5.751284153005464,015.673114754098357
1769587617.724077,60.1158881187439,51,58,53,56.69,57.8,54.525,043.31,5.75628415300546,015.688114754098358
1769587617.77534,60.16654920578003,51,58,53,56.635,57.805,54.51,043.365,5.761284153005462,015.703114754098358
1769587617.823776,60.215577125549316,51,58,52,56.585,57.805,54.495,043.415,5.761284153005462,015.718114754098359
1769587617.875691,60.26727342605591,51,58,53,56.535,57.805,54.485,043.465,5.761284153005462,015.728114754098357
1769587617.9249861,60.31663632392883,50,59,52,56.48,57.81,54.47,043.52,5.766284153005465,015.743114754098357
1769587617.973186,60.36496615409851,50,59,51,56.425,57.815,54.45,043.575,5.77128415300546,015.763114754098353
1769587618.0261,60.41746115684509,50,59,52,56.37,57.82,54.435,043.63,5.776284153005463,015.778114754098354
1769587618.0752058,60.466922998428345,50,59,51,56.315,57.825,54.415,043.685,5.7812841530054655,015.798114754098357
1769587618.123183,60.514960289001465,50,59,51,56.26,57.83,54.395,043.74,5.786284153005461,015.818114754098353
1769587618.17361,60.56529426574707,50,59,51,56.205,57.835,54.375,043.795,5.7912841530054635,015.838114754098356
1769587618.225858,60.617316246032715,50,59,51,56.15,57.84,54.355,043.85,5.796284153005466,015.85811475409836
1769587618.274223,60.665932178497314,50,59,51,56.1,57.845,54.335,043.9,5.8012841530054615,015.878114754098355
1769587618.323529,60.71530532836914,49,59,51,56.045,57.85,54.315,043.955,5.806284153005464,015.898114754098359
1769587618.37477,60.766385316848755,49,59,51,55.99,57.855,54.295,044.01,5.8112841530054595,015.918114754098355
1769587618.424845,60.81661415100098,49,59,51,55.935,57.86,54.275,044.065,5.816284153005462,015.938114754098358
1769587618.4749382,60.86664819717407,49,59,51,55.88,57.865,54.255,044.12,5.821284153005465,015.958114754098354
1769587618.524105,60.91587424278259,49,59,50,55.825,57.87,54.23,044.175,5.82628415300546,015.98311475409836
1769587618.574264,60.966068983078,49,59,50,55.77,57.875,54.205,044.23,5.831284153005463,016.008114754098358
1769587618.624928,61.016576051712036,49,59,50,55.715,57.88,54.18,044.285,5.836284153005465,016.033114754098357
1769587618.673511,61.06523537635803,48,60,50,55.655,57.89,54.155,044.345,5.846284153005463,016.058114754098355
1769587618.7239199,61.11565637588501,48,60,50,55.595,57.9,54.13,044.405,5.856284153005461,016.083114754098354
1769587618.7742028,61.16586232185364,48,60,50,55.535,57.91,54.105,044.465,5.866284153005459,016.10811475409836
1769587618.823324,61.215150117874146,48,60,50,55.475,57.92,54.08,044.525,5.876284153005464,016.133114754098358
1769587618.874764,61.26637625694275,48,60,49,55.415,57.93,54.05,044.585,5.886284153005462,016.16311475409836
1769587618.923483,61.315261363983154,47,60,49,55.35,57.94,54.02,044.65,5.89628415300546,016.193114754098353
1769587618.975141,61.366899251937866,48,60,49,55.285,57.955,53.985,044.715,5.911284153005461,016.228114754098357
1769587619.023424,61.41521120071411,47,60,49,55.22,57.97,53.95,044.78,5.9262841530054615,016.263114754098353
1769587619.074073,61.46567916870117,47,60,49,55.155,57.985,53.915,044.845,5.941284153005462,016.298114754098357
1769587619.1241841,61.51592707633972,47,60,49,55.09,58.0,53.88,044.91,5.956284153005463,016.333114754098354
1769587619.1742342,61.56595039367676,47,60,49,55.025,58.015,53.845,044.975,5.971284153005463,016.368114754098357
1769587619.223972,61.615756034851074,47,60,48,54.96,58.03,53.805,045.04,5.986284153005464,016.408114754098357
1769587619.274566,61.66632437705994,46,60,48,54.89,58.045,53.765,045.11,6.001284153005464,016.448114754098356
1769587619.324525,61.716286420822144,47,60,49,54.825,58.06,53.73,045.175,6.016284153005465,016.48311475409836
1769587619.376543,61.767914056777954,46,60,48,54.755,58.075,53.69,045.245,6.0312841530054655,016.52311475409836
1769587619.428939,61.82073616981506,46,61,48,54.685,58.095,53.65,045.315,6.0512841530054615,016.563114754098358
1769587619.4743218,61.866005182266235,46,60,48,54.615,58.11,53.61,045.385,6.066284153005462,016.603114754098357
1769587619.523273,61.9150493144989,46,60,48,54.545,58.125,53.57,045.455,6.081284153005463,016.643114754098356
1769587619.5740402,61.965766191482544,46,60,48,54.475,58.14,53.53,045.525,6.096284153005463,016.683114754098355
1769587619.626535,62.017688274383545,46,60,48,54.405,58.155,53.49,045.595,6.111284153005464,016.723114754098354
1769587619.683508,62.07528328895569,46,61,48,54.335,58.175,53.45,045.665,6.13128415300546,016.763114754098353
1769587619.726214,62.117974042892456,45,61,48,54.26,58.195,53.41,045.74,6.151284153005463,016.80311475409836
1769587619.773945,62.16571021080017,45,61,48,54.185,58.215,53.37,045.815,6.171284153005466,016.84311475409836
1769587619.823717,62.215376138687134,46,61,48,54.115,58.23,53.335,045.885,6.1862841530054595,016.878114754098355
1769587619.876662,62.26814842224121,46,60,48,54.045,58.245,53.3,045.955,6.20128415300546,016.91311475409836
1769587619.933258,62.32506012916565,45,61,47,53.97,58.265,53.255,046.03,6.221284153005463,016.958114754098354
1769587619.9769769,62.368691205978394,45,61,47,53.895,58.285,53.21,046.105,6.241284153005459,017.003114754098355
1769587620.023592,62.41533422470093,45,61,47,53.825,58.3,53.17,046.175,6.25628415300546,017.043114754098355
1769587620.0740612,62.465771198272705,45,61,47,53.755,58.315,53.13,046.245,6.27128415300546,017.083114754098354
1769587620.128489,62.52010703086853,45,61,47,53.685,58.33,53.09,046.315,6.286284153005461,017.123114754098353
1769587620.17756,62.56931209564209,44,61,47,53.61,58.345,53.05,046.39,6.3012841530054615,017.16311475409836
1769587620.223295,62.615103244781494,45,61,47,53.54,58.36,53.01,046.46,6.316284153005462,017.203114754098358
1769587620.274506,62.66615128517151,45,61,47,53.47,58.375,52.97,046.53,6.331284153005463,017.243114754098357
1769587620.3240042,62.71575403213501,44,61,47,53.395,58.39,52.93,046.605,6.346284153005463,017.283114754098357
1769587620.373874,62.76537227630615,44,61,47,53.32,58.405,52.89,046.68,6.361284153005464,017.323114754098356
1769587620.424093,62.815800189971924,44,61,47,53.245,58.42,52.85,046.755,6.376284153005464,017.363114754098355
1769587620.4737868,62.86559319496155,44,61,47,53.17,58.435,52.81,046.83,6.391284153005465,017.403114754098354
1769587620.526794,62.91831398010254,44,61,47,53.095,58.455,52.77,046.905,6.411284153005461,017.443114754098353
1769587620.58388,62.97559332847595,44,61,47,53.02,58.47,52.73,046.98,6.4262841530054615,017.48311475409836
1769587620.6266382,63.018410205841064,44,61,47,52.945,58.485,52.69,047.055,6.441284153005462,017.52311475409836
1769587620.674168,63.06589436531067,44,61,47,52.87,58.5,52.65,047.13,6.456284153005463,017.563114754098358
1769587620.72277,63.11451816558838,44,61,46,52.795,58.515,52.605,047.205,6.471284153005463,017.60811475409836
1769587620.777217,63.16842436790466,44,61,46,52.72,58.53,52.56,047.28,6.486284153005464,017.653114754098354
1769587620.832993,63.22462821006775,44,61,46,52.645,58.545,52.515,047.355,6.501284153005464,017.698114754098356
1769587620.87519,63.26689529418945,43,61,46,52.565,58.56,52.47,047.435,6.516284153005465,017.743114754098357
1769587620.922719,63.3145170211792,43,61,46,52.49,58.575,52.43,047.51,6.5312841530054655,017.783114754098357
1769587620.974842,63.36658525466919,43,61,46,52.415,58.59,52.39,047.585,6.546284153005466,017.823114754098356
1769587621.025877,63.417582273483276,43,61,46,52.34,58.605,52.35,047.66,6.5612841530054595,017.863114754098355
1769587621.073786,63.46555018424988,43,61,46,52.265,58.62,52.305,047.735,6.57628415300546,017.908114754098357
1769587621.124807,63.51632213592529,43,61,46,52.19,58.635,52.26,047.81,6.591284153005461,017.953114754098358
1769587621.174762,63.5664222240448,43,61,46,52.115,58.65,52.215,047.885,6.606284153005461,017.998114754098353
1769587621.223736,63.61551022529602,43,61,46,52.04,58.665,52.17,047.96,6.621284153005462,018.043114754098355
1769587621.275148,63.666924238204956,43,61,46,51.965,58.68,52.125,048.035,6.636284153005462,018.088114754098356
1769587621.323902,63.715665340423584,43,61,47,51.89,58.695,52.085,048.11,6.651284153005463,018.128114754098355
1769587621.373837,63.76518416404724,43,61,46,51.815,58.71,52.045,048.185,6.6662841530054635,018.168114754098355
1769587621.424598,63.81627130508423,43,61,46,51.74,58.725,52.005,048.26,6.681284153005464,018.208114754098354
1769587621.47485,63.8665931224823,43,61,47,51.665,58.74,51.97,048.335,6.696284153005465,018.243114754098357
1769587621.5244958,63.916083335876465,43,61,47,51.595,58.755,51.935,048.405,6.711284153005465,018.278114754098354
1769587621.5729868,63.96478533744812,43,61,47,51.525,58.77,51.9,048.475,6.726284153005466,018.313114754098358
1769587621.6248882,64.01658129692078,43,61,47,51.45,58.785,51.865,048.55,6.741284153005459,018.348114754098354
1769587621.673982,64.06569337844849,43,61,46,51.375,58.8,51.825,048.625,6.75628415300546,018.388114754098353
1769587621.723955,64.11564922332764,43,61,47,51.3,58.815,51.785,048.7,6.77128415300546,018.42811475409836
1769587621.774304,64.16583132743835,43,61,47,51.225,58.83,51.75,048.775,6.786284153005461,018.463114754098356
1769587621.824002,64.2157392501831,43,61,46,51.155,58.845,51.71,048.845,6.8012841530054615,018.503114754098355
1769587621.8737862,64.26525735855103,42,61,46,51.08,58.86,51.67,048.92,6.816284153005462,018.543114754098355
1769587621.923023,64.31481218338013,43,61,47,51.01,58.875,51.635,048.99,6.831284153005463,018.578114754098358
1769587621.974417,64.36612629890442,43,61,47,50.94,58.89,51.6,049.06,6.846284153005463,018.613114754098355
1769587622.023159,64.41476726531982,42,61,46,50.86,58.905,51.56,049.14,6.861284153005464,018.653114754098354
1769587622.074616,64.46628713607788,42,61,47,50.785,58.92,51.525,049.215,6.876284153005464,018.688114754098358
1769587622.1232,64.51500916481018,43,60,47,50.715,58.93,51.49,049.285,6.886284153005462,018.723114754098354
1769587622.174651,64.56631517410278,42,61,46,50.64,58.945,51.45,049.36,6.901284153005463,018.763114754098353
1769587622.22401,64.61569833755493,42,61,47,50.565,58.96,51.41,049.435,6.9162841530054635,018.80311475409836
1769587622.273359,64.66505908966064,43,60,47,50.495,58.97,51.375,049.505,6.9262841530054615,018.838114754098356
1769587622.323477,64.7152271270752,42,61,47,50.42,58.985,51.34,049.58,6.941284153005462,018.873114754098353
1769587622.3770812,64.76852321624756,42,61,47,50.345,59.0,51.305,049.655,6.956284153005463,018.908114754098357
1769587622.432698,64.82448220252991,43,60,47,50.275,59.01,51.27,049.725,6.966284153005461,018.943114754098353
1769587622.47618,64.86790609359741,42,60,47,50.195,59.02,51.23,049.805,6.976284153005466,018.98311475409836
1769587622.523741,64.9155261516571,42,61,47,50.12,59.035,51.19,049.88,6.991284153005459,019.02311475409836
1769587622.5728588,64.96457815170288,42,60,47,50.045,59.045,51.155,049.955,7.001284153005464,019.058114754098355
1769587622.624293,65.01592826843262,42,60,47,49.97,59.055,51.12,050.03,7.011284153005462,019.09311475409836
1769587622.675599,65.06705832481384,42,60,47,49.895,59.065,51.08,050.105,7.02128415300546,019.133114754098358
1769587622.739842,65.13154029846191,42,60,47,49.82,59.075,51.045,050.18,7.0312841530054655,019.168114754098355
1769587622.7886689,65.18039035797119,42,60,47,49.75,59.085,51.01,050.25,7.0412841530054635,019.203114754098358
1769587622.843735,65.23543238639832,42,60,47,49.675,59.095,50.975,050.325,7.0512841530054615,019.238114754098355
1769587622.893058,65.28476214408875,42,60,47,49.6,59.105,50.94,050.4,7.0612841530054595,019.27311475409836
1769587622.938648,65.33034324645996,42,60,47,49.525,59.115,50.9,050.475,7.071284153005465,019.313114754098358
1769587622.982795,65.37445020675659,42,61,47,49.45,59.13,50.86,050.55,7.086284153005465,019.353114754098357
1769587623.027414,65.41913032531738,42,61,46,49.375,59.145,50.815,050.625,7.101284153005466,019.39811475409836
1769587623.074759,65.46646618843079,42,61,47,49.305,59.16,50.78,050.695,7.116284153005459,019.433114754098355
1769587623.124037,65.5157880783081,42,60,47,49.235,59.17,50.745,050.765,7.126284153005464,019.46811475409836
1769587623.173198,65.56490540504456,42,60,47,49.16,59.18,50.705,050.84,7.136284153005462,019.508114754098358
1769587623.2240582,65.61583209037781,42,60,47,49.09,59.19,50.67,050.91,7.14628415300546,019.543114754098355
1769587623.275724,65.66698813438416,42,60,47,49.02,59.2,50.635,050.98,7.1562841530054655,019.578114754098358
1769587623.323364,65.71504998207092,42,60,47,48.95,59.21,50.6,051.05,7.1662841530054635,019.613114754098355
1769587623.377106,65.7682592868805,42,60,48,48.88,59.22,50.57,051.12,7.1762841530054615,019.643114754098356
1769587623.424326,65.81614637374878,42,60,47,48.81,59.23,50.535,051.19,7.1862841530054595,019.67811475409836
1769587623.474371,65.86614227294922,42,60,47,48.74,59.24,50.5,051.26,7.196284153005465,019.713114754098356
1769587623.524707,65.91632103919983,42,60,47,48.67,59.25,50.465,051.33,7.206284153005463,019.748114754098353
1769587623.573667,65.96543526649475,42,60,48,48.6,59.26,50.43,051.4,7.216284153005461,019.783114754098357
1769587623.624959,66.01673603057861,42,60,48,48.53,59.27,50.395,051.47,7.226284153005466,019.818114754098353
1769587623.673345,66.06510329246521,42,60,47,48.46,59.28,50.36,051.54,7.236284153005464,019.853114754098357
1769587623.724017,66.11576819419861,42,60,47,48.39,59.29,50.325,051.61,7.246284153005462,019.888114754098353
1769587623.772758,66.16449522972107,42,60,47,48.32,59.3,50.285,051.68,7.25628415300546,019.92811475409836
1769587623.824626,66.21636819839478,42,60,47,48.25,59.31,50.25,051.75,7.266284153005465,019.963114754098356
1769587623.8741262,66.26571917533875,42,60,47,48.185,59.32,50.215,051.815,7.276284153005463,019.998114754098353
1769587623.925677,66.31710529327393,42,60,47,48.115,59.33,50.18,051.885,7.286284153005461,020.033114754098357
1769587623.992197,66.38391923904419,42,60,47,48.05,59.34,50.15,051.95,7.296284153005466,020.063114754098358
1769587624.036448,66.42817831039429,42,60,48,47.985,59.35,50.125,052.015,7.306284153005464,020.088114754098356
1769587624.0807009,66.47237133979797,42,60,48,47.92,59.36,50.095,052.08,7.316284153005462,020.118114754098357
1769587624.1268039,66.51845240592957,42,60,48,47.85,59.37,50.065,052.15,7.32628415300546,020.14811475409836
1769587624.173625,66.56533622741699,42,60,47,47.78,59.38,50.03,052.22,7.336284153005465,020.183114754098355
1769587624.223945,66.6156792640686,42,60,47,47.71,59.39,49.99,052.29,7.346284153005463,020.223114754098354
1769587624.272866,66.66460537910461,42,60,48,47.64,59.405,49.955,052.36,7.361284153005464,020.258114754098358
1769587624.324094,66.71579122543335,42,60,47,47.575,59.415,49.92,052.425,7.371284153005462,020.293114754098355
1769587624.374333,66.76607728004456,42,60,48,47.51,59.425,49.89,052.49,7.38128415300546,020.323114754098356
1769587624.4255822,66.81702709197998,42,60,48,47.445,59.435,49.865,052.555,7.391284153005465,020.348114754098354
1769587624.4900658,66.88176727294922,42,60,47,47.38,59.445,49.835,052.62,7.401284153005463,020.378114754098355
1769587624.535257,66.9270510673523,42,60,48,47.315,59.455,49.805,052.685,7.411284153005461,020.408114754098357
1769587624.578644,66.97032713890076,42,60,48,47.25,59.465,49.775,052.75,7.421284153005466,020.438114754098358
1769587624.624659,67.01640224456787,42,60,48,47.185,59.475,49.74,052.815,7.431284153005464,020.473114754098354
1769587624.672831,67.06459426879883,42,60,48,47.12,59.485,49.71,052.88,7.441284153005462,020.503114754098355
1769587624.7246568,67.11632323265076,42,59,48,47.055,59.49,49.68,052.945,7.446284153005465,020.533114754098357
1769587624.774091,67.16577935218811,42,59,48,46.99,59.495,49.65,053.01,7.45128415300546,020.563114754098358
1769587624.824885,67.21665620803833,42,59,48,46.925,59.5,49.62,053.075,7.456284153005463,020.59311475409836
1769587624.87319,67.26483130455017,42,59,49,46.86,59.505,49.595,053.14,7.461284153005465,020.618114754098357
1769587624.9239979,67.31572413444519,42,60,47,46.795,59.515,49.56,053.205,7.471284153005463,020.653114754098354
1769587624.974046,67.36574912071228,42,60,48,46.735,59.525,49.53,053.265,7.481284153005461,020.683114754098355
1769587625.023617,67.41541123390198,42,60,48,46.675,59.535,49.5,053.325,7.491284153005459,020.713114754098356
1769587625.073386,67.46496820449829,42,60,47,46.615,59.545,49.465,053.385,7.501284153005464,020.748114754098353
1769587625.124524,67.51604127883911,42,60,48,46.555,59.555,49.435,053.445,7.511284153005462,020.778114754098354
1769587625.173459,67.56523418426514,42,60,48,46.49,59.565,49.405,053.51,7.52128415300546,020.808114754098355
1769587625.224909,67.61651134490967,42,60,48,46.425,59.58,49.37,053.575,7.536284153005461,020.84311475409836
1769587625.273528,67.66520237922668,42,59,48,46.36,59.59,49.335,053.64,7.546284153005466,020.878114754098355
1769587625.323422,67.71525025367737,42,59,48,46.295,59.6,49.3,053.705,7.556284153005464,020.91311475409836
1769587625.3727849,67.76450037956238,42,59,48,46.23,59.61,49.265,053.77,7.566284153005462,020.948114754098356
1769587625.424324,67.8159773349762,42,59,48,46.165,59.62,49.23,053.835,7.57628415300546,020.98311475409836
1769587625.474043,67.86577820777893,42,59,48,46.1,59.625,49.195,053.9,7.581284153005463,021.018114754098356
1769587625.523699,67.9154212474823,42,60,48,46.035,59.635,49.16,053.965,7.591284153005461,021.05311475409836
1769587625.573938,67.96555805206299,42,60,48,45.975,59.645,49.13,054.025,7.601284153005466,021.083114754098354
1769587625.626441,68.01771640777588,43,59,49,45.915,59.65,49.1,054.085,7.606284153005461,021.113114754098355
1769587625.691008,68.08270835876465,42,59,49,45.855,59.655,49.075,054.145,7.611284153005464,021.138114754098353
1769587625.7361479,68.12789416313171,42,59,48,45.795,59.66,49.045,054.205,7.616284153005459,021.168114754098355
1769587625.779391,68.17114925384521,42,59,48,45.735,59.67,49.01,054.265,7.626284153005464,021.203114754098358
1769587625.82639,68.21801519393921,42,59,48,45.675,59.68,48.98,054.325,7.636284153005462,021.23311475409836
1769587625.87295,68.26470923423767,42,59,48,45.615,59.685,48.95,054.385,7.641284153005465,021.263114754098353
1769587625.9241788,68.31589317321777,42,59,49,45.555,59.695,48.92,054.445,7.651284153005463,021.293114754098355
1769587625.9742389,68.36584424972534,42,59,49,45.495,59.7,48.895,054.505,7.6562841530054655,021.318114754098353
1769587626.022681,68.41446018218994,42,59,48,45.435,59.705,48.865,054.565,7.661284153005461,021.348114754098354
1769587626.074089,68.46584510803223,42,59,48,45.375,59.715,48.83,054.625,7.671284153005466,021.383114754098358
1769587626.125459,68.51704907417297,42,59,49,45.315,59.725,48.8,054.685,7.681284153005464,021.41311475409836
1769587626.172686,68.56435036659241,42,59,48,45.255,59.735,48.765,054.745,7.691284153005462,021.448114754098356
1769587626.223872,68.61567425727844,42,59,48,45.195,59.745,48.73,054.805,7.70128415300546,021.48311475409836
1769587626.274563,68.66613912582397,42,59,48,45.135,59.755,48.695,054.865,7.711284153005465,021.518114754098356
1769587626.32287,68.71468019485474,42,59,49,45.075,59.765,48.665,054.925,7.721284153005463,021.548114754098357
1769587626.3750432,68.76680016517639,42,59,49,45.02,59.77,48.64,054.98,7.726284153005466,021.573114754098356
1769587626.422682,68.81443619728088,42,59,49,44.965,59.775,48.62,055.035,7.731284153005461,021.59311475409836
1769587626.47387,68.86555910110474,42,59,49,44.91,59.78,48.595,055.09,7.736284153005464,021.618114754098357
1769587626.523419,68.91520833969116,42,59,49,44.855,59.785,48.57,055.145,7.741284153005459,021.643114754098356
1769587626.5740569,68.96584224700928,42,59,48,44.8,59.79,48.54,055.2,7.746284153005462,021.673114754098357
1769587626.623192,69.01484227180481,42,59,49,44.745,59.8,48.51,055.255,7.75628415300546,021.703114754098358
1769587626.6733701,69.06508731842041,42,59,49,44.69,59.81,48.48,055.31,7.766284153005465,021.73311475409836
1769587626.7241821,69.11570024490356,42,59,49,44.635,59.82,48.455,055.365,7.776284153005463,021.758114754098358
1769587626.77424,69.16588640213013,42,59,49,44.58,59.83,48.43,055.42,7.786284153005461,021.783114754098357
1769587626.8228621,69.21461510658264,42,59,49,44.53,59.835,48.405,055.47,7.7912841530054635,021.808114754098355
1769587626.873493,69.26515626907349,42,59,49,44.475,59.84,48.385,055.525,7.796284153005466,021.828114754098358
1769587626.9242501,69.3159191608429,42,59,49,44.42,59.845,48.36,055.58,7.8012841530054615,021.853114754098357
1769587626.981281,69.3730742931366,42,59,49,44.365,59.85,48.335,055.635,7.806284153005464,021.878114754098355
1769587627.026473,69.4180212020874,42,59,49,44.31,59.855,48.31,055.69,7.8112841530054595,021.903114754098354
1769587627.0735402,69.46531414985657,42,59,49,44.26,59.86,48.285,055.74,7.816284153005462,021.92811475409836
1769587627.12384,69.51559519767761,42,59,49,44.21,59.865,48.26,055.79,7.821284153005465,021.953114754098358
1769587627.173547,69.56526517868042,42,59,49,44.16,59.87,48.235,055.84,7.82628415300546,021.978114754098357
1769587627.224374,69.61604714393616,42,59,49,44.11,59.875,48.215,055.89,7.831284153005463,021.998114754098353
1769587627.2734451,69.66522121429443,42,59,49,44.06,59.88,48.19,055.94,7.836284153005465,022.02311475409836
1769587627.322751,69.71450710296631,42,59,48,44.01,59.885,48.16,055.99,7.841284153005461,022.05311475409836
1769587627.374285,69.76606321334839,42,59,48,43.96,59.89,48.135,056.04,7.846284153005463,022.078114754098358
1769587627.4238799,69.81559014320374,42,59,49,43.915,59.895,48.115,056.085,7.851284153005466,022.098114754098354
1769587627.473304,69.86503028869629,42,59,49,43.865,59.9,48.095,056.135,7.856284153005461,022.118114754098357
1769587627.523073,69.91475129127502,41,59,48,43.815,59.905,48.07,056.185,7.861284153005464,022.143114754098356
1769587627.572435,69.96425032615662,42,59,49,43.77,59.91,48.05,056.23,7.866284153005459,022.16311475409836
1769587627.625364,70.01685237884521,41,59,49,43.72,59.91,48.035,056.28,7.866284153005459,022.17811475409836
1769587627.67381,70.06552720069885,41,59,48,43.67,59.915,48.015,056.33,7.871284153005462,022.198114754098356
1769587627.724152,70.11574029922485,41,59,48,43.62,59.92,47.99,056.38,7.876284153005464,022.223114754098354
1769587627.7742121,70.1658182144165,41,59,48,43.57,59.925,47.965,056.43,7.88128415300546,022.248114754098353
1769587627.822516,70.21431136131287,41,59,48,43.52,59.93,47.945,056.48,7.886284153005462,022.268114754098356
1769587627.8739672,70.26547122001648,41,59,48,43.47,59.935,47.92,056.53,7.891284153005465,022.293114754098355
1769587627.9235032,70.31518411636353,41,59,48,43.425,59.935,47.9,056.575,7.891284153005465,022.313114754098358
1769587627.973705,70.36530828475952,41,59,48,43.38,59.935,47.885,056.62,7.891284153005465,022.328114754098358
1769587628.022835,70.41443610191345,41,59,48,43.335,59.935,47.865,056.665,7.891284153005465,022.348114754098354
1769587628.075518,70.4672040939331,41,59,48,43.29,59.935,47.85,056.71,7.891284153005465,022.363114754098355
1769587628.126383,70.51807022094727,41,59,48,43.245,59.935,47.835,056.755,7.891284153005465,022.378114754098355
1769587628.178881,70.57051229476929,41,59,48,43.2,59.935,47.82,056.8,7.891284153005465,022.393114754098356
1769587628.231393,70.62309122085571,41,59,48,43.155,59.935,47.805,056.845,7.891284153005465,022.408114754098357
1769587628.279713,70.67141723632812,41,59,48,43.11,59.935,47.79,056.89,7.891284153005465,022.423114754098357
1769587628.325054,70.71677899360657,41,59,48,43.07,59.935,47.775,056.93,7.891284153005465,022.438114754098358
1769587628.37379,70.76542019844055,41,60,47,43.03,59.94,47.755,056.97,7.89628415300546,022.458114754098354
1769587628.425055,70.81675028800964,41,60,47,42.99,59.945,47.735,057.01,7.901284153005463,022.478114754098357
1769587628.474545,70.8661880493164,41,59,47,42.95,59.945,47.715,057.05,7.901284153005463,022.498114754098353
1769587628.5233102,70.91512322425842,40,60,47,42.905,59.95,47.7,057.095,7.9062841530054655,022.513114754098353
1769587628.573857,70.96545219421387,40,60,47,42.86,59.955,47.685,057.14,7.911284153005461,022.528114754098354
1769587628.6229901,71.01458215713501,40,60,47,42.815,59.96,47.67,057.185,7.9162841530054635,022.543114754098355
1769587628.673175,71.06489706039429,40,60,47,42.775,59.96,47.655,057.225,7.9162841530054635,022.558114754098355
1769587628.724213,71.1159303188324,40,60,47,42.735,59.96,47.64,057.265,7.9162841530054635,022.573114754098356
1769587628.774304,71.16594219207764,40,60,47,42.695,59.96,47.625,057.305,7.9162841530054635,022.588114754098356
1769587628.823036,71.2146692276001,40,60,47,42.655,59.96,47.61,057.345,7.9162841530054635,022.603114754098357
1769587628.873774,71.26544737815857,40,60,46,42.615,59.96,47.595,057.385,7.9162841530054635,022.618114754098357
1769587628.923394,71.31517314910889,40,60,46,42.58,59.96,47.58,057.42,7.9162841530054635,022.633114754098358
1769587628.974656,71.36632442474365,40,60,47,42.54,59.96,47.57,057.46,7.9162841530054635,022.643114754098356
1769587629.022482,71.41428136825562,40,60,47,42.505,59.96,47.56,057.495,7.9162841530054635,022.653114754098354
1769587629.074216,71.46593713760376,40,60,47,42.47,59.96,47.55,057.53,7.9162841530054635,022.66311475409836
1769587629.123513,71.51514530181885,40,60,46,42.435,59.96,47.535,057.565,7.9162841530054635,022.67811475409836
1769587629.174368,71.56597828865051,40,60,46,42.4,59.96,47.52,057.6,7.9162841530054635,022.693114754098353
1769587629.224749,71.6165120601654,40,60,46,42.365,59.96,47.51,057.635,7.9162841530054635,022.703114754098358
1769587629.273728,71.6653962135315,40,60,46,42.335,59.96,47.5,057.665,7.9162841530054635,022.713114754098356
1769587629.3232949,71.71485805511475,39,60,46,42.295,59.96,47.485,057.705,7.9162841530054635,022.728114754098357
1769587629.373239,71.76492214202881,40,60,46,42.265,59.96,47.475,057.735,7.9162841530054635,022.738114754098355
1769587629.423378,71.8151261806488,40,60,46,42.235,59.955,47.465,057.765,7.911284153005461,022.748114754098353
1769587629.474388,71.8660900592804,39,60,46,42.2,59.955,47.455,057.8,7.911284153005461,022.758114754098358
1769587629.5237918,71.91547131538391,39,60,46,42.165,59.955,47.445,057.835,7.911284153005461,022.768114754098356
1769587629.57361,71.96532201766968,40,60,47,42.135,59.955,47.44,057.865,7.911284153005461,022.77311475409836
1769587629.624081,72.01579904556274,40,60,47,42.105,59.955,47.435,057.895,7.911284153005461,022.778114754098354
1769587629.6746,72.0662751197815,39,60,46,42.07,59.95,47.425,057.93,7.9062841530054655,022.78811475409836
1769587629.7229598,72.1146171092987,39,60,46,42.04,59.945,47.415,057.96,7.901284153005463,022.798114754098357
1769587629.775258,72.16673612594604,40,60,46,42.015,59.94,47.405,057.985,7.89628415300546,022.808114754098355
1769587629.840925,72.23255920410156,39,60,46,41.98,59.935,47.395,058.02,7.891284153005465,022.818114754098353
1769587629.882207,72.27396130561829,39,60,46,41.945,59.935,47.385,058.055,7.891284153005465,022.828114754098358
1769587629.927217,72.31888937950134,39,60,46,41.915,59.93,47.38,058.085,7.886284153005462,022.833114754098354
1769587629.973251,72.36502504348755,39,60,46,41.885,59.925,47.375,058.115,7.88128415300546,022.838114754098356
1769587630.022183,72.41394305229187,40,60,46,41.86,59.92,47.37,058.14,7.876284153005464,022.84311475409836
1769587630.075849,72.46728014945984,39,60,46,41.83,59.915,47.365,058.17,7.871284153005462,022.848114754098354
1769587630.123446,72.51514530181885,39,60,46,41.8,59.91,47.36,058.2,7.866284153005459,022.853114754098357
1769587630.1734421,72.56523418426514,39,60,46,41.775,59.905,47.355,058.225,7.861284153005464,022.85811475409836
1769587630.224323,72.61586713790894,39,60,46,41.745,59.9,47.35,058.255,7.856284153005461,022.863114754098355
1769587630.272293,72.66408514976501,39,60,47,41.715,59.895,47.35,058.285,7.851284153005466,022.863114754098355
1769587630.3257148,72.71708416938782,39,60,47,41.69,59.89,47.35,058.31,7.846284153005463,022.863114754098355
1769587630.372652,72.76435613632202,40,60,47,41.67,59.885,47.35,058.33,7.841284153005461,022.863114754098355
1769587630.423174,72.81494140625,40,60,47,41.65,59.88,47.35,058.35,7.836284153005465,022.863114754098355
1769587630.4740312,72.86568331718445,39,60,47,41.625,59.875,47.35,058.375,7.831284153005463,022.863114754098355
1769587630.525269,72.91694521903992,39,60,47,41.6,59.87,47.35,058.4,7.82628415300546,022.863114754098355
1769587630.574038,72.9656982421875,39,60,47,41.575,59.865,47.35,058.425,7.821284153005465,022.863114754098355
1769587630.624213,73.01583313941956,40,60,47,41.555,59.86,47.35,058.445,7.816284153005462,022.863114754098355
1769587630.673568,73.06526112556458,40,60,47,41.535,59.855,47.35,058.465,7.8112841530054595,022.863114754098355
1769587630.72425,73.11587619781494,39,60,47,41.51,59.85,47.355,058.49,7.806284153005464,022.85811475409836
1769587630.772966,73.16472506523132,39,60,47,41.485,59.845,47.36,058.515,7.8012841530054615,022.853114754098357
1769587630.824984,73.21670126914978,39,60,47,41.46,59.84,47.365,058.54,7.796284153005466,022.848114754098354
1769587630.872344,73.26409220695496,39,60,47,41.44,59.835,47.37,058.56,7.7912841530054635,022.84311475409836
1769587630.922945,73.31447625160217,40,59,48,41.425,59.825,47.38,058.575,7.7812841530054655,022.833114754098354
1769587630.973803,73.36549615859985,40,59,47,41.41,59.815,47.385,058.59,7.77128415300546,022.828114754098358
1769587631.02478,73.41649103164673,39,59,47,41.39,59.805,47.39,058.61,7.761284153005462,022.823114754098356
1769587631.073726,73.46526217460632,39,59,47,41.37,59.795,47.395,058.63,7.751284153005464,022.818114754098353
1769587631.1233652,73.51514530181885,39,59,47,41.35,59.785,47.4,058.65,7.741284153005459,022.813114754098358
1769587631.174521,73.56612825393677,39,59,47,41.33,59.775,47.405,058.67,7.731284153005461,022.808114754098355
1769587631.2246861,73.61638522148132,39,59,47,41.31,59.765,47.41,058.69,7.721284153005463,022.80311475409836
1769587631.276299,73.66799116134644,40,59,47,41.295,59.755,47.415,058.705,7.711284153005465,022.798114754098357
1769587631.329928,73.72158217430115,39,60,47,41.275,59.75,47.415,058.725,7.706284153005463,022.798114754098357
1769587631.3799198,73.77145910263062,39,60,46,41.255,59.745,47.415,058.745,7.70128415300546,022.798114754098357
1769587631.425188,73.81690526008606,39,59,47,41.235,59.735,47.42,058.765,7.691284153005462,022.793114754098355
1769587631.474732,73.86642718315125,39,59,47,41.215,59.725,47.42,058.785,7.681284153005464,022.793114754098355
1769587631.5233521,73.91508507728577,39,60,47,41.195,59.72,47.42,058.805,7.6762841530054615,022.793114754098355
1769587631.573872,73.96540117263794,39,60,47,41.175,59.715,47.42,058.825,7.671284153005466,022.793114754098355
1769587631.623026,74.0148012638092,39,60,47,41.155,59.71,47.42,058.845,7.6662841530054635,022.793114754098355
1769587631.672999,74.06476640701294,39,59,47,41.135,59.7,47.425,058.865,7.6562841530054655,022.78811475409836
1769587631.7250402,74.11648416519165,39,60,47,41.115,59.695,47.425,058.885,7.651284153005463,022.78811475409836
1769587631.780926,74.17271518707275,40,59,48,41.1,59.685,47.43,058.9,7.641284153005465,022.783114754098357
1769587631.824227,74.21581625938416,40,59,47,41.085,59.675,47.435,058.915,7.63128415300546,022.778114754098354
1769587631.87359,74.26528429985046,39,60,46,41.07,59.67,47.435,058.93,7.626284153005464,022.778114754098354
1769587631.923525,74.31531023979187,39,60,46,41.05,59.665,47.43,058.95,7.621284153005462,022.783114754098357
1769587631.974002,74.36565709114075,39,60,46,41.03,59.66,47.425,058.97,7.616284153005459,022.78811475409836
1769587632.0232902,74.41485905647278,39,60,46,41.015,59.655,47.425,058.985,7.611284153005464,022.78811475409836
1769587632.072892,74.46463942527771,38,60,46,40.995,59.65,47.42,059.005,7.606284153005461,022.793114754098355
1769587632.123751,74.51545333862305,38,60,46,40.97,59.65,47.415,059.03,7.606284153005461,022.798114754098357
1769587632.173857,74.56555318832397,39,60,46,40.955,59.645,47.415,059.045,7.601284153005466,022.798114754098357
1769587632.22348,74.61521220207214,38,60,46,40.935,59.64,47.41,059.065,7.596284153005463,022.80311475409836
1769587632.2733388,74.6650972366333,38,60,46,40.91,59.64,47.405,059.09,7.596284153005463,022.808114754098355
1769587632.3229592,74.7146852016449,38,60,46,40.89,59.635,47.4,059.11,7.591284153005461,022.813114754098358
1769587632.373615,74.76533126831055,38,60,46,40.87,59.63,47.395,059.13,7.586284153005465,022.818114754098353
1769587632.422512,74.8143081665039,38,60,46,40.845,59.63,47.39,059.155,7.586284153005465,022.823114754098356
1769587632.4739158,74.86558628082275,38,60,46,40.825,59.63,47.385,059.175,7.586284153005465,022.828114754098358
1769587632.523637,74.91525316238403,38,60,46,40.805,59.625,47.38,059.195,7.581284153005463,022.833114754098354
1769587632.573165,74.96487712860107,39,59,47,40.79,59.62,47.38,059.21,7.57628415300546,022.833114754098354
1769587632.623014,75.01481819152832,39,60,47,40.775,59.62,47.38,059.225,7.57628415300546,022.833114754098354
1769587632.672781,75.06445527076721,39,60,46,40.76,59.62,47.375,059.24,7.57628415300546,022.838114754098356
1769587632.723349,75.11510920524597,39,59,47,40.745,59.615,47.375,059.255,7.571284153005465,022.838114754098356
1769587632.773831,75.16542220115662,39,60,47,40.73,59.615,47.375,059.27,7.571284153005465,022.838114754098356
1769587632.824009,75.21565914154053,39,60,46,40.715,59.615,47.37,059.285,7.571284153005465,022.84311475409836
1769587632.87271,75.26455521583557,39,59,47,40.7,59.61,47.37,059.3,7.566284153005462,022.84311475409836
1769587632.923868,75.31520533561707,39,59,47,40.685,59.605,47.37,059.315,7.5612841530054595,022.84311475409836
1769587632.9731321,75.36480212211609,39,59,47,40.67,59.595,47.37,059.33,7.5512841530054615,022.84311475409836
1769587633.026102,75.41780519485474,39,59,47,40.655,59.585,47.375,059.345,7.5412841530054635,022.838114754098356
1769587633.077447,75.46902918815613,39,59,47,40.64,59.575,47.375,059.36,7.5312841530054655,022.838114754098356
1769587633.124226,75.51597619056702,39,59,47,40.625,59.57,47.375,059.375,7.526284153005463,022.838114754098356
1769587633.173409,75.56506609916687,39,59,47,40.61,59.565,47.375,059.39,7.52128415300546,022.838114754098356
1769587633.223168,75.61494302749634,39,59,47,40.595,59.56,47.375,059.405,7.516284153005465,022.838114754098356
1769587633.274472,75.66595101356506,39,59,47,40.58,59.555,47.375,059.42,7.511284153005462,022.838114754098356
1769587633.3223,75.71411514282227,39,59,48,40.565,59.55,47.38,059.435,7.50628415300546,022.833114754098354
1769587633.373892,75.76560306549072,40,59,48,40.555,59.545,47.38,059.445,7.501284153005464,022.833114754098354
1769587633.421644,75.81347107887268,39,59,48,40.54,59.54,47.385,059.46,7.496284153005462,022.828114754098358
1769587633.472451,75.86416530609131,39,59,48,40.525,59.535,47.39,059.475,7.491284153005459,022.823114754098356
1769587633.523746,75.91541123390198,39,59,48,40.51,59.53,47.395,059.49,7.486284153005464,022.818114754098353
1769587633.573626,75.96534299850464,40,59,48,40.5,59.525,47.395,059.5,7.481284153005461,022.818114754098353
1769587633.622724,76.01449227333069,40,58,49,40.49,59.515,47.4,059.51,7.471284153005463,022.813114754098358
1769587633.673723,76.06534242630005,40,59,48,40.48,59.51,47.405,059.52,7.466284153005461,022.808114754098355
1769587633.723259,76.11503720283508,39,59,48,40.465,59.505,47.41,059.535,7.461284153005465,022.80311475409836
1769587633.7737029,76.16529822349548,40,59,48,40.455,59.5,47.415,059.545,7.456284153005463,022.798114754098357
1769587633.8231292,76.21484804153442,40,58,49,40.445,59.49,47.425,059.555,7.446284153005465,022.78811475409836
1769587633.8722801,76.26407623291016,40,58,49,40.435,59.48,47.435,059.565,7.4362841530054595,022.778114754098354
1769587633.922936,76.314688205719,40,58,49,40.425,59.47,47.445,059.575,7.4262841530054615,022.768114754098356
1769587633.972621,76.36438131332397,40,58,49,40.415,59.46,47.455,059.585,7.4162841530054635,022.758114754098358
1769587634.024496,76.4161422252655,40,58,49,40.405,59.45,47.46,059.595,7.4062841530054655,022.753114754098355
1769587634.073312,76.4650821685791,40,58,49,40.395,59.44,47.465,059.605,7.39628415300546,022.748114754098353
1769587634.123382,76.5150351524353,40,58,49,40.385,59.43,47.47,059.615,7.386284153005462,022.743114754098357
1769587634.173617,76.56517624855042,40,58,49,40.375,59.42,47.48,059.625,7.376284153005464,022.73311475409836
1769587634.223265,76.61504411697388,40,58,49,40.365,59.41,47.49,059.635,7.366284153005459,022.723114754098354
1769587634.272883,76.664635181427,40,58,49,40.355,59.4,47.495,059.645,7.356284153005461,022.71811475409836
1769587634.325176,76.71662330627441,40,58,49,40.345,59.39,47.505,059.655,7.346284153005463,022.708114754098354
1769587634.38165,76.7734022140503,40,58,49,40.335,59.38,47.51,059.665,7.336284153005465,022.703114754098358
1769587634.425743,76.81755232810974,40,58,49,40.325,59.37,47.515,059.675,7.32628415300546,022.698114754098356
1769587634.474365,76.86607909202576,40,58,49,40.315,59.36,47.525,059.685,7.316284153005462,022.688114754098358
1769587634.538949,76.92985606193542,40,58,49,40.305,59.35,47.53,059.695,7.306284153005464,022.683114754098355
1769587634.607402,76.9990382194519,40,58,49,40.295,59.34,47.535,059.705,7.296284153005466,022.67811475409836
1769587634.652071,77.04385423660278,40,58,49,40.285,59.33,47.54,059.715,7.286284153005461,022.673114754098357
1769587634.698941,77.09062027931213,40,58,49,40.275,59.32,47.545,059.725,7.276284153005463,022.668114754098355
1769587634.748152,77.13979315757751,40,58,50,40.265,59.315,47.555,059.735,7.27128415300546,022.658114754098357
1769587634.79408,77.1857841014862,40,58,49,40.255,59.31,47.56,059.745,7.266284153005465,022.653114754098354
1769587634.838021,77.22978520393372,40,58,50,40.245,59.305,47.57,059.755,7.261284153005462,022.643114754098356
1769587634.882866,77.27450609207153,40,58,50,40.235,59.3,47.575,059.765,7.25628415300546,022.638114754098353
1769587634.9299579,77.32160925865173,40,58,49,40.225,59.29,47.585,059.775,7.246284153005462,022.628114754098355
1769587634.978923,77.37056612968445,40,58,50,40.215,59.28,47.595,059.785,7.236284153005464,022.618114754098357
1769587635.02493,77.41663312911987,40,58,49,40.205,59.27,47.6,059.795,7.226284153005466,022.613114754098355
1769587635.073109,77.46488809585571,40,58,49,40.195,59.26,47.61,059.805,7.216284153005461,022.603114754098357
1769587635.1229482,77.5147430896759,40,58,49,40.185,59.25,47.615,059.815,7.206284153005463,022.598114754098354
1769587635.174098,77.56577205657959,40,58,50,40.175,59.24,47.625,059.825,7.196284153005465,022.588114754098356
1769587635.223105,77.61490631103516,40,58,50,40.165,59.23,47.635,059.835,7.1862841530054595,022.578114754098358
1769587635.2726662,77.66443800926208,40,58,50,40.155,59.225,47.645,059.845,7.181284153005464,022.568114754098353
1769587635.32539,77.716548204422,40,58,50,40.145,59.22,47.655,059.855,7.1762841530054615,022.558114754098355
1769587635.386229,77.77794218063354,40,58,50,40.135,59.215,47.665,059.865,7.171284153005466,022.548114754098357
1769587635.430259,77.82202315330505,40,58,50,40.125,59.21,47.675,059.875,7.1662841530054635,022.53811475409836
1769587635.478355,77.86979722976685,40,58,50,40.115,59.205,47.685,059.885,7.161284153005461,022.528114754098354
1769587635.526125,77.91783404350281,40,58,50,40.105,59.195,47.695,059.895,7.151284153005463,022.518114754098356
1769587635.572215,77.9639413356781,40,58,50,40.095,59.185,47.705,059.905,7.141284153005465,022.508114754098358
1769587635.622584,78.01434421539307,39,58,49,40.075,59.18,47.705,059.925,7.136284153005462,022.508114754098358
1769587635.673732,78.06524634361267,39,58,50,40.06,59.175,47.71,059.94,7.13128415300546,022.503114754098355
1769587635.7228658,78.11466336250305,40,58,50,40.05,59.17,47.72,059.95,7.126284153005464,022.493114754098357
1769587635.772747,78.16443228721619,40,57,50,40.04,59.16,47.73,059.96,7.116284153005459,022.48311475409836
1769587635.8253372,78.21650099754333,40,58,50,40.03,59.155,47.74,059.97,7.111284153005464,022.473114754098354
1769587635.8832278,78.2750551700592,40,58,50,40.02,59.15,47.75,059.98,7.106284153005461,022.463114754098356
1769587635.929493,78.32114934921265,40,57,50,40.01,59.14,47.755,059.99,7.096284153005463,022.458114754098354
1769587635.976351,78.36804914474487,40,57,50,40.0,59.13,47.76,060.0,7.086284153005465,022.453114754098358
1769587636.0233011,78.41502737998962,40,57,50,39.99,59.12,47.77,060.01,7.07628415300546,022.443114754098353
1769587636.0729449,78.46470403671265,40,57,50,39.98,59.11,47.78,060.02,7.066284153005462,022.433114754098355
1769587636.122278,78.514089345932,40,57,50,39.97,59.1,47.785,060.03,7.056284153005464,022.42811475409836
1769587636.174449,78.56598234176636,40,58,50,39.96,59.095,47.795,060.04,7.0512841530054615,022.418114754098355
1769587636.223914,78.61556625366211,40,58,50,39.95,59.09,47.805,060.05,7.046284153005466,022.408114754098357
1769587636.27307,78.66464519500732,39,57,50,39.935,59.08,47.815,060.065,7.036284153005461,022.39811475409836
1769587636.3236501,78.71529221534729,40,57,50,39.925,59.07,47.82,060.075,7.026284153005463,022.393114754098356
1769587636.372805,78.76460123062134,40,57,50,39.915,59.06,47.825,060.085,7.016284153005465,022.388114754098353
1769587636.423973,78.81574606895447,40,57,50,39.905,59.05,47.83,060.095,7.00628415300546,022.383114754098358
1769587636.471862,78.86360812187195,39,57,50,39.89,59.04,47.835,060.11,6.996284153005462,022.378114754098355
1769587636.523844,78.91561222076416,39,57,50,39.875,59.03,47.84,060.125,6.986284153005464,022.373114754098353
1769587636.573483,78.96519613265991,39,57,50,39.86,59.02,47.85,060.14,6.976284153005466,022.363114754098355
1769587636.6226509,79.01444125175476,40,57,50,39.85,59.01,47.855,060.15,6.966284153005461,022.35811475409836
1769587636.6740181,79.0657331943512,39,57,50,39.835,59.0,47.86,060.165,6.956284153005463,022.353114754098357
1769587636.72301,79.11472010612488,39,57,50,39.82,58.99,47.865,060.18,6.946284153005465,022.348114754098354
1769587636.7735229,79.16528415679932,39,57,50,39.805,58.98,47.87,060.195,6.9362841530054595,022.34311475409836
1769587636.823872,79.21552014350891,39,57,50,39.79,58.97,47.875,060.21,6.9262841530054615,022.338114754098356
1769587636.872117,79.26390409469604,40,58,50,39.78,58.965,47.88,060.22,6.921284153005466,022.333114754098354
1769587636.92484,79.3165283203125,39,58,50,39.765,58.96,47.885,060.235,6.9162841530054635,022.328114754098358
1769587636.972374,79.36410427093506,39,58,50,39.75,58.955,47.89,060.25,6.911284153005461,022.323114754098356
1769587637.0225542,79.41403818130493,40,57,50,39.74,58.945,47.895,060.26,6.901284153005463,022.318114754098353
1769587637.072503,79.46425318717957,39,57,50,39.725,58.935,47.9,060.275,6.891284153005465,022.313114754098358
1769587637.122591,79.51435708999634,39,58,50,39.71,58.93,47.905,060.29,6.886284153005462,022.308114754098355
1769587637.173074,79.56481719017029,39,58,50,39.695,58.925,47.91,060.305,6.88128415300546,022.30311475409836
1769587637.2228281,79.61459732055664,39,58,50,39.68,58.92,47.915,060.32,6.876284153005464,022.298114754098357
1769587637.273746,79.66532731056213,39,58,50,39.665,58.915,47.92,060.335,6.871284153005462,022.293114754098355
1769587637.3228512,79.71463513374329,39,58,50,39.65,58.91,47.93,060.35,6.866284153005459,022.283114754098357
1769587637.373714,79.76538228988647,39,58,50,39.635,58.905,47.94,060.365,6.861284153005464,022.27311475409836
1769587637.422336,79.81393837928772,39,57,50,39.62,58.895,47.945,060.38,6.851284153005466,022.268114754098356
1769587637.4730082,79.86466026306152,39,58,50,39.605,58.89,47.95,060.395,6.846284153005463,022.263114754098353
1769587637.523147,79.91465425491333,39,57,50,39.595,58.88,47.96,060.405,6.836284153005465,022.253114754098355
1769587637.572837,79.96448516845703,39,58,50,39.58,58.875,47.965,060.42,6.831284153005463,022.248114754098353
1769587637.6221461,80.01388216018677,39,58,49,39.57,58.87,47.965,060.43,6.82628415300546,022.248114754098353
1769587637.673245,80.06478214263916,39,58,50,39.56,58.865,47.975,060.44,6.821284153005465,022.238114754098355
1769587637.722059,80.11380219459534,39,58,50,39.55,58.86,47.985,060.45,6.816284153005462,022.228114754098357
1769587637.7735438,80.16530728340149,39,58,49,39.54,58.855,47.99,060.46,6.8112841530054595,022.223114754098354
1769587637.823195,80.2149121761322,39,58,49,39.53,58.85,47.995,060.47,6.806284153005464,022.21811475409836
1769587637.871918,80.26367521286011,39,57,50,39.52,58.84,48.005,060.48,6.796284153005466,022.208114754098354
1769587637.922576,80.31408309936523,39,57,50,39.51,58.83,48.015,060.49,6.786284153005461,022.198114754098356
1769587637.972009,80.36369919776917,39,58,49,39.5,58.825,48.02,060.5,6.7812841530054655,022.193114754098353
1769587638.022569,80.41412019729614,39,58,49,39.49,58.82,48.025,060.51,6.776284153005463,022.188114754098358
1769587638.073705,80.4653651714325,39,58,49,39.48,58.815,48.03,060.52,6.77128415300546,022.183114754098355
1769587638.1229272,80.51472306251526,39,58,49,39.47,58.81,48.035,060.53,6.766284153005465,022.17811475409836
1769587638.173871,80.56556010246277,39,58,49,39.46,58.805,48.04,060.54,6.761284153005462,022.173114754098357
1769587638.2227762,80.6145601272583,39,58,50,39.45,58.8,48.05,060.55,6.75628415300546,022.16311475409836
1769587638.273064,80.66468143463135,38,58,49,39.435,58.795,48.055,060.565,6.751284153005464,022.158114754098357
1769587638.322562,80.71435117721558,39,58,49,39.425,58.79,48.06,060.575,6.746284153005462,022.153114754098354
1769587638.372978,80.76476216316223,39,58,49,39.415,58.78,48.07,060.585,6.736284153005464,022.143114754098356
1769587638.423789,80.81548023223877,39,58,49,39.405,58.77,48.08,060.595,6.726284153005466,022.133114754098358
1769587638.471951,80.86371421813965,39,58,49,39.395,58.765,48.09,060.605,6.721284153005463,022.123114754098353
1769587638.523103,80.91484522819519,39,58,49,39.39,58.755,48.1,060.61,6.711284153005465,022.113114754098355
1769587638.572751,80.96448826789856,39,58,49,39.385,58.745,48.11,060.615,6.70128415300546,022.103114754098357
1769587638.622118,81.0139172077179,39,57,50,39.38,58.73,48.125,060.62,6.6862841530054595,022.088114754098356
1769587638.6727412,81.0645203590393,38,58,49,39.37,58.72,48.135,060.63,6.6762841530054615,022.078114754098358
1769587638.721952,81.11372327804565,38,58,49,39.36,58.71,48.145,060.64,6.6662841530054635,022.068114754098353
1769587638.772502,81.16413116455078,38,58,49,39.35,58.7,48.155,060.65,6.6562841530054655,022.058114754098355
1769587638.822798,81.21447610855103,38,58,49,39.34,58.69,48.165,060.66,6.64628415300546,022.048114754098357
1769587638.8717701,81.26356816291809,39,58,49,39.335,58.68,48.18,060.665,6.636284153005462,022.033114754098357
1769587638.9234629,81.31502413749695,39,58,50,39.33,58.67,48.2,060.67,6.626284153005464,022.013114754098353
1769587638.973181,81.36491012573242,39,57,50,39.325,58.655,48.215,060.675,6.611284153005464,021.998114754098353
1769587639.023042,81.41469526290894,39,57,50,39.32,58.64,48.23,060.68,6.596284153005463,021.98311475409836
1769587639.077051,81.46868920326233,39,58,50,39.315,58.63,48.245,060.685,6.586284153005465,021.96811475409836
1769587639.1263292,81.51807999610901,39,58,50,39.31,58.62,48.265,060.69,6.57628415300546,021.948114754098356
1769587639.174495,81.56618809700012,39,58,49,39.305,58.61,48.28,060.695,6.566284153005462,021.933114754098355
1769587639.229739,81.62140798568726,39,58,49,39.3,58.6,48.295,060.7,6.556284153005464,021.918114754098355
1769587639.278135,81.66984915733337,39,58,50,39.295,58.59,48.315,060.705,6.546284153005466,021.89811475409836
1769587639.323065,81.71484231948853,39,57,50,39.295,58.575,48.335,060.705,6.5312841530054655,021.878114754098355
1769587639.372588,81.76428627967834,39,57,50,39.29,58.56,48.355,060.71,6.516284153005465,021.85811475409836
1769587639.426275,81.8179702758789,39,57,50,39.285,58.545,48.375,060.715,6.501284153005464,021.838114754098356
1769587639.4741209,81.8657374382019,39,57,50,39.285,58.53,48.395,060.715,6.486284153005464,021.818114754098353
1769587639.5228648,81.91461730003357,39,57,50,39.285,58.515,48.415,060.715,6.471284153005463,021.798114754098357
1769587639.5731761,81.96496725082397,39,57,50,39.28,58.5,48.43,060.72,6.456284153005463,021.783114754098357
1769587639.621793,82.0135452747345,39,58,50,39.275,58.49,48.445,060.725,6.446284153005465,021.768114754098356
1769587639.672411,82.06398916244507,39,57,50,39.275,58.475,48.465,060.725,6.431284153005464,021.748114754098353
1769587639.722077,82.11384606361389,39,57,50,39.275,58.46,48.485,060.725,6.4162841530054635,021.728114754098357
1769587639.7723782,82.16405415534973,39,57,50,39.27,58.445,48.505,060.73,6.401284153005463,021.708114754098354
1769587639.823589,82.21536111831665,39,57,50,39.27,58.43,48.525,060.73,6.386284153005462,021.688114754098358
1769587639.871574,82.26335835456848,39,57,50,39.27,58.415,48.545,060.73,6.371284153005462,021.668114754098355
1769587639.9233348,82.31487512588501,39,57,50,39.27,58.4,48.565,060.73,6.356284153005461,021.64811475409836
1769587639.974099,82.36559915542603,39,57,50,39.27,58.385,48.585,060.73,6.341284153005461,021.628114754098355
1769587640.023229,82.41495013237,39,57,50,39.265,58.37,48.605,060.735,6.32628415300546,021.60811475409836
1769587640.072979,82.46471405029297,39,57,50,39.265,58.355,48.625,060.735,6.3112841530054595,021.588114754098356
1769587640.122165,82.51397132873535,39,57,50,39.265,58.34,48.645,060.735,6.296284153005466,021.568114754098353
1769587640.172259,82.56401324272156,39,57,51,39.265,58.325,48.67,060.735,6.2812841530054655,021.543114754098355
1769587640.2236302,82.61519527435303,39,57,51,39.265,58.31,48.695,060.735,6.266284153005465,021.518114754098356
1769587640.2716439,82.66341233253479,39,57,51,39.265,58.295,48.715,060.735,6.251284153005464,021.498114754098353
1769587640.323124,82.71483325958252,39,57,50,39.265,58.28,48.73,060.735,6.236284153005464,021.48311475409836
1769587640.372671,82.76444816589355,39,57,50,39.26,58.265,48.745,060.74,6.221284153005463,021.46811475409836
1769587640.423145,82.81491136550903,38,57,50,39.25,58.25,48.76,060.75,6.206284153005463,021.453114754098358
1769587640.472718,82.86438608169556,38,57,50,39.245,58.235,48.775,060.755,6.191284153005462,021.438114754098358
1769587640.5231419,82.91475820541382,39,57,50,39.245,58.22,48.79,060.755,6.1762841530054615,021.423114754098357
1769587640.5733278,82.96479821205139,39,57,51,39.245,58.205,48.81,060.755,6.161284153005461,021.403114754098354
1769587640.622154,83.0139262676239,39,57,50,39.24,58.19,48.825,060.76,6.14628415300546,021.388114754098353
1769587640.672549,83.0641930103302,39,57,50,39.235,58.175,48.84,060.765,6.13128415300546,021.373114754098353
1769587640.722978,83.11472415924072,39,57,50,39.235,58.16,48.855,060.765,6.116284153005459,021.35811475409836
1769587640.7745879,83.16624736785889,39,57,50,39.235,58.145,48.87,060.765,6.101284153005466,021.34311475409836
1769587640.830776,83.22236227989197,39,57,51,39.235,58.13,48.89,060.765,6.086284153005465,021.323114754098356
1769587640.8847501,83.27641534805298,39,57,51,39.235,58.115,48.91,060.765,6.071284153005465,021.30311475409836
1769587640.937433,83.32915306091309,39,57,50,39.23,58.105,48.92,060.77,6.0612841530054595,021.293114754098355
1769587640.987039,83.37870907783508,38,58,49,39.22,58.1,48.93,060.78,6.056284153005464,021.283114754098357
1769587641.034306,83.42606115341187,39,57,50,39.22,58.09,48.945,060.78,6.046284153005466,021.268114754098356
1769587641.082016,83.4737663269043,39,57,51,39.22,58.08,48.965,060.78,6.036284153005461,021.248114754098353
1769587641.130091,83.52187323570251,39,57,50,39.22,58.07,48.98,060.78,6.026284153005463,021.23311475409836
1769587641.175223,83.56692814826965,38,57,50,39.215,58.06,48.995,060.785,6.016284153005465,021.21811475409836
1769587641.222481,83.61427426338196,39,57,50,39.215,58.05,49.01,060.785,6.00628415300546,021.203114754098358
1769587641.273062,83.66477227210999,39,57,50,39.21,58.04,49.025,060.79,5.996284153005462,021.188114754098358
1769587641.322421,83.71419024467468,39,57,50,39.21,58.025,49.04,060.79,5.981284153005461,021.173114754098357
1769587641.373576,83.76523804664612,39,57,50,39.21,58.01,49.06,060.79,5.966284153005461,021.153114754098354
1769587641.421682,83.81341910362244,39,57,50,39.21,58.0,49.075,060.79,5.956284153005463,021.138114754098353
1769587641.473557,83.86521601676941,38,58,49,39.205,57.995,49.085,060.795,5.95128415300546,021.128114754098355
1769587641.522471,83.91426205635071,38,58,49,39.2,57.985,49.095,060.8,5.941284153005462,021.118114754098357
1769587641.573457,83.96514415740967,38,58,49,39.195,57.975,49.105,060.805,5.931284153005464,021.10811475409836
1769587641.6217039,84.01344513893127,38,58,49,39.19,57.965,49.115,060.81,5.921284153005466,021.098114754098354
1769587641.672083,84.06385827064514,38,58,49,39.185,57.96,49.125,060.815,5.9162841530054635,021.088114754098356
1769587641.7227929,84.11452627182007,38,58,49,39.18,57.95,49.135,060.82,5.9062841530054655,021.078114754098358
1769587641.771976,84.1637282371521,38,58,49,39.17,57.945,49.14,060.83,5.901284153005463,021.073114754098356
1769587641.822749,84.21450424194336,38,58,49,39.16,57.94,49.15,060.84,5.89628415300546,021.063114754098358
1769587641.873178,84.2649621963501,38,58,49,39.155,57.93,49.165,060.845,5.886284153005462,021.048114754098357
1769587641.923052,84.31479501724243,38,58,49,39.15,57.92,49.18,060.85,5.876284153005464,021.033114754098357
1769587641.972617,84.36434721946716,38,58,49,39.145,57.91,49.195,060.855,5.866284153005459,021.018114754098356
1769587642.02312,84.4148690700531,38,58,49,39.14,57.9,49.21,060.86,5.856284153005461,021.003114754098355
1769587642.072618,84.46429014205933,38,58,49,39.14,57.89,49.225,060.86,5.846284153005463,020.988114754098355
1769587642.122881,84.51460933685303,38,57,49,39.14,57.875,49.24,060.86,5.831284153005463,020.973114754098354
1769587642.1737,84.56537532806396,38,58,49,39.135,57.865,49.255,060.865,5.821284153005465,020.958114754098354
1769587642.226169,84.61781120300293,38,58,49,39.135,57.855,49.27,060.865,5.8112841530054595,020.943114754098353
1769587642.2756531,84.66733908653259,38,58,49,39.135,57.845,49.285,060.865,5.8012841530054615,020.92811475409836
1769587642.331882,84.72341132164001,38,58,49,39.135,57.835,49.3,060.865,5.7912841530054635,020.91311475409836
1769587642.382567,84.77428936958313,38,58,49,39.135,57.825,49.315,060.865,5.7812841530054655,020.89811475409836
1769587642.436817,84.82836318016052,38,58,48,39.135,57.815,49.325,060.865,5.77128415300546,020.888114754098353
1769587642.486638,84.87836909294128,38,58,48,39.135,57.805,49.335,060.865,5.761284153005462,020.878114754098355
1769587642.536831,84.92854404449463,38,58,48,39.135,57.795,49.345,060.865,5.751284153005464,020.868114754098357
1769587642.5873852,84.97907137870789,38,58,49,39.13,57.79,49.355,060.87,5.746284153005462,020.85811475409836
1769587642.643811,85.03550910949707,38,58,49,39.125,57.78,49.365,060.875,5.736284153005464,020.848114754098354
1769587642.695776,85.08748531341553,38,58,49,39.12,57.77,49.38,060.88,5.726284153005466,020.833114754098354
1769587642.745842,85.13754224777222,38,58,48,39.115,57.765,49.385,060.885,5.721284153005463,020.828114754098358
1769587642.79284,85.18455719947815,38,58,48,39.11,57.755,49.39,060.89,5.711284153005465,020.823114754098356
1769587642.844504,85.23613429069519,37,58,48,39.1,57.745,49.4,060.9,5.70128415300546,020.813114754098358
1769587642.906434,85.29802131652832,38,58,48,39.095,57.74,49.405,060.905,5.696284153005465,020.808114754098355
1769587642.964617,85.35627698898315,38,58,49,39.09,57.735,49.415,060.91,5.691284153005462,020.798114754098357
1769587643.017198,85.40891432762146,38,58,48,39.085,57.73,49.42,060.915,5.6862841530054595,020.793114754098355
1769587643.0215302,85.41336512565613,38,58,49,39.08,57.725,49.43,060.92,5.681284153005464,020.783114754098357
1769587643.0732338,85.46489429473877,38,58,49,39.075,57.72,49.44,060.925,5.6762841530054615,020.77311475409836
1769587643.122891,85.51458930969238,38,58,48,39.07,57.715,49.445,060.93,5.671284153005466,020.768114754098356
1769587643.1739929,85.56560325622559,38,58,48,39.065,57.71,49.45,060.935,5.6662841530054635,020.763114754098353
1769587643.228769,85.62046003341675,38,58,49,39.06,57.705,49.46,060.94,5.661284153005461,020.753114754098355
1769587643.284756,85.6764280796051,38,58,48,39.055,57.7,49.465,060.945,5.6562841530054655,020.748114754098353
1769587643.335584,85.7270781993866,38,58,48,39.05,57.695,49.465,060.95,5.651284153005463,020.748114754098353
1769587643.384377,85.77608919143677,38,58,49,39.04,57.69,49.47,060.96,5.64628415300546,020.743114754098357
1769587643.4324758,85.82418727874756,38,58,49,39.035,57.685,49.475,060.965,5.641284153005465,020.738114754098355
1769587643.480983,85.87268137931824,38,58,48,39.03,57.68,49.475,060.97,5.636284153005462,020.738114754098355
1769587643.5333078,85.92499041557312,38,58,48,39.025,57.675,49.475,060.975,5.63128415300546,020.738114754098355
1769587643.586855,85.97859025001526,38,58,48,39.015,57.67,49.475,060.985,5.626284153005464,020.738114754098355
1769587643.636131,86.0278673171997,38,58,48,39.005,57.67,49.47,060.995,5.626284153005464,020.743114754098357
1769587643.6853042,86.07702827453613,38,58,48,38.995,57.665,49.47,061.005,5.621284153005462,020.743114754098357
1769587643.732055,86.12377333641052,38,58,48,38.99,57.66,49.47,061.01,5.616284153005459,020.743114754098357
1769587643.7802439,86.17199897766113,38,58,48,38.98,57.655,49.47,061.02,5.611284153005464,020.743114754098357
1769587643.828026,86.21969509124756,38,58,48,38.97,57.655,49.465,061.03,5.611284153005464,020.748114754098353
1769587643.877782,86.26947522163391,38,58,49,38.96,57.655,49.465,061.04,5.611284153005464,020.748114754098353
1769587643.9275148,86.31924819946289,38,58,49,38.95,57.655,49.465,061.05,5.611284153005464,020.748114754098353
1769587643.9815402,86.37301516532898,38,58,49,38.94,57.655,49.465,061.06,5.611284153005464,020.748114754098353
1769587644.0483682,86.44010710716248,38,58,49,38.93,57.655,49.465,061.07,5.611284153005464,020.748114754098353
1769587644.09067,86.48244214057922,38,58,48,38.92,57.655,49.46,061.08,5.611284153005464,020.753114754098355
1769587644.13828,86.52998328208923,38,58,48,38.91,57.655,49.455,061.09,5.611284153005464,020.758114754098358
1769587644.1858969,86.57763624191284,38,58,48,38.9,57.655,49.45,061.1,5.611284153005464,020.763114754098353
1769587644.234598,86.62628936767578,38,58,48,38.89,57.655,49.445,061.11,5.611284153005464,020.768114754098356
1769587644.283082,86.67474317550659,38,58,48,38.88,57.655,49.44,061.12,5.611284153005464,020.77311475409836
1769587644.332083,86.72379112243652,38,58,48,38.87,57.655,49.435,061.13,5.611284153005464,020.778114754098354
1769587644.379742,86.77146315574646,38,58,48,38.86,57.655,49.43,061.14,5.611284153005464,020.783114754098357
1769587644.429722,86.82133722305298,38,58,48,38.85,57.655,49.425,061.15,5.611284153005464,020.78811475409836
1769587644.4935098,86.88493919372559,38,58,48,38.84,57.655,49.42,061.16,5.611284153005464,020.793114754098355
1769587644.6033962,86.99494934082031,38,58,48,38.83,57.655,49.415,061.17,5.611284153005464,020.798114754098357
1769587644.664332,87.0559663772583,38,58,48,38.82,57.655,49.41,061.18,5.611284153005464,020.80311475409836
1769587644.720441,87.11212801933289,38,58,48,38.81,57.655,49.405,061.19,5.611284153005464,020.808114754098355
1769587644.773222,87.16492128372192,38,58,48,38.8,57.655,49.4,061.2,5.611284153005464,020.813114754098358
1769587644.829068,87.2206482887268,38,58,48,38.79,57.655,49.39,061.21,5.611284153005464,020.823114754098356
1769587644.8868842,87.27844834327698,38,58,48,38.78,57.655,49.385,061.22,5.611284153005464,020.828114754098358
1769587644.942744,87.33440208435059,38,59,48,38.77,57.66,49.375,061.23,5.616284153005459,020.838114754098356
1769587644.994611,87.38635325431824,38,58,48,38.76,57.66,49.365,061.24,5.616284153005459,020.848114754098354
1769587645.0445812,87.43630528450012,38,58,48,38.75,57.66,49.36,061.25,5.616284153005459,020.853114754098357
1769587645.099392,87.49099802970886,38,58,48,38.74,57.66,49.35,061.26,5.616284153005459,020.863114754098355
1769587645.157234,87.54882526397705,38,58,48,38.73,57.66,49.345,061.27,5.616284153005459,020.868114754098357
1769587645.208399,87.60013008117676,38,58,48,38.72,57.66,49.34,061.28,5.616284153005459,020.873114754098353
1769587645.263825,87.65554213523865,38,58,48,38.71,57.66,49.335,061.29,5.616284153005459,020.878114754098355
1769587645.311937,87.70341610908508,39,58,48,38.705,57.66,49.325,061.295,5.616284153005459,020.888114754098353
1769587645.3644958,87.75617623329163,38,58,48,38.695,57.66,49.315,061.305,5.616284153005459,020.89811475409836
1769587645.42012,87.81179714202881,38,58,48,38.685,57.66,49.305,061.315,5.616284153005459,020.908114754098357
1769587645.47413,87.86549305915833,38,58,48,38.675,57.66,49.295,061.325,5.616284153005459,020.918114754098355
1769587645.5245671,87.91621613502502,38,58,48,38.665,57.66,49.285,061.335,5.616284153005459,020.92811475409836
1769587645.575548,87.96722507476807,38,58,48,38.655,57.66,49.275,061.345,5.616284153005459,020.938114754098358
1769587645.634623,88.02631115913391,38,58,48,38.645,57.66,49.265,061.355,5.616284153005459,020.948114754098356
1769587645.686856,88.07858514785767,38,59,48,38.635,57.665,49.255,061.365,5.621284153005462,020.958114754098354
1769587645.748342,88.14004921913147,38,58,48,38.625,57.665,49.245,061.375,5.621284153005462,020.96811475409836
1769587645.800746,88.19243121147156,39,58,49,38.625,57.665,49.245,061.375,5.621284153005462,020.96811475409836
1769587645.852911,88.24454712867737,39,58,49,38.625,57.665,49.24,061.375,5.621284153005462,020.973114754098354
1769587645.916529,88.30614304542542,38,58,48,38.615,57.665,49.23,061.385,5.621284153005462,020.98311475409836
1769587645.925898,88.31665205955505,39,58,49,38.61,57.67,49.225,061.39,5.626284153005464,020.988114754098355
1769587645.990533,88.38223719596863,38,58,48,38.6,57.67,49.215,061.4,5.626284153005464,020.998114754098353
1769587646.04421,88.43548130989075,38,58,48,38.59,57.67,49.205,061.41,5.626284153005464,021.008114754098358
1769587646.1097999,88.50147819519043,40,58,50,38.59,57.675,49.205,061.41,5.63128415300546,021.008114754098358
1769587646.158921,88.55023837089539,40,57,50,38.59,57.675,49.205,061.41,5.63128415300546,021.008114754098358
1769587646.210418,88.60212826728821,40,58,50,38.59,57.68,49.205,061.41,5.636284153005462,021.008114754098358
1769587646.265632,88.65725231170654,39,58,50,38.585,57.685,49.205,061.415,5.641284153005465,021.008114754098358
1769587646.315627,88.70719528198242,39,58,50,38.58,57.69,49.205,061.42,5.64628415300546,021.008114754098358
1769587646.367949,88.759681224823,39,58,50,38.575,57.69,49.205,061.425,5.64628415300546,021.008114754098358
1769587646.421681,88.81341814994812,40,58,50,38.575,57.69,49.205,061.425,5.64628415300546,021.008114754098358
1769587646.471987,88.86369919776917,40,58,50,38.58,57.695,49.205,061.42,5.651284153005463,021.008114754098358
1769587646.522696,88.9143922328949,40,57,50,38.58,57.695,49.205,061.42,5.651284153005463,021.008114754098358
1769587646.5717828,88.96349811553955,40,57,50,38.58,57.695,49.205,061.42,5.651284153005463,021.008114754098358
1769587646.6229708,89.01466012001038,40,57,50,38.58,57.695,49.205,061.42,5.651284153005463,021.008114754098358
1769587646.678275,89.06965923309326,40,57,50,38.585,57.695,49.205,061.415,5.651284153005463,021.008114754098358
1769587646.729478,89.12122225761414,40,57,50,38.59,57.695,49.205,061.41,5.651284153005463,021.008114754098358
1769587646.782376,89.17407941818237,40,57,50,38.595,57.695,49.205,061.405,5.651284153005463,021.008114754098358
1769587646.8344371,89.22613525390625,40,57,51,38.595,57.695,49.21,061.405,5.651284153005463,021.003114754098355
1769587646.8854241,89.27713418006897,40,57,50,38.6,57.695,49.21,061.4,5.651284153005463,021.003114754098355
1769587646.9390879,89.33054113388062,40,58,50,38.605,57.7,49.21,061.395,5.6562841530054655,021.003114754098355
1769587646.9961789,89.38786625862122,40,57,50,38.61,57.7,49.21,061.39,5.6562841530054655,021.003114754098355
1769587647.0504498,89.44209408760071,41,57,51,38.62,57.7,49.215,061.38,5.6562841530054655,020.998114754098353
1769587647.1067991,89.49833917617798,41,57,51,38.625,57.695,49.22,061.375,5.651284153005463,020.993114754098357
1769587647.165741,89.557204246521,40,57,50,38.63,57.69,49.22,061.37,5.64628415300546,020.993114754098357
1769587647.2189288,89.61067914962769,40,57,50,38.635,57.685,49.22,061.365,5.641284153005465,020.993114754098357
1769587647.272532,89.66402530670166,40,57,51,38.635,57.685,49.225,061.365,5.641284153005465,020.988114754098355
1769587647.3225632,89.7142174243927,40,57,50,38.64,57.685,49.225,061.36,5.641284153005465,020.988114754098355
1769587647.3736079,89.7653181552887,40,57,50,38.645,57.68,49.225,061.355,5.636284153005462,020.988114754098355
1769587647.423828,89.81550741195679,40,57,50,38.65,57.675,49.225,061.35,5.63128415300546,020.988114754098355
1769587647.472,89.86374521255493,40,58,50,38.655,57.675,49.225,061.345,5.63128415300546,020.988114754098355
1769587647.5227468,89.91445016860962,40,58,49,38.66,57.675,49.22,061.34,5.63128415300546,020.993114754098357
1769587647.5731452,89.96481513977051,39,58,49,38.66,57.675,49.215,061.34,5.63128415300546,020.998114754098353
1769587647.6224818,90.0142080783844,40,58,50,38.665,57.675,49.215,061.335,5.63128415300546,020.998114754098353
1769587647.679774,90.07145929336548,39,58,49,38.665,57.68,49.21,061.335,5.636284153005462,021.003114754098355
1769587647.734385,90.12608933448792,40,58,50,38.67,57.68,49.21,061.33,5.636284153005462,021.003114754098355
1769587647.7845492,90.17602515220642,40,57,50,38.675,57.68,49.21,061.325,5.636284153005462,021.003114754098355
1769587647.832643,90.22433018684387,40,58,50,38.68,57.68,49.21,061.32,5.636284153005462,021.003114754098355
1769587647.8812218,90.27271342277527,40,58,50,38.685,57.68,49.215,061.315,5.636284153005462,020.998114754098353
1769587647.929079,90.32078218460083,40,58,50,38.69,57.68,49.215,061.31,5.636284153005462,020.998114754098353
1769587647.9784598,90.37009930610657,40,58,50,38.695,57.68,49.215,061.305,5.636284153005462,020.998114754098353
1769587648.0277948,90.41946816444397,40,58,50,38.7,57.68,49.22,061.3,5.636284153005462,020.993114754098357
1769587648.077321,90.46901512145996,39,58,49,38.7,57.68,49.22,061.3,5.636284153005462,020.993114754098357
1769587648.124465,90.51620507240295,40,57,50,38.705,57.68,49.22,061.295,5.636284153005462,020.993114754098357
1769587648.173314,90.56507229804993,40,57,50,38.71,57.68,49.22,061.29,5.636284153005462,020.993114754098357
1769587648.222358,90.61412310600281,40,58,50,38.715,57.68,49.225,061.285,5.636284153005462,020.988114754098355
1769587648.2725341,90.6642792224884,40,58,50,38.72,57.68,49.23,061.28,5.636284153005462,020.98311475409836
1769587648.322944,90.71443200111389,40,58,50,38.725,57.68,49.235,061.275,5.636284153005462,020.978114754098357
1769587648.374441,90.76611614227295,40,58,50,38.73,57.68,49.24,061.27,5.636284153005462,020.973114754098354
1769587648.423269,90.81498432159424,40,58,50,38.735,57.68,49.245,061.265,5.636284153005462,020.96811475409836
1769587648.472197,90.86400318145752,40,57,50,38.74,57.675,49.245,061.26,5.63128415300546,020.96811475409836
1769587648.5231192,90.91482329368591,40,57,50,38.75,57.67,49.25,061.25,5.626284153005464,020.963114754098356
1769587648.57159,90.96337413787842,40,58,50,38.755,57.67,49.255,061.245,5.626284153005464,020.958114754098354
1769587648.623157,91.01481819152832,40,58,50,38.76,57.67,49.26,061.24,5.626284153005464,020.953114754098358
1769587648.6721869,91.0638062953949,39,58,50,38.76,57.67,49.265,061.24,5.626284153005464,020.948114754098356
1769587648.722961,91.11465620994568,40,58,50,38.765,57.67,49.27,061.235,5.626284153005464,020.943114754098353
1769587648.778786,91.1704523563385,40,58,50,38.77,57.67,49.275,061.23,5.626284153005464,020.938114754098358
1769587648.828136,91.21987199783325,40,58,50,38.775,57.67,49.28,061.225,5.626284153005464,020.933114754098355
1769587648.8744252,91.26615619659424,40,57,50,38.78,57.67,49.28,061.22,5.626284153005464,020.933114754098355
1769587648.9233332,91.31508302688599,40,57,50,38.79,57.665,49.285,061.21,5.621284153005462,020.92811475409836
1769587648.971543,91.3632881641388,40,57,50,38.8,57.66,49.29,061.2,5.616284153005459,020.923114754098357
1769587649.022125,91.41387009620667,40,57,50,38.81,57.655,49.295,061.19,5.611284153005464,020.918114754098355
1769587649.0726101,91.46425533294678,40,58,50,38.82,57.655,49.3,061.18,5.611284153005464,020.91311475409836
1769587649.121186,91.51297616958618,40,58,50,38.825,57.655,49.305,061.175,5.611284153005464,020.908114754098357
1769587649.173386,91.5650281906128,40,58,50,38.83,57.655,49.305,061.17,5.611284153005464,020.908114754098357
1769587649.221411,91.61315202713013,40,58,50,38.835,57.66,49.305,061.165,5.616284153005459,020.908114754098357
1769587649.272199,91.66396117210388,40,58,50,38.84,57.665,49.305,061.16,5.621284153005462,020.908114754098357
1769587649.322691,91.71432518959045,40,57,50,38.845,57.66,49.305,061.155,5.616284153005459,020.908114754098357
1769587649.371732,91.76351022720337,40,57,50,38.85,57.655,49.305,061.15,5.611284153005464,020.908114754098357
1769587649.423481,91.81516122817993,40,57,50,38.855,57.65,49.31,061.145,5.606284153005461,020.903114754098354
1769587649.471661,91.86337208747864,40,57,50,38.86,57.645,49.315,061.14,5.601284153005466,020.89811475409836
1769587649.522568,91.91423225402832,40,57,51,38.865,57.64,49.32,061.135,5.596284153005463,020.893114754098356
1769587649.572282,91.96391129493713,40,57,50,38.87,57.64,49.32,061.13,5.596284153005463,020.893114754098356
1769587649.621547,92.01334404945374,40,58,50,38.875,57.645,49.32,061.125,5.601284153005466,020.893114754098356
1769587649.67251,92.06419730186462,40,58,50,38.88,57.65,49.32,061.12,5.606284153005461,020.893114754098356
1769587649.721709,92.11342906951904,40,57,50,38.885,57.65,49.32,061.115,5.606284153005461,020.893114754098356
1769587649.7759712,92.16760325431824,40,58,50,38.89,57.655,49.32,061.11,5.611284153005464,020.893114754098356
1769587649.828529,92.22026705741882,40,57,50,38.895,57.655,49.32,061.105,5.611284153005464,020.893114754098356
1769587649.8770611,92.26875805854797,40,57,50,38.9,57.65,49.32,061.1,5.606284153005461,020.893114754098356
1769587649.9254122,92.31714034080505,40,57,50,38.905,57.65,49.32,061.095,5.606284153005461,020.893114754098356
1769587649.9729578,92.36463904380798,40,57,50,38.91,57.65,49.32,061.09,5.606284153005461,020.893114754098356
1769587650.022159,92.4139301776886,40,57,50,38.915,57.65,49.32,061.085,5.606284153005461,020.893114754098356
1769587650.0721788,92.46392440795898,40,57,50,38.92,57.65,49.32,061.08,5.606284153005461,020.893114754098356
1769587650.1223528,92.51402521133423,40,57,50,38.925,57.65,49.32,061.075,5.606284153005461,020.893114754098356
1769587650.172699,92.5643892288208,40,57,50,38.93,57.65,49.32,061.07,5.606284153005461,020.893114754098356
1769587650.227207,92.61867904663086,40,58,50,38.935,57.655,49.32,061.065,5.611284153005464,020.893114754098356
1769587650.278655,92.67033433914185,39,57,50,38.935,57.655,49.32,061.065,5.611284153005464,020.893114754098356
1769587650.3316638,92.72332429885864,40,57,51,38.94,57.655,49.325,061.06,5.611284153005464,020.888114754098353
1769587650.38773,92.77939414978027,39,57,50,38.94,57.655,49.325,061.06,5.611284153005464,020.888114754098353
1769587650.439368,92.8310661315918,39,57,50,38.94,57.655,49.32,061.06,5.611284153005464,020.893114754098356
1769587650.4863648,92.8780882358551,40,57,50,38.945,57.655,49.315,061.055,5.611284153005464,020.89811475409836
1769587650.531788,92.92336630821228,40,57,50,38.95,57.655,49.31,061.05,5.611284153005464,020.903114754098354
1769587650.5837429,92.975337266922,39,57,50,38.95,57.655,49.31,061.05,5.611284153005464,020.903114754098354
1769587650.640914,93.03245329856873,39,57,50,38.95,57.655,49.31,061.05,5.611284153005464,020.903114754098354
1769587650.6944551,93.0861964225769,39,57,50,38.955,57.655,49.31,061.045,5.611284153005464,020.903114754098354
1769587650.740866,93.13251209259033,40,57,50,38.965,57.655,49.31,061.035,5.611284153005464,020.903114754098354
1769587650.7876961,93.17940139770508,39,57,50,38.965,57.655,49.31,061.035,5.611284153005464,020.903114754098354
1769587650.83338,93.22507810592651,39,57,50,38.965,57.655,49.305,061.035,5.611284153005464,020.908114754098357
1769587650.8788118,93.27040219306946,39,57,50,38.965,57.655,49.305,061.035,5.611284153005464,020.908114754098357
1769587650.929067,93.32075023651123,39,57,50,38.965,57.655,49.305,061.035,5.611284153005464,020.908114754098357
1769587650.980861,93.37252402305603,40,57,51,38.97,57.655,49.31,061.03,5.611284153005464,020.903114754098354
1769587651.0380201,93.42967510223389,40,57,51,38.975,57.655,49.315,061.025,5.611284153005464,020.89811475409836
1769587651.091733,93.48342609405518,39,57,50,38.975,57.655,49.31,061.025,5.611284153005464,020.903114754098354
1769587651.147192,93.53873205184937,40,57,51,38.98,57.655,49.31,061.02,5.611284153005464,020.903114754098354
1769587651.203969,93.59562015533447,40,57,51,38.985,57.655,49.315,061.015,5.611284153005464,020.89811475409836
1769587651.26128,93.65287137031555,39,57,51,38.99,57.65,49.325,061.01,5.606284153005461,020.888114754098353
1769587651.3188648,93.71045708656311,40,57,51,38.995,57.65,49.33,061.005,5.606284153005461,020.883114754098358
1769587651.375686,93.76734900474548,40,57,51,39.0,57.65,49.33,061.0,5.606284153005461,020.883114754098358
1769587651.424464,93.81618309020996,40,57,51,39.005,57.65,49.335,060.995,5.606284153005461,020.878114754098355
1769587651.4747899,93.86648607254028,39,57,51,39.01,57.65,49.34,060.99,5.606284153005461,020.873114754098353
1769587651.5255659,93.9172043800354,40,57,51,39.015,57.65,49.345,060.985,5.606284153005461,020.868114754098357
1769587651.579328,93.97096228599548,39,57,50,39.015,57.65,49.345,060.985,5.606284153005461,020.868114754098357
1769587651.631264,94.0229561328888,39,57,50,39.015,57.65,49.345,060.985,5.606284153005461,020.868114754098357
1769587651.678734,94.070383310318,39,57,50,39.015,57.65,49.345,060.985,5.606284153005461,020.868114754098357
1769587651.730356,94.12207412719727,40,57,51,39.02,57.65,49.35,060.98,5.606284153005461,020.863114754098355
1769587651.7801301,94.17188024520874,40,57,51,39.03,57.645,49.36,060.97,5.601284153005466,020.853114754098357
1769587651.826197,94.21790838241577,40,57,51,39.04,57.64,49.37,060.96,5.596284153005463,020.84311475409836
1769587651.874797,94.26646709442139,40,57,51,39.05,57.635,49.38,060.95,5.591284153005461,020.833114754098354
1769587651.921443,94.31317830085754,39,57,50,39.055,57.63,49.385,060.945,5.586284153005465,020.828114754098358
1769587651.972523,94.3640193939209,39,58,50,39.06,57.63,49.39,060.94,5.586284153005465,020.823114754098356
1769587652.021909,94.41359424591064,39,57,50,39.065,57.625,49.395,060.935,5.581284153005463,020.818114754098353
1769587652.072233,94.46396708488464,40,57,51,39.075,57.62,49.405,060.925,5.57628415300546,020.808114754098355
1769587652.12179,94.51335024833679,40,57,50,39.085,57.615,49.41,060.915,5.571284153005465,020.80311475409836
1769587652.172844,94.5645501613617,39,57,50,39.09,57.61,49.415,060.91,5.566284153005462,020.798114754098357
1769587652.2221272,94.61377835273743,39,57,50,39.095,57.605,49.42,060.905,5.5612841530054595,020.793114754098355
1769587652.272068,94.66383910179138,40,57,51,39.105,57.6,49.43,060.895,5.556284153005464,020.783114754098357
1769587652.3223271,94.71403527259827,40,57,50,39.115,57.595,49.435,060.885,5.5512841530054615,020.778114754098354
1769587652.372402,94.76394319534302,39,57,50,39.12,57.59,49.44,060.88,5.546284153005466,020.77311475409836
1769587652.420873,94.81264519691467,40,57,51,39.13,57.59,49.45,060.87,5.546284153005466,020.763114754098353
1769587652.4722838,94.86380624771118,40,57,51,39.14,57.585,49.46,060.86,5.5412841530054635,020.753114754098355
1769587652.5218902,94.9135890007019,40,57,51,39.15,57.58,49.47,060.85,5.536284153005461,020.743114754098357
1769587652.571619,94.96333527565002,40,57,50,39.16,57.575,49.475,060.84,5.5312841530054655,020.738114754098355
1769587652.622261,95.01397132873535,39,58,50,39.165,57.575,49.48,060.835,5.5312841530054655,020.73311475409836
1769587652.671464,95.06318426132202,39,58,49,39.17,57.575,49.48,060.83,5.5312841530054655,020.73311475409836
1769587652.7256398,95.11727905273438,39,58,49,39.175,57.575,49.485,060.825,5.5312841530054655,020.728114754098357
1769587652.786654,95.1783721446991,39,58,50,39.18,57.575,49.495,060.82,5.5312841530054655,020.71811475409836
1769587652.838197,95.22992324829102,40,58,50,39.19,57.575,49.505,060.81,5.5312841530054655,020.708114754098354
1769587652.88552,95.2772490978241,40,57,50,39.2,57.57,49.51,060.8,5.526284153005463,020.703114754098358
1769587652.932565,95.32432723045349,40,57,50,39.21,57.565,49.515,060.79,5.52128415300546,020.698114754098356
1769587652.983849,95.37547016143799,40,58,50,39.22,57.565,49.52,060.78,5.52128415300546,020.693114754098353
1769587653.041246,95.43285608291626,39,58,50,39.225,57.565,49.53,060.775,5.52128415300546,020.683114754098355
1769587653.0940769,95.48581314086914,40,58,50,39.235,57.565,49.54,060.765,5.52128415300546,020.673114754098357
1769587653.142252,95.53398728370667,40,57,50,39.25,57.56,49.55,060.75,5.516284153005465,020.66311475409836
1769587653.1891851,95.5808892250061,39,58,50,39.255,57.56,49.56,060.745,5.516284153005465,020.653114754098354
1769587653.237528,95.62902021408081,39,58,49,39.26,57.56,49.56,060.74,5.516284153005465,020.653114754098354
1769587653.284726,95.67642021179199,39,58,49,39.265,57.56,49.565,060.735,5.516284153005465,020.64811475409836
1769587653.33229,95.7239842414856,40,58,50,39.275,57.56,49.57,060.725,5.516284153005465,020.643114754098356
1769587653.379277,95.77095913887024,39,58,49,39.28,57.56,49.57,060.72,5.516284153005465,020.643114754098356
1769587653.4342191,95.82589316368103,39,58,49,39.285,57.56,49.575,060.715,5.516284153005465,020.638114754098353
1769587653.483736,95.8754632472992,39,58,49,39.29,57.56,49.58,060.71,5.516284153005465,020.633114754098358
1769587653.531042,95.92273831367493,39,58,49,39.295,57.56,49.58,060.705,5.516284153005465,020.633114754098358
1769587653.577915,95.96965408325195,39,58,49,39.3,57.56,49.585,060.7,5.516284153005465,020.628114754098355
1769587653.625201,96.0169620513916,39,58,49,39.305,57.56,49.59,060.695,5.516284153005465,020.623114754098353
1769587653.6724658,96.0641553401947,39,58,50,39.31,57.56,49.595,060.69,5.516284153005465,020.618114754098357
1769587653.7231832,96.11471819877625,39,58,49,39.315,57.56,49.595,060.685,5.516284153005465,020.618114754098357
1769587653.777051,96.16846108436584,39,58,49,39.32,57.56,49.6,060.68,5.516284153005465,020.613114754098355
1769587653.828022,96.21977233886719,39,58,50,39.325,57.56,49.61,060.675,5.516284153005465,020.603114754098357
1769587653.876483,96.26820516586304,40,58,50,39.335,57.56,49.62,060.665,5.516284153005465,020.59311475409836
1769587653.9244459,96.316162109375,39,58,49,39.34,57.56,49.625,060.66,5.516284153005465,020.588114754098356
1769587653.9729438,96.36456227302551,39,58,49,39.345,57.56,49.63,060.655,5.516284153005465,020.583114754098354
1769587654.022152,96.41389727592468,39,58,49,39.35,57.56,49.635,060.65,5.516284153005465,020.578114754098358
1769587654.072339,96.46407914161682,39,58,49,39.355,57.56,49.64,060.645,5.516284153005465,020.573114754098356
1769587654.121061,96.51283717155457,39,58,49,39.36,57.56,49.645,060.64,5.516284153005465,020.568114754098353
1769587654.1712499,96.56298112869263,39,58,49,39.365,57.56,49.645,060.635,5.516284153005465,020.568114754098353
1769587654.22243,96.61414337158203,39,58,49,39.37,57.56,49.645,060.63,5.516284153005465,020.568114754098353
1769587654.2784,96.66997408866882,39,58,49,39.375,57.56,49.645,060.625,5.516284153005465,020.568114754098353
1769587654.337632,96.72930216789246,39,58,49,39.38,57.56,49.645,060.62,5.516284153005465,020.568114754098353
1769587654.387396,96.77913022041321,40,57,50,39.39,57.555,49.655,060.61,5.511284153005462,020.558114754098355
1769587654.433902,96.82558822631836,39,58,49,39.395,57.555,49.66,060.605,5.511284153005462,020.55311475409836
1769587654.480242,96.87194919586182,39,58,49,39.4,57.555,49.665,060.6,5.511284153005462,020.548114754098357
1769587654.527122,96.9185962677002,39,58,49,39.405,57.555,49.67,060.595,5.511284153005462,020.543114754098355
1769587654.5761092,96.96777701377869,39,58,49,39.41,57.555,49.675,060.59,5.511284153005462,020.53811475409836
1769587654.627149,97.0188581943512,39,58,49,39.415,57.555,49.68,060.585,5.511284153005462,020.533114754098357
1769587654.682014,97.07369017601013,39,58,49,39.42,57.555,49.685,060.58,5.511284153005462,020.528114754098354
1769587654.728575,97.12028217315674,39,58,49,39.425,57.555,49.69,060.575,5.511284153005462,020.52311475409836
1769587654.77514,97.16680812835693,39,58,49,39.43,57.555,49.695,060.57,5.511284153005462,020.518114754098356
1769587654.8278642,97.21951413154602,39,58,49,39.435,57.555,49.7,060.565,5.511284153005462,020.513114754098353
1769587654.881047,97.27275538444519,39,58,50,39.44,57.555,49.71,060.56,5.511284153005462,020.503114754098355
1769587654.929781,97.32125329971313,40,57,50,39.45,57.55,49.72,060.55,5.50628415300546,020.493114754098357
1769587654.9830668,97.37466526031494,39,57,50,39.455,57.545,49.73,060.545,5.501284153005464,020.48311475409836
1769587655.040302,97.43198227882385,39,58,50,39.46,57.545,49.74,060.54,5.501284153005464,020.473114754098354
1769587655.090615,97.48231220245361,39,58,50,39.465,57.545,49.75,060.535,5.501284153005464,020.463114754098356
1769587655.14044,97.53186202049255,39,58,50,39.47,57.54,49.76,060.53,5.496284153005462,020.453114754098358
1769587655.187309,97.57900214195251,40,58,50,39.48,57.54,49.77,060.52,5.496284153005462,020.443114754098353
1769587655.243704,97.63534736633301,40,57,50,39.49,57.535,49.78,060.51,5.491284153005459,020.433114754098355
1769587655.302411,97.69401717185974,39,57,50,39.495,57.53,49.79,060.505,5.486284153005464,020.423114754098357
1769587655.3605812,97.75223326683044,40,57,50,39.505,57.525,49.8,060.495,5.481284153005461,020.41311475409836
1769587655.411926,97.80360341072083,40,57,50,39.515,57.52,49.81,060.485,5.476284153005466,020.403114754098354
1769587655.4670122,97.85862326622009,40,57,50,39.525,57.515,49.82,060.475,5.471284153005463,020.393114754098356
1769587655.525824,97.91742014884949,40,57,50,39.53,57.51,49.83,060.47,5.466284153005461,020.383114754098358
1769587655.5814579,97.97304439544678,40,57,50,39.54,57.505,49.84,060.46,5.461284153005465,020.373114754098353
1769587655.6346428,98.0263261795044,40,57,50,39.55,57.5,49.85,060.45,5.456284153005463,020.363114754098355
1769587655.688429,98.08016324043274,40,57,50,39.56,57.495,49.86,060.44,5.45128415300546,020.353114754098357
1769587655.738749,98.13044309616089,40,57,50,39.57,57.49,49.87,060.43,5.446284153005465,020.34311475409836
1769587655.790886,98.1825602054596,40,57,51,39.58,57.485,49.885,060.42,5.441284153005462,020.328114754098358
1769587655.839898,98.23158717155457,40,57,51,39.59,57.48,49.9,060.41,5.4362841530054595,020.313114754098358
1769587655.8886342,98.2802963256836,40,57,51,39.6,57.47,49.915,060.4,5.4262841530054615,020.298114754098357
1769587655.937629,98.32930207252502,40,57,51,39.61,57.465,49.93,060.39,5.421284153005466,020.283114754098357
1769587655.986552,98.37821912765503,40,57,51,39.615,57.46,49.94,060.385,5.4162841530054635,020.27311475409836
1769587656.038053,98.4296772480011,40,57,51,39.62,57.455,49.95,060.38,5.411284153005461,020.263114754098353
1769587656.085375,98.47708415985107,40,57,51,39.63,57.45,49.965,060.37,5.4062841530054655,020.248114754098353
1769587656.134877,98.52641010284424,40,57,50,39.635,57.445,49.97,060.365,5.401284153005463,020.243114754098357
1769587656.1860878,98.57778215408325,40,57,51,39.645,57.44,49.985,060.355,5.39628415300546,020.228114754098357
1769587656.236436,98.62807035446167,41,57,51,39.66,57.435,50.0,060.34,5.391284153005465,020.213114754098356
1769587656.2827032,98.67441821098328,41,57,51,39.665,57.43,50.005,060.335,5.386284153005462,020.208114754098354
1769587656.330952,98.7226791381836,41,57,51,39.67,57.43,50.01,060.33,5.386284153005462,020.203114754098358
1769587656.379287,98.77097010612488,41,57,51,39.675,57.425,50.015,060.325,5.38128415300546,020.198114754098356
1769587656.4315321,98.82322120666504,41,57,51,39.685,57.42,50.02,060.315,5.376284153005464,020.193114754098353
1769587656.480235,98.87188124656677,41,57,51,39.695,57.415,50.025,060.305,5.371284153005462,020.188114754098358
1769587656.5288682,98.92054510116577,41,57,52,39.705,57.41,50.035,060.295,5.366284153005459,020.17811475409836
1769587656.577365,98.96901226043701,40,57,51,39.705,57.405,50.04,060.295,5.361284153005464,020.173114754098357
1769587656.624416,99.0161521434784,42,57,52,39.715,57.4,50.05,060.285,5.356284153005461,020.16311475409836
1769587656.672174,99.06385016441345,41,57,52,39.72,57.4,50.06,060.28,5.356284153005461,020.153114754098354
1769587656.721188,99.11291813850403,41,57,51,39.725,57.4,50.065,060.275,5.356284153005461,020.14811475409836
1769587656.772546,99.16430115699768,42,57,52,39.735,57.4,50.075,060.265,5.356284153005461,020.138114754098353
1769587656.8209002,99.21265006065369,41,57,52,39.74,57.4,50.085,060.26,5.356284153005461,020.128114754098355
1769587656.8729742,99.26445126533508,42,57,52,39.75,57.4,50.095,060.25,5.356284153005461,020.118114754098357
1769587656.928585,99.32025599479675,41,57,52,39.755,57.4,50.105,060.245,5.356284153005461,020.10811475409836
1769587656.980932,99.37249326705933,41,57,52,39.76,57.4,50.11,060.24,5.356284153005461,020.103114754098357
1769587657.030089,99.42179417610168,42,56,53,39.77,57.395,50.125,060.23,5.351284153005466,020.088114754098356
1769587657.079913,99.47163438796997,42,56,53,39.78,57.385,50.14,060.22,5.341284153005461,020.073114754098356
1769587657.1280792,99.5198290348053,42,57,52,39.79,57.385,50.15,060.21,5.341284153005461,020.063114754098358
1769587657.180578,99.57212209701538,42,57,51,39.795,57.385,50.15,060.205,5.341284153005461,020.063114754098358
1769587657.233291,99.62501120567322,42,57,52,39.8,57.385,50.155,060.2,5.341284153005461,020.058114754098355
1769587657.279636,99.67138934135437,42,57,52,39.81,57.385,50.165,060.19,5.341284153005461,020.048114754098357
1769587657.331657,99.72333025932312,41,57,51,39.815,57.385,50.17,060.185,5.341284153005461,020.043114754098355
1769587657.382689,99.77444410324097,42,57,52,39.825,57.385,50.175,060.175,5.341284153005461,020.03811475409836
1769587657.431221,99.82289624214172,42,57,52,39.835,57.385,50.185,060.165,5.341284153005461,020.028114754098354
1769587657.4789288,99.87057828903198,42,57,52,39.845,57.385,50.195,060.155,5.341284153005461,020.018114754098356
1769587657.5268228,99.91854739189148,42,57,52,39.855,57.385,50.205,060.145,5.341284153005461,020.008114754098358
1769587657.5747,99.96641731262207,42,57,52,39.865,57.38,50.215,060.135,5.336284153005465,019.998114754098353
1769587657.623677,100.01534008979797,42,57,52,39.875,57.375,50.23,060.125,5.331284153005463,019.98311475409836
1769587657.6727948,100.06453132629395,42,57,52,39.89,57.37,50.245,060.11,5.32628415300546,019.96811475409836
1769587657.7230248,100.11471223831177,42,57,53,39.9,57.365,50.26,060.1,5.321284153005465,019.953114754098358
1769587657.7737632,100.16544222831726,42,57,52,39.915,57.36,50.275,060.085,5.316284153005462,019.938114754098358
1769587657.822007,100.21373414993286,42,57,52,39.925,57.355,50.285,060.075,5.3112841530054595,019.92811475409836
1769587657.8713899,100.26311612129211,42,57,52,39.935,57.355,50.295,060.065,5.3112841530054595,019.918114754098355
1769587657.921715,100.31348037719727,42,57,52,39.945,57.35,50.305,060.055,5.306284153005464,019.908114754098357
1769587657.9712949,100.36306405067444,42,57,52,39.955,57.345,50.315,060.045,5.3012841530054615,019.89811475409836
1769587658.021852,100.41354417800903,42,57,52,39.965,57.34,50.325,060.035,5.296284153005466,019.888114754098353
1769587658.070836,100.46262240409851,42,57,52,39.975,57.335,50.335,060.025,5.2912841530054635,019.878114754098355
1769587658.121484,100.51325106620789,43,57,52,39.99,57.33,50.345,060.01,5.286284153005461,019.868114754098357
1769587658.171231,100.56295704841614,43,57,53,40.01,57.325,50.365,059.99,5.2812841530054655,019.848114754098354
1769587658.222036,100.61374425888062,43,57,53,40.025,57.325,50.38,059.975,5.2812841530054655,019.833114754098354
1769587658.27344,100.66518020629883,43,57,52,40.04,57.325,50.39,059.96,5.2812841530054655,019.823114754098356
1769587658.324064,100.71565914154053,43,57,52,40.055,57.32,50.4,059.945,5.276284153005463,019.813114754098358
1769587658.3749602,100.76665616035461,43,57,52,40.07,57.315,50.41,059.93,5.27128415300546,019.80311475409836
1769587658.424265,100.81576442718506,43,57,52,40.085,57.31,50.42,059.915,5.266284153005465,019.793114754098355
1769587658.474784,100.86647725105286,42,57,52,40.095,57.305,50.43,059.905,5.261284153005462,019.783114754098357
1769587658.525436,100.9171552658081,42,57,52,40.105,57.3,50.44,059.895,5.25628415300546,019.77311475409836
1769587658.572167,100.96388125419617,43,57,52,40.12,57.3,50.45,059.88,5.25628415300546,019.763114754098353
1769587658.620905,101.01266407966614,43,57,52,40.135,57.3,50.46,059.865,5.25628415300546,019.753114754098355
1769587658.671726,101.0634093284607,43,57,52,40.15,57.295,50.47,059.85,5.251284153005464,019.743114754098357
1769587658.722419,101.11409425735474,43,57,52,40.165,57.29,50.48,059.835,5.246284153005462,019.73311475409836
1769587658.777672,101.1693971157074,43,57,52,40.185,57.285,50.49,059.815,5.241284153005459,019.723114754098354
1769587658.828722,101.22047924995422,43,57,52,40.2,57.28,50.5,059.8,5.236284153005464,019.713114754098356
1769587658.8768342,101.26852512359619,43,57,52,40.215,57.275,50.51,059.785,5.231284153005461,019.703114754098358
1769587658.926811,101.31853914260864,43,57,52,40.23,57.27,50.52,059.77,5.226284153005466,019.693114754098353
1769587658.979437,101.37109017372131,43,57,52,40.245,57.27,50.53,059.755,5.226284153005466,019.683114754098355
1769587659.036295,101.4279990196228,43,57,52,40.26,57.27,50.54,059.74,5.226284153005466,019.673114754098357
1769587659.0838552,101.47555923461914,43,57,52,40.275,57.27,50.55,059.725,5.226284153005466,019.66311475409836
1769587659.129643,101.52137231826782,43,57,52,40.29,57.27,50.56,059.71,5.226284153005466,019.653114754098354
1769587659.176843,101.56858015060425,43,57,52,40.305,57.265,50.57,059.695,5.221284153005463,019.643114754098356
1769587659.226101,101.61777830123901,43,57,52,40.32,57.26,50.58,059.68,5.216284153005461,019.633114754098358
1769587659.275976,101.66769313812256,43,57,52,40.335,57.255,50.59,059.665,5.211284153005465,019.623114754098353
1769587659.323322,101.71505737304688,43,57,52,40.35,57.25,50.6,059.65,5.206284153005463,019.613114754098355
1769587659.371844,101.76360702514648,43,57,52,40.365,57.245,50.61,059.635,5.20128415300546,019.603114754098357
1769587659.42383,101.81546115875244,43,57,52,40.38,57.245,50.62,059.62,5.20128415300546,019.59311475409836
1769587659.484975,101.87668919563293,43,57,52,40.395,57.245,50.63,059.605,5.20128415300546,019.583114754098354
1769587659.5433779,101.93505311012268,43,57,52,40.41,57.245,50.64,059.59,5.20128415300546,019.573114754098356
1769587659.599207,101.990727186203,44,57,53,40.43,57.245,50.655,059.57,5.20128415300546,019.558114754098355
1769587659.650778,102.04241514205933,43,57,52,40.445,57.245,50.66,059.555,5.20128415300546,019.55311475409836
1769587659.70299,102.09432911872864,43,57,52,40.46,57.245,50.67,059.54,5.20128415300546,019.543114754098355
1769587659.7573,102.14886116981506,43,57,52,40.475,57.24,50.68,059.525,5.196284153005465,019.533114754098357
1769587659.818201,102.20977520942688,43,57,52,40.49,57.235,50.69,059.51,5.191284153005462,019.52311475409836
1769587659.890496,102.2818911075592,43,57,52,40.505,57.235,50.7,059.495,5.191284153005462,019.513114754098353
1769587659.954782,102.34627509117126,43,57,52,40.52,57.23,50.71,059.48,5.1862841530054595,019.503114754098355
1769587660.0134468,102.40513730049133,43,57,52,40.535,57.23,50.72,059.465,5.1862841530054595,019.493114754098357
1769587660.065253,102.45697617530823,44,57,53,40.555,57.23,50.735,059.445,5.1862841530054595,019.478114754098357
1769587660.070503,102.46234321594238,44,57,53,40.575,57.23,50.75,059.425,5.1862841530054595,019.463114754098356
1769587660.125555,102.51727533340454,43,57,52,40.59,57.23,50.76,059.41,5.1862841530054595,019.453114754098358
1769587660.183956,102.57561707496643,43,57,52,40.605,57.23,50.77,059.395,5.1862841530054595,019.443114754098353
1769587660.252726,102.6442141532898,43,57,52,40.62,57.23,50.78,059.38,5.1862841530054595,019.433114754098355
1769587660.321708,102.71322441101074,43,57,52,40.635,57.23,50.79,059.365,5.1862841530054595,019.423114754098357
1769587660.3813279,102.77304124832153,43,57,52,40.65,57.23,50.8,059.35,5.1862841530054595,019.41311475409836
1769587660.439507,102.83116436004639,44,57,52,40.67,57.225,50.81,059.33,5.181284153005464,019.403114754098354
1769587660.501546,102.89276123046875,44,57,53,40.695,57.225,50.825,059.305,5.181284153005464,019.388114754098353
1769587660.566297,102.95782327651978,44,57,53,40.715,57.225,50.835,059.285,5.181284153005464,019.378114754098355
1769587660.62957,103.02086019515991,44,57,53,40.74,57.225,50.85,059.26,5.181284153005464,019.363114754098355
1769587660.699893,103.09116315841675,44,57,53,40.765,57.225,50.865,059.235,5.181284153005464,019.348114754098354
1769587660.7686322,103.15968728065491,44,57,53,40.785,57.225,50.88,059.215,5.181284153005464,019.333114754098354
1769587660.9818418,103.3732271194458,44,57,53,40.805,57.225,50.895,059.195,5.181284153005464,019.318114754098353
1769587661.078274,103.46977615356445,44,57,53,40.83,57.225,50.91,059.17,5.181284153005464,019.30311475409836
1769587661.154453,103.54600811004639,43,57,53,40.85,57.225,50.925,059.15,5.181284153005464,019.28811475409836
1769587661.219156,103.61082220077515,43,57,52,40.87,57.225,50.935,059.13,5.181284153005464,019.278114754098354
1769587661.3897228,103.77816438674927,44,57,53,40.89,57.225,50.95,059.11,5.181284153005464,019.263114754098353
1769587661.459491,103.85084009170532,44,57,53,40.915,57.225,50.965,059.085,5.181284153005464,019.248114754098353
1769587661.519217,103.91087913513184,44,57,53,40.94,57.225,50.98,059.06,5.181284153005464,019.23311475409836
1769587661.57459,103.96631622314453,44,57,53,40.965,57.225,50.995,059.035,5.181284153005464,019.21811475409836
1769587661.631754,104.02316904067993,44,57,53,40.99,57.225,51.01,059.01,5.181284153005464,019.203114754098358
1769587661.693519,104.0844612121582,44,57,53,41.01,57.225,51.02,058.99,5.181284153005464,019.193114754098353
1769587661.772664,104.16430115699768,44,57,53,41.03,57.225,51.03,058.97,5.181284153005464,019.183114754098355
1769587661.857683,104.2490541934967,44,57,53,41.055,57.225,51.045,058.945,5.181284153005464,019.168114754098355
1769587661.995788,104.38630223274231,44,57,53,41.075,57.225,51.055,058.925,5.181284153005464,019.158114754098357
1769587662.1440902,104.53536820411682,44,57,53,41.095,57.225,51.065,058.905,5.181284153005464,019.14811475409836
1769587662.2455199,104.63701725006104,44,57,53,41.12,57.225,51.075,058.88,5.181284153005464,019.138114754098353
1769587662.333285,104.72479820251465,44,57,53,41.14,57.225,51.085,058.86,5.181284153005464,019.128114754098355
1769587662.416008,104.80665016174316,44,57,53,41.16,57.225,51.095,058.84,5.181284153005464,019.118114754098357
1769587662.610807,105.00202918052673,44,57,53,41.18,57.225,51.105,058.82,5.181284153005464,019.10811475409836
1769587662.7260249,105.11758208274841,44,57,53,41.205,57.225,51.115,058.795,5.181284153005464,019.098114754098354
1769587662.791626,105.18331718444824,44,57,53,41.225,57.225,51.125,058.775,5.181284153005464,019.088114754098356
1769587662.844621,105.23622226715088,44,57,53,41.25,57.225,51.14,058.75,5.181284153005464,019.073114754098356
1769587662.896399,105.2880311012268,44,57,53,41.275,57.225,51.155,058.725,5.181284153005464,019.058114754098355
1769587662.949356,105.34104442596436,44,57,53,41.3,57.225,51.17,058.7,5.181284153005464,019.043114754098355
1769587663.007065,105.39845824241638,44,57,53,41.32,57.225,51.18,058.68,5.181284153005464,019.033114754098357
1769587663.067723,105.45933127403259,44,57,53,41.34,57.225,51.19,058.66,5.181284153005464,019.02311475409836
1769587663.121609,105.51328325271606,44,57,53,41.36,57.225,51.2,058.64,5.181284153005464,019.013114754098353
1769587663.1755788,105.5671501159668,44,57,53,41.38,57.225,51.21,058.62,5.181284153005464,019.003114754098355
1769587663.2320518,105.62370729446411,44,57,53,41.405,57.225,51.225,058.595,5.181284153005464,018.988114754098355
1769587663.292334,105.68354415893555,44,57,53,41.43,57.22,51.24,058.57,5.1762841530054615,018.973114754098354
1769587663.3485281,105.7402241230011,44,57,53,41.455,57.22,51.255,058.545,5.1762841530054615,018.958114754098354
1769587663.402205,105.7939031124115,44,57,52,41.475,57.22,51.26,058.525,5.1762841530054615,018.953114754098358
1769587663.455937,105.84765124320984,43,57,52,41.49,57.22,51.27,058.51,5.1762841530054615,018.943114754098353
1769587663.505187,105.89686417579651,44,57,53,41.515,57.22,51.285,058.485,5.1762841530054615,018.92811475409836
1769587663.5545,105.9462251663208,44,56,54,41.54,57.215,51.305,058.46,5.171284153005466,018.908114754098357
1769587663.605324,105.99704623222351,45,56,54,41.565,57.21,51.32,058.435,5.1662841530054635,018.893114754098356
1769587663.6594791,106.05115127563477,44,57,53,41.585,57.21,51.335,058.415,5.1662841530054635,018.878114754098355
1769587663.7176168,106.1092631816864,44,57,52,41.61,57.21,51.345,058.39,5.1662841530054635,018.868114754098357
1769587663.771046,106.16275024414062,44,57,53,41.63,57.21,51.355,058.37,5.1662841530054635,018.85811475409836
1769587663.822336,106.21398615837097,44,57,53,41.65,57.21,51.365,058.35,5.1662841530054635,018.848114754098354
1769587663.871367,106.2631311416626,44,57,53,41.67,57.21,51.375,058.33,5.1662841530054635,018.838114754098356
1769587663.927555,106.31905937194824,44,57,53,41.69,57.21,51.39,058.31,5.1662841530054635,018.823114754098356
1769587664.0327392,106.42399215698242,44,57,53,41.715,57.205,51.405,058.285,5.161284153005461,018.808114754098355
1769587664.107431,106.49737119674683,44,57,53,41.74,57.2,51.425,058.26,5.1562841530054655,018.78811475409836
1769587664.195919,106.58740830421448,44,57,53,41.765,57.195,51.445,058.235,5.151284153005463,018.768114754098356
1769587664.283162,106.67461133003235,44,57,53,41.79,57.19,51.46,058.21,5.14628415300546,018.753114754098355
1769587664.3532789,106.74465012550354,44,57,53,41.81,57.185,51.475,058.19,5.141284153005465,018.738114754098355
1769587664.424791,106.81536531448364,44,57,53,41.83,57.185,51.49,058.17,5.141284153005465,018.723114754098354
1769587664.498005,106.88941740989685,44,57,53,41.85,57.185,51.505,058.15,5.141284153005465,018.708114754098354
1769587664.5737479,106.96526527404785,44,57,53,41.87,57.18,51.52,058.13,5.136284153005462,018.693114754098353
1769587664.641631,107.0331482887268,44,57,53,41.895,57.175,51.535,058.105,5.13128415300546,018.67811475409836
1769587664.7113988,107.10286617279053,44,57,53,41.915,57.17,51.55,058.085,5.126284153005464,018.66311475409836
1769587664.7829099,107.17441940307617,44,56,54,41.935,57.165,51.57,058.065,5.121284153005462,018.643114754098356
1769587664.8565152,107.2479772567749,44,56,54,41.96,57.155,51.59,058.04,5.111284153005464,018.623114754098353
1769587665.016366,107.40752625465393,44,56,54,41.985,57.145,51.615,058.015,5.101284153005466,018.598114754098354
1769587665.0984142,107.48989129066467,44,57,53,42.01,57.14,51.635,057.99,5.096284153005463,018.578114754098358
1769587665.180407,107.5718719959259,44,57,53,42.03,57.135,51.65,057.97,5.091284153005461,018.563114754098358
1769587665.2642329,107.6552631855011,44,56,53,42.055,57.125,51.67,057.945,5.081284153005463,018.543114754098355
1769587665.340574,107.73071312904358,44,56,54,42.08,57.115,51.695,057.92,5.071284153005465,018.518114754098356
1769587665.413912,107.80539417266846,44,56,54,42.105,57.105,51.72,057.895,5.0612841530054595,018.493114754098357
1769587665.497709,107.88853716850281,44,56,54,42.13,57.095,51.745,057.87,5.0512841530054615,018.46811475409836
1769587665.568745,107.96029019355774,44,56,53,42.155,57.085,51.765,057.845,5.0412841530054635,018.448114754098356
1769587665.636854,108.02751326560974,44,56,54,42.18,57.075,51.79,057.82,5.0312841530054655,018.423114754098357
1769587665.707089,108.09656500816345,44,56,54,42.205,57.065,51.81,057.795,5.02128415300546,018.403114754098354
1769587665.785106,108.17653822898865,44,56,54,42.23,57.055,51.835,057.77,5.011284153005462,018.378114754098355
1769587665.854935,108.24641013145447,44,56,54,42.255,57.045,51.86,057.745,5.001284153005464,018.353114754098357
1769587665.924254,108.31561517715454,44,56,54,42.28,57.035,51.88,057.72,4.991284153005459,018.333114754098354
1769587666.000841,108.39235925674438,44,56,54,42.3,57.025,51.9,057.7,4.981284153005461,018.313114754098358
1769587666.0732448,108.46480417251587,44,56,54,42.325,57.015,51.925,057.675,4.971284153005463,018.28811475409836
1769587666.142432,108.53397917747498,44,56,54,42.35,57.005,51.95,057.65,4.961284153005465,018.263114754098353
1769587666.2148201,108.60636711120605,44,56,54,42.375,56.995,51.975,057.625,4.95128415300546,018.238114754098355
1769587666.286536,108.67808723449707,44,56,54,42.4,56.985,52.0,057.6,4.941284153005462,018.213114754098356
1769587666.359332,108.75077223777771,44,56,54,42.425,56.975,52.025,057.575,4.931284153005464,018.188114754098358
1769587666.428247,108.81977224349976,44,56,54,42.45,56.965,52.05,057.55,4.921284153005466,018.16311475409836
1769587666.497946,108.88948917388916,44,56,54,42.475,56.955,52.075,057.525,4.911284153005461,018.138114754098353
1769587666.587682,108.97914719581604,44,56,54,42.5,56.945,52.1,057.5,4.901284153005463,018.113114754098355
1769587666.660537,109.05208134651184,44,56,54,42.525,56.935,52.125,057.475,4.891284153005465,018.088114754098356
1769587666.738538,109.12949919700623,44,56,55,42.545,56.93,52.15,057.455,4.886284153005462,018.063114754098358
1769587666.806978,109.19851112365723,45,56,55,42.575,56.92,52.18,057.425,4.876284153005464,018.033114754098357
1769587666.877046,109.26851320266724,45,56,55,42.605,56.91,52.21,057.395,4.866284153005459,018.003114754098355
1769587666.957429,109.34896326065063,45,56,55,42.635,56.9,52.24,057.365,4.856284153005461,017.973114754098354
1769587667.027906,109.41937112808228,44,56,55,42.66,56.89,52.27,057.34,4.846284153005463,017.943114754098353
1769587667.099602,109.49100923538208,44,56,55,42.685,56.88,52.3,057.315,4.836284153005465,017.91311475409836
1769587667.184831,109.57619833946228,45,56,55,42.715,56.87,52.33,057.285,4.82628415300546,017.883114754098358
1769587667.261255,109.652752161026,45,56,55,42.745,56.86,52.36,057.255,4.816284153005462,017.853114754098357
1769587667.329987,109.72143220901489,45,56,55,42.775,56.85,52.39,057.225,4.806284153005464,017.823114754098356
1769587667.4006631,109.79219937324524,45,56,55,42.805,56.84,52.42,057.195,4.796284153005466,017.793114754098355
1769587667.483078,109.87448930740356,45,56,55,42.835,56.83,52.445,057.165,4.786284153005461,017.768114754098356
1769587667.550698,109.94222521781921,45,56,55,42.86,56.825,52.47,057.14,4.7812841530054655,017.743114754098357
1769587667.621679,110.01318407058716,45,56,55,42.89,56.82,52.495,057.11,4.776284153005463,017.71811475409836
1769587667.7144902,110.10181021690369,45,56,55,42.92,56.81,52.52,057.08,4.766284153005465,017.693114754098353
1769587667.80768,110.19316506385803,45,55,56,42.95,56.795,52.55,057.05,4.751284153005464,017.66311475409836
1769587667.874945,110.26623725891113,45,56,56,42.98,56.785,52.58,057.02,4.741284153005459,017.633114754098358
1769587667.946054,110.33735823631287,45,56,55,43.005,56.775,52.605,056.995,4.731284153005461,017.60811475409836
1769587668.04112,110.43261218070984,45,56,55,43.03,56.77,52.63,056.97,4.726284153005466,017.583114754098354
1769587668.111625,110.50300908088684,45,55,56,43.06,56.76,52.66,056.94,4.716284153005461,017.55311475409836
1769587668.189114,110.57916903495789,45,55,56,43.085,56.75,52.69,056.915,4.706284153005463,017.52311475409836
1769587668.2762702,110.66772723197937,45,56,55,43.11,56.745,52.715,056.89,4.70128415300546,017.498114754098353
1769587668.3496478,110.74117517471313,45,56,55,43.135,56.74,52.74,056.865,4.696284153005465,017.473114754098354
1769587668.418001,110.80940914154053,45,55,56,43.16,56.73,52.77,056.84,4.6862841530054595,017.443114754098353
1769587668.48826,110.87985324859619,45,55,56,43.185,56.72,52.8,056.815,4.6762841530054615,017.41311475409836
1769587668.549574,110.94123029708862,45,55,56,43.21,56.71,52.83,056.79,4.6662841530054635,017.383114754098358
1769587668.610624,111.0023102760315,45,55,56,43.235,56.7,52.86,056.765,4.6562841530054655,017.353114754098357
1769587668.667131,111.0586211681366,45,56,55,43.26,56.695,52.885,056.74,4.651284153005463,017.328114754098358
1769587668.722982,111.11461138725281,44,56,55,43.28,56.69,52.905,056.72,4.64628415300546,017.308114754098355
1769587668.7809339,111.17263913154602,44,56,55,43.3,56.685,52.925,056.7,4.641284153005465,017.28811475409836
1769587668.8349519,111.22668313980103,45,56,55,43.325,56.68,52.945,056.675,4.636284153005462,017.268114754098356
1769587668.888063,111.27974915504456,44,56,55,43.345,56.675,52.965,056.655,4.63128415300546,017.248114754098353
1769587668.942515,111.33422017097473,44,56,54,43.365,56.67,52.98,056.635,4.626284153005464,017.23311475409836
1769587668.998286,111.3899621963501,44,56,55,43.385,56.665,53.0,056.615,4.621284153005462,017.213114754098356
1769587669.053129,111.4447910785675,45,56,56,43.41,56.66,53.025,056.59,4.616284153005459,017.188114754098358
1769587669.107528,111.49922037124634,45,56,55,43.435,56.655,53.05,056.565,4.611284153005464,017.16311475409836
1769587669.163384,111.55488514900208,44,56,55,43.455,56.65,53.07,056.545,4.606284153005461,017.143114754098356
1769587669.2164721,111.60818314552307,44,56,55,43.47,56.645,53.09,056.53,4.601284153005466,017.123114754098353
1769587669.2772381,111.66842222213745,44,56,55,43.485,56.64,53.11,056.515,4.596284153005463,017.103114754098357
1769587669.3435168,111.73496341705322,44,56,54,43.5,56.635,53.125,056.5,4.591284153005461,017.088114754098356
1769587669.411073,111.80264711380005,44,56,54,43.515,56.63,53.14,056.485,4.586284153005465,017.073114754098356
1769587669.468502,111.8601701259613,44,56,54,43.53,56.625,53.155,056.47,4.581284153005463,017.058114754098355
1769587669.5212722,111.91300415992737,43,57,53,43.54,56.625,53.165,056.46,4.581284153005463,017.048114754098357
1769587669.572447,111.9641501903534,43,57,53,43.55,56.625,53.17,056.45,4.581284153005463,017.043114754098355
1769587669.627609,112.01922631263733,44,56,53,43.57,56.62,53.18,056.43,4.57628415300546,017.033114754098357
1769587669.6868742,112.07850909233093,43,56,53,43.575,56.615,53.185,056.425,4.571284153005465,017.028114754098354
1769587669.742656,112.13435125350952,43,56,53,43.585,56.61,53.19,056.415,4.566284153005462,017.02311475409836
1769587669.793592,112.18530917167664,43,57,53,43.595,56.61,53.2,056.405,4.566284153005462,017.013114754098353
1769587669.844865,112.23659539222717,43,57,53,43.6,56.61,53.205,056.4,4.566284153005462,017.008114754098358
1769587669.895095,112.28670907020569,43,57,53,43.61,56.61,53.21,056.39,4.566284153005462,017.003114754098355
1769587669.944242,112.33591723442078,43,56,53,43.615,56.605,53.215,056.385,4.5612841530054595,016.998114754098353
1769587669.9931011,112.38481426239014,43,56,53,43.625,56.6,53.22,056.375,4.556284153005464,016.993114754098357
1769587670.043524,112.43525624275208,43,57,52,43.635,56.6,53.22,056.365,4.556284153005464,016.993114754098357
1769587670.095309,112.48682618141174,42,57,52,43.635,56.605,53.215,056.365,4.5612841530054595,016.998114754098353
1769587670.143765,112.53546810150146,42,57,51,43.635,56.61,53.205,056.365,4.566284153005462,017.008114754098358
1769587670.1950788,112.58676314353943,43,57,52,43.64,56.61,53.205,056.36,4.566284153005462,017.008114754098358
1769587670.247732,112.63939309120178,43,57,52,43.645,56.61,53.21,056.355,4.566284153005462,017.003114754098355
1769587670.303039,112.69478726387024,42,57,51,43.645,56.61,53.205,056.355,4.566284153005462,017.008114754098358
1769587670.3577442,112.74940800666809,42,57,51,43.645,56.61,53.2,056.355,4.566284153005462,017.013114754098353
1769587670.4261272,112.81742525100708,42,57,51,43.65,56.61,53.2,056.35,4.566284153005462,017.013114754098353
1769587670.5059159,112.89741730690002,42,57,51,43.65,56.61,53.195,056.35,4.566284153005462,017.018114754098356
1769587670.5770261,112.96852731704712,43,57,52,43.655,56.61,53.195,056.345,4.566284153005462,017.018114754098356
1769587670.632295,113.0236144065857,43,57,52,43.66,56.61,53.195,056.34,4.566284153005462,017.018114754098356
1769587670.683418,113.07512617111206,43,57,52,43.665,56.61,53.195,056.335,4.566284153005462,017.018114754098356
1769587670.736541,113.1282570362091,43,57,52,43.67,56.61,53.195,056.33,4.566284153005462,017.018114754098356
1769587670.791491,113.18320226669312,42,57,52,43.67,56.61,53.195,056.33,4.566284153005462,017.018114754098356
1769587670.855797,113.24746012687683,42,57,51,43.67,56.61,53.19,056.33,4.566284153005462,017.02311475409836
1769587670.9329312,113.32436418533325,43,58,51,43.675,56.615,53.18,056.325,4.571284153005465,017.033114754098357
1769587671.0080051,113.39953923225403,43,58,51,43.68,56.62,53.175,056.32,4.57628415300546,017.03811475409836
1769587671.08114,113.47277212142944,42,58,51,43.68,56.625,53.17,056.32,4.581284153005463,017.043114754098355
1769587671.162894,113.55432510375977,42,57,51,43.68,56.625,53.165,056.32,4.581284153005463,017.048114754098357
1769587671.261395,113.65194535255432,42,57,51,43.68,56.625,53.16,056.32,4.581284153005463,017.05311475409836
1769587671.354665,113.74590110778809,42,58,51,43.68,56.63,53.155,056.32,4.586284153005465,017.058114754098355
1769587671.412139,113.80374813079834,42,57,51,43.68,56.63,53.15,056.32,4.586284153005465,017.063114754098358
1769587671.46925,113.86092209815979,43,57,51,43.685,56.63,53.145,056.315,4.586284153005465,017.068114754098353
1769587671.5358741,113.92745804786682,43,58,51,43.685,56.635,53.14,056.315,4.591284153005461,017.073114754098356
1769587671.607584,113.99906420707703,43,58,51,43.685,56.64,53.13,056.315,4.596284153005463,017.083114754098354
1769587671.6941152,114.08565711975098,43,58,51,43.685,56.645,53.12,056.315,4.601284153005466,017.09311475409836
1769587671.7687411,114.16026020050049,43,57,52,43.685,56.645,53.12,056.315,4.601284153005466,017.09311475409836
1769587671.830728,114.2220070362091,43,57,52,43.685,56.645,53.12,056.315,4.601284153005466,017.09311475409836
1769587671.900981,114.29216623306274,43,57,52,43.685,56.645,53.12,056.315,4.601284153005466,017.09311475409836
1769587671.9980302,114.38949918746948,43,57,52,43.685,56.645,53.12,056.315,4.601284153005466,017.09311475409836
1769587672.072416,114.46401929855347,43,57,52,43.69,56.645,53.12,056.31,4.601284153005466,017.09311475409836
1769587672.141799,114.53339123725891,43,57,52,43.695,56.645,53.12,056.305,4.601284153005466,017.09311475409836
1769587672.211814,114.60322523117065,44,57,52,43.7,56.645,53.12,056.3,4.601284153005466,017.09311475409836
1769587672.279479,114.67102432250977,43,57,52,43.7,56.645,53.12,056.3,4.601284153005466,017.09311475409836
1769587672.339126,114.73080921173096,43,57,52,43.7,56.645,53.12,056.3,4.601284153005466,017.09311475409836
1769587672.391793,114.78348731994629,43,57,52,43.7,56.645,53.12,056.3,4.601284153005466,017.09311475409836
1769587672.4461691,114.83781719207764,44,57,52,43.705,56.645,53.12,056.295,4.601284153005466,017.09311475409836
1769587672.50143,114.89313411712646,44,57,52,43.71,56.645,53.12,056.29,4.601284153005466,017.09311475409836
1769587672.553388,114.94509315490723,44,57,52,43.715,56.645,53.12,056.285,4.601284153005466,017.09311475409836
1769587672.60571,114.99739813804626,44,57,52,43.72,56.645,53.12,056.28,4.601284153005466,017.09311475409836
1769587672.654923,115.04644417762756,44,57,52,43.725,56.645,53.12,056.275,4.601284153005466,017.09311475409836
1769587672.709596,115.1012921333313,44,57,52,43.73,56.645,53.12,056.27,4.601284153005466,017.09311475409836
1769587672.76351,115.1551342010498,44,57,53,43.735,56.645,53.125,056.265,4.601284153005466,017.088114754098356
1769587672.826359,115.21771025657654,44,57,53,43.74,56.645,53.13,056.26,4.601284153005466,017.083114754098354
1769587672.8813498,115.27294325828552,44,57,52,43.745,56.645,53.13,056.255,4.601284153005466,017.083114754098354
1769587672.932928,115.32447528839111,44,57,52,43.75,56.645,53.13,056.25,4.601284153005466,017.083114754098354
1769587672.982197,115.37390637397766,44,57,53,43.755,56.645,53.135,056.245,4.601284153005466,017.078114754098358
1769587673.0364668,115.42812633514404,44,57,53,43.76,56.645,53.14,056.24,4.601284153005466,017.073114754098356
1769587673.091056,115.48259425163269,44,57,52,43.765,56.645,53.14,056.235,4.601284153005466,017.073114754098356
1769587673.150522,115.54189229011536,44,57,53,43.77,56.645,53.145,056.23,4.601284153005466,017.068114754098353
1769587673.205703,115.59720921516418,44,57,53,43.775,56.645,53.15,056.225,4.601284153005466,017.063114754098358
1769587673.2612128,115.65293216705322,44,57,53,43.78,56.645,53.155,056.22,4.601284153005466,017.058114754098355
1769587673.310383,115.70204019546509,44,57,53,43.78,56.645,53.155,056.22,4.601284153005466,017.058114754098355
1769587673.361475,115.75317311286926,45,57,53,43.79,56.645,53.16,056.21,4.601284153005466,017.05311475409836
1769587673.412744,115.8044364452362,44,57,53,43.795,56.645,53.165,056.205,4.601284153005466,017.048114754098357
1769587673.4666848,115.8583562374115,44,57,53,43.8,56.645,53.17,056.2,4.601284153005466,017.043114754098355
1769587673.525528,115.91706228256226,44,57,53,43.805,56.645,53.175,056.195,4.601284153005466,017.03811475409836
1769587673.592313,115.9837601184845,44,57,53,43.81,56.645,53.18,056.19,4.601284153005466,017.033114754098357
1769587673.6478982,116.03946328163147,44,57,53,43.815,56.645,53.185,056.185,4.601284153005466,017.028114754098354
1769587673.697694,116.0894181728363,44,57,53,43.82,56.645,53.19,056.18,4.601284153005466,017.02311475409836
1769587673.744799,116.13654828071594,44,57,53,43.82,56.645,53.19,056.18,4.601284153005466,017.02311475409836
1769587673.794722,116.18635702133179,45,57,53,43.825,56.645,53.19,056.175,4.601284153005466,017.02311475409836
1769587673.844357,116.23605608940125,45,57,53,43.835,56.645,53.195,056.165,4.601284153005466,017.018114754098356
1769587673.895791,116.28749322891235,45,57,53,43.845,56.645,53.2,056.155,4.601284153005466,017.013114754098353
1769587673.9532008,116.34483313560486,44,57,53,43.85,56.645,53.205,056.15,4.601284153005466,017.008114754098358
1769587674.009578,116.40120124816895,44,57,53,43.855,56.645,53.21,056.145,4.601284153005466,017.003114754098355
1769587674.063251,116.4549560546875,44,57,53,43.86,56.645,53.215,056.14,4.601284153005466,016.998114754098353
1769587674.112355,116.50404214859009,44,57,53,43.86,56.645,53.22,056.14,4.601284153005466,016.993114754098357
1769587674.161506,116.55321526527405,45,56,54,43.865,56.64,53.225,056.135,4.596284153005463,016.988114754098355
1769587674.211066,116.60274028778076,46,56,54,43.875,56.635,53.23,056.125,4.591284153005461,016.98311475409836
1769587674.271227,116.66264510154724,45,56,54,43.88,56.63,53.235,056.12,4.586284153005465,016.978114754098357
1769587674.325098,116.71643114089966,45,56,54,43.885,56.625,53.24,056.115,4.581284153005463,016.973114754098354
1769587674.376962,116.7685341835022,45,57,54,43.89,56.625,53.245,056.11,4.581284153005463,016.96811475409836
1769587674.431036,116.82274031639099,45,56,54,43.895,56.62,53.25,056.105,4.57628415300546,016.963114754098356
1769587674.479701,116.87142419815063,45,56,54,43.9,56.615,53.255,056.1,4.571284153005465,016.958114754098354
1769587674.5323,116.92396903038025,46,56,54,43.915,56.61,53.26,056.085,4.566284153005462,016.953114754098358
1769587674.58514,116.97684717178345,46,56,55,43.93,56.605,53.275,056.07,4.5612841530054595,016.938114754098358
1769587674.636596,117.02832317352295,46,56,55,43.94,56.6,53.285,056.06,4.556284153005464,016.92811475409836
1769587674.683737,117.07545924186707,46,56,55,43.95,56.595,53.295,056.05,4.5512841530054615,016.918114754098355
1769587674.732853,117.12445211410522,46,56,55,43.96,56.59,53.305,056.04,4.546284153005466,016.908114754098357
1769587674.7900732,117.18179321289062,46,56,55,43.97,56.585,53.315,056.03,4.5412841530054635,016.89811475409836
1769587674.8601348,117.25128722190857,46,56,55,43.98,56.58,53.325,056.02,4.536284153005461,016.888114754098353
1769587674.953088,117.3430871963501,46,56,55,43.99,56.575,53.335,056.01,4.5312841530054655,016.878114754098355
1769587675.065311,117.45645904541016,46,56,55,44.0,56.57,53.345,056.0,4.526284153005463,016.868114754098357
1769587675.1560671,117.54718518257141,46,56,55,44.01,56.565,53.355,055.99,4.52128415300546,016.85811475409836
1769587675.2427268,117.63428521156311,46,56,55,44.02,56.56,53.365,055.98,4.516284153005465,016.848114754098354
1769587675.3305311,117.72203707695007,46,56,55,44.03,56.555,53.375,055.97,4.511284153005462,016.838114754098356
1769587675.424344,117.81580209732056,46,56,55,44.04,56.55,53.385,055.96,4.50628415300546,016.828114754098358
1769587675.4823601,117.87395524978638,46,56,55,44.05,56.545,53.395,055.95,4.501284153005464,016.818114754098353
1769587675.537903,117.92961120605469,46,56,55,44.06,56.54,53.405,055.94,4.496284153005462,016.808114754098355
1769587675.591734,117.9831371307373,46,56,55,44.07,56.535,53.415,055.93,4.491284153005459,016.798114754098357
1769587675.65659,118.04742813110352,46,56,56,44.08,56.53,53.43,055.92,4.486284153005464,016.783114754098357
1769587675.7448661,118.13641428947449,47,56,56,44.095,56.525,53.445,055.905,4.481284153005461,016.768114754098356
1769587675.810082,118.2016351222992,47,56,56,44.11,56.52,53.46,055.89,4.476284153005466,016.753114754098355
1769587675.8684428,118.25972628593445,47,56,56,44.125,56.515,53.475,055.875,4.471284153005463,016.738114754098355
1769587675.922814,118.31450700759888,47,56,56,44.14,56.51,53.49,055.86,4.466284153005461,016.723114754098354
1769587675.987315,118.37835216522217,47,55,56,44.155,56.5,53.505,055.845,4.456284153005463,016.708114754098354
1769587676.067038,118.45789003372192,46,56,56,44.165,56.495,53.52,055.835,4.45128415300546,016.693114754098353
1769587676.14992,118.54137229919434,47,55,56,44.18,56.485,53.535,055.82,4.441284153005462,016.67811475409836
1769587676.233996,118.62525629997253,47,55,57,44.195,56.475,53.555,055.805,4.431284153005464,016.658114754098357
1769587676.297806,118.68946719169617,47,56,56,44.21,56.47,53.57,055.79,4.4262841530054615,016.643114754098356
1769587676.351999,118.74372124671936,47,56,56,44.225,56.465,53.585,055.775,4.421284153005466,016.628114754098355
1769587676.418529,118.80905222892761,47,56,56,44.24,56.46,53.6,055.76,4.4162841530054635,016.613114754098355
1769587676.489816,118.88137340545654,47,55,56,44.255,56.45,53.62,055.745,4.4062841530054655,016.59311475409836
1769587676.5650759,118.95658326148987,47,55,56,44.275,56.44,53.64,055.725,4.39628415300546,016.573114754098356
1769587676.572445,118.96365213394165,47,56,56,44.29,56.435,53.655,055.71,4.391284153005465,016.558114754098355
1769587676.6437461,119.03491926193237,47,56,56,44.305,56.435,53.665,055.695,4.391284153005465,016.548114754098357
1769587676.711329,119.10294818878174,47,56,56,44.315,56.435,53.675,055.685,4.391284153005465,016.53811475409836
1769587676.7790961,119.170419216156,47,55,56,44.33,56.425,53.69,055.67,4.38128415300546,016.52311475409836
1769587676.8418822,119.2331063747406,47,56,56,44.345,56.42,53.71,055.655,4.376284153005464,016.503114754098355
1769587676.914111,119.30546426773071,47,55,56,44.36,56.41,53.725,055.64,4.366284153005459,016.488114754098355
1769587676.922166,119.31332206726074,47,55,57,44.375,56.4,53.745,055.625,4.356284153005461,016.46811475409836
1769587677.0008361,119.39199113845825,47,55,56,44.39,56.39,53.76,055.61,4.346284153005463,016.453114754098358
1769587677.085723,119.47699522972107,47,56,56,44.405,56.385,53.775,055.595,4.341284153005461,016.438114754098358
1769587677.156095,119.54768013954163,47,55,56,44.42,56.375,53.79,055.58,4.331284153005463,016.423114754098357
1769587677.222073,119.61370706558228,47,55,56,44.435,56.365,53.805,055.565,4.321284153005465,016.408114754098357
1769587677.278458,119.67018699645996,47,55,56,44.45,56.355,53.82,055.55,4.3112841530054595,016.393114754098356
1769587677.334322,119.72602319717407,47,55,56,44.465,56.345,53.835,055.535,4.3012841530054615,016.378114754098355
1769587677.388351,119.78005313873291,47,55,56,44.48,56.335,53.85,055.52,4.2912841530054635,016.363114754098355
1769587677.4491148,119.84058213233948,47,55,57,44.495,56.325,53.87,055.505,4.2812841530054655,016.34311475409836
1769587677.525292,119.91643023490906,47,55,56,44.51,56.315,53.885,055.49,4.27128415300546,016.328114754098358
1769587677.610817,120.00186419487,47,55,57,44.525,56.305,53.905,055.475,4.261284153005462,016.308114754098355
1769587677.685317,120.07687711715698,47,55,57,44.54,56.295,53.925,055.46,4.251284153005464,016.28811475409836
1769587677.749291,120.1409821510315,47,55,56,44.555,56.285,53.94,055.445,4.241284153005459,016.27311475409836
1769587677.806499,120.19814825057983,47,55,56,44.57,56.28,53.95,055.43,4.236284153005464,016.263114754098353
1769587677.8641632,120.25589036941528,47,55,57,44.585,56.275,53.965,055.415,4.231284153005461,016.248114754098353
1769587677.872323,120.26396322250366,47,55,56,44.6,56.27,53.975,055.4,4.226284153005466,016.238114754098355
1769587677.9260821,120.31779527664185,47,55,56,44.615,56.26,53.99,055.385,4.216284153005461,016.223114754098354
1769587677.981864,120.37332201004028,47,55,56,44.63,56.25,54.005,055.37,4.206284153005463,016.208114754098354
1769587678.038155,120.42977523803711,47,55,57,44.645,56.245,54.025,055.355,4.20128415300546,016.188114754098358
1769587678.095789,120.4874951839447,47,55,57,44.66,56.24,54.04,055.34,4.196284153005465,016.173114754098357
1769587678.1500711,120.54179525375366,47,55,56,44.675,56.235,54.05,055.325,4.191284153005462,016.16311475409836
1769587678.219168,120.61040115356445,47,55,57,44.69,56.23,54.065,055.31,4.1862841530054595,016.14811475409836
1769587678.310428,120.7018654346466,47,55,57,44.705,56.225,54.085,055.295,4.181284153005464,016.128114754098355
1769587678.402207,120.79378724098206,47,55,56,44.72,56.22,54.095,055.28,4.1762841530054615,016.118114754098357
1769587678.484472,120.87591218948364,47,55,57,44.735,56.215,54.11,055.265,4.171284153005466,016.103114754098357
1769587678.562249,120.95385527610779,47,55,57,44.75,56.21,54.125,055.25,4.1662841530054635,016.088114754098356
1769587678.6253362,121.01699733734131,47,55,56,44.765,56.205,54.135,055.235,4.161284153005461,016.078114754098358
1769587678.681952,121.07362723350525,47,55,56,44.78,56.2,54.145,055.22,4.1562841530054655,016.068114754098353
1769587678.7381718,121.12960314750671,47,55,56,44.795,56.195,54.155,055.205,4.151284153005463,016.058114754098355
1769587678.7912052,121.18294405937195,47,55,57,44.81,56.19,54.17,055.19,4.14628415300546,016.043114754098355
1769587678.860554,121.25221133232117,47,55,57,44.825,56.185,54.185,055.175,4.141284153005465,016.028114754098354
1769587678.944331,121.3353111743927,47,55,57,44.84,56.18,54.2,055.16,4.136284153005462,016.013114754098353
1769587679.036066,121.42748212814331,47,55,57,44.855,56.175,54.215,055.145,4.13128415300546,015.998114754098353
1769587679.218142,121.60944724082947,47,55,57,44.87,56.17,54.23,055.13,4.126284153005464,015.98311475409836
1769587679.424114,121.81556510925293,47,55,57,44.885,56.165,54.245,055.115,4.121284153005462,015.968114754098359
1769587679.602941,121.99424529075623,47,55,57,44.9,56.16,54.26,055.1,4.116284153005459,015.953114754098358
1769587679.693089,122.08463215827942,47,55,57,44.915,56.155,54.275,055.085,4.111284153005464,015.938114754098358
1769587679.769074,122.16043424606323,47,55,57,44.93,56.15,54.29,055.07,4.106284153005461,015.923114754098357
1769587679.8362062,122.22774314880371,47,55,57,44.945,56.145,54.3,055.055,4.101284153005466,015.913114754098359
1769587679.906705,122.29811024665833,47,55,57,44.955,56.14,54.31,055.045,4.096284153005463,015.903114754098354
1769587679.970002,122.36142110824585,47,55,57,44.965,56.135,54.32,055.035,4.091284153005461,015.893114754098356
1769587680.048656,122.43998837471008,47,55,57,44.975,56.13,54.33,055.025,4.086284153005465,015.883114754098358
1769587680.1338592,122.52519607543945,47,55,57,44.99,56.125,54.34,055.01,4.081284153005463,015.873114754098353
1769587680.223362,122.61484742164612,47,55,57,45.005,56.12,54.35,054.995,4.07628415300546,015.863114754098355
1769587680.290368,122.68203115463257,47,55,57,45.015,56.115,54.36,054.985,4.071284153005465,015.853114754098357
1769587680.345821,122.73743224143982,47,55,57,45.025,56.11,54.37,054.975,4.066284153005462,015.843114754098359
1769587680.408451,122.79981637001038,47,55,57,45.035,56.105,54.38,054.965,4.0612841530054595,015.833114754098354
1769587680.470911,122.86238741874695,47,55,57,45.045,56.1,54.39,054.955,4.056284153005464,015.823114754098356
1769587680.5322938,122.92379522323608,47,55,56,45.055,56.095,54.395,054.945,4.0512841530054615,015.818114754098353
1769587680.6115782,123.00289940834045,47,55,56,45.065,56.09,54.4,054.935,4.046284153005466,015.813114754098358
1769587680.693631,123.08481311798096,47,55,57,45.075,56.085,54.41,054.925,4.0412841530054635,015.80311475409836
1769587680.776768,123.16833519935608,47,55,57,45.085,56.08,54.42,054.915,4.036284153005461,015.793114754098355
1769587680.851913,123.2432153224945,47,55,57,45.095,56.08,54.425,054.905,4.036284153005461,015.788114754098359
1769587680.918321,123.30971121788025,47,55,57,45.105,56.075,54.43,054.895,4.0312841530054655,015.783114754098357
1769587680.977229,123.36877727508545,47,55,57,45.115,56.07,54.44,054.885,4.026284153005463,015.773114754098359
1769587681.037811,123.42942309379578,47,55,57,45.125,56.065,54.45,054.875,4.02128415300546,015.763114754098353
1769587681.110083,123.50147104263306,47,55,57,45.135,56.065,54.455,054.865,4.02128415300546,015.758114754098358
1769587681.171229,123.56277513504028,47,55,57,45.145,56.065,54.46,054.855,4.02128415300546,015.753114754098355
1769587681.231819,123.62307214736938,47,55,57,45.155,56.06,54.47,054.845,4.016284153005465,015.743114754098357
1769587681.302912,123.6944739818573,47,55,57,45.165,56.055,54.48,054.835,4.011284153005462,015.73311475409836
1769587681.390435,123.78198409080505,47,55,57,45.175,56.055,54.485,054.825,4.011284153005462,015.728114754098357
1769587681.469048,123.86062741279602,47,55,57,45.185,56.055,54.49,054.815,4.011284153005462,015.723114754098354
1769587681.534247,123.92559432983398,47,55,57,45.195,56.055,54.495,054.805,4.011284153005462,015.718114754098359
1769587681.5985541,123.99019813537598,47,55,57,45.205,56.055,54.5,054.795,4.011284153005462,015.713114754098356
1769587681.661675,124.05310916900635,47,55,57,45.215,56.05,54.51,054.785,4.00628415300546,015.703114754098358
1769587681.717196,124.10890030860901,47,55,57,45.23,56.045,54.52,054.77,4.001284153005464,015.693114754098353
1769587681.78646,124.17810320854187,47,55,57,45.245,56.04,54.53,054.755,3.996284153005462,015.683114754098355
1769587681.870999,124.26182818412781,48,55,57,45.26,56.035,54.54,054.74,3.9912841530054592,015.673114754098357
1769587681.956982,124.3484480381012,48,55,58,45.28,56.03,54.555,054.72,3.986284153005464,015.658114754098357
1769587682.022144,124.41370820999146,47,55,57,45.295,56.025,54.57,054.705,3.9812841530054612,015.643114754098356
1769587682.081326,124.47297430038452,47,55,57,45.31,56.02,54.58,054.69,3.976284153005466,015.633114754098358
1769587682.139641,124.53101921081543,47,55,58,45.32,56.015,54.59,054.68,3.9712841530054632,015.623114754098353
1769587682.204455,124.5960340499878,48,55,58,45.335,56.01,54.605,054.665,3.9662841530054607,015.60811475409836
1769587682.2737422,124.6653470993042,48,55,58,45.355,56.005,54.62,054.645,3.961284153005465,015.593114754098359
1769587682.336603,124.72805523872375,48,55,58,45.375,56.0,54.635,054.625,3.9562841530054627,015.578114754098358
1769587682.395089,124.78662824630737,48,55,58,45.395,55.995,54.65,054.605,3.95128415300546,015.563114754098358
1769587682.4590552,124.8505482673645,48,55,58,45.415,55.99,54.67,054.585,3.9462841530054646,015.543114754098355
1769587682.540521,124.93185925483704,47,55,57,45.43,55.985,54.685,054.57,3.941284153005462,015.528114754098354
1769587682.621443,125.01293921470642,48,55,58,45.45,55.98,54.705,054.55,3.9362841530054595,015.508114754098358
1769587682.695612,125.08726620674133,48,55,58,45.475,55.97,54.73,054.525,3.9262841530054615,015.48311475409836
1769587682.7581,125.14958310127258,48,55,58,45.5,55.96,54.755,054.5,3.9162841530054635,015.458114754098354
1769587682.821692,125.21324801445007,48,55,58,45.52,55.955,54.78,054.48,3.911284153005461,015.433114754098355
1769587682.888503,125.27963924407959,48,55,58,45.545,55.95,54.805,054.455,3.9062841530054655,015.408114754098357
1769587682.959525,125.35087513923645,48,55,58,45.57,55.945,54.83,054.43,3.901284153005463,015.383114754098358
1769587683.0361059,125.42763638496399,48,55,58,45.595,55.935,54.855,054.405,3.891284153005465,015.35811475409836
1769587683.115479,125.50695323944092,48,55,58,45.62,55.925,54.88,054.38,3.88128415300546,015.333114754098354
1769587683.190099,125.58108711242676,48,55,58,45.645,55.915,54.905,054.355,3.871284153005462,015.308114754098355
1769587683.250452,125.64210629463196,48,55,58,45.67,55.91,54.93,054.33,3.8662841530054592,015.283114754098357
1769587683.309865,125.7015380859375,48,55,58,45.695,55.905,54.955,054.305,3.861284153005464,015.258114754098358
1769587683.369932,125.76146411895752,48,55,58,45.72,55.895,54.985,054.28,3.851284153005466,015.228114754098357
1769587683.4343522,125.82572317123413,48,54,59,45.75,55.88,55.02,054.25,3.836284153005465,015.193114754098353
1769587683.4982789,125.88979315757751,49,54,59,45.785,55.865,55.06,054.215,3.8212841530054646,015.153114754098354
1769587683.557607,125.94924640655518,48,55,59,45.81,55.855,55.095,054.19,3.8112841530054595,015.118114754098357
1769587683.613499,126.00516414642334,48,55,58,45.835,55.845,55.125,054.165,3.8012841530054615,015.088114754098356
1769587683.677359,126.06900835037231,48,55,58,45.865,55.835,55.16,054.135,3.7912841530054635,015.05311475409836
1769587683.756669,126.1481761932373,48,55,58,45.895,55.825,55.195,054.105,3.7812841530054655,015.018114754098356
1769587683.8301399,126.22162818908691,48,55,58,45.925,55.815,55.23,054.075,3.7712841530054604,014.98311475409836
1769587683.909537,126.3003420829773,48,55,58,45.955,55.805,55.265,054.045,3.7612841530054624,014.948114754098356
1769587683.998945,126.39009928703308,48,55,58,45.98,55.795,55.295,054.02,3.7512841530054644,014.918114754098355
1769587684.083217,126.47418427467346,48,55,58,46.005,55.785,55.325,053.995,3.7412841530054592,014.888114754098353
1769587684.1652071,126.55675220489502,48,55,58,46.03,55.775,55.355,053.97,3.7312841530054612,014.85811475409836
1769587684.234517,126.62582230567932,48,55,58,46.055,55.765,55.385,053.945,3.7212841530054632,014.828114754098358
1769587684.294813,126.68645930290222,48,55,58,46.085,55.755,55.415,053.915,3.711284153005465,014.798114754098357
1769587684.355619,126.74712133407593,48,54,59,46.115,55.74,55.455,053.885,3.6962841530054646,014.758114754098358
1769587684.409013,126.80071020126343,48,54,59,46.14,55.72,55.495,053.86,3.6762841530054615,014.718114754098359
1769587684.4633238,126.8550112247467,48,54,59,46.165,55.7,55.535,053.835,3.6562841530054655,014.67811475409836
1769587684.519607,126.91131329536438,49,54,59,46.2,55.68,55.575,053.8,3.6362841530054624,014.638114754098353
1769587684.584224,126.97576332092285,48,54,59,46.23,55.665,55.615,053.77,3.621284153005462,014.598114754098354
1769587684.67285,127.06429743766785,48,55,59,46.26,55.655,55.655,053.74,3.611284153005464,014.558114754098355
1769587684.771123,127.16173434257507,48,55,58,46.29,55.64,55.69,053.71,3.5962841530054632,014.523114754098359
1769587684.8519292,127.24348711967468,48,55,58,46.32,55.63,55.725,053.68,3.586284153005465,014.488114754098355
1769587684.914903,127.30638718605042,48,55,59,46.345,55.62,55.765,053.655,3.57628415300546,014.448114754098356
1769587684.984222,127.37505102157593,48,55,58,46.37,55.605,55.8,053.63,3.5612841530054595,014.413114754098359
1769587685.065186,127.4559543132782,48,55,58,46.395,55.59,55.835,053.605,3.546284153005466,014.378114754098355
1769587685.182875,127.57443833351135,48,55,59,46.42,55.575,55.875,053.58,3.5312841530054655,014.338114754098356
1769587685.241204,127.63279008865356,48,55,59,46.445,55.565,55.91,053.555,3.5212841530054604,014.30311475409836
1769587685.294749,127.68634605407715,48,54,59,46.47,55.55,55.945,053.53,3.50628415300546,014.268114754098356
1769587685.3580601,127.74951124191284,48,54,59,46.495,55.535,55.98,053.505,3.4912841530054592,014.23311475409836
1769587685.422753,127.81410837173462,48,54,59,46.52,55.52,56.015,053.48,3.476284153005466,014.198114754098356
1769587685.4830022,127.87448620796204,48,54,59,46.545,55.505,56.05,053.455,3.461284153005465,014.163114754098359
1769587685.545134,127.93667030334473,48,54,59,46.57,55.49,56.085,053.43,3.4462841530054646,014.128114754098355
1769587685.602556,127.99429607391357,48,54,59,46.59,55.475,56.12,053.41,3.431284153005464,014.093114754098359
1769587685.6492522,128.04095721244812,48,54,59,46.615,55.46,56.155,053.385,3.4162841530054635,014.058114754098355
1769587685.695907,128.08755731582642,48,54,59,46.64,55.445,56.19,053.36,3.401284153005463,014.023114754098359
1769587685.74504,128.13673424720764,49,54,59,46.67,55.43,56.225,053.33,3.3862841530054624,013.988114754098355
1769587685.794571,128.18628811836243,48,55,59,46.69,55.42,56.26,053.31,3.3762841530054644,013.953114754098358
1769587685.8454232,128.23713517189026,48,55,59,46.71,55.41,56.295,053.29,3.3662841530054592,013.918114754098355
1769587685.8972979,128.28900623321533,48,55,59,46.73,55.4,56.33,053.27,3.3562841530054612,013.883114754098358
1769587685.954688,128.34633231163025,48,55,59,46.75,55.39,56.365,053.25,3.3462841530054632,013.848114754098354
1769587686.027276,128.41861510276794,48,54,59,46.77,55.375,56.4,053.23,3.3312841530054627,013.813114754098358
1769587686.129057,128.52055501937866,48,54,59,46.79,55.36,56.435,053.21,3.316284153005462,013.778114754098354
1769587686.211713,128.60315537452698,48,54,59,46.81,55.345,56.465,053.19,3.3012841530054615,013.748114754098353
1769587686.380186,128.7716453075409,48,54,59,46.83,55.33,56.495,053.17,3.286284153005461,013.718114754098359
1769587686.4729102,128.8643581867218,48,54,59,46.85,55.315,56.53,053.15,3.2712841530054604,013.683114754098355
1769587686.5683572,128.95881819725037,48,54,59,46.87,55.3,56.565,053.13,3.25628415300546,013.648114754098359
1769587686.656818,129.0482623577118,48,54,59,46.89,55.285,56.595,053.11,3.2412841530054592,013.618114754098357
1769587686.7443688,129.13582634925842,48,54,59,46.91,55.27,56.625,053.09,3.226284153005466,013.588114754098356
1769587686.825975,129.2169053554535,48,54,59,46.93,55.255,56.66,053.07,3.211284153005465,013.55311475409836
1769587686.913323,129.30432224273682,48,54,59,46.95,55.24,56.69,053.05,3.1962841530054646,013.523114754098359
1769587687.001142,129.39230728149414,48,54,59,46.97,55.225,56.72,053.03,3.181284153005464,013.493114754098357
1769587687.071692,129.46253108978271,48,54,59,46.99,55.21,56.75,053.01,3.1662841530054635,013.463114754098356
1769587687.135753,129.52744030952454,48,54,59,47.01,55.195,56.78,052.99,3.151284153005463,013.433114754098355
1769587687.218821,129.60938811302185,48,54,59,47.025,55.18,56.81,052.975,3.1362841530054624,013.403114754098354
1769587687.3158212,129.7067403793335,48,54,59,47.045,55.165,56.84,052.955,3.121284153005462,013.373114754098353
1769587687.493268,129.8847050666809,48,54,59,47.065,55.15,56.87,052.935,3.1062841530054612,013.343114754098359
1769587687.616077,129.99822115898132,48,54,59,47.085,55.135,56.9,052.915,3.0912841530054607,013.313114754098358
1769587687.855244,130.2407512664795,49,54,60,47.11,55.12,56.935,052.89,3.07628415300546,013.278114754098354
1769587688.0661812,130.4576780796051,48,54,59,47.13,55.105,56.965,052.87,3.0612841530054595,013.248114754098353
1769587688.151266,130.5423321723938,48,54,59,47.15,55.09,56.995,052.85,3.046284153005466,013.218114754098359
1769587688.2227368,130.61429238319397,49,54,60,47.175,55.075,57.03,052.825,3.0312841530054655,013.183114754098355
1769587688.290022,130.6815984249115,48,54,60,47.19,55.06,57.065,052.81,3.016284153005465,013.148114754098359
1769587688.372759,130.76415419578552,48,54,60,47.205,55.045,57.1,052.795,3.0012841530054644,013.113114754098355
1769587688.472904,130.86380434036255,48,54,59,47.22,55.03,57.13,052.78,2.986284153005464,013.083114754098354
1769587688.575053,130.96665024757385,48,54,59,47.24,55.015,57.16,052.76,2.9712841530054632,013.05311475409836
1769587688.6489,131.0404191017151,48,54,59,47.26,55.0,57.19,052.74,2.9562841530054627,013.023114754098359
1769587688.723197,131.11411929130554,48,54,59,47.28,54.985,57.22,052.72,2.941284153005462,012.993114754098357
1769587688.791606,131.1830952167511,48,55,58,47.3,54.975,57.245,052.7,2.931284153005464,012.968114754098359
1769587688.8573499,131.24874424934387,48,55,58,47.315,54.97,57.265,052.685,2.9262841530054615,012.948114754098356
1769587688.912894,131.30432415008545,48,54,59,47.325,54.96,57.29,052.675,2.9162841530054635,012.923114754098357
1769587688.962604,131.35429406166077,48,54,59,47.34,54.95,57.315,052.66,2.9062841530054655,012.898114754098359
1769587689.014428,131.4061040878296,48,54,59,47.355,54.94,57.34,052.645,2.8962841530054604,012.873114754098353
1769587689.020009,131.41173815727234,48,54,59,47.37,54.925,57.365,052.63,2.88128415300546,012.848114754098354
1769587689.084218,131.47573232650757,48,54,59,47.385,54.915,57.39,052.615,2.871284153005462,012.823114754098356
1769587689.155553,131.54716420173645,48,55,58,47.4,54.91,57.41,052.6,2.8662841530054592,012.80311475409836
1769587689.23119,131.62237739562988,48,55,58,47.41,54.905,57.43,052.59,2.861284153005464,012.783114754098357
1769587689.2982988,131.6897840499878,48,55,59,47.42,54.9,57.45,052.58,2.8562841530054612,012.763114754098353
1769587689.35776,131.74941730499268,49,54,60,47.435,54.89,57.475,052.565,2.8462841530054632,012.738114754098355
1769587689.4139562,131.8053421974182,49,54,60,47.45,54.88,57.5,052.55,2.836284153005465,012.713114754098356
1769587689.4214451,131.81292724609375,48,55,59,47.46,54.875,57.52,052.54,2.8312841530054627,012.693114754098353
1769587689.4945788,131.88594317436218,48,54,59,47.47,54.865,57.54,052.53,2.8212841530054646,012.673114754098357
1769587689.5899022,131.98134016990662,48,54,59,47.48,54.855,57.56,052.52,2.8112841530054595,012.653114754098354
1769587689.718053,132.10938429832458,48,54,59,47.49,54.845,57.58,052.51,2.8012841530054615,012.633114754098358
1769587689.867718,132.25920009613037,48,54,59,47.5,54.835,57.6,052.5,2.7912841530054635,012.613114754098355
1769587690.028995,132.42031526565552,48,54,59,47.51,54.825,57.62,052.49,2.7812841530054655,012.593114754098359
1769587690.137428,132.52884125709534,48,54,59,47.52,54.815,57.64,052.48,2.7712841530054604,012.573114754098356
1769587690.326249,132.71768927574158,49,54,59,47.535,54.805,57.66,052.465,2.7612841530054624,012.55311475409836
1769587690.4379761,132.82881426811218,49,54,59,47.55,54.795,57.68,052.45,2.7512841530054644,012.533114754098357
1769587690.516181,132.90767621994019,48,54,59,47.56,54.785,57.7,052.44,2.7412841530054592,012.513114754098353
1769587690.6080651,132.99865317344666,48,55,58,47.57,54.78,57.715,052.43,2.736284153005464,012.498114754098353
1769587690.787956,133.1784152984619,48,55,58,47.58,54.775,57.73,052.42,2.7312841530054612,012.48311475409836
1769587691.037408,133.4279773235321,48,55,58,47.59,54.77,57.74,052.41,2.726284153005466,012.473114754098354
1769587691.1729128,133.5643482208252,48,54,59,47.595,54.76,57.755,052.405,2.7162841530054607,012.458114754098354
1769587691.4198961,133.81126928329468,48,55,58,47.6,54.755,57.765,052.4,2.711284153005465,012.448114754098356
1769587691.542679,133.9341561794281,48,54,59,47.605,54.745,57.78,052.395,2.70128415300546,012.433114754098355
1769587691.69528,134.0849952697754,49,54,60,47.615,54.735,57.8,052.385,2.691284153005462,012.413114754098359
1769587691.852885,134.239999294281,49,54,59,47.625,54.73,57.815,052.375,2.6862841530054595,012.398114754098359
1769587691.997001,134.38784837722778,49,54,59,47.64,54.72,57.83,052.36,2.6762841530054615,012.383114754098358
1769587692.156773,134.547922372818,49,54,59,47.65,54.715,57.845,052.35,2.671284153005466,012.368114754098357
1769587692.373746,134.7632701396942,48,54,59,47.655,54.71,57.855,052.345,2.6662841530054635,012.35811475409836
1769587692.511799,134.90252804756165,48,54,59,47.66,54.7,57.87,052.34,2.6562841530054655,012.343114754098359
1769587692.678732,135.07012915611267,49,54,59,47.67,54.69,57.885,052.33,2.6462841530054604,012.328114754098358
1769587692.7899342,135.18142223358154,48,54,59,47.675,54.68,57.9,052.325,2.6362841530054624,012.313114754098358
1769587692.869153,135.26007914543152,48,54,59,47.68,54.675,57.915,052.32,2.63128415300546,012.298114754098357
1769587692.941495,135.33209013938904,48,54,59,47.685,54.67,57.93,052.315,2.6262841530054644,012.283114754098357
1769587693.0231738,135.41473531723022,48,54,59,47.69,54.66,57.945,052.31,2.6162841530054592,012.268114754098356
1769587693.09233,135.48396015167236,48,54,59,47.695,54.65,57.96,052.305,2.6062841530054612,012.253114754098355
1769587693.167968,135.55928826332092,49,54,59,47.705,54.64,57.975,052.295,2.5962841530054632,012.238114754098355
1769587693.239219,135.63040614128113,49,54,59,47.715,54.635,57.99,052.285,2.5912841530054607,012.223114754098354
1769587693.324259,135.71591019630432,49,54,59,47.725,54.625,58.005,052.275,2.5812841530054627,012.208114754098354
1769587693.53035,135.91748142242432,49,54,59,47.735,54.62,58.02,052.265,2.57628415300546,012.193114754098353
1769587693.6204832,136.01194214820862,49,54,59,47.745,54.615,58.03,052.255,2.5712841530054646,012.183114754098355
1769587693.755167,136.14661502838135,48,54,59,47.75,54.61,58.045,052.25,2.566284153005462,012.168114754098355
1769587693.8222048,136.21368026733398,48,54,59,47.755,54.6,58.06,052.245,2.556284153005464,012.153114754098354
1769587693.892094,136.28368997573853,48,54,59,47.76,54.595,58.075,052.24,2.5512841530054615,012.138114754098353
1769587693.954268,136.3458592891693,48,54,59,47.765,54.59,58.09,052.235,2.546284153005466,012.123114754098353
1769587694.012979,136.40450716018677,48,54,59,47.77,54.585,58.105,052.23,2.5412841530054635,012.10811475409836
1769587694.073323,136.46482729911804,48,54,59,47.775,54.58,58.12,052.225,2.536284153005461,012.093114754098359
1769587694.1277828,136.5191822052002,48,54,59,47.78,54.575,58.135,052.22,2.5312841530054655,012.078114754098358
1769587694.181737,136.5732102394104,48,54,59,47.785,54.57,58.145,052.215,2.526284153005463,012.068114754098353
1769587694.237854,136.62946939468384,48,54,59,47.79,54.565,58.16,052.21,2.5212841530054604,012.05311475409836
1769587694.292491,136.68394017219543,49,54,59,47.8,54.56,58.17,052.2,2.516284153005465,012.043114754098355
1769587694.3454459,136.73701524734497,49,54,59,47.81,54.555,58.18,052.19,2.5112841530054624,012.033114754098357
1769587694.4039412,136.79539322853088,49,54,59,47.82,54.55,58.195,052.18,2.50628415300546,012.018114754098356
1769587694.4643211,136.85601615905762,49,54,59,47.83,54.545,58.21,052.17,2.5012841530054644,012.003114754098355
1769587694.540832,136.93183517456055,48,54,59,47.835,54.54,58.22,052.165,2.496284153005462,011.993114754098357
1769587694.671187,137.0621931552887,48,55,59,47.84,54.54,58.235,052.16,2.496284153005462,011.978114754098357
1769587694.760465,137.1519432067871,48,54,59,47.845,54.535,58.25,052.155,2.4912841530054592,011.963114754098356
1769587694.862903,137.25393319129944,48,54,59,47.85,54.53,58.265,052.15,2.486284153005464,011.948114754098356
1769587695.02798,137.41952204704285,48,54,59,47.855,54.525,58.275,052.145,2.4812841530054612,011.938114754098358
1769587695.0966039,137.4876012802124,49,54,59,47.865,54.52,58.285,052.135,2.476284153005466,011.92811475409836
1769587695.169703,137.56119012832642,48,54,59,47.87,54.515,58.3,052.13,2.4712841530054632,011.913114754098359
1769587695.236161,137.62765431404114,48,54,59,47.875,54.51,58.31,052.125,2.4662841530054607,011.903114754098354
1769587695.29504,137.68672513961792,48,54,59,47.88,54.505,58.32,052.12,2.461284153005465,011.893114754098356
1769587695.3469791,137.7386782169342,48,54,59,47.885,54.5,58.335,052.115,2.4562841530054627,011.878114754098355
1769587695.401458,137.79314303398132,48,54,59,47.89,54.495,58.345,052.11,2.45128415300546,011.868114754098357
1769587695.454035,137.84568619728088,48,54,59,47.895,54.49,58.355,052.105,2.4462841530054646,011.85811475409836
1769587695.510924,137.9024782180786,48,54,59,47.9,54.485,58.37,052.1,2.441284153005462,011.843114754098359
1769587695.567431,137.95910239219666,48,54,59,47.905,54.48,58.385,052.095,2.4362841530054595,011.828114754098358
1769587695.621383,138.01311326026917,48,54,59,47.91,54.475,58.4,052.09,2.431284153005464,011.813114754098358
1769587695.676621,138.06829118728638,48,54,59,47.915,54.47,58.41,052.085,2.4262841530054615,011.80311475409836
1769587695.729693,138.12132930755615,48,54,59,47.92,54.465,58.42,052.08,2.421284153005466,011.793114754098355
1769587695.78847,138.18006706237793,48,54,59,47.925,54.46,58.43,052.075,2.4162841530054635,011.783114754098357
1769587695.843006,138.23464512825012,48,54,59,47.93,54.455,58.44,052.07,2.411284153005461,011.773114754098359
1769587695.8972049,138.2888970375061,48,54,59,47.935,54.45,58.45,052.065,2.4062841530054655,011.763114754098353
1769587695.958961,138.34999918937683,48,54,59,47.94,54.445,58.46,052.06,2.401284153005463,011.753114754098355
1769587696.037615,138.4289891719818,48,54,59,47.945,54.44,58.47,052.055,2.3962841530054604,011.743114754098357
1769587696.138992,138.5304832458496,48,54,59,47.95,54.435,58.48,052.05,2.391284153005465,011.73311475409836
1769587696.217155,138.60854721069336,48,54,60,47.955,54.43,58.495,052.045,2.3862841530054624,011.718114754098359
1769587696.288481,138.67997121810913,49,54,60,47.965,54.425,58.51,052.035,2.38128415300546,011.703114754098358
1769587696.36012,138.75071120262146,48,54,59,47.97,54.42,58.52,052.03,2.3762841530054644,011.693114754098353
1769587696.42924,138.8207402229309,48,54,59,47.975,54.415,58.53,052.025,2.371284153005462,011.683114754098355
1769587696.488944,138.88057327270508,48,54,59,47.98,54.41,58.54,052.02,2.3662841530054592,011.673114754098357
1769587696.550688,138.9419162273407,48,54,59,47.985,54.405,58.55,052.015,2.361284153005464,011.663114754098359
1769587696.6089869,139.00058126449585,48,54,59,47.99,54.4,58.56,052.01,2.3562841530054612,011.653114754098354
1769587696.662304,139.05398297309875,48,54,59,47.995,54.395,58.57,052.005,2.351284153005466,011.643114754098356
1769587696.7187421,139.11029720306396,48,54,59,48.0,54.39,58.58,052.0,2.3462841530054632,011.633114754098358
1769587696.784491,139.1759102344513,48,54,59,48.005,54.385,58.59,051.995,2.3412841530054607,011.623114754098353
1769587696.841897,139.2333791255951,48,54,60,48.01,54.38,58.605,051.99,2.336284153005465,011.60811475409836
1769587696.899133,139.29075622558594,48,54,60,48.015,54.375,58.625,051.985,2.3312841530054627,011.588114754098356
1769587696.955713,139.34731698036194,48,54,60,48.02,54.37,58.645,051.98,2.32628415300546,011.568114754098353
1769587697.007743,139.39948415756226,48,54,60,48.025,54.365,58.66,051.975,2.3212841530054646,011.55311475409836
1769587697.060458,139.45212697982788,48,54,60,48.03,54.36,58.675,051.97,2.316284153005462,011.538114754098359
1769587697.1157,139.50737309455872,48,54,60,48.035,54.355,58.69,051.965,2.3112841530054595,011.523114754098359
1769587697.169842,139.56154918670654,48,54,60,48.04,54.35,58.705,051.96,2.306284153005464,011.508114754098358
1769587697.228571,139.62013721466064,48,54,60,48.045,54.345,58.72,051.955,2.3012841530054615,011.493114754098357
1769587697.283633,139.67528438568115,49,54,59,48.055,54.34,58.73,051.945,2.296284153005466,011.48311475409836
1769587697.340184,139.73181009292603,48,54,60,48.06,54.335,58.745,051.94,2.2912841530054635,011.468114754098359
1769587697.402546,139.79386615753174,49,54,60,48.07,54.33,58.76,051.93,2.286284153005461,011.453114754098358
1769587697.462754,139.85408520698547,48,54,59,48.075,54.325,58.77,051.925,2.2812841530054655,011.443114754098353
1769587697.522036,139.91368341445923,48,54,59,48.08,54.32,58.78,051.92,2.276284153005463,011.433114754098355
1769587697.587692,139.97927331924438,49,54,60,48.09,54.315,58.795,051.91,2.2712841530054604,011.418114754098355
1769587697.6472309,140.0388753414154,49,54,60,48.1,54.31,58.81,051.9,2.266284153005465,011.403114754098354
1769587697.6998148,140.0915083885193,49,54,60,48.11,54.305,58.825,051.89,2.2612841530054624,011.388114754098353
1769587697.752177,140.1438271999359,48,54,60,48.115,54.3,58.84,051.885,2.25628415300546,011.373114754098353
1769587697.811489,140.20308208465576,48,54,60,48.12,54.295,58.855,051.88,2.2512841530054644,011.35811475409836
1769587697.86819,140.25956320762634,48,54,59,48.125,54.29,58.865,051.875,2.246284153005462,011.348114754098354
1769587697.927147,140.31872940063477,49,54,60,48.135,54.285,58.88,051.865,2.2412841530054592,011.333114754098354
1769587697.981854,140.37358617782593,49,54,61,48.14,54.28,58.9,051.86,2.236284153005464,011.313114754098358
1769587698.0348978,140.42664432525635,49,54,60,48.145,54.275,58.91,051.855,2.2312841530054612,011.30311475409836
1769587698.0879738,140.47936725616455,49,54,60,48.155,54.27,58.925,051.845,2.226284153005466,011.288114754098359
1769587698.13901,140.5306990146637,49,54,60,48.165,54.265,58.94,051.835,2.2212841530054632,011.273114754098359
1769587698.1945658,140.58625721931458,48,54,60,48.17,54.26,58.95,051.83,2.2162841530054607,011.263114754098353
1769587698.2464871,140.63817501068115,48,54,60,48.17,54.255,58.96,051.83,2.211284153005465,011.253114754098355
1769587698.298264,140.6899871826172,48,54,60,48.17,54.25,58.97,051.83,2.2062841530054627,011.243114754098357
1769587698.3506901,140.74234318733215,49,54,60,48.175,54.245,58.98,051.825,2.20128415300546,011.23311475409836
1769587698.4077241,140.79936003684998,49,54,60,48.18,54.24,58.99,051.82,2.1962841530054646,011.223114754098354
1769587698.463279,140.85482025146484,49,54,60,48.185,54.235,59.0,051.815,2.191284153005462,011.213114754098356
1769587698.470044,140.8614010810852,49,54,60,48.195,54.23,59.015,051.805,2.1862841530054595,011.198114754098356
1769587698.52448,140.91573023796082,49,54,60,48.2,54.225,59.025,051.8,2.181284153005464,011.188114754098358
1769587698.5760052,140.96768426895142,49,54,60,48.205,54.22,59.035,051.795,2.1762841530054615,011.17811475409836
1769587698.627894,141.01956725120544,48,54,60,48.205,54.215,59.045,051.795,2.171284153005466,011.168114754098355
1769587698.6807969,141.07247114181519,48,54,60,48.205,54.21,59.055,051.795,2.1662841530054635,011.158114754098357
1769587698.739236,141.1309051513672,48,54,60,48.205,54.205,59.065,051.795,2.161284153005461,011.148114754098359
1769587698.792692,141.18440508842468,48,54,60,48.205,54.2,59.075,051.795,2.1562841530054655,011.138114754098353
1769587698.842585,141.23430824279785,48,54,59,48.205,54.195,59.08,051.795,2.151284153005463,011.133114754098358
1769587698.894368,141.28605008125305,48,54,59,48.205,54.19,59.085,051.795,2.1462841530054604,011.128114754098355
1769587698.959598,141.35095620155334,49,54,60,48.21,54.185,59.095,051.79,2.141284153005465,011.118114754098357
1769587699.01641,141.4079852104187,49,54,60,48.215,54.18,59.105,051.785,2.1362841530054624,011.10811475409836
1769587699.071291,141.46284532546997,48,54,60,48.215,54.175,59.115,051.785,2.13128415300546,011.098114754098354
1769587699.123093,141.51453518867493,48,54,60,48.215,54.17,59.125,051.785,2.1262841530054644,011.088114754098356
1769587699.181238,141.57294535636902,48,54,59,48.215,54.17,59.125,051.785,2.1262841530054644,011.088114754098356
1769587699.243584,141.63515329360962,48,54,60,48.21,54.17,59.13,051.79,2.1262841530054644,011.083114754098354
1769587699.333156,141.72328233718872,49,54,60,48.215,54.165,59.135,051.785,2.121284153005462,011.078114754098358
1769587699.4860969,141.87765312194824,49,54,60,48.22,54.16,59.145,051.78,2.1162841530054592,011.068114754098353
1769587699.61588,142.0061230659485,49,54,60,48.225,54.155,59.155,051.775,2.111284153005464,011.058114754098355
1769587699.751457,142.14268016815186,49,54,60,48.23,54.15,59.165,051.77,2.1062841530054612,011.048114754098357
1769587699.809279,142.19981026649475,49,54,61,48.235,54.145,59.18,051.765,2.101284153005466,011.033114754098357
1769587699.869521,142.26117420196533,49,54,61,48.24,54.14,59.195,051.76,2.0962841530054632,011.018114754098356
1769587699.941445,142.33245515823364,49,54,61,48.245,54.135,59.21,051.755,2.0912841530054607,011.003114754098355
1769587700.122196,142.5136330127716,49,54,60,48.25,54.13,59.22,051.75,2.086284153005465,010.993114754098357
1769587700.257875,142.6493422985077,49,54,60,48.255,54.125,59.23,051.745,2.0812841530054627,010.98311475409836
1769587700.3335302,142.72505021095276,49,54,60,48.26,54.12,59.24,051.74,2.07628415300546,010.973114754098354
1769587700.397705,142.78917503356934,49,54,60,48.265,54.115,59.25,051.735,2.0712841530054646,010.963114754098356
1769587700.454874,142.8465232849121,49,54,60,48.27,54.115,59.255,051.73,2.0712841530054646,010.958114754098354
1769587700.512255,142.90387630462646,49,54,61,48.275,54.115,59.265,051.725,2.0712841530054646,010.948114754098356
1769587700.572844,142.96451115608215,49,54,61,48.28,54.115,59.275,051.72,2.0712841530054646,010.938114754098358
1769587700.636702,143.0283191204071,50,54,61,48.285,54.115,59.285,051.715,2.0712841530054646,010.92811475409836
1769587700.7209358,143.1122763156891,49,54,61,48.29,54.115,59.295,051.71,2.0712841530054646,010.918114754098355
1769587700.812444,143.2029972076416,49,54,61,48.295,54.11,59.305,051.705,2.066284153005462,010.908114754098357
1769587700.8869572,143.2785472869873,49,54,61,48.3,54.105,59.32,051.7,2.0612841530054595,010.893114754098356
1769587700.943606,143.33527135849,49,54,60,48.305,54.1,59.33,051.695,2.056284153005464,010.883114754098358
1769587701.0010638,143.39272618293762,49,54,61,48.31,54.095,59.34,051.69,2.0512841530054615,010.873114754098353
1769587701.061721,143.4532380104065,50,54,61,48.32,54.09,59.355,051.68,2.046284153005466,010.85811475409836
1769587701.124518,143.5160892009735,49,54,61,48.325,54.085,59.37,051.675,2.0412841530054635,010.843114754098359
1769587701.180914,143.5726351737976,49,54,60,48.33,54.08,59.375,051.67,2.036284153005461,010.838114754098356
1769587701.2401862,143.63186407089233,49,54,60,48.335,54.075,59.38,051.665,2.0312841530054655,010.833114754098354
1769587701.294653,143.68636322021484,49,54,60,48.34,54.075,59.385,051.66,2.0312841530054655,010.828114754098358
1769587701.356786,143.7484622001648,49,54,60,48.345,54.075,59.39,051.655,2.0312841530054655,010.823114754098356
1769587701.412891,143.804505109787,49,54,60,48.35,54.075,59.395,051.65,2.0312841530054655,010.818114754098353
1769587701.419174,143.81086897850037,49,54,60,48.355,54.075,59.4,051.645,2.0312841530054655,010.813114754098358
1769587701.478957,143.87046122550964,49,54,60,48.36,54.075,59.405,051.64,2.0312841530054655,010.808114754098355
1769587701.5391428,143.9303891658783,49,54,60,48.365,54.075,59.41,051.635,2.0312841530054655,010.80311475409836
1769587701.6037881,143.99477624893188,49,54,60,48.37,54.075,59.415,051.63,2.0312841530054655,010.798114754098357
1769587701.6867452,144.0781261920929,49,54,60,48.375,54.075,59.42,051.625,2.0312841530054655,010.793114754098355
1769587701.7719622,144.1635582447052,49,54,60,48.375,54.075,59.425,051.625,2.0312841530054655,010.788114754098359
1769587701.834375,144.22591924667358,49,54,60,48.38,54.07,59.43,051.62,2.026284153005463,010.783114754098357
1769587701.896492,144.2880413532257,49,54,60,48.385,54.065,59.435,051.615,2.0212841530054604,010.778114754098354
1769587701.9553862,144.34683322906494,49,54,60,48.39,54.06,59.44,051.61,2.016284153005465,010.773114754098359
1769587702.007621,144.3992850780487,49,54,59,48.395,54.055,59.44,051.605,2.0112841530054624,010.773114754098359
1769587702.0612779,144.4529731273651,49,54,59,48.4,54.055,59.44,051.6,2.0112841530054624,010.773114754098359
1769587702.123889,144.51551723480225,49,54,59,48.405,54.055,59.44,051.595,2.0112841530054624,010.773114754098359
1769587702.193866,144.58496832847595,49,54,59,48.41,54.055,59.44,051.59,2.0112841530054624,010.773114754098359
1769587702.3811011,144.77162432670593,49,54,60,48.415,54.055,59.445,051.585,2.0112841530054624,010.768114754098356
1769587702.506138,144.89740228652954,49,54,59,48.42,54.055,59.445,051.58,2.0112841530054624,010.768114754098356
1769587702.632179,145.02246522903442,49,54,60,48.425,54.055,59.45,051.575,2.0112841530054624,010.763114754098353
1769587702.7084658,145.09975624084473,49,54,59,48.43,54.055,59.45,051.57,2.0112841530054624,010.763114754098353
1769587702.778075,145.167631149292,48,54,59,48.43,54.055,59.45,051.57,2.0112841530054624,010.763114754098353
1769587702.842035,145.2337121963501,48,54,59,48.43,54.055,59.45,051.57,2.0112841530054624,010.763114754098353
1769587702.8974578,145.28913831710815,48,54,59,48.43,54.055,59.45,051.57,2.0112841530054624,010.763114754098353
1769587702.951974,145.34359407424927,48,54,59,48.43,54.055,59.45,051.57,2.0112841530054624,010.763114754098353
1769587703.004545,145.39611530303955,48,55,58,48.43,54.06,59.445,051.57,2.016284153005465,010.768114754098356
1769587703.058196,145.44975519180298,48,55,58,48.43,54.065,59.44,051.57,2.0212841530054604,010.773114754098359
1769587703.1159658,145.5075912475586,48,54,59,48.43,54.065,59.44,051.57,2.0212841530054604,010.773114754098359
1769587703.177023,145.5685203075409,48,54,59,48.43,54.065,59.44,051.57,2.0212841530054604,010.773114754098359
1769587703.234447,145.6260223388672,48,55,59,48.43,54.07,59.44,051.57,2.026284153005463,010.773114754098359
1769587703.294687,145.68627619743347,48,54,59,48.43,54.07,59.44,051.57,2.026284153005463,010.773114754098359
1769587703.358175,145.7496042251587,48,55,59,48.425,54.075,59.435,051.575,2.0312841530054655,010.778114754098354
1769587703.4174662,145.80909323692322,48,55,58,48.425,54.08,59.43,051.575,2.036284153005461,010.783114754098357
1769587703.484662,145.87599325180054,48,54,59,48.425,54.08,59.43,051.575,2.036284153005461,010.783114754098357
1769587703.5493,145.94087624549866,48,55,58,48.42,54.085,59.42,051.58,2.0412841530054635,010.793114754098355
1769587703.618711,146.0101933479309,48,55,58,48.42,54.09,59.41,051.58,2.046284153005466,010.80311475409836
1769587703.680021,146.07156825065613,47,55,57,48.415,54.095,59.395,051.585,2.0512841530054615,010.818114754098353
1769587703.733654,146.12531423568726,48,55,58,48.415,54.1,59.39,051.585,2.056284153005464,010.823114754098356
1769587703.789496,146.18104600906372,48,55,58,48.415,54.105,59.385,051.585,2.0612841530054595,010.828114754098358
1769587703.8444018,146.2360053062439,48,55,58,48.415,54.11,59.38,051.585,2.066284153005462,010.833114754098354
1769587703.9088068,146.300439119339,48,55,58,48.415,54.115,59.375,051.585,2.0712841530054646,010.838114754098356
1769587703.969524,146.36098623275757,48,55,58,48.415,54.115,59.375,051.585,2.0712841530054646,010.838114754098356
1769587704.027906,146.41953420639038,48,55,58,48.415,54.115,59.375,051.585,2.0712841530054646,010.838114754098356
1769587704.083411,146.4749882221222,47,55,58,48.41,54.12,59.37,051.59,2.07628415300546,010.843114754098359
1769587704.142391,146.53404426574707,48,55,58,48.41,54.125,59.365,051.59,2.0812841530054627,010.848114754098354
1769587704.195776,146.58746027946472,47,55,58,48.405,54.13,59.36,051.595,2.086284153005465,010.853114754098357
1769587704.247404,146.63910126686096,47,55,57,48.4,54.135,59.35,051.6,2.0912841530054607,010.863114754098355
1769587704.298997,146.69067335128784,47,55,57,48.395,54.14,59.34,051.605,2.0962841530054632,010.873114754098353
1769587704.352721,146.7442922592163,47,55,57,48.39,54.14,59.335,051.61,2.0962841530054632,010.878114754098355
1769587704.407852,146.79952430725098,47,55,57,48.385,54.14,59.33,051.615,2.0962841530054632,010.883114754098358
1769587704.4639812,146.8556752204895,47,55,57,48.38,54.14,59.32,051.62,2.0962841530054632,010.893114754098356
1769587704.519454,146.91109228134155,47,55,57,48.37,54.145,59.305,051.63,2.101284153005466,010.908114754098357
1769587704.574857,146.9664921760559,47,55,57,48.36,54.15,59.29,051.64,2.1062841530054612,010.923114754098357
1769587704.6335738,147.02525424957275,47,55,57,48.355,54.15,59.28,051.645,2.1062841530054612,010.933114754098355
1769587704.6891909,147.08085417747498,47,55,57,48.35,54.155,59.27,051.65,2.111284153005464,010.943114754098353
1769587704.742357,147.1340651512146,47,55,57,48.345,54.16,59.26,051.655,2.1162841530054592,010.953114754098358
1769587704.794142,147.18580627441406,47,55,57,48.34,54.165,59.25,051.66,2.121284153005462,010.963114754098356
1769587704.8468401,147.2385232448578,47,55,57,48.335,54.17,59.24,051.665,2.1262841530054644,010.973114754098354
1769587704.90141,147.29307222366333,47,55,57,48.33,54.175,59.23,051.67,2.13128415300546,010.98311475409836
1769587704.958283,147.34993314743042,47,55,57,48.325,54.18,59.22,051.675,2.1362841530054624,010.993114754098357
1769587705.016514,147.40820813179016,46,55,56,48.31,54.185,59.205,051.69,2.141284153005465,011.008114754098358
1769587705.0741792,147.46558022499084,46,56,56,48.295,54.195,59.19,051.705,2.151284153005463,011.023114754098359
1769587705.132395,147.52388715744019,46,55,56,48.285,54.2,59.175,051.715,2.1562841530054655,011.038114754098359
1769587705.190314,147.581933259964,46,55,56,48.275,54.2,59.165,051.725,2.1562841530054655,011.048114754098357
1769587705.246315,147.6379840373993,46,55,56,48.265,54.2,59.155,051.735,2.1562841530054655,011.058114754098355
1769587705.306375,147.69792413711548,46,55,56,48.255,54.2,59.145,051.745,2.1562841530054655,011.068114754098353
1769587705.370058,147.76159739494324,46,55,56,48.245,54.205,59.13,051.755,2.161284153005461,011.083114754098354
1769587705.4276621,147.81935000419617,46,55,56,48.235,54.205,59.12,051.765,2.161284153005461,011.093114754098359
1769587705.477103,147.86882734298706,46,56,56,48.225,54.215,59.105,051.775,2.171284153005466,011.10811475409836
1769587705.527115,147.91869735717773,46,56,56,48.21,54.225,59.085,051.79,2.181284153005464,011.128114754098355
1769587705.5804648,147.97217416763306,46,56,56,48.195,54.235,59.07,051.805,2.191284153005462,011.143114754098356
1769587705.636211,148.0275752544403,46,56,55,48.18,54.245,59.05,051.82,2.20128415300546,011.163114754098359
1769587705.696352,148.08802032470703,45,56,55,48.16,54.255,59.03,051.84,2.211284153005465,011.183114754098355
1769587705.7514188,148.14311027526855,46,56,55,48.15,54.265,59.01,051.85,2.2212841530054632,011.203114754098358
1769587705.805342,148.1969792842865,46,56,56,48.14,54.275,58.995,051.86,2.2312841530054612,011.218114754098359
1769587705.856888,148.24847626686096,46,56,55,48.125,54.285,58.975,051.875,2.2412841530054592,011.238114754098355
1769587705.907066,148.29874515533447,45,56,55,48.11,54.295,58.955,051.89,2.2512841530054644,011.258114754098358
1769587705.957251,148.3488552570343,46,56,55,48.1,54.305,58.935,051.9,2.2612841530054624,011.278114754098354
1769587706.010232,148.40187335014343,45,56,55,48.085,54.315,58.915,051.915,2.2712841530054604,011.298114754098357
1769587706.0653062,148.45699310302734,45,56,55,48.07,54.325,58.895,051.93,2.2812841530054655,011.318114754098353
1769587706.119552,148.5112750530243,46,56,55,48.06,54.335,58.875,051.94,2.2912841530054635,011.338114754098356
1769587706.173084,148.56477332115173,46,56,55,48.045,54.345,58.855,051.955,2.3012841530054615,011.35811475409836
1769587706.226474,148.61813831329346,45,56,55,48.025,54.355,58.835,051.975,2.3112841530054595,011.378114754098355
1769587706.2903838,148.68206524848938,45,56,55,48.005,54.365,58.815,051.995,2.3212841530054646,011.398114754098359
1769587706.373879,148.76455330848694,45,56,55,47.985,54.375,58.795,052.015,2.3312841530054627,011.418114754098355
1769587706.4986088,148.88955807685852,46,56,55,47.97,54.385,58.775,052.03,2.3412841530054607,011.438114754098358
1769587706.61568,149.00715112686157,45,56,55,47.955,54.395,58.755,052.045,2.351284153005466,011.458114754098354
1769587706.701876,149.09339118003845,45,56,54,47.94,54.405,58.73,052.06,2.361284153005464,011.48311475409836
1769587706.787311,149.17868423461914,45,56,55,47.925,54.415,58.71,052.075,2.371284153005462,011.503114754098355
1769587706.849519,149.24112939834595,45,56,55,47.91,54.425,58.69,052.09,2.38128415300546,011.523114754098359
1769587706.905184,149.2969400882721,45,56,55,47.895,54.435,58.67,052.105,2.391284153005465,011.543114754098355
1769587706.960803,149.3524181842804,45,56,55,47.88,54.445,58.65,052.12,2.401284153005463,011.563114754098358
1769587707.014634,149.40632438659668,45,56,55,47.865,54.455,58.63,052.135,2.411284153005461,011.583114754098354
1769587707.069925,149.46149826049805,45,56,55,47.85,54.465,58.61,052.15,2.421284153005466,011.603114754098357
1769587707.122955,149.514630317688,45,56,55,47.835,54.475,58.59,052.165,2.431284153005464,011.623114754098353
1769587707.186193,149.5775113105774,45,56,55,47.815,54.485,58.57,052.185,2.441284153005462,011.643114754098356
1769587707.301761,149.6930491924286,45,56,55,47.795,54.495,58.55,052.205,2.45128415300546,011.663114754098359
1769587707.444203,149.83465719223022,45,56,55,47.775,54.505,58.53,052.225,2.461284153005465,011.683114754098355
1769587707.528695,149.91886734962463,45,56,55,47.755,54.515,58.51,052.245,2.4712841530054632,011.703114754098358
1769587707.603404,149.9945683479309,45,56,55,47.74,54.525,58.49,052.26,2.4812841530054612,011.723114754098354
1769587707.663338,150.05498719215393,45,56,55,47.725,54.53,58.47,052.275,2.486284153005464,011.743114754098357
1769587707.718781,150.11048436164856,45,56,55,47.71,54.54,58.45,052.29,2.496284153005462,011.763114754098353
1769587707.7732759,150.1649453639984,45,56,54,47.695,54.55,58.425,052.305,2.50628415300546,011.788114754098359
1769587707.8288581,150.22049736976624,45,56,55,47.68,54.56,58.405,052.32,2.516284153005465,011.808114754098355
1769587707.8838022,150.27548909187317,45,56,55,47.66,54.57,58.385,052.34,2.526284153005463,011.828114754098358
1769587707.936644,150.32828211784363,45,56,55,47.645,54.58,58.365,052.355,2.536284153005461,011.848114754098354
1769587707.9993348,150.39055633544922,45,56,55,47.63,54.59,58.345,052.37,2.546284153005466,011.868114754098357
1769587708.063922,150.45553421974182,45,56,55,47.615,54.6,58.325,052.385,2.556284153005464,011.888114754098353
1769587708.136666,150.5267572402954,45,56,55,47.6,54.61,58.305,052.4,2.566284153005462,011.908114754098357
1769587708.260066,150.6515510082245,45,56,55,47.585,54.62,58.285,052.415,2.57628415300546,011.92811475409836
1769587708.424705,150.8157341480255,45,56,55,47.57,54.63,58.265,052.43,2.586284153005465,011.948114754098356
1769587708.564016,150.95086526870728,45,56,55,47.555,54.64,58.245,052.445,2.5962841530054632,011.968114754098359
1769587708.743135,151.13451218605042,44,56,55,47.535,54.65,58.225,052.465,2.6062841530054612,011.988114754098355
1769587708.8928099,151.28244709968567,44,56,54,47.515,54.66,58.2,052.485,2.6162841530054592,012.013114754098353
1769587709.081086,151.47251510620117,45,56,55,47.5,54.67,58.18,052.5,2.6262841530054644,012.033114754098357
1769587709.191068,151.5825412273407,45,56,55,47.485,54.68,58.16,052.515,2.6362841530054624,012.05311475409836
1769587709.300231,151.68900322914124,44,56,54,47.465,54.69,58.135,052.535,2.6462841530054604,012.078114754098358
1769587709.421249,151.81273531913757,44,56,54,47.445,54.7,58.11,052.555,2.6562841530054655,012.103114754098357
1769587709.6006668,151.99018335342407,44,56,55,47.425,54.71,58.09,052.575,2.6662841530054635,012.123114754098353
1769587709.773115,152.16398739814758,44,56,54,47.405,54.72,58.065,052.595,2.6762841530054615,012.148114754098359
1769587709.8641222,152.25571608543396,44,56,54,47.385,54.73,58.04,052.615,2.6862841530054595,012.173114754098357
1769587709.931498,152.3230631351471,44,56,54,47.365,54.74,58.015,052.635,2.6962841530054646,012.198114754098356
1769587709.998268,152.3893313407898,44,56,54,47.345,54.75,57.985,052.655,2.7062841530054627,012.228114754098357
1769587710.069624,152.4608371257782,44,56,54,47.32,54.76,57.955,052.68,2.7162841530054607,012.258114754098358
1769587710.154277,152.54585027694702,44,56,54,47.3,54.77,57.93,052.7,2.726284153005466,012.283114754098357
1769587710.214541,152.60591411590576,44,56,54,47.28,54.78,57.905,052.72,2.736284153005464,012.308114754098355
1769587710.271677,152.6633563041687,44,56,54,47.26,54.79,57.88,052.74,2.746284153005462,012.333114754098354
1769587710.326454,152.71810102462769,44,56,54,47.24,54.8,57.855,052.76,2.75628415300546,012.35811475409836
1769587710.393058,152.78432416915894,44,56,54,47.22,54.81,57.83,052.78,2.766284153005465,012.383114754098358
1769587710.456563,152.84798216819763,44,56,54,47.2,54.82,57.805,052.8,2.776284153005463,012.408114754098357
1769587710.520816,152.91226601600647,44,56,54,47.18,54.83,57.78,052.82,2.786284153005461,012.433114754098355
1769587710.5863419,152.9776701927185,44,56,54,47.16,54.84,57.755,052.84,2.796284153005466,012.458114754098354
1769587710.649281,153.04081225395203,43,56,53,47.135,54.85,57.72,052.865,2.806284153005464,012.493114754098357
1769587710.730196,153.12086820602417,43,56,53,47.11,54.86,57.685,052.89,2.816284153005462,012.528114754098354
1769587710.82328,153.2143280506134,44,56,54,47.09,54.87,57.655,052.91,2.82628415300546,012.558114754098355
1769587710.982476,153.37022018432617,44,56,54,47.07,54.88,57.625,052.93,2.836284153005465,012.588114754098356
1769587711.094958,153.4862813949585,44,56,54,47.05,54.89,57.595,052.95,2.8462841530054632,012.618114754098357
1769587711.242025,153.63341808319092,44,56,54,47.03,54.9,57.565,052.97,2.8562841530054612,012.648114754098359
1769587711.455091,153.84583115577698,43,56,53,47.005,54.91,57.53,052.995,2.8662841530054592,012.683114754098355
1769587711.603888,153.9953453540802,43,56,53,46.98,54.92,57.495,053.02,2.8762841530054644,012.718114754098359
1769587711.713392,154.10476231575012,43,56,54,46.95,54.93,57.47,053.05,2.8862841530054624,012.743114754098357
1769587711.806539,154.19800806045532,44,56,54,46.93,54.94,57.44,053.07,2.8962841530054604,012.773114754098359
1769587711.873465,154.2650592327118,44,56,54,46.905,54.95,57.41,053.095,2.9062841530054655,012.80311475409836
1769587711.93447,154.3260362148285,43,56,53,46.88,54.96,57.38,053.12,2.9162841530054635,012.833114754098354
1769587711.999584,154.39115023612976,43,56,53,46.855,54.97,57.35,053.145,2.9262841530054615,012.863114754098355
1769587712.082348,154.47377920150757,43,56,53,46.825,54.98,57.315,053.175,2.9362841530054595,012.898114754098359
1769587712.1493719,154.54094624519348,43,56,53,46.795,54.99,57.28,053.205,2.9462841530054646,012.933114754098355
1769587712.2086961,154.60006523132324,43,56,53,46.765,55.0,57.245,053.235,2.9562841530054627,012.968114754098359
1769587712.272823,154.6644802093506,43,56,53,46.74,55.01,57.21,053.26,2.9662841530054607,013.003114754098355
1769587712.329441,154.72105717658997,43,56,53,46.715,55.02,57.175,053.285,2.976284153005466,013.038114754098359
1769587712.383487,154.77514719963074,43,56,53,46.69,55.03,57.145,053.31,2.986284153005464,013.068114754098353
1769587712.436112,154.82783722877502,44,56,54,46.665,55.04,57.115,053.335,2.996284153005462,013.098114754098354
1769587712.487967,154.87960505485535,44,56,54,46.64,55.05,57.08,053.36,3.00628415300546,013.133114754098358
1769587712.554786,154.94621229171753,44,56,54,46.615,55.06,57.05,053.385,3.016284153005465,013.163114754098359
1769587712.640345,155.0314962863922,44,56,54,46.59,55.07,57.02,053.41,3.026284153005463,013.193114754098353
1769587712.7480361,155.1395320892334,43,56,54,46.56,55.08,56.99,053.44,3.036284153005461,013.223114754098354
1769587712.932609,155.32204127311707,44,56,54,46.54,55.09,56.96,053.46,3.046284153005466,013.253114754098355
1769587713.0661418,155.45685625076294,44,56,54,46.52,55.1,56.93,053.48,3.056284153005464,013.283114754098357
1769587713.193194,155.5843381881714,44,56,54,46.5,55.11,56.9,053.5,3.066284153005462,013.313114754098358
1769587713.2793071,155.67085218429565,44,56,54,46.475,55.12,56.87,053.525,3.07628415300546,013.343114754098359
1769587713.356831,155.7482361793518,43,56,54,46.445,55.13,56.84,053.555,3.086284153005465,013.373114754098353
1769587713.422723,155.8140652179718,44,56,54,46.42,55.14,56.81,053.58,3.0962841530054632,013.403114754098354
1769587713.487148,155.87865614891052,44,56,54,46.395,55.15,56.78,053.605,3.1062841530054612,013.433114754098355
1769587713.544136,155.9358081817627,43,56,54,46.365,55.16,56.75,053.635,3.1162841530054592,013.463114754098356
1769587713.601311,155.9929883480072,43,56,54,46.335,55.17,56.72,053.665,3.1262841530054644,013.493114754098357
1769587713.669099,156.0602991580963,44,56,54,46.315,55.18,56.69,053.685,3.1362841530054624,013.523114754098359
1769587713.753512,156.14476919174194,44,56,55,46.295,55.19,56.665,053.705,3.1462841530054604,013.548114754098357
1769587713.877588,156.26895904541016,44,56,55,46.275,55.2,56.64,053.725,3.1562841530054655,013.573114754098356
1769587713.981982,156.37338423728943,43,56,54,46.25,55.21,56.61,053.75,3.1662841530054635,013.603114754098357
1769587714.21039,156.601793050766,43,56,54,46.225,55.22,56.585,053.775,3.1762841530054615,013.628114754098355
1769587714.396149,156.7874801158905,43,56,54,46.2,55.23,56.56,053.8,3.1862841530054595,013.653114754098354
1769587714.5378292,156.92917227745056,43,56,54,46.17,55.24,56.53,053.83,3.1962841530054646,013.683114754098355
1769587714.665243,157.05682039260864,43,56,54,46.14,55.25,56.5,053.86,3.2062841530054627,013.713114754098356
1769587714.73986,157.13104939460754,44,56,54,46.12,55.26,56.47,053.88,3.2162841530054607,013.743114754098357
1769587714.810805,157.20218539237976,44,56,55,46.1,55.27,56.445,053.9,3.226284153005466,013.768114754098356
1769587714.87694,157.26852416992188,44,56,54,46.08,55.28,56.42,053.92,3.236284153005464,013.793114754098355
1769587714.937666,157.3290421962738,44,56,54,46.06,55.29,56.39,053.94,3.246284153005462,013.823114754098356
1769587714.997844,157.38936519622803,43,56,54,46.03,55.3,56.36,053.97,3.25628415300546,013.853114754098357
1769587715.0613601,157.45298624038696,44,56,54,46.005,55.31,56.33,053.995,3.266284153005465,013.883114754098358
1769587715.117204,157.50873923301697,44,56,54,45.98,55.32,56.3,054.02,3.276284153005463,013.913114754098359
1769587715.180755,157.5723102092743,43,56,54,45.95,55.33,56.27,054.05,3.286284153005461,013.943114754098353
1769587715.238772,157.63046503067017,43,57,53,45.92,55.345,56.23,054.08,3.3012841530054615,013.98311475409836
1769587715.303922,157.69511127471924,43,57,53,45.89,55.36,56.19,054.11,3.316284153005462,014.023114754098359
1769587715.385076,157.77602100372314,43,57,53,45.86,55.375,56.15,054.14,3.3312841530054627,014.063114754098358
1769587715.496282,157.8876543045044,43,57,53,45.83,55.39,56.115,054.17,3.3462841530054632,014.098114754098354
1769587715.655722,158.04582810401917,43,57,53,45.8,55.405,56.08,054.2,3.361284153005464,014.133114754098358
1769587715.855428,158.24558520317078,43,57,53,45.77,55.42,56.045,054.23,3.3762841530054644,014.168114754098355
1769587715.961309,158.35237312316895,43,57,53,45.74,55.435,56.01,054.26,3.391284153005465,014.203114754098358
1769587716.0313358,158.42293310165405,43,57,53,45.71,55.45,55.975,054.29,3.4062841530054655,014.238114754098355
1769587716.119873,158.51076126098633,43,56,53,45.68,55.46,55.935,054.32,3.4162841530054635,014.278114754098354
1769587716.1929832,158.5844690799713,43,56,53,45.65,55.47,55.895,054.35,3.4262841530054615,014.318114754098353
1769587716.258683,158.65001440048218,42,57,52,45.61,55.485,55.85,054.39,3.441284153005462,014.363114754098355
1769587716.316288,158.70796918869019,42,57,51,45.575,55.5,55.8,054.425,3.4562841530054627,014.413114754098359
1769587716.387527,158.77900314331055,42,57,51,45.54,55.515,55.75,054.46,3.4712841530054632,014.463114754098356
1769587716.4978518,158.88937616348267,42,57,51,45.505,55.53,55.7,054.495,3.486284153005464,014.513114754098353
1769587716.573431,158.96481108665466,42,57,51,45.47,55.545,55.655,054.53,3.5012841530054644,014.558114754098355
1769587716.6622121,159.05244326591492,42,57,51,45.435,55.56,55.605,054.565,3.516284153005465,014.60811475409836
1769587716.680127,159.0717213153839,42,57,51,45.395,55.575,55.555,054.605,3.5312841530054655,014.658114754098357
1769587716.814848,159.20642042160034,42,57,51,45.36,55.59,55.505,054.64,3.546284153005466,014.708114754098354
1769587716.891099,159.2826223373413,41,57,51,45.32,55.605,55.46,054.68,3.5612841530054595,014.753114754098355
1769587716.970092,159.3615243434906,42,57,51,45.285,55.62,55.415,054.715,3.57628415300546,014.798114754098357
1769587717.0511842,159.44268226623535,42,57,51,45.25,55.635,55.37,054.75,3.5912841530054607,014.843114754098359
1769587717.173294,159.56284022331238,41,58,51,45.21,55.655,55.325,054.79,3.611284153005464,014.888114754098353
1769587717.291429,159.68156719207764,41,58,50,45.17,55.675,55.275,054.83,3.63128415300546,014.938114754098358
1769587717.3768609,159.76798009872437,41,58,51,45.13,55.695,55.23,054.87,3.651284153005463,014.98311475409836
1769587717.450078,159.8417091369629,41,58,51,45.09,55.715,55.185,054.91,3.671284153005466,015.028114754098354
1769587717.522592,159.91406106948853,41,58,50,45.05,55.735,55.135,054.95,3.691284153005462,015.078114754098358
1769587717.593736,159.98495626449585,41,58,50,45.01,55.755,55.085,054.99,3.711284153005465,015.128114754098355
1769587717.655066,160.04667806625366,41,58,50,44.97,55.775,55.035,055.03,3.7312841530054612,015.17811475409836
1769587717.722238,160.1134762763977,41,58,50,44.93,55.795,54.985,055.07,3.7512841530054644,015.228114754098357
1769587717.7794812,160.17115211486816,41,58,50,44.89,55.815,54.935,055.11,3.7712841530054604,015.278114754098354
1769587717.836442,160.22804927825928,41,58,50,44.85,55.835,54.885,055.15,3.7912841530054635,015.328114754098358
1769587717.890718,160.28240418434143,41,58,50,44.81,55.855,54.835,055.19,3.8112841530054595,015.378114754098355
1769587717.948308,160.33993220329285,41,58,50,44.77,55.875,54.79,055.23,3.8312841530054627,015.423114754098357
1769587718.005567,160.39724230766296,41,58,50,44.73,55.895,54.745,055.27,3.851284153005466,015.468114754098359
1769587718.060898,160.452534198761,41,58,50,44.69,55.915,54.7,055.31,3.871284153005462,015.513114754098353
1769587718.124644,160.5160629749298,41,58,50,44.65,55.935,54.655,055.35,3.891284153005465,015.558114754098355
1769587718.1866739,160.57821226119995,41,58,50,44.61,55.955,54.605,055.39,3.911284153005461,015.60811475409836
1769587718.2468789,160.63822412490845,41,58,50,44.57,55.975,54.56,055.43,3.931284153005464,015.653114754098354
1769587718.304176,160.6957972049713,41,58,50,44.53,55.995,54.51,055.47,3.95128415300546,015.703114754098358
1769587718.359297,160.75070023536682,41,58,50,44.49,56.015,54.465,055.51,3.9712841530054632,015.748114754098353
1769587718.418925,160.81055998802185,41,58,50,44.455,56.035,54.42,055.545,3.9912841530054592,015.793114754098355
1769587718.473818,160.86544823646545,41,58,50,44.42,56.055,54.375,055.58,4.011284153005462,015.838114754098356
1769587718.530994,160.92268013954163,41,58,50,44.385,56.075,54.33,055.615,4.0312841530054655,015.883114754098358
1769587718.5867782,160.97834014892578,41,58,50,44.35,56.095,54.285,055.65,4.0512841530054615,015.92811475409836
1769587718.6415071,161.03319120407104,41,58,50,44.315,56.11,54.245,055.685,4.066284153005462,015.968114754098359
1769587718.6980648,161.08957529067993,41,58,51,44.28,56.125,54.21,055.72,4.081284153005463,016.003114754098355
1769587718.750102,161.14176416397095,41,58,50,44.245,56.145,54.165,055.755,4.101284153005466,016.048114754098357
1769587718.80464,161.19626235961914,41,58,50,44.21,56.165,54.12,055.79,4.121284153005462,016.09311475409836
1769587718.866097,161.25761103630066,41,58,50,44.175,56.18,54.075,055.825,4.136284153005462,016.138114754098353
1769587718.9254851,161.31713938713074,41,58,50,44.14,56.2,54.03,055.86,4.1562841530054655,016.183114754098355
1769587718.978391,161.3701012134552,41,58,50,44.105,56.215,53.985,055.895,4.171284153005466,016.228114754098357
1769587719.0294552,161.4211301803589,41,58,51,44.07,56.23,53.95,055.93,4.1862841530054595,016.263114754098353
1769587719.087156,161.4787724018097,41,58,50,44.035,56.25,53.905,055.965,4.206284153005463,016.308114754098355
1769587719.145764,161.53659439086914,41,58,50,44.0,56.265,53.865,056.0,4.221284153005463,016.348114754098354
1769587719.199888,161.5915822982788,41,58,51,43.965,56.28,53.83,056.035,4.236284153005464,016.383114754098358
1769587719.2517052,161.64336943626404,41,57,51,43.935,56.29,53.8,056.065,4.246284153005462,016.41311475409836
1769587719.3155048,161.70660710334778,41,57,51,43.9,56.3,53.765,056.1,4.25628415300546,016.448114754098356
1769587719.372708,161.76436924934387,41,58,51,43.865,56.315,53.73,056.135,4.27128415300546,016.48311475409836
1769587719.42785,161.8195242881775,42,58,51,43.835,56.33,53.695,056.165,4.286284153005461,016.518114754098356
1769587719.48451,161.87608122825623,42,58,51,43.805,56.345,53.66,056.195,4.3012841530054615,016.55311475409836
1769587719.544648,161.9363100528717,41,58,51,43.77,56.36,53.625,056.23,4.316284153005462,016.588114754098356
1769587719.598753,161.99033117294312,41,58,51,43.735,56.375,53.59,056.265,4.331284153005463,016.623114754098353
1769587719.657092,162.0486671924591,42,57,51,43.71,56.385,53.555,056.29,4.341284153005461,016.658114754098357
1769587719.716117,162.10771322250366,42,57,51,43.68,56.395,53.52,056.32,4.351284153005466,016.693114754098353
1769587719.7713568,162.16269421577454,42,57,51,43.655,56.405,53.485,056.345,4.361284153005464,016.728114754098357
1769587719.83814,162.22962427139282,42,57,51,43.63,56.415,53.455,056.37,4.371284153005462,016.758114754098358
1769587719.893675,162.28522539138794,42,57,51,43.605,56.425,53.425,056.395,4.38128415300546,016.78811475409836
1769587719.942851,162.33458042144775,42,57,51,43.58,56.435,53.395,056.42,4.391284153005465,016.818114754098353
1769587719.993215,162.38490319252014,42,57,51,43.555,56.445,53.365,056.445,4.401284153005463,016.848114754098354
1769587720.048352,162.44000220298767,41,57,51,43.525,56.455,53.335,056.475,4.411284153005461,016.878114754098355
1769587720.1016881,162.49332928657532,42,57,51,43.5,56.465,53.305,056.5,4.421284153005466,016.908114754098357
1769587720.154706,162.5464141368866,42,57,51,43.475,56.475,53.275,056.525,4.431284153005464,016.938114754098358
1769587720.211346,162.60294127464294,42,58,51,43.45,56.49,53.245,056.55,4.446284153005465,016.96811475409836
1769587720.272427,162.66407012939453,42,57,51,43.425,56.5,53.215,056.575,4.456284153005463,016.998114754098353
1769587720.3263412,162.71796917915344,42,57,52,43.4,56.51,53.19,056.6,4.466284153005461,017.02311475409836
1769587720.377223,162.76892018318176,42,57,51,43.375,56.52,53.16,056.625,4.476284153005466,017.05311475409836
1769587720.428192,162.81990814208984,42,57,51,43.35,56.53,53.13,056.65,4.486284153005464,017.083114754098354
1769587720.481795,162.87348198890686,42,57,51,43.325,56.54,53.1,056.675,4.496284153005462,017.113114754098355
1769587720.5361888,162.92779922485352,42,57,51,43.3,56.55,53.07,056.7,4.50628415300546,017.143114754098356
1769587720.589469,162.98119711875916,42,57,51,43.28,56.56,53.045,056.72,4.516284153005465,017.168114754098355
1769587720.644393,163.03590607643127,42,57,52,43.26,56.565,53.025,056.74,4.52128415300546,017.188114754098358
1769587720.699339,163.09089732170105,42,57,52,43.24,56.575,53.005,056.76,4.5312841530054655,017.208114754098354
1769587720.757455,163.14908814430237,42,57,52,43.22,56.585,52.985,056.78,4.5412841530054635,017.228114754098357
1769587720.819037,163.21060514450073,42,57,51,43.2,56.595,52.96,056.8,4.5512841530054615,017.253114754098355
1769587720.87465,163.2658293247223,42,57,52,43.18,56.605,52.94,056.82,4.5612841530054595,017.27311475409836
1769587720.9324899,163.32414841651917,42,57,52,43.16,56.615,52.92,056.84,4.571284153005465,017.293114754098355
1769587720.9921348,163.38383531570435,42,57,52,43.14,56.625,52.9,056.86,4.581284153005463,017.313114754098358
1769587721.050943,163.44255113601685,42,57,52,43.12,56.63,52.88,056.88,4.586284153005465,017.333114754098354
1769587721.110414,163.50193619728088,42,57,52,43.1,56.635,52.86,056.9,4.591284153005461,017.353114754098357
1769587721.1721458,163.5638222694397,42,57,52,43.08,56.64,52.84,056.92,4.596284153005463,017.373114754098353
1769587721.2459478,163.63727116584778,42,57,52,43.06,56.645,52.825,056.94,4.601284153005466,017.388114754098353
1769587721.345085,163.73655915260315,42,57,52,43.045,56.65,52.81,056.955,4.606284153005461,017.403114754098354
1769587721.529119,163.92053818702698,42,57,52,43.025,56.655,52.795,056.975,4.611284153005464,017.418114754098355
1769587721.608889,164.00037813186646,42,57,52,43.005,56.66,52.775,056.995,4.616284153005459,017.438114754098358
1769587721.672456,164.064058303833,42,57,52,42.985,56.665,52.76,057.015,4.621284153005462,017.453114754098358
1769587721.736872,164.12844729423523,42,57,52,42.97,56.67,52.745,057.03,4.626284153005464,017.46811475409836
1769587721.802171,164.19376420974731,43,57,52,42.955,56.675,52.73,057.045,4.63128415300546,017.48311475409836
1769587721.864372,164.25588130950928,42,57,52,42.94,56.68,52.715,057.06,4.636284153005462,017.498114754098353
1769587721.924501,164.31613636016846,42,57,52,42.925,56.685,52.7,057.075,4.641284153005465,017.513114754098353
1769587721.9862669,164.37797236442566,42,57,52,42.905,56.69,52.685,057.095,4.64628415300546,017.528114754098354
1769587722.0425391,164.43421912193298,42,57,52,42.885,56.695,52.67,057.115,4.651284153005463,017.543114754098355
1769587722.101124,164.49279522895813,42,57,52,42.87,56.7,52.655,057.13,4.6562841530054655,017.558114754098355
1769587722.159771,164.55121517181396,42,57,52,42.855,56.705,52.64,057.145,4.661284153005461,017.573114754098356
1769587722.219896,164.61126232147217,42,57,52,42.84,56.71,52.625,057.16,4.6662841530054635,017.588114754098356
1769587722.279899,164.6714642047882,42,57,52,42.82,56.715,52.61,057.18,4.671284153005466,017.603114754098357
1769587722.336832,164.72845435142517,43,57,53,42.81,56.72,52.6,057.19,4.6762841530054615,017.613114754098355
1769587722.399754,164.79124307632446,43,57,53,42.8,56.725,52.595,057.2,4.681284153005464,017.618114754098357
1769587722.461914,164.8534803390503,43,57,53,42.79,56.73,52.585,057.21,4.6862841530054595,017.628114754098355
1769587722.468914,164.86040115356445,43,57,52,42.78,56.735,52.57,057.22,4.691284153005462,017.643114754098356
1769587722.524787,164.9164092540741,42,57,52,42.765,56.74,52.555,057.235,4.696284153005465,017.658114754098357
1769587722.583756,164.97541618347168,43,57,53,42.755,56.745,52.545,057.245,4.70128415300546,017.668114754098355
1769587722.6408699,165.03253817558289,43,56,54,42.745,56.745,52.54,057.255,4.70128415300546,017.673114754098357
1769587722.697819,165.08947610855103,43,57,53,42.735,56.75,52.53,057.265,4.706284153005463,017.683114754098355
1769587722.756644,165.14827418327332,43,57,53,42.725,56.755,52.52,057.275,4.711284153005465,017.693114754098353
1769587722.816182,165.20781421661377,43,56,53,42.715,56.755,52.51,057.285,4.711284153005465,017.703114754098358
1769587722.874251,165.2656524181366,43,57,53,42.705,56.76,52.5,057.295,4.716284153005461,017.713114754098356
1769587722.934918,165.32659029960632,43,57,53,42.695,56.765,52.49,057.305,4.721284153005463,017.723114754098354
1769587722.996316,165.3879942893982,43,57,53,42.685,56.77,52.48,057.315,4.726284153005466,017.73311475409836
1769587723.056073,165.44771933555603,43,56,53,42.675,56.77,52.47,057.325,4.726284153005466,017.743114754098357
1769587723.112868,165.50453305244446,43,56,53,42.665,56.77,52.46,057.335,4.726284153005466,017.753114754098355
1769587723.1681259,165.559805393219,43,56,53,42.655,56.77,52.45,057.345,4.726284153005466,017.763114754098353
1769587723.226779,165.6183922290802,43,56,53,42.645,56.77,52.445,057.355,4.726284153005466,017.768114754098356
1769587723.284988,165.6765854358673,43,56,53,42.635,56.77,52.435,057.365,4.726284153005466,017.778114754098354
1769587723.342031,165.73360419273376,43,56,53,42.625,56.77,52.425,057.375,4.726284153005466,017.78811475409836
1769587723.397621,165.7892541885376,43,56,53,42.615,56.77,52.415,057.385,4.726284153005466,017.798114754098357
1769587723.457006,165.84865522384644,43,56,53,42.605,56.77,52.405,057.395,4.726284153005466,017.808114754098355
1769587723.514883,165.90638899803162,43,56,53,42.595,56.77,52.395,057.405,4.726284153005466,017.818114754098353
1769587723.5737972,165.9653754234314,43,56,53,42.585,56.77,52.385,057.415,4.726284153005466,017.828114754098358
1769587723.632755,166.02439522743225,43,56,54,42.575,56.77,52.38,057.425,4.726284153005466,017.833114754098354
1769587723.689214,166.0807900428772,43,56,54,42.565,56.77,52.375,057.435,4.726284153005466,017.838114754098356
1769587723.7425542,166.13415122032166,43,56,54,42.555,56.77,52.37,057.445,4.726284153005466,017.84311475409836
1769587723.799485,166.19098019599915,43,56,54,42.55,56.77,52.365,057.45,4.726284153005466,017.848114754098354
1769587723.858217,166.2497341632843,44,56,54,42.55,56.77,52.365,057.45,4.726284153005466,017.848114754098354
1769587723.915599,166.30718207359314,43,56,54,42.54,56.77,52.36,057.46,4.726284153005466,017.853114754098357
1769587723.970241,166.36148834228516,43,56,54,42.53,56.77,52.355,057.47,4.726284153005466,017.85811475409836
1769587724.027945,166.41960501670837,43,56,54,42.525,56.77,52.355,057.475,4.726284153005466,017.85811475409836
1769587724.081473,166.47316312789917,43,56,54,42.52,56.77,52.355,057.48,4.726284153005466,017.85811475409836
1769587724.13568,166.527330160141,43,56,54,42.515,56.77,52.35,057.485,4.726284153005466,017.863114754098355
1769587724.192409,166.5840151309967,43,56,54,42.51,56.77,52.35,057.49,4.726284153005466,017.863114754098355
1769587724.252352,166.64390325546265,43,56,54,42.505,56.77,52.35,057.495,4.726284153005466,017.863114754098355
1769587724.305525,166.69723224639893,43,56,54,42.5,56.77,52.35,057.5,4.726284153005466,017.863114754098355
1769587724.358338,166.7500352859497,43,56,54,42.495,56.77,52.35,057.505,4.726284153005466,017.863114754098355
1769587724.4101272,166.80183506011963,43,56,54,42.49,56.77,52.35,057.51,4.726284153005466,017.863114754098355
1769587724.462847,166.85434126853943,43,56,54,42.485,56.77,52.35,057.515,4.726284153005466,017.863114754098355
1769587724.5182111,166.9096713066101,43,56,54,42.48,56.77,52.35,057.52,4.726284153005466,017.863114754098355
1769587724.576364,166.96776032447815,43,56,54,42.475,56.77,52.35,057.525,4.726284153005466,017.863114754098355
1769587724.628392,167.02004027366638,43,56,54,42.47,56.77,52.35,057.53,4.726284153005466,017.863114754098355
1769587724.685149,167.07673025131226,43,56,54,42.465,56.77,52.35,057.535,4.726284153005466,017.863114754098355
1769587724.742155,167.13386225700378,43,56,54,42.46,56.77,52.35,057.54,4.726284153005466,017.863114754098355
1769587724.7945092,167.18624114990234,43,56,53,42.455,56.77,52.345,057.545,4.726284153005466,017.868114754098357
1769587724.85037,167.24204921722412,43,56,54,42.45,56.77,52.345,057.55,4.726284153005466,017.868114754098357
1769587724.90519,167.29690718650818,44,56,55,42.455,56.77,52.355,057.545,4.726284153005466,017.85811475409836
1769587724.9596999,167.35136318206787,43,56,54,42.455,56.77,52.36,057.545,4.726284153005466,017.853114754098357
1769587725.0191412,167.41052436828613,43,56,54,42.45,56.77,52.36,057.55,4.726284153005466,017.853114754098357
1769587725.086457,167.47796821594238,43,56,54,42.445,56.77,52.36,057.555,4.726284153005466,017.853114754098357
1769587725.147903,167.53876209259033,43,56,54,42.44,56.77,52.36,057.56,4.726284153005466,017.853114754098357
1769587725.2073238,167.59893608093262,43,56,54,42.435,56.77,52.36,057.565,4.726284153005466,017.853114754098357
1769587725.264807,167.65634417533875,43,56,54,42.435,56.77,52.365,057.565,4.726284153005466,017.848114754098354
1769587725.323162,167.71481919288635,43,56,53,42.435,56.77,52.365,057.565,4.726284153005466,017.848114754098354
1769587725.3784,167.76999521255493,42,56,53,42.43,56.77,52.36,057.57,4.726284153005466,017.853114754098357
1769587725.431047,167.82275199890137,42,56,53,42.42,56.77,52.355,057.58,4.726284153005466,017.85811475409836
1769587725.485823,167.8774492740631,42,56,53,42.41,56.77,52.35,057.59,4.726284153005466,017.863114754098355
1769587725.540195,167.931627035141,42,56,53,42.405,56.77,52.35,057.595,4.726284153005466,017.863114754098355
1769587725.594274,167.98597121238708,42,56,53,42.4,56.77,52.35,057.6,4.726284153005466,017.863114754098355
1769587725.651551,168.04320216178894,42,56,53,42.395,56.77,52.35,057.605,4.726284153005466,017.863114754098355
1769587725.7085419,168.09998631477356,43,56,53,42.395,56.77,52.35,057.605,4.726284153005466,017.863114754098355
1769587725.765811,168.15746426582336,43,56,53,42.395,56.77,52.35,057.605,4.726284153005466,017.863114754098355
1769587725.8194811,168.21118116378784,42,56,53,42.39,56.77,52.35,057.61,4.726284153005466,017.863114754098355
1769587725.870804,168.26248621940613,42,56,53,42.385,56.77,52.35,057.615,4.726284153005466,017.863114754098355
1769587725.928255,168.31977701187134,42,56,53,42.38,56.77,52.35,057.62,4.726284153005466,017.863114754098355
1769587725.9897869,168.38138008117676,41,57,52,42.365,56.775,52.34,057.635,4.731284153005461,017.873114754098353
1769587726.045346,168.4370231628418,42,57,52,42.355,56.78,52.33,057.645,4.736284153005464,017.883114754098358
1769587726.097855,168.48954820632935,42,57,52,42.345,56.785,52.32,057.655,4.741284153005459,017.893114754098356
1769587726.150659,168.54237127304077,42,57,52,42.335,56.79,52.31,057.665,4.746284153005462,017.903114754098354
1769587726.205662,168.59728002548218,42,57,52,42.33,56.795,52.3,057.67,4.751284153005464,017.91311475409836
1769587726.258304,168.65000820159912,42,57,52,42.32,56.8,52.29,057.68,4.75628415300546,017.923114754098357
1769587726.3174028,168.70863103866577,42,57,52,42.31,56.805,52.28,057.69,4.761284153005462,017.933114754098355
1769587726.379976,168.77147817611694,41,57,52,42.295,56.81,52.27,057.705,4.766284153005465,017.943114754098353
1769587726.4403079,168.83190298080444,42,57,52,42.285,56.815,52.26,057.715,4.77128415300546,017.953114754098358
1769587726.4969442,168.88855910301208,42,57,53,42.28,56.82,52.255,057.72,4.776284153005463,017.958114754098354
1769587726.558437,168.94995403289795,42,56,53,42.27,56.82,52.25,057.73,4.776284153005463,017.963114754098356
1769587726.618878,169.01043725013733,42,57,52,42.26,56.825,52.24,057.74,4.7812841530054655,017.973114754098354
1769587726.67636,169.06730914115906,41,57,51,42.25,56.83,52.225,057.75,4.786284153005461,017.988114754098355
1769587726.729889,169.12132930755615,41,57,52,42.24,56.835,52.215,057.76,4.7912841530054635,017.998114754098353
1769587726.781308,169.17299032211304,41,57,51,42.225,56.84,52.2,057.775,4.796284153005466,018.013114754098353
1769587726.8335109,169.22518014907837,41,57,51,42.21,56.845,52.18,057.79,4.8012841530054615,018.033114754098357
1769587726.887208,169.2788281440735,41,57,51,42.195,56.85,52.16,057.805,4.806284153005464,018.05311475409836
1769587726.946103,169.33775329589844,41,57,51,42.185,56.855,52.145,057.815,4.8112841530054595,018.068114754098353
1769587727.0053902,169.39706420898438,41,57,51,42.175,56.86,52.13,057.825,4.816284153005462,018.083114754098354
1769587727.06061,169.4521622657776,41,57,51,42.165,56.865,52.115,057.835,4.821284153005465,018.098114754098354
1769587727.115073,169.50678706169128,41,57,51,42.155,56.87,52.1,057.845,4.82628415300546,018.113114754098355
1769587727.170275,169.56194305419922,41,57,51,42.145,56.875,52.085,057.855,4.831284153005463,018.128114754098355
1769587727.22465,169.61602210998535,41,57,50,42.13,56.88,52.065,057.87,4.836284153005465,018.14811475409836
1769587727.281033,169.67247104644775,41,57,51,42.115,56.885,52.045,057.885,4.841284153005461,018.168114754098355
1769587727.336524,169.72807502746582,41,57,51,42.1,56.89,52.03,057.9,4.846284153005463,018.183114754098355
1769587727.39494,169.78631138801575,41,57,51,42.085,56.895,52.015,057.915,4.851284153005466,018.198114754098356
1769587727.456931,169.8484082221985,40,57,50,42.07,56.9,51.995,057.93,4.856284153005461,018.21811475409836
1769587727.519867,169.91149735450745,40,57,50,42.05,56.905,51.975,057.95,4.861284153005464,018.238114754098355
1769587727.575331,169.96694827079773,40,57,50,42.03,56.91,51.955,057.97,4.866284153005459,018.258114754098358
1769587727.629363,170.02101230621338,40,57,50,42.015,56.915,51.935,057.985,4.871284153005462,018.278114754098354
1769587727.689729,170.0812861919403,40,57,50,42.0,56.915,51.92,058.0,4.871284153005462,018.293114754098355
1769587727.7472692,170.13892197608948,40,57,51,41.985,56.915,51.91,058.015,4.871284153005462,018.30311475409836
1769587727.80187,170.193528175354,40,57,51,41.97,56.915,51.9,058.03,4.871284153005462,018.313114754098358
1769587727.857961,170.24955320358276,40,57,50,41.955,56.915,51.885,058.045,4.871284153005462,018.328114754098358
1769587727.917227,170.3086862564087,40,57,50,41.94,56.915,51.87,058.06,4.871284153005462,018.34311475409836
1769587727.9830022,170.37391424179077,40,57,50,41.925,56.915,51.855,058.075,4.871284153005462,018.35811475409836
1769587728.0461922,170.4376893043518,40,57,50,41.91,56.915,51.84,058.09,4.871284153005462,018.373114754098353
1769587728.1031308,170.49482536315918,40,58,50,41.895,56.92,51.825,058.105,4.876284153005464,018.388114754098353
1769587728.153912,170.54559421539307,40,57,50,41.88,56.925,51.81,058.12,4.88128415300546,018.403114754098354
1769587728.2052,170.59686517715454,40,58,50,41.865,56.935,51.795,058.135,4.891284153005465,018.418114754098355
1769587728.257918,170.64956426620483,40,58,50,41.855,56.94,51.785,058.145,4.89628415300546,018.42811475409836
1769587728.3118951,170.70353722572327,40,58,50,41.845,56.945,51.78,058.155,4.901284153005463,018.433114754098355
1769587728.3175218,170.70920825004578,40,58,50,41.835,56.95,51.775,058.165,4.9062841530054655,018.438114754098358
1769587728.377698,170.76923418045044,40,58,50,41.825,56.955,51.77,058.175,4.911284153005461,018.443114754098353
1769587728.436239,170.82785820960999,40,58,50,41.815,56.96,51.765,058.185,4.9162841530054635,018.448114754098356
1769587728.493463,170.88503122329712,40,57,50,41.805,56.96,51.76,058.195,4.9162841530054635,018.453114754098358
1769587728.54651,170.93815326690674,40,57,50,41.795,56.96,51.755,058.205,4.9162841530054635,018.458114754098354
1769587728.598754,170.9903643131256,40,58,50,41.785,56.965,51.75,058.215,4.921284153005466,018.463114754098356
1769587728.656439,171.04805827140808,40,58,50,41.78,56.97,51.745,058.22,4.9262841530054615,018.46811475409836
1769587728.711541,171.10315918922424,40,57,50,41.77,56.97,51.74,058.23,4.9262841530054615,018.473114754098354
1769587728.71734,171.10877418518066,40,57,50,41.76,56.97,51.735,058.24,4.9262841530054615,018.478114754098357
1769587728.769257,171.1609673500061,40,57,50,41.755,56.965,51.73,058.245,4.921284153005466,018.48311475409836
1769587728.8238552,171.21554732322693,40,57,50,41.75,56.96,51.73,058.25,4.9162841530054635,018.48311475409836
1769587728.882568,171.27419328689575,40,57,50,41.745,56.955,51.725,058.255,4.911284153005461,018.488114754098355
1769587728.947507,171.33846139907837,40,57,50,41.74,56.95,51.72,058.26,4.9062841530054655,018.493114754098357
1769587729.0145972,171.40605425834656,40,57,50,41.735,56.945,51.72,058.265,4.901284153005463,018.493114754098357
1769587729.078536,171.47011923789978,39,57,50,41.725,56.94,51.72,058.275,4.89628415300546,018.493114754098357
1769587729.1373818,171.52893018722534,39,58,50,41.715,56.94,51.72,058.285,4.89628415300546,018.493114754098357
1769587729.1943722,171.58603715896606,39,57,50,41.705,56.935,51.72,058.295,4.891284153005465,018.493114754098357
1769587729.255133,171.64671516418457,39,58,50,41.695,56.935,51.72,058.305,4.891284153005465,018.493114754098357
1769587729.3171651,171.7085943222046,39,58,50,41.685,56.935,51.72,058.315,4.891284153005465,018.493114754098357
1769587729.379387,171.77100729942322,39,58,49,41.675,56.935,51.715,058.325,4.891284153005465,018.498114754098353
1769587729.4377458,171.82941317558289,39,58,49,41.665,56.935,51.71,058.335,4.891284153005465,018.503114754098355
1769587729.491945,171.88356924057007,39,58,49,41.655,56.935,51.705,058.345,4.891284153005465,018.508114754098358
1769587729.5444639,171.93607234954834,39,58,50,41.645,56.935,51.705,058.355,4.891284153005465,018.508114754098358
1769587729.6041431,171.9956202507019,39,58,49,41.635,56.935,51.7,058.365,4.891284153005465,018.513114754098353
1769587729.661741,172.05339908599854,39,58,49,41.625,56.935,51.695,058.375,4.891284153005465,018.518114754098356
1769587729.666722,172.058420419693,39,58,49,41.615,56.935,51.69,058.385,4.891284153005465,018.52311475409836
1769587729.721914,172.11355233192444,39,58,49,41.605,56.935,51.685,058.395,4.891284153005465,018.528114754098354
1769587729.774936,172.16664338111877,38,58,49,41.59,56.935,51.68,058.41,4.891284153005465,018.533114754098357
1769587729.8272908,172.21902012825012,38,58,49,41.575,56.935,51.675,058.425,4.891284153005465,018.53811475409836
1769587729.8877718,172.27931213378906,38,58,49,41.56,56.935,51.67,058.44,4.891284153005465,018.543114754098355
1769587729.9523861,172.34399938583374,38,58,49,41.545,56.935,51.665,058.455,4.891284153005465,018.548114754098357
1769587730.012727,172.40439820289612,38,58,49,41.53,56.935,51.66,058.47,4.891284153005465,018.55311475409836
1769587730.067348,172.45902228355408,38,58,49,41.515,56.935,51.655,058.485,4.891284153005465,018.558114754098355
1769587730.1267688,172.5183973312378,38,58,48,41.5,56.935,51.64,058.5,4.891284153005465,018.573114754098356
1769587730.1852229,172.57676911354065,38,58,48,41.485,56.935,51.63,058.515,4.891284153005465,018.583114754098354
1769587730.236518,172.62824606895447,38,58,48,41.47,56.935,51.62,058.53,4.891284153005465,018.59311475409836
1769587730.288182,172.67986726760864,38,58,48,41.455,56.935,51.61,058.545,4.891284153005465,018.603114754098357
1769587730.3415208,172.73307633399963,38,58,48,41.44,56.935,51.6,058.56,4.891284153005465,018.613114754098355
1769587730.395675,172.7871232032776,38,58,48,41.425,56.935,51.59,058.575,4.891284153005465,018.623114754098353
1769587730.459834,172.8513331413269,38,58,48,41.41,56.935,51.575,058.59,4.891284153005465,018.638114754098353
1769587730.516406,172.9080650806427,38,58,49,41.395,56.935,51.57,058.605,4.891284153005465,018.643114754098356
1769587730.5697742,172.96133828163147,39,58,49,41.385,56.935,51.565,058.615,4.891284153005465,018.64811475409836
1769587730.6230028,173.01466131210327,38,58,49,41.37,56.935,51.555,058.63,4.891284153005465,018.658114754098357
1769587730.6780422,173.06971621513367,38,58,48,41.355,56.94,51.54,058.645,4.89628415300546,018.673114754098357
1769587730.732267,173.12393617630005,38,58,48,41.34,56.945,51.525,058.66,4.901284153005463,018.688114754098358
1769587730.786081,173.17773628234863,38,58,48,41.325,56.945,51.51,058.675,4.901284153005463,018.703114754098358
1769587730.840275,173.23195433616638,38,58,48,41.305,56.945,51.495,058.695,4.901284153005463,018.71811475409836
1769587730.896804,173.28843641281128,38,58,48,41.285,56.945,51.48,058.715,4.901284153005463,018.73311475409836
1769587730.953894,173.3455753326416,38,58,48,41.27,56.945,51.465,058.73,4.901284153005463,018.748114754098353
1769587731.006817,173.3984932899475,38,58,48,41.255,56.945,51.45,058.745,4.901284153005463,018.763114754098353
1769587731.0647051,173.45636129379272,38,58,48,41.235,56.95,51.435,058.765,4.9062841530054655,018.778114754098354
1769587731.1283462,173.51968622207642,38,58,48,41.215,56.955,51.42,058.785,4.911284153005461,018.793114754098355
1769587731.1929731,173.58453226089478,38,58,48,41.195,56.96,51.405,058.805,4.9162841530054635,018.808114754098355
1769587731.2510211,173.64270114898682,38,58,48,41.175,56.965,51.39,058.825,4.921284153005466,018.823114754098356
1769587731.306411,173.69812202453613,38,58,48,41.155,56.97,51.375,058.845,4.9262841530054615,018.838114754098356
1769587731.358578,173.75026202201843,38,58,49,41.135,56.975,51.365,058.865,4.931284153005464,018.848114754098354
1769587731.412653,173.8041751384735,38,58,49,41.115,56.98,51.355,058.885,4.9362841530054595,018.85811475409836
1769587731.472085,173.86352729797363,38,58,49,41.1,56.985,51.345,058.9,4.941284153005462,018.868114754098357
1769587731.536992,173.92855405807495,38,58,49,41.08,56.99,51.335,058.92,4.946284153005465,018.878114754098355
1769587731.598229,173.98988008499146,38,58,49,41.06,56.995,51.325,058.94,4.95128415300546,018.888114754098353
1769587731.6499588,174.04164218902588,38,58,49,41.04,56.995,51.315,058.96,4.95128415300546,018.89811475409836
1769587731.7049851,174.0966362953186,38,58,48,41.02,57.0,51.3,058.98,4.956284153005463,018.91311475409836
1769587731.763069,174.15429139137268,39,58,49,41.005,57.005,51.285,058.995,4.961284153005465,018.92811475409836
1769587731.8184772,174.21016716957092,38,58,49,40.985,57.01,51.275,059.015,4.966284153005461,018.938114754098358
1769587731.868772,174.26044821739197,38,58,49,40.965,57.015,51.265,059.035,4.971284153005463,018.948114754098356
1769587731.9230561,174.314679145813,38,58,49,40.945,57.02,51.255,059.055,4.976284153005466,018.958114754098354
1769587731.974567,174.36628818511963,38,58,49,40.925,57.025,51.245,059.075,4.981284153005461,018.96811475409836
1769587732.028161,174.41984224319458,38,58,49,40.905,57.03,51.235,059.095,4.986284153005464,018.978114754098357
1769587732.078947,174.47062706947327,38,58,49,40.885,57.035,51.22,059.115,4.991284153005459,018.993114754098357
1769587732.1316109,174.5231921672821,38,58,49,40.865,57.04,51.205,059.135,4.996284153005462,019.008114754098358
1769587732.2005708,174.5918881893158,38,58,49,40.845,57.045,51.19,059.155,5.001284153005464,019.02311475409836
1769587732.260185,174.6518430709839,38,58,49,40.825,57.05,51.18,059.175,5.00628415300546,019.033114754098357
1769587732.317292,174.7089500427246,38,58,49,40.805,57.055,51.165,059.195,5.011284153005462,019.048114754098357
1769587732.371376,174.76304841041565,38,58,49,40.785,57.06,51.15,059.215,5.016284153005465,019.063114754098358
1769587732.434444,174.82598400115967,38,58,49,40.765,57.065,51.135,059.235,5.02128415300546,019.078114754098358
1769587732.492958,174.88462114334106,38,58,49,40.745,57.07,51.12,059.255,5.026284153005463,019.09311475409836
1769587732.5455658,174.93725323677063,38,58,49,40.725,57.075,51.105,059.275,5.0312841530054655,019.10811475409836
1769587732.599114,174.99080324172974,39,58,49,40.71,57.08,51.09,059.29,5.036284153005461,019.123114754098353
1769587732.651134,175.0425832271576,38,58,49,40.69,57.085,51.075,059.31,5.0412841530054635,019.138114754098353
1769587732.7033632,175.09501433372498,39,58,49,40.675,57.09,51.06,059.325,5.046284153005466,019.153114754098354
1769587732.757468,175.14916825294495,39,58,49,40.66,57.095,51.045,059.34,5.0512841530054615,019.168114754098355
1769587732.8094022,175.20114612579346,38,58,49,40.64,57.1,51.03,059.36,5.056284153005464,019.183114754098355
1769587732.8621309,175.2537522315979,38,58,49,40.62,57.105,51.015,059.38,5.0612841530054595,019.198114754098356
1769587732.918377,175.31006908416748,38,58,49,40.6,57.11,51.0,059.4,5.066284153005462,019.213114754098356
1769587732.97293,175.36445331573486,38,58,49,40.575,57.115,50.985,059.425,5.071284153005465,019.228114754098357
1769587733.028322,175.41999220848083,38,58,49,40.555,57.12,50.97,059.445,5.07628415300546,019.243114754098357
1769587733.084537,175.4761893749237,38,58,49,40.535,57.125,50.955,059.465,5.081284153005463,019.258114754098358
1769587733.138316,175.52999138832092,38,58,49,40.515,57.13,50.94,059.485,5.086284153005465,019.27311475409836
1769587733.200266,175.59157419204712,38,58,49,40.495,57.135,50.925,059.505,5.091284153005461,019.28811475409836
1769587733.259516,175.65115642547607,38,58,49,40.475,57.14,50.91,059.525,5.096284153005463,019.30311475409836
1769587733.31115,175.70283436775208,38,58,49,40.455,57.145,50.895,059.545,5.101284153005466,019.318114754098353
1769587733.3181062,175.70951223373413,38,58,48,40.435,57.15,50.875,059.565,5.106284153005461,019.338114754098356
1769587733.370348,175.76198625564575,38,58,48,40.415,57.155,50.855,059.585,5.111284153005464,019.35811475409836
1769587733.4224079,175.81393837928772,38,58,49,40.39,57.16,50.835,059.61,5.116284153005459,019.378114754098355
1769587733.476084,175.86777114868164,38,58,49,40.365,57.165,50.815,059.635,5.121284153005462,019.39811475409836
1769587733.5316029,175.92327237129211,38,58,48,40.34,57.17,50.79,059.66,5.126284153005464,019.423114754098357
1769587733.585859,175.97753429412842,38,58,48,40.315,57.175,50.77,059.685,5.13128415300546,019.443114754098353
1769587733.638928,176.03057718276978,38,58,48,40.295,57.18,50.75,059.705,5.136284153005462,019.463114754098356
1769587733.6917279,176.08340311050415,38,58,48,40.27,57.185,50.725,059.73,5.141284153005465,019.488114754098355
1769587733.755316,176.14677238464355,38,58,48,40.245,57.195,50.695,059.755,5.151284153005463,019.518114754098356
1769587733.841233,176.2296712398529,38,58,48,40.22,57.2,50.67,059.78,5.1562841530054655,019.543114754098355
1769587733.92558,176.3171193599701,38,58,48,40.195,57.205,50.645,059.805,5.161284153005461,019.568114754098353
1769587733.983285,176.37490940093994,37,58,48,40.165,57.215,50.62,059.835,5.171284153005466,019.59311475409836
1769587734.0395908,176.43126726150513,37,58,48,40.135,57.22,50.595,059.865,5.1762841530054615,019.618114754098357
1769587734.09278,176.48434114456177,37,58,48,40.105,57.225,50.57,059.895,5.181284153005464,019.643114754098356
1769587734.1540558,176.54562044143677,38,58,48,40.08,57.23,50.545,059.92,5.1862841530054595,019.668114754098355
1769587734.208652,176.60024237632751,38,58,48,40.055,57.24,50.52,059.945,5.196284153005465,019.693114754098353
1769587734.262027,176.653724193573,38,58,48,40.03,57.25,50.495,059.97,5.206284153005463,019.71811475409836
1769587734.317549,176.70927214622498,38,58,48,40.005,57.26,50.47,059.995,5.216284153005461,019.743114754098357
1769587734.368062,176.7595341205597,38,58,48,39.98,57.27,50.445,060.02,5.226284153005466,019.768114754098356
1769587734.4188511,176.8105390071869,38,58,48,39.955,57.28,50.42,060.045,5.236284153005464,019.793114754098355
1769587734.4709928,176.86268019676208,38,58,48,39.93,57.29,50.395,060.07,5.246284153005462,019.818114754098353
1769587734.5281699,176.91982221603394,38,58,48,39.905,57.3,50.37,060.095,5.25628415300546,019.84311475409836
1769587734.589528,176.98105120658875,38,58,48,39.88,57.31,50.345,060.12,5.266284153005465,019.868114754098357
1769587734.647048,177.0385181903839,38,58,48,39.855,57.32,50.32,060.145,5.276284153005463,019.893114754098356
1769587734.702945,177.0946502685547,38,58,48,39.83,57.33,50.295,060.17,5.286284153005461,019.918114754098355
1769587734.757817,177.14950823783875,38,58,48,39.805,57.34,50.265,060.195,5.296284153005466,019.948114754098356
1769587734.811522,177.20321106910706,38,58,48,39.78,57.35,50.235,060.22,5.306284153005464,019.978114754098357
1769587734.816283,177.20804715156555,38,58,48,39.755,57.36,50.205,060.245,5.316284153005462,020.008114754098358
1769587734.868883,177.26052141189575,38,58,48,39.73,57.37,50.175,060.27,5.32628415300546,020.03811475409836
1769587734.926259,177.31794214248657,38,58,49,39.7,57.38,50.15,060.3,5.336284153005465,020.063114754098358
1769587734.978582,177.37030339241028,38,58,49,39.675,57.39,50.125,060.325,5.346284153005463,020.088114754098356
1769587735.033189,177.42486023902893,38,58,48,39.65,57.4,50.095,060.35,5.356284153005461,020.118114754098357
1769587735.089987,177.48164319992065,38,58,48,39.625,57.41,50.065,060.375,5.366284153005459,020.14811475409836
1769587735.1412952,177.5329773426056,38,58,48,39.6,57.42,50.035,060.4,5.376284153005464,020.17811475409836
1769587735.1950898,177.58673214912415,38,58,49,39.575,57.43,50.01,060.425,5.386284153005462,020.203114754098358
1769587735.251034,177.64260935783386,38,58,49,39.55,57.44,49.985,060.45,5.39628415300546,020.228114754098357
1769587735.306677,177.6982650756836,38,58,49,39.525,57.45,49.96,060.475,5.4062841530054655,020.253114754098355
1769587735.3668091,177.7584662437439,38,58,49,39.5,57.46,49.935,060.5,5.4162841530054635,020.278114754098354
1769587735.421142,177.8128592967987,38,58,49,39.475,57.47,49.91,060.525,5.4262841530054615,020.30311475409836
1769587735.474155,177.86585330963135,38,58,49,39.45,57.48,49.885,060.55,5.4362841530054595,020.328114754098358
1769587735.527234,177.9189112186432,38,58,49,39.425,57.49,49.86,060.575,5.446284153005465,020.353114754098357
1769587735.5805051,177.9719181060791,38,58,49,39.4,57.5,49.835,060.6,5.456284153005463,020.378114754098355
1769587735.634005,178.02569818496704,39,58,49,39.38,57.51,49.81,060.62,5.466284153005461,020.403114754098354
1769587735.687507,178.07917523384094,38,58,49,39.355,57.52,49.785,060.645,5.476284153005466,020.42811475409836
1769587735.741836,178.13351821899414,38,58,49,39.33,57.53,49.76,060.67,5.486284153005464,020.453114754098358
1769587735.796242,178.1879382133484,38,58,49,39.305,57.54,49.735,060.695,5.496284153005462,020.478114754098357
1769587735.851735,178.2432713508606,38,58,49,39.28,57.55,49.715,060.72,5.50628415300546,020.498114754098353
1769587735.9109519,178.3024001121521,38,58,49,39.255,57.56,49.69,060.745,5.516284153005465,020.52311475409836
1769587735.916876,178.30849719047546,38,58,49,39.225,57.57,49.66,060.775,5.526284153005463,020.55311475409836
1769587735.974148,178.36571717262268,38,58,49,39.2,57.58,49.635,060.8,5.536284153005461,020.578114754098358
1769587736.039146,178.43084907531738,39,58,49,39.18,57.59,49.61,060.82,5.546284153005466,020.603114754098357
1769587736.0923479,178.4840612411499,38,58,49,39.155,57.6,49.585,060.845,5.556284153005464,020.628114754098355
1769587736.142327,178.53400826454163,38,58,49,39.13,57.61,49.56,060.87,5.566284153005462,020.653114754098354
1769587736.195041,178.5866460800171,38,58,49,39.105,57.62,49.535,060.895,5.57628415300546,020.67811475409836
1769587736.253024,178.64461421966553,38,58,49,39.08,57.63,49.51,060.92,5.586284153005465,020.703114754098358
1769587736.308188,178.6997742652893,38,58,48,39.055,57.64,49.485,060.945,5.596284153005463,020.728114754098357
1769587736.3638241,178.7555091381073,38,58,49,39.035,57.65,49.465,060.965,5.606284153005461,020.748114754098353
1769587736.419461,178.81113600730896,38,58,49,39.015,57.66,49.445,060.985,5.616284153005459,020.768114754098356
1769587736.4747741,178.86636638641357,38,58,49,38.995,57.67,49.425,061.005,5.626284153005464,020.78811475409836
1769587736.526177,178.91780138015747,38,58,49,38.975,57.68,49.405,061.025,5.636284153005462,020.808114754098355
1769587736.579967,178.97163438796997,38,58,49,38.955,57.69,49.385,061.045,5.64628415300546,020.828114754098358
1769587736.6334012,179.0250723361969,38,58,48,38.935,57.7,49.36,061.065,5.6562841530054655,020.853114754098357
1769587736.6884322,179.08011627197266,38,58,48,38.91,57.71,49.335,061.09,5.6662841530054635,020.878114754098355
1769587736.742274,179.13395524024963,38,58,49,38.885,57.72,49.315,061.115,5.6762841530054615,020.89811475409836
1769587736.797106,179.18831729888916,38,58,49,38.865,57.73,49.295,061.135,5.6862841530054595,020.918114754098355
1769587736.858411,179.24956631660461,38,58,48,38.845,57.74,49.27,061.155,5.696284153005465,020.943114754098353
1769587736.9145322,179.3061661720276,38,58,48,38.825,57.75,49.245,061.175,5.706284153005463,020.96811475409836
1769587736.972981,179.3640923500061,38,58,49,38.81,57.755,49.23,061.19,5.711284153005465,020.98311475409836
1769587737.035635,179.42714619636536,39,58,49,38.795,57.76,49.215,061.205,5.716284153005461,020.998114754098353
1769587737.091012,179.48266911506653,38,58,48,38.775,57.765,49.195,061.225,5.721284153005463,021.018114754098356
1769587737.145196,179.53690719604492,38,58,49,38.755,57.77,49.18,061.245,5.726284153005466,021.033114754098357
1769587737.1963022,179.5879852771759,38,58,49,38.735,57.775,49.165,061.265,5.731284153005461,021.048114754098357
1769587737.2483609,179.64003920555115,38,58,49,38.715,57.78,49.15,061.285,5.736284153005464,021.063114754098358
1769587737.301776,179.69346618652344,38,58,49,38.695,57.785,49.135,061.305,5.741284153005459,021.078114754098358
1769587737.3567412,179.74840712547302,39,58,50,38.685,57.79,49.125,061.315,5.746284153005462,021.088114754098356
1769587737.412092,179.80365014076233,39,58,50,38.67,57.795,49.115,061.33,5.751284153005464,021.098114754098354
1769587737.4669921,179.8586721420288,38,58,49,38.65,57.8,49.095,061.35,5.75628415300546,021.118114754098357
1769587737.5225012,179.9141833782196,38,58,49,38.63,57.81,49.075,061.37,5.766284153005465,021.138114754098353
1769587737.580993,179.97257709503174,39,57,50,38.615,57.81,49.065,061.385,5.766284153005465,021.14811475409836
1769587737.647907,180.03936314582825,39,57,50,38.605,57.81,49.06,061.395,5.766284153005465,021.153114754098354
1769587737.707422,180.09889936447144,39,58,50,38.595,57.815,49.05,061.405,5.77128415300546,021.16311475409836
1769587737.7608151,180.15247416496277,39,57,50,38.585,57.815,49.045,061.415,5.77128415300546,021.168114754098355
1769587737.766878,180.15859723091125,39,57,50,38.575,57.815,49.04,061.425,5.77128415300546,021.173114754098357
1769587737.8189461,180.2105951309204,39,57,50,38.565,57.815,49.035,061.435,5.77128415300546,021.17811475409836
1769587737.877737,180.2689483165741,39,57,50,38.555,57.815,49.03,061.445,5.77128415300546,021.183114754098355
1769587737.941474,180.33304500579834,39,57,50,38.545,57.815,49.025,061.455,5.77128415300546,021.188114754098358
1769587737.995693,180.38739919662476,39,57,50,38.535,57.815,49.02,061.465,5.77128415300546,021.193114754098353
1769587738.048516,180.440181016922,39,57,50,38.525,57.815,49.015,061.475,5.77128415300546,021.198114754098356
1769587738.10246,180.49417328834534,39,57,50,38.515,57.815,49.01,061.485,5.77128415300546,021.203114754098358
1769587738.152881,180.54456233978271,39,57,50,38.505,57.815,49.01,061.495,5.77128415300546,021.203114754098358
1769587738.205923,180.59753513336182,39,57,50,38.495,57.815,49.005,061.505,5.77128415300546,021.208114754098354
1769587738.259882,180.65141916275024,39,57,50,38.485,57.815,49.0,061.515,5.77128415300546,021.213114754098356
1769587738.3142898,180.70596027374268,39,57,50,38.475,57.815,48.995,061.525,5.77128415300546,021.21811475409836
1769587738.367815,180.75948905944824,39,57,50,38.47,57.815,48.995,061.53,5.77128415300546,021.21811475409836
1769587738.4211771,180.81277012825012,39,57,50,38.465,57.815,48.995,061.535,5.77128415300546,021.21811475409836
1769587738.4807308,180.8724102973938,39,57,50,38.46,57.815,48.995,061.54,5.77128415300546,021.21811475409836
1769587738.534376,180.92605209350586,39,57,50,38.455,57.815,48.995,061.545,5.77128415300546,021.21811475409836
1769587738.587122,180.97883009910583,39,57,51,38.45,57.815,49.0,061.55,5.77128415300546,021.213114754098356
1769587738.639466,181.0309202671051,39,57,50,38.445,57.815,48.995,061.555,5.77128415300546,021.21811475409836
1769587738.69203,181.08372616767883,38,58,49,38.435,57.82,48.985,061.565,5.776284153005463,021.228114754098357
1769587738.746302,181.1379201412201,38,58,49,38.425,57.825,48.98,061.575,5.7812841530054655,021.23311475409836
1769587738.807492,181.19904732704163,38,58,49,38.415,57.83,48.975,061.585,5.786284153005461,021.238114754098355
1769587738.863976,181.25556826591492,38,58,49,38.405,57.835,48.97,061.595,5.7912841530054635,021.243114754098357
1769587738.917202,181.30886507034302,38,58,49,38.395,57.84,48.965,061.605,5.796284153005466,021.248114754098353
1769587738.97715,181.36864733695984,38,58,49,38.385,57.84,48.96,061.615,5.796284153005466,021.253114754098355
1769587739.0345001,181.42614221572876,38,58,49,38.375,57.845,48.955,061.625,5.8012841530054615,021.258114754098358
1769587739.087546,181.47926831245422,38,58,49,38.365,57.845,48.95,061.635,5.8012841530054615,021.263114754098353
1769587739.140977,181.53268027305603,38,58,49,38.355,57.845,48.945,061.645,5.8012841530054615,021.268114754098356
1769587739.194165,181.5858371257782,38,58,48,38.345,57.845,48.935,061.655,5.8012841530054615,021.278114754098354
1769587739.2491992,181.64054822921753,37,58,48,38.33,57.845,48.925,061.67,5.8012841530054615,021.28811475409836
1769587739.310718,181.70226120948792,37,59,47,38.315,57.85,48.91,061.685,5.806284153005464,021.30311475409836
1769587739.316779,181.70843625068665,38,58,48,38.305,57.85,48.9,061.695,5.806284153005464,021.313114754098358
1769587739.373209,181.76478838920593,39,58,49,38.3,57.855,48.895,061.7,5.8112841530054595,021.318114754098353
1769587739.425233,181.81691813468933,38,58,49,38.29,57.86,48.89,061.71,5.816284153005462,021.323114754098356
1769587739.476522,181.8682222366333,38,58,48,38.28,57.86,48.88,061.72,5.816284153005462,021.333114754098354
1769587739.53107,181.92264604568481,38,58,48,38.27,57.86,48.87,061.73,5.816284153005462,021.34311475409836
1769587739.585109,181.97659921646118,38,58,48,38.26,57.865,48.86,061.74,5.821284153005465,021.353114754098357
1769587739.6386921,182.03037524223328,37,58,48,38.245,57.87,48.85,061.755,5.82628415300546,021.363114754098355
1769587739.6917179,182.08342123031616,38,58,48,38.235,57.875,48.84,061.765,5.831284153005463,021.373114754098353
1769587739.743587,182.1352822780609,38,58,48,38.225,57.88,48.83,061.775,5.836284153005465,021.383114754098358
1769587739.799157,182.19074416160583,38,58,48,38.215,57.885,48.82,061.785,5.841284153005461,021.393114754098356
1769587739.85457,182.2461292743683,38,58,49,38.205,57.89,48.815,061.795,5.846284153005463,021.39811475409836
1769587739.91166,182.30327606201172,38,58,48,38.195,57.895,48.805,061.805,5.851284153005466,021.408114754098357
1769587739.9687638,182.36039018630981,38,58,48,38.19,57.9,48.795,061.81,5.856284153005461,021.418114754098355
1769587740.028981,182.4204580783844,38,58,48,38.185,57.9,48.785,061.815,5.856284153005461,021.42811475409836
1769587740.092479,182.48410439491272,38,58,48,38.18,57.905,48.775,061.82,5.861284153005464,021.438114754098358
1769587740.148557,182.5402262210846,38,58,48,38.175,57.905,48.765,061.825,5.861284153005464,021.448114754098356
1769587740.202373,182.594083070755,38,58,48,38.17,57.905,48.755,061.83,5.861284153005464,021.458114754098354
1769587740.262441,182.6540172100067,38,58,48,38.165,57.905,48.75,061.835,5.861284153005464,021.463114754098356
1769587740.32466,182.71606612205505,38,58,48,38.16,57.905,48.745,061.84,5.861284153005464,021.46811475409836
1769587740.38546,182.7770013809204,38,58,48,38.155,57.905,48.74,061.845,5.861284153005464,021.473114754098354
1769587740.4395661,182.83126616477966,38,58,48,38.15,57.905,48.73,061.85,5.861284153005464,021.48311475409836
1769587740.4912598,182.88294625282288,38,58,48,38.145,57.905,48.725,061.855,5.861284153005464,021.488114754098355
1769587740.54286,182.9344801902771,38,58,49,38.14,57.905,48.725,061.86,5.861284153005464,021.488114754098355
1769587740.595583,182.9872772693634,38,58,48,38.135,57.905,48.72,061.865,5.861284153005464,021.493114754098357
1769587740.6498811,183.0415542125702,38,58,48,38.13,57.905,48.715,061.87,5.861284153005464,021.498114754098353
1769587740.703598,183.09531211853027,38,58,48,38.13,57.905,48.71,061.87,5.861284153005464,021.503114754098355
1769587740.7534049,183.14512729644775,38,58,48,38.13,57.905,48.705,061.87,5.861284153005464,021.508114754098358
1769587740.806349,183.1980402469635,38,58,48,38.13,57.905,48.7,061.87,5.861284153005464,021.513114754098353
1769587740.859307,183.25098323822021,38,58,48,38.13,57.905,48.695,061.87,5.861284153005464,021.518114754098356
1769587740.91599,183.3070912361145,38,58,48,38.13,57.905,48.69,061.87,5.861284153005464,021.52311475409836
1769587740.978264,183.36973118782043,38,58,48,38.13,57.905,48.685,061.87,5.861284153005464,021.528114754098354
1769587741.0498528,183.44138431549072,38,58,48,38.13,57.905,48.685,061.87,5.861284153005464,021.528114754098354
1769587741.1568298,183.54841327667236,38,58,49,38.13,57.905,48.69,061.87,5.861284153005464,021.52311475409836
1769587741.21509,183.60678029060364,38,58,49,38.13,57.905,48.695,061.87,5.861284153005464,021.518114754098356
1769587741.2740328,183.66570711135864,38,58,49,38.13,57.905,48.7,061.87,5.861284153005464,021.513114754098353
1769587741.335387,183.72688102722168,38,58,49,38.13,57.905,48.705,061.87,5.861284153005464,021.508114754098358
1769587741.392672,183.78417825698853,38,58,49,38.13,57.905,48.71,061.87,5.861284153005464,021.503114754098355
1769587741.4517639,183.8433141708374,38,58,49,38.13,57.905,48.715,061.87,5.861284153005464,021.498114754098353
1769587741.50996,183.90149235725403,38,58,49,38.13,57.905,48.715,061.87,5.861284153005464,021.498114754098353
1769587741.569474,183.96110010147095,38,58,49,38.125,57.905,48.715,061.875,5.861284153005464,021.498114754098353
1769587741.6289809,184.02061223983765,38,58,49,38.125,57.905,48.715,061.875,5.861284153005464,021.498114754098353
1769587741.682751,184.07441306114197,38,58,49,38.125,57.905,48.72,061.875,5.861284153005464,021.493114754098357
1769587741.7348669,184.12654829025269,38,58,49,38.125,57.905,48.725,061.875,5.861284153005464,021.488114754098355
1769587741.7928529,184.1844642162323,38,58,49,38.125,57.905,48.73,061.875,5.861284153005464,021.48311475409836
1769587741.847408,184.23888325691223,38,58,49,38.125,57.905,48.735,061.875,5.861284153005464,021.478114754098357
1769587741.900822,184.29253244400024,38,58,49,38.125,57.905,48.74,061.875,5.861284153005464,021.473114754098354
1769587741.9535968,184.3452332019806,39,58,49,38.13,57.905,48.745,061.87,5.861284153005464,021.46811475409836
1769587742.0128288,184.40444421768188,38,58,49,38.13,57.905,48.75,061.87,5.861284153005464,021.463114754098356
1769587742.077558,184.46873116493225,38,58,49,38.13,57.905,48.755,061.87,5.861284153005464,021.458114754098354
1769587742.132179,184.52382016181946,38,58,49,38.13,57.905,48.76,061.87,5.861284153005464,021.453114754098358
1769587742.181225,184.5728042125702,38,58,49,38.13,57.905,48.765,061.87,5.861284153005464,021.448114754098356
1769587742.2314172,184.6231141090393,38,58,49,38.13,57.905,48.77,061.87,5.861284153005464,021.443114754098353
1769587742.284511,184.67612624168396,39,58,50,38.135,57.905,48.78,061.865,5.861284153005464,021.433114754098355
1769587742.339278,184.73077726364136,39,58,50,38.14,57.905,48.785,061.86,5.861284153005464,021.42811475409836
1769587742.402619,184.79411816596985,39,58,49,38.145,57.905,48.785,061.855,5.861284153005464,021.42811475409836
1769587742.457841,184.8495442867279,39,58,49,38.15,57.905,48.785,061.85,5.861284153005464,021.42811475409836
1769587742.514961,184.906503200531,39,58,49,38.155,57.905,48.785,061.845,5.861284153005464,021.42811475409836
1769587742.5730739,184.96475315093994,39,58,50,38.16,57.905,48.79,061.84,5.861284153005464,021.423114754098357
1769587742.625846,185.01754713058472,39,57,50,38.165,57.9,48.795,061.835,5.856284153005461,021.418114754098355
1769587742.67653,185.06825923919678,39,58,49,38.17,57.9,48.8,061.83,5.856284153005461,021.41311475409836
1769587742.728249,185.11994814872742,38,58,49,38.165,57.9,48.8,061.835,5.856284153005461,021.41311475409836
1769587742.780927,185.1725890636444,39,58,49,38.17,57.9,48.8,061.83,5.856284153005461,021.41311475409836
1769587742.835946,185.22763419151306,39,58,50,38.175,57.9,48.805,061.825,5.856284153005461,021.408114754098357
1769587742.890553,185.28217720985413,39,57,50,38.18,57.895,48.81,061.82,5.851284153005466,021.403114754098354
1769587742.9449642,185.3363082408905,39,58,50,38.185,57.895,48.815,061.815,5.851284153005466,021.39811475409836
1769587743.00014,185.39177823066711,39,58,50,38.19,57.895,48.82,061.81,5.851284153005466,021.393114754098356
1769587743.056672,185.44833111763,39,57,50,38.195,57.89,48.825,061.805,5.846284153005463,021.388114754098353
1769587743.1109881,185.50260210037231,39,58,50,38.2,57.89,48.83,061.8,5.846284153005463,021.383114754098358
1769587743.116004,185.50761032104492,39,57,50,38.205,57.885,48.835,061.795,5.841284153005461,021.378114754098355
1769587743.1683042,185.55994129180908,39,57,50,38.21,57.88,48.84,061.79,5.836284153005465,021.373114754098353
1769587743.231034,185.62265419960022,39,57,50,38.215,57.875,48.845,061.785,5.831284153005463,021.368114754098357
1769587743.2862642,185.67768812179565,39,58,50,38.22,57.875,48.85,061.78,5.831284153005463,021.363114754098355
1769587743.3379872,185.7297022342682,39,58,49,38.225,57.875,48.85,061.775,5.831284153005463,021.363114754098355
1769587743.390604,185.7822961807251,39,58,49,38.23,57.875,48.85,061.77,5.831284153005463,021.363114754098355
1769587743.443498,185.83510398864746,39,57,50,38.235,57.87,48.855,061.765,5.82628415300546,021.35811475409836
1769587743.4987252,185.890367269516,39,57,50,38.235,57.865,48.86,061.765,5.821284153005465,021.353114754098357
1769587743.550561,185.94223833084106,38,58,49,38.235,57.865,48.86,061.765,5.821284153005465,021.353114754098357
1769587743.6033862,185.99505424499512,39,57,50,38.235,57.86,48.865,061.765,5.816284153005462,021.348114754098354
1769587743.656197,186.04791021347046,39,57,50,38.235,57.855,48.87,061.765,5.8112841530054595,021.34311475409836
1769587743.708871,186.10056328773499,38,57,50,38.235,57.85,48.875,061.765,5.806284153005464,021.338114754098356
1769587743.7587562,186.1504771709442,39,57,50,38.24,57.845,48.88,061.76,5.8012841530054615,021.333114754098354
1769587743.8103218,186.20199608802795,39,57,50,38.245,57.84,48.885,061.755,5.796284153005466,021.328114754098358
1769587743.816245,186.2079541683197,39,57,50,38.25,57.835,48.89,061.75,5.7912841530054635,021.323114754098356
1769587743.87275,186.26439929008484,39,57,50,38.255,57.83,48.895,061.745,5.786284153005461,021.318114754098353
1769587743.937845,186.3290731906891,39,57,50,38.26,57.825,48.9,061.74,5.7812841530054655,021.313114754098358
1769587743.9959621,186.3876292705536,38,57,50,38.26,57.82,48.905,061.74,5.776284153005463,021.308114754098355
1769587744.050573,186.44226932525635,39,57,50,38.265,57.815,48.91,061.735,5.77128415300546,021.30311475409836
1769587744.102855,186.49450707435608,39,57,50,38.27,57.81,48.915,061.73,5.766284153005465,021.298114754098357
1769587744.154974,186.5466763973236,39,57,50,38.275,57.805,48.92,061.725,5.761284153005462,021.293114754098355
1769587744.208443,186.600004196167,39,57,50,38.28,57.8,48.93,061.72,5.75628415300546,021.283114754098357
1769587744.264291,186.6559112071991,39,57,50,38.285,57.795,48.94,061.715,5.751284153005464,021.27311475409836
1769587744.324307,186.71586322784424,38,57,50,38.285,57.79,48.945,061.715,5.746284153005462,021.268114754098356
1769587744.379495,186.77113604545593,38,58,49,38.285,57.79,48.945,061.715,5.746284153005462,021.268114754098356
1769587744.4349608,186.82664918899536,38,57,50,38.285,57.785,48.955,061.715,5.741284153005459,021.258114754098358
1769587744.4881668,186.8798792362213,39,57,50,38.29,57.78,48.965,061.71,5.736284153005464,021.248114754098353
1769587744.542142,186.93378043174744,39,57,50,38.295,57.775,48.975,061.705,5.731284153005461,021.238114754098355
1769587744.595165,186.98675417900085,38,57,50,38.295,57.77,48.985,061.705,5.726284153005466,021.228114754098357
1769587744.658864,187.0504071712494,38,57,50,38.295,57.765,48.995,061.705,5.721284153005463,021.21811475409836
1769587744.715339,187.10695338249207,38,57,50,38.295,57.76,49.005,061.705,5.716284153005461,021.208114754098354
1769587744.770273,187.16200137138367,39,57,50,38.3,57.755,49.015,061.7,5.711284153005465,021.198114754098356
1769587744.8223948,187.21408009529114,39,57,50,38.31,57.75,49.025,061.69,5.706284153005463,021.188114754098358
1769587744.8755672,187.26725244522095,38,57,49,38.315,57.745,49.03,061.685,5.70128415300546,021.183114754098355
1769587744.92819,187.3198802471161,38,58,49,38.32,57.745,49.035,061.68,5.70128415300546,021.17811475409836
1769587744.982096,187.37380504608154,38,58,49,38.32,57.745,49.04,061.68,5.70128415300546,021.173114754098357
1769587745.039189,187.4308352470398,39,57,50,38.325,57.74,49.05,061.675,5.696284153005465,021.16311475409836
1769587745.096874,187.4881522655487,39,57,50,38.33,57.735,49.06,061.67,5.691284153005462,021.153114754098354
1769587745.154185,187.54572415351868,38,57,50,38.33,57.73,49.07,061.67,5.6862841530054595,021.143114754098356
1769587745.2146509,187.6063060760498,38,57,49,38.33,57.725,49.075,061.67,5.681284153005464,021.138114754098353
1769587745.27218,187.6637942790985,38,57,50,38.33,57.72,49.085,061.67,5.6762841530054615,021.128114754098355
1769587745.3339012,187.7254831790924,38,57,49,38.33,57.715,49.09,061.67,5.671284153005466,021.123114754098353
1769587745.388823,187.7805323600769,38,57,49,38.33,57.71,49.095,061.67,5.6662841530054635,021.118114754098357
1769587745.4431732,187.8348662853241,38,57,50,38.33,57.705,49.105,061.67,5.661284153005461,021.10811475409836
1769587745.496248,187.88794803619385,38,57,50,38.33,57.7,49.115,061.67,5.6562841530054655,021.098114754098354
1769587745.551135,187.9428071975708,38,57,50,38.33,57.695,49.125,061.67,5.651284153005463,021.088114754098356
1769587745.609239,188.00051832199097,38,57,50,38.33,57.69,49.135,061.67,5.64628415300546,021.078114754098358
1769587745.666643,188.05831217765808,39,57,50,38.335,57.685,49.145,061.665,5.641284153005465,021.068114754098353
1769587745.720288,188.11190509796143,39,57,50,38.34,57.68,49.155,061.66,5.636284153005462,021.058114754098355
1769587745.7796109,188.17108130455017,38,57,50,38.34,57.675,49.165,061.66,5.63128415300546,021.048114754098357
1769587745.8328729,188.22436213493347,38,57,50,38.34,57.67,49.17,061.66,5.626284153005464,021.043114754098355
1769587745.887219,188.27886319160461,38,57,50,38.34,57.665,49.175,061.66,5.621284153005462,021.03811475409836
1769587745.939134,188.33086228370667,38,57,50,38.34,57.66,49.185,061.66,5.616284153005459,021.028114754098354
1769587745.991015,188.38259506225586,38,57,50,38.34,57.655,49.195,061.66,5.611284153005464,021.018114754098356
1769587746.042388,188.43404006958008,38,57,50,38.34,57.65,49.205,061.66,5.606284153005461,021.008114754098358
1769587746.094961,188.48659133911133,38,58,49,38.34,57.65,49.205,061.66,5.606284153005461,021.008114754098358
1769587746.150985,188.54254627227783,38,57,50,38.34,57.645,49.21,061.66,5.601284153005466,021.003114754098355
1769587746.210325,188.60197234153748,39,57,51,38.345,57.64,49.22,061.655,5.596284153005463,020.993114754098357
1769587746.2169302,188.6085102558136,39,57,50,38.35,57.635,49.225,061.65,5.591284153005461,020.988114754098355
1769587746.267612,188.6592981815338,38,57,50,38.35,57.63,49.23,061.65,5.586284153005465,020.98311475409836
1769587746.319883,188.71154713630676,38,57,50,38.35,57.625,49.235,061.65,5.581284153005463,020.978114754098357
1769587746.373101,188.76476430892944,38,57,50,38.35,57.62,49.24,061.65,5.57628415300546,020.973114754098354
1769587746.42697,188.81850600242615,39,57,51,38.355,57.615,49.25,061.645,5.571284153005465,020.963114754098356
1769587746.4827719,188.87443923950195,40,57,51,38.36,57.61,49.26,061.64,5.566284153005462,020.953114754098358
1769587746.5350559,188.92675828933716,39,57,51,38.365,57.605,49.27,061.635,5.5612841530054595,020.943114754098353
1769587746.586747,188.97844219207764,39,57,50,38.37,57.6,49.275,061.63,5.556284153005464,020.938114754098358
1769587746.639224,189.03089928627014,39,57,50,38.375,57.595,49.28,061.625,5.5512841530054615,020.933114754098355
1769587746.695174,189.08666324615479,39,57,50,38.38,57.59,49.285,061.62,5.546284153005466,020.92811475409836
1769587746.7528331,189.14452409744263,39,57,50,38.385,57.585,49.29,061.615,5.5412841530054635,020.923114754098357
1769587746.808672,189.20027017593384,39,57,51,38.39,57.58,49.3,061.61,5.536284153005461,020.91311475409836
1769587746.8665888,189.25821113586426,39,57,51,38.395,57.575,49.31,061.605,5.5312841530054655,020.903114754098354
1769587746.9224162,189.31410026550293,39,57,51,38.395,57.57,49.32,061.605,5.526284153005463,020.893114754098356
1769587746.976387,189.36802220344543,39,57,51,38.4,57.565,49.33,061.6,5.52128415300546,020.883114754098358
1769587747.028382,189.42006826400757,39,57,50,38.405,57.56,49.335,061.595,5.516284153005465,020.878114754098355
1769587747.084775,189.47645330429077,39,57,50,38.41,57.555,49.34,061.59,5.511284153005462,020.873114754098353
1769587747.1369321,189.5286521911621,39,57,50,38.415,57.55,49.345,061.585,5.50628415300546,020.868114754098357
1769587747.188985,189.58066821098328,39,57,50,38.42,57.545,49.355,061.58,5.501284153005464,020.85811475409836
1769587747.243854,189.63546919822693,39,57,50,38.425,57.54,49.36,061.575,5.496284153005462,020.853114754098357
1769587747.2963781,189.68809723854065,39,57,50,38.43,57.535,49.365,061.57,5.491284153005459,020.848114754098354
1769587747.349403,189.74106335639954,39,57,50,38.435,57.53,49.37,061.565,5.486284153005464,020.84311475409836
1769587747.403401,189.79508924484253,39,57,50,38.44,57.525,49.375,061.56,5.481284153005461,020.838114754098356
1769587747.453865,189.84556126594543,39,57,50,38.445,57.52,49.38,061.555,5.476284153005466,020.833114754098354
1769587747.50552,189.89712619781494,39,57,50,38.45,57.515,49.39,061.55,5.471284153005463,020.823114754098356
1769587747.558501,189.95018029212952,39,57,50,38.455,57.51,49.4,061.545,5.466284153005461,020.813114754098358
1769587747.613397,190.0049991607666,39,57,50,38.46,57.505,49.405,061.54,5.461284153005465,020.808114754098355
1769587747.6733592,190.06497716903687,39,57,50,38.465,57.5,49.41,061.535,5.456284153005463,020.80311475409836
1769587747.72837,190.12008619308472,39,57,50,38.47,57.495,49.42,061.53,5.45128415300546,020.793114754098355
1769587747.780921,190.17262625694275,38,57,50,38.47,57.49,49.43,061.53,5.446284153005465,020.783114754098357
1769587747.833493,190.22518301010132,38,58,49,38.47,57.49,49.43,061.53,5.446284153005465,020.783114754098357
1769587747.892294,190.28338027000427,38,57,50,38.465,57.485,49.435,061.535,5.441284153005462,020.778114754098354
1769587747.951366,190.34303736686707,39,57,50,38.47,57.48,49.445,061.53,5.4362841530054595,020.768114754098356
1769587748.0071769,190.39873099327087,38,58,49,38.47,57.48,49.445,061.53,5.4362841530054595,020.768114754098356
1769587748.074207,190.4657280445099,38,57,49,38.47,57.475,49.445,061.53,5.431284153005464,020.768114754098356
1769587748.136587,190.52822923660278,38,57,50,38.47,57.47,49.45,061.53,5.4262841530054615,020.763114754098353
1769587748.19104,190.58256936073303,38,57,50,38.47,57.465,49.455,061.53,5.421284153005466,020.758114754098358
1769587748.248298,190.63960123062134,38,57,50,38.465,57.46,49.455,061.535,5.4162841530054635,020.758114754098358
1769587748.309665,190.7013213634491,38,57,50,38.46,57.455,49.455,061.54,5.411284153005461,020.758114754098358
1769587748.36348,190.7550389766693,38,58,49,38.46,57.455,49.455,061.54,5.411284153005461,020.758114754098358
1769587748.41638,190.80806422233582,38,58,49,38.46,57.455,49.455,061.54,5.411284153005461,020.758114754098358
1769587748.470159,190.86186337471008,38,58,49,38.455,57.46,49.45,061.545,5.4162841530054635,020.763114754098353
1769587748.5244212,190.91607332229614,38,58,49,38.45,57.465,49.445,061.55,5.421284153005466,020.768114754098356
1769587748.5827641,190.97426104545593,38,58,49,38.445,57.465,49.44,061.555,5.421284153005466,020.77311475409836
1769587748.643243,191.03486824035645,38,58,49,38.44,57.47,49.435,061.56,5.4262841530054615,020.778114754098354
1769587748.698633,191.09032130241394,38,58,50,38.435,57.475,49.435,061.565,5.431284153005464,020.778114754098354
1769587748.752911,191.1445140838623,39,57,50,38.435,57.475,49.435,061.565,5.431284153005464,020.778114754098354
1769587748.8067431,191.19836711883545,38,58,49,38.43,57.48,49.43,061.57,5.4362841530054595,020.783114754098357
1769587748.863713,191.25537204742432,38,58,49,38.425,57.485,49.425,061.575,5.441284153005462,020.78811475409836
1769587748.916558,191.30827021598816,38,58,49,38.42,57.49,49.42,061.58,5.446284153005465,020.793114754098355
1769587748.968909,191.36044430732727,38,58,49,38.415,57.495,49.415,061.585,5.45128415300546,020.798114754098357
1769587749.024024,191.41564321517944,38,58,49,38.41,57.5,49.41,061.59,5.456284153005463,020.80311475409836
1769587749.077594,191.46929931640625,38,58,49,38.405,57.505,49.405,061.595,5.461284153005465,020.808114754098355
1769587749.13276,191.52434921264648,39,57,50,38.405,57.505,49.405,061.595,5.461284153005465,020.808114754098355
1769587749.186552,191.57817602157593,38,58,49,38.4,57.51,49.4,061.6,5.466284153005461,020.813114754098358
1769587749.243,191.6345353126526,38,58,49,38.395,57.515,49.395,061.605,5.471284153005463,020.818114754098353
1769587749.2999418,191.69158625602722,38,58,49,38.39,57.52,49.39,061.61,5.476284153005466,020.823114754098356
1769587749.355995,191.747661113739,38,58,49,38.385,57.525,49.385,061.615,5.481284153005461,020.828114754098358
1769587749.4120011,191.80366921424866,38,58,49,38.38,57.53,49.38,061.62,5.486284153005464,020.833114754098354
1769587749.467284,191.85900807380676,38,58,49,38.375,57.535,49.375,061.625,5.491284153005459,020.838114754098356
1769587749.522326,191.91389918327332,38,58,49,38.37,57.54,49.365,061.63,5.496284153005462,020.848114754098354
1769587749.572835,191.96453309059143,38,58,49,38.365,57.545,49.36,061.635,5.501284153005464,020.853114754098357
1769587749.6264598,192.01806020736694,38,58,49,38.365,57.545,49.36,061.635,5.501284153005464,020.853114754098357
1769587749.6821032,192.0736870765686,39,57,50,38.37,57.54,49.365,061.63,5.496284153005462,020.848114754098354
1769587749.7417789,192.13333225250244,39,57,50,38.375,57.535,49.37,061.625,5.491284153005459,020.84311475409836
1769587749.795969,192.1876380443573,38,57,50,38.375,57.53,49.375,061.625,5.486284153005464,020.838114754098356
1769587749.850639,192.24229502677917,39,57,50,38.38,57.525,49.38,061.62,5.481284153005461,020.833114754098354
1769587749.901673,192.29338121414185,39,57,51,38.385,57.52,49.39,061.615,5.476284153005466,020.823114754098356
1769587749.955821,192.3475320339203,39,57,50,38.39,57.515,49.395,061.61,5.471284153005463,020.818114754098353
1769587750.010165,192.40166330337524,39,57,50,38.395,57.51,49.4,061.605,5.466284153005461,020.813114754098358
1769587750.016583,192.40811014175415,39,57,50,38.4,57.505,49.405,061.6,5.461284153005465,020.808114754098355
1769587750.0739992,192.46566033363342,39,57,50,38.405,57.5,49.415,061.595,5.456284153005463,020.798114754098357
1769587750.128221,192.51986527442932,39,57,51,38.415,57.495,49.43,061.585,5.45128415300546,020.783114754098357
1769587750.180968,192.57263326644897,39,57,51,38.425,57.485,49.45,061.575,5.441284153005462,020.763114754098353
1769587750.233995,192.62568712234497,39,57,51,38.43,57.48,49.465,061.57,5.4362841530054595,020.748114754098353
1769587750.28688,192.67859625816345,40,57,51,38.435,57.475,49.475,061.565,5.431284153005464,020.738114754098355
1769587750.338506,192.730229139328,39,57,51,38.44,57.47,49.485,061.56,5.4262841530054615,020.728114754098357
1769587750.3929548,192.78452038764954,40,57,51,38.45,57.465,49.5,061.55,5.421284153005466,020.713114754098356
1769587750.450678,192.84215021133423,40,57,51,38.46,57.46,49.515,061.54,5.4162841530054635,020.698114754098356
1769587750.503647,192.89531803131104,40,57,52,38.47,57.455,49.535,061.53,5.411284153005461,020.67811475409836
1769587750.559923,192.95158219337463,40,57,52,38.485,57.45,49.555,061.515,5.4062841530054655,020.658114754098357
1769587750.566746,192.9582483768463,40,57,52,38.495,57.445,49.575,061.505,5.401284153005463,020.638114754098353
1769587750.6180139,193.00967931747437,40,57,52,38.505,57.44,49.595,061.495,5.39628415300546,020.618114754098357
1769587750.671266,193.0629632472992,40,57,52,38.515,57.435,49.615,061.485,5.391284153005465,020.598114754098354
1769587750.724946,193.1166603565216,40,57,51,38.525,57.43,49.625,061.475,5.386284153005462,020.588114754098356
1769587750.778835,193.17052817344666,40,57,51,38.535,57.425,49.64,061.465,5.38128415300546,020.573114754098356
1769587750.834037,193.22568440437317,40,56,52,38.545,57.415,49.66,061.455,5.371284153005462,020.55311475409836
1769587750.891264,193.28277134895325,41,56,52,38.56,57.405,49.68,061.44,5.361284153005464,020.533114754098357
1769587750.9558752,193.3475000858307,41,56,53,38.575,57.395,49.705,061.425,5.351284153005466,020.508114754098358
1769587751.013324,193.40501236915588,41,56,53,38.59,57.385,49.73,061.41,5.341284153005461,020.48311475409836
1769587751.067961,193.4595730304718,41,56,53,38.605,57.375,49.755,061.395,5.331284153005463,020.458114754098354
1769587751.124367,193.51593708992004,41,56,53,38.62,57.365,49.78,061.38,5.321284153005465,020.433114754098355
1769587751.1860878,193.5777153968811,41,56,53,38.635,57.355,49.805,061.365,5.3112841530054595,020.408114754098357
1769587751.2442722,193.63578009605408,41,56,53,38.65,57.345,49.83,061.35,5.3012841530054615,020.383114754098358
1769587751.301058,193.6926074028015,41,56,53,38.665,57.335,49.855,061.335,5.2912841530054635,020.35811475409836
1769587751.354081,193.7457630634308,41,56,53,38.68,57.325,49.88,061.32,5.2812841530054655,020.333114754098354
1769587751.405934,193.7976312637329,41,56,53,38.695,57.315,49.9,061.305,5.27128415300546,020.313114754098358
1769587751.460556,193.85222029685974,41,56,53,38.71,57.305,49.925,061.29,5.261284153005462,020.28811475409836
1769587751.465371,193.85709524154663,41,56,54,38.725,57.295,49.955,061.275,5.251284153005464,020.258114754098358
1769587751.5173771,193.90909004211426,41,56,53,38.74,57.285,49.98,061.26,5.241284153005459,020.23311475409836
1769587751.576638,193.96822309494019,41,56,53,38.755,57.275,50.005,061.245,5.231284153005461,020.208114754098354
1769587751.637311,194.02891540527344,41,56,54,38.77,57.265,50.035,061.23,5.221284153005463,020.17811475409836
1769587751.691895,194.08358502388,41,56,54,38.785,57.255,50.065,061.215,5.211284153005465,020.14811475409836
1769587751.743906,194.13561701774597,41,56,54,38.8,57.245,50.095,061.2,5.20128415300546,020.118114754098357
1769587751.798215,194.18984127044678,42,56,54,38.82,57.235,50.125,061.18,5.191284153005462,020.088114754098356
1769587751.851969,194.2435541152954,42,56,55,38.84,57.225,50.16,061.16,5.181284153005464,020.05311475409836
1769587751.907375,194.2988793849945,42,55,55,38.86,57.21,50.19,061.14,5.1662841530054635,020.02311475409836
1769587751.967576,194.35920524597168,42,56,54,38.88,57.2,50.215,061.12,5.1562841530054655,019.998114754098353
1769587752.023915,194.41551423072815,42,55,55,38.9,57.185,50.245,061.1,5.141284153005465,019.96811475409836
1769587752.076982,194.46870231628418,42,55,55,38.92,57.17,50.275,061.08,5.126284153005464,019.938114754098358
1769587752.128761,194.52046918869019,42,56,55,38.94,57.16,50.305,061.06,5.116284153005459,019.908114754098357
1769587752.179442,194.57112336158752,42,55,55,38.96,57.145,50.335,061.04,5.101284153005466,019.878114754098355
1769587752.233879,194.62547612190247,42,55,55,38.98,57.13,50.365,061.02,5.086284153005465,019.848114754098354
1769587752.287102,194.67873406410217,42,55,55,39.0,57.115,50.395,061.0,5.071284153005465,019.818114754098353
1769587752.345103,194.73644733428955,43,55,55,39.025,57.1,50.425,060.975,5.056284153005464,019.78811475409836
1769587752.409885,194.80143427848816,43,55,55,39.05,57.085,50.455,060.95,5.0412841530054635,019.758114754098358
1769587752.415732,194.80747318267822,43,55,55,39.075,57.07,50.485,060.925,5.026284153005463,019.728114754098357
1769587752.470453,194.86205005645752,43,55,55,39.1,57.055,50.515,060.9,5.011284153005462,019.698114754098356
1769587752.527671,194.91925024986267,43,55,55,39.125,57.04,50.545,060.875,4.996284153005462,019.668114754098355
1769587752.587039,194.97863721847534,43,55,56,39.15,57.025,50.58,060.85,4.981284153005461,019.633114754098358
1769587752.642967,195.03462624549866,43,55,56,39.17,57.01,50.615,060.83,4.966284153005461,019.598114754098354
1769587752.69698,195.088641166687,43,55,56,39.195,56.995,50.65,060.805,4.95128415300546,019.563114754098358
1769587752.751698,195.1433620452881,43,55,56,39.22,56.98,50.685,060.78,4.9362841530054595,019.528114754098354
1769587752.805533,195.19722604751587,43,55,56,39.245,56.965,50.72,060.755,4.921284153005466,019.493114754098357
1769587752.861856,195.25355219841003,43,55,56,39.27,56.95,50.755,060.73,4.9062841530054655,019.458114754098354
1769587752.916537,195.30793809890747,43,55,56,39.295,56.935,50.79,060.705,4.891284153005465,019.423114754098357
1769587752.9680698,195.3597822189331,43,55,56,39.315,56.92,50.82,060.685,4.876284153005464,019.393114754098356
1769587753.023202,195.4148280620575,43,55,56,39.335,56.905,50.85,060.665,4.861284153005464,019.363114754098355
1769587753.0770528,195.46877121925354,44,55,57,39.36,56.89,50.89,060.64,4.846284153005463,019.323114754098356
1769587753.13109,195.5227451324463,44,55,56,39.385,56.875,50.925,060.615,4.831284153005463,019.28811475409836
1769587753.185867,195.57756519317627,43,55,56,39.405,56.86,50.96,060.595,4.816284153005462,019.253114754098355
1769587753.244906,195.6365451812744,43,55,56,39.425,56.845,50.99,060.575,4.8012841530054615,019.223114754098354
1769587753.3016572,195.69331407546997,43,55,56,39.445,56.835,51.02,060.555,4.7912841530054635,019.193114754098353
1769587753.358784,195.75046920776367,43,55,56,39.465,56.82,51.055,060.535,4.776284153005463,019.158114754098357
1769587753.410526,195.80221319198608,43,55,56,39.49,56.805,51.09,060.51,4.761284153005462,019.123114754098353
1769587753.415309,195.8070981502533,43,55,56,39.51,56.79,51.125,060.49,4.746284153005462,019.088114754098356
1769587753.47057,195.86224627494812,43,55,56,39.53,56.775,51.155,060.47,4.731284153005461,019.058114754098355
1769587753.524981,195.9166362285614,43,55,56,39.55,56.765,51.185,060.45,4.721284153005463,019.028114754098354
1769587753.580655,195.97232627868652,43,55,56,39.57,56.75,51.215,060.43,4.706284153005463,018.998114754098353
1769587753.633038,196.0247302055359,43,55,55,39.59,56.735,51.24,060.41,4.691284153005462,018.973114754098354
1769587753.685793,196.0773823261261,43,56,55,39.61,56.73,51.265,060.39,4.6862841530054595,018.948114754098356
1769587753.748606,196.14000511169434,43,55,55,39.63,56.715,51.29,060.37,4.671284153005466,018.923114754098357
1769587753.804729,196.1959512233734,43,55,55,39.65,56.705,51.315,060.35,4.661284153005461,018.89811475409836
1769587753.858644,196.25001335144043,43,55,56,39.67,56.695,51.345,060.33,4.651284153005463,018.868114754098357
1769587753.910073,196.3017451763153,42,56,54,39.685,56.69,51.365,060.315,4.64628415300546,018.848114754098354
1769587753.915797,196.30751729011536,43,56,55,39.705,56.68,51.39,060.295,4.636284153005462,018.823114754098356
1769587753.9686332,196.36022305488586,43,55,55,39.725,56.665,51.42,060.275,4.621284153005462,018.793114754098355
1769587754.024309,196.41584825515747,43,55,55,39.745,56.65,51.45,060.255,4.606284153005461,018.763114754098353
1769587754.081012,196.47267818450928,43,55,55,39.765,56.64,51.475,060.235,4.596284153005463,018.738114754098355
1769587754.135776,196.52749109268188,43,55,55,39.785,56.63,51.5,060.215,4.586284153005465,018.713114754098356
1769587754.187932,196.57956719398499,43,56,54,39.81,56.62,51.525,060.19,4.57628415300546,018.688114754098358
1769587754.2470138,196.63870310783386,42,56,54,39.825,56.615,51.545,060.175,4.571284153005465,018.668114754098355
1769587754.301149,196.69279217720032,42,56,54,39.84,56.61,51.565,060.16,4.566284153005462,018.64811475409836
1769587754.355536,196.74718618392944,43,56,55,39.865,56.605,51.59,060.135,4.5612841530054595,018.623114754098353
1769587754.414219,196.80586433410645,43,56,55,39.885,56.6,51.615,060.115,4.556284153005464,018.598114754098354
1769587754.4691908,196.86087036132812,43,56,55,39.905,56.595,51.64,060.095,4.5512841530054615,018.573114754098356
1769587754.5209339,196.91257119178772,43,56,54,39.925,56.59,51.66,060.075,4.546284153005466,018.55311475409836
1769587754.5748239,196.96651315689087,43,56,54,39.945,56.585,51.68,060.055,4.5412841530054635,018.533114754098357
1769587754.62829,197.01998829841614,43,56,54,39.965,56.58,51.7,060.035,4.536284153005461,018.513114754098353
1769587754.6812081,197.07292437553406,43,56,54,39.99,56.575,51.72,060.01,4.5312841530054655,018.493114754098357
1769587754.7398531,197.13141298294067,43,56,55,40.01,56.57,51.745,059.99,4.526284153005463,018.46811475409836
1769587754.794828,197.18643832206726,44,56,55,40.035,56.565,51.77,059.965,4.52128415300546,018.443114754098353
1769587754.849631,197.241277217865,44,55,55,40.06,56.555,51.795,059.94,4.511284153005462,018.418114754098355
1769587754.906781,197.2983512878418,44,55,55,40.085,56.545,51.82,059.915,4.501284153005464,018.393114754098356
1769587754.966818,197.35850620269775,44,55,55,40.11,56.535,51.845,059.89,4.491284153005459,018.368114754098357
1769587755.020572,197.41226029396057,43,56,55,40.135,56.53,51.87,059.865,4.486284153005464,018.34311475409836
1769587755.073215,197.4647421836853,43,56,55,40.16,56.52,51.9,059.84,4.476284153005466,018.313114754098358
1769587755.123647,197.5152702331543,43,56,55,40.185,56.515,51.925,059.815,4.471284153005463,018.28811475409836
1769587755.176102,197.56763434410095,43,56,55,40.205,56.51,51.95,059.795,4.466284153005461,018.263114754098353
1769587755.233118,197.62476634979248,43,56,55,40.225,56.505,51.975,059.775,4.461284153005465,018.238114754098355
1769587755.287949,197.67960023880005,43,56,55,40.25,56.5,52.0,059.75,4.456284153005463,018.213114754098356
1769587755.343134,197.7347981929779,43,56,55,40.275,56.495,52.025,059.725,4.45128415300546,018.188114754098358
1769587755.396209,197.78788828849792,43,56,55,40.3,56.49,52.05,059.7,4.446284153005465,018.16311475409836
1769587755.449176,197.84086728096008,43,56,55,40.32,56.485,52.075,059.68,4.441284153005462,018.138114754098353
1769587755.503464,197.89515233039856,44,56,55,40.345,56.48,52.1,059.655,4.4362841530054595,018.113114754098355
1769587755.555875,197.94755935668945,44,56,55,40.375,56.475,52.13,059.625,4.431284153005464,018.083114754098354
1769587755.61004,198.00172519683838,44,56,55,40.405,56.465,52.16,059.595,4.421284153005466,018.05311475409836
1769587755.615665,198.00744318962097,44,56,55,40.435,56.455,52.19,059.565,4.411284153005461,018.02311475409836
1769587755.6689951,198.06060910224915,44,56,55,40.46,56.45,52.215,059.54,4.4062841530054655,017.998114754098353
1769587755.727885,198.1195592880249,44,56,55,40.485,56.445,52.24,059.515,4.401284153005463,017.973114754098354
1769587755.7836318,198.17529129981995,43,56,55,40.51,56.44,52.265,059.49,4.39628415300546,017.948114754098356
1769587755.838068,198.2297341823578,43,56,54,40.535,56.435,52.29,059.465,4.391284153005465,017.923114754098357
1769587755.89262,198.28426814079285,44,56,55,40.565,56.43,52.315,059.435,4.386284153005462,017.89811475409836
1769587755.945216,198.33687329292297,44,55,56,40.595,56.42,52.35,059.405,4.376284153005464,017.863114754098355
1769587756.0045419,198.3961522579193,43,56,55,40.62,56.415,52.38,059.38,4.371284153005462,017.833114754098354
1769587756.057512,198.44920825958252,43,56,54,40.645,56.41,52.4,059.355,4.366284153005459,017.813114754098358
1769587756.111042,198.50273513793945,44,56,55,40.675,56.405,52.425,059.325,4.361284153005464,017.78811475409836
1769587756.1658518,198.55755519866943,44,56,55,40.705,56.4,52.45,059.295,4.356284153005461,017.763114754098353
1769587756.219336,198.61079931259155,43,56,55,40.73,56.395,52.475,059.27,4.351284153005466,017.738114754098355
1769587756.279006,198.67054843902588,44,56,55,40.755,56.39,52.5,059.245,4.346284153005463,017.713114754098356
1769587756.3373172,198.72899103164673,44,56,55,40.78,56.385,52.525,059.22,4.341284153005461,017.688114754098358
1769587756.391357,198.7829623222351,44,55,55,40.81,56.375,52.55,059.19,4.331284153005463,017.66311475409836
1769587756.444421,198.8360960483551,44,55,56,40.84,56.365,52.58,059.16,4.321284153005465,017.633114754098358
1769587756.495492,198.88721919059753,45,55,56,40.875,56.355,52.61,059.125,4.3112841530054595,017.603114754098357
1769587756.547105,198.93877816200256,44,55,56,40.905,56.345,52.64,059.095,4.3012841530054615,017.573114754098356
1769587756.602475,198.99412322044373,44,56,55,40.935,56.34,52.665,059.065,4.296284153005466,017.548114754098357
1769587756.6571462,199.04880213737488,44,55,55,40.965,56.33,52.69,059.035,4.286284153005461,017.52311475409836
1769587756.7134552,199.10516023635864,44,55,55,40.995,56.315,52.72,059.005,4.27128415300546,017.493114754098357
1769587756.767652,199.15933108329773,44,55,55,41.025,56.305,52.745,058.975,4.261284153005462,017.46811475409836
1769587756.821008,199.21262621879578,44,55,55,41.05,56.295,52.765,058.95,4.251284153005464,017.448114754098356
1769587756.875978,199.26756310462952,44,56,55,41.075,56.29,52.79,058.925,4.246284153005462,017.423114754098357
1769587756.93088,199.32255125045776,44,56,55,41.105,56.285,52.815,058.895,4.241284153005459,017.39811475409836
1769587756.984952,199.37660217285156,44,55,55,41.135,56.275,52.84,058.865,4.231284153005461,017.373114754098353
1769587757.039948,199.43163323402405,44,55,55,41.165,56.265,52.865,058.835,4.221284153005463,017.348114754098354
1769587757.093235,199.48492908477783,44,55,55,41.19,56.255,52.885,058.81,4.211284153005465,017.328114754098358
1769587757.144789,199.53643131256104,44,55,56,41.21,56.245,52.91,058.79,4.20128415300546,017.30311475409836
1769587757.1967869,199.5884132385254,44,55,55,41.235,56.235,52.93,058.765,4.191284153005462,017.283114754098357
1769587757.251331,199.6429672241211,44,55,55,41.26,56.225,52.955,058.74,4.181284153005464,017.258114754098358
1769587757.307484,199.69914603233337,44,55,55,41.285,56.215,52.98,058.715,4.171284153005466,017.23311475409836
1769587757.3634272,199.75511503219604,44,56,55,41.31,56.21,53.005,058.69,4.1662841530054635,017.208114754098354
1769587757.424665,199.81621026992798,44,56,55,41.335,56.205,53.03,058.665,4.161284153005461,017.183114754098355
1769587757.4837692,199.8753411769867,43,56,54,41.355,56.2,53.045,058.645,4.1562841530054655,017.168114754098355
1769587757.5361762,199.92785930633545,43,56,54,41.375,56.195,53.06,058.625,4.151284153005463,017.153114754098354
1769587757.591509,199.98306822776794,43,56,54,41.395,56.19,53.075,058.605,4.14628415300546,017.138114754098353
1769587757.6499672,200.0415313243866,43,56,54,41.415,56.185,53.09,058.585,4.141284153005465,017.123114754098353
1769587757.713981,200.10555219650269,43,56,54,41.435,56.18,53.11,058.565,4.136284153005462,017.103114754098357
1769587757.771067,200.1627402305603,43,56,54,41.455,56.175,53.13,058.545,4.13128415300546,017.083114754098354
1769587757.822253,200.21387720108032,44,56,55,41.48,56.17,53.155,058.52,4.126284153005464,017.058114754098355
1769587757.876031,200.26772212982178,44,56,55,41.505,56.165,53.18,058.495,4.121284153005462,017.033114754098357
1769587757.9296708,200.32125520706177,43,56,54,41.525,56.16,53.2,058.475,4.116284153005459,017.013114754098353
1769587757.9823449,200.37403321266174,43,56,54,41.545,56.155,53.22,058.455,4.111284153005464,016.993114754098357
1769587758.0378041,200.42944431304932,43,56,53,41.565,56.15,53.235,058.435,4.106284153005461,016.978114754098357
1769587758.0944462,200.48615336418152,43,56,53,41.585,56.145,53.25,058.415,4.101284153005466,016.963114754098356
1769587758.147321,200.53903102874756,43,56,54,41.605,56.14,53.27,058.395,4.096284153005463,016.943114754098353
1769587758.2002828,200.591970205307,44,56,55,41.63,56.135,53.295,058.37,4.091284153005461,016.918114754098355
1769587758.253402,200.64511728286743,43,56,53,41.65,56.13,53.31,058.35,4.086284153005465,016.903114754098354
1769587758.306079,200.69777011871338,42,57,53,41.665,56.13,53.325,058.335,4.086284153005465,016.888114754098353
1769587758.360584,200.75225114822388,43,56,53,41.685,56.125,53.34,058.315,4.081284153005463,016.873114754098353
1769587758.420044,200.81124305725098,43,56,53,41.705,56.12,53.355,058.295,4.07628415300546,016.85811475409836
1769587758.482352,200.87380814552307,43,56,53,41.73,56.115,53.37,058.27,4.071284153005465,016.84311475409836
1769587758.5372028,200.9289243221283,43,56,53,41.755,56.105,53.39,058.245,4.0612841530054595,016.823114754098356
1769587758.588135,200.97980523109436,43,56,53,41.78,56.1,53.405,058.22,4.056284153005464,016.808114754098355
1769587758.6373088,201.02899312973022,43,56,53,41.8,56.095,53.42,058.2,4.0512841530054615,016.793114754098355
1769587758.693182,201.08482313156128,43,57,53,41.825,56.09,53.44,058.175,4.046284153005466,016.77311475409836
1769587758.750113,201.14176321029663,43,56,53,41.85,56.085,53.46,058.15,4.0412841530054635,016.753114754098355
1769587758.806557,201.19828414916992,42,57,52,41.87,56.085,53.47,058.13,4.0412841530054635,016.743114754098357
1769587758.8585129,201.2501871585846,42,57,52,41.89,56.085,53.48,058.11,4.0412841530054635,016.73311475409836
1769587758.914189,201.30586433410645,42,57,52,41.91,56.085,53.49,058.09,4.0412841530054635,016.723114754098354
1769587758.968549,201.36027431488037,42,57,52,41.93,56.085,53.5,058.07,4.0412841530054635,016.713114754098356
1769587759.020065,201.4118151664734,43,57,53,41.955,56.08,53.52,058.045,4.036284153005461,016.693114754098353
1769587759.0768158,201.4683210849762,42,57,52,41.975,56.075,53.535,058.025,4.0312841530054655,016.67811475409836
1769587759.140743,201.5324170589447,42,57,52,41.995,56.07,53.55,058.005,4.026284153005463,016.66311475409836
1769587759.194912,201.58665132522583,42,57,52,42.015,56.065,53.565,057.985,4.02128415300546,016.64811475409836
1769587759.245321,201.63700819015503,42,57,52,42.035,56.06,53.58,057.965,4.016284153005465,016.633114754098358
1769587759.296725,201.68829011917114,42,57,52,42.055,56.055,53.595,057.945,4.011284153005462,016.618114754098357
1769587759.353152,201.7448251247406,42,57,52,42.075,56.05,53.605,057.925,4.00628415300546,016.60811475409836
1769587759.4075289,201.79917907714844,42,57,52,42.09,56.05,53.615,057.91,4.00628415300546,016.598114754098354
1769587759.461526,201.85305619239807,42,57,52,42.11,56.045,53.63,057.89,4.001284153005464,016.583114754098354
1769587759.515198,201.90689325332642,42,57,52,42.13,56.04,53.645,057.87,3.996284153005462,016.568114754098353
1769587759.570668,201.96230340003967,42,57,53,42.15,56.035,53.665,057.85,3.9912841530054592,016.548114754098357
1769587759.627897,202.01952934265137,42,57,53,42.17,56.03,53.685,057.83,3.986284153005464,016.528114754098354
1769587759.6876018,202.07650113105774,42,57,52,42.19,56.025,53.7,057.81,3.9812841530054612,016.513114754098353
1769587759.740986,202.13261914253235,42,57,52,42.21,56.02,53.715,057.79,3.976284153005466,016.498114754098353
1769587759.795251,202.18694519996643,42,57,52,42.225,56.02,53.725,057.775,3.976284153005466,016.488114754098355
1769587759.8487198,202.2403862476349,42,57,52,42.245,56.015,53.74,057.755,3.9712841530054632,016.473114754098354
1769587759.902781,202.29427123069763,42,57,52,42.265,56.01,53.755,057.735,3.9662841530054607,016.458114754098354
1769587759.959281,202.35071516036987,42,57,52,42.285,56.005,53.77,057.715,3.961284153005465,016.443114754098353
1769587759.965149,202.35681414604187,42,57,52,42.305,56.0,53.785,057.695,3.9562841530054627,016.42811475409836
1769587760.0161269,202.40779638290405,42,57,52,42.325,55.995,53.8,057.675,3.95128415300546,016.41311475409836
1769587760.072973,202.46466517448425,42,57,52,42.345,55.99,53.815,057.655,3.9462841530054646,016.39811475409836
1769587760.132394,202.52401208877563,42,57,52,42.365,55.985,53.83,057.635,3.941284153005462,016.383114754098358
1769587760.187814,202.57949900627136,42,57,52,42.385,55.98,53.845,057.615,3.9362841530054595,016.368114754098357
1769587760.240745,202.63239407539368,42,57,52,42.405,55.975,53.86,057.595,3.931284153005464,016.353114754098357
1769587760.2932029,202.68486714363098,42,57,52,42.42,55.975,53.87,057.58,3.931284153005464,016.34311475409836
1769587760.3523042,202.74369716644287,42,57,52,42.435,55.975,53.88,057.565,3.931284153005464,016.333114754098354
1769587760.4082649,202.79985213279724,42,57,52,42.455,55.975,53.89,057.545,3.931284153005464,016.323114754098356
1769587760.460572,202.85227704048157,42,57,52,42.47,55.975,53.9,057.53,3.931284153005464,016.313114754098358
1769587760.5158432,202.90752935409546,41,57,52,42.48,55.975,53.905,057.52,3.931284153005464,016.308114754098355
1769587760.567192,202.95888328552246,41,57,52,42.49,55.975,53.915,057.51,3.931284153005464,016.298114754098357
1769587760.6228878,203.0145263671875,41,57,52,42.5,55.975,53.925,057.5,3.931284153005464,016.28811475409836
1769587760.68074,203.07234025001526,42,57,52,42.515,55.975,53.935,057.485,3.931284153005464,016.278114754098354
1769587760.7412832,203.13290429115295,42,57,52,42.53,55.975,53.945,057.47,3.931284153005464,016.268114754098356
1769587760.796531,203.1881582736969,41,57,52,42.54,55.975,53.95,057.46,3.931284153005464,016.263114754098353
1769587760.848806,203.2404820919037,41,57,52,42.55,55.975,53.955,057.45,3.931284153005464,016.258114754098358
1769587760.900738,203.2923722267151,41,57,52,42.56,55.975,53.96,057.44,3.931284153005464,016.253114754098355
1769587760.9557009,203.34738039970398,42,57,52,42.57,55.975,53.965,057.43,3.931284153005464,016.248114754098353
1769587761.0115252,203.40322732925415,41,57,52,42.58,55.975,53.97,057.42,3.931284153005464,016.243114754098357
1769587761.065965,203.45766615867615,41,57,51,42.585,55.975,53.97,057.415,3.931284153005464,016.243114754098357
1769587761.1212769,203.51287508010864,41,57,51,42.59,55.975,53.97,057.41,3.931284153005464,016.243114754098357
1769587761.1806889,203.57231831550598,41,57,52,42.595,55.975,53.97,057.405,3.931284153005464,016.243114754098357
1769587761.235716,203.62742233276367,42,57,52,42.605,55.975,53.97,057.395,3.931284153005464,016.243114754098357
1769587761.288645,203.68027520179749,42,57,52,42.615,55.975,53.97,057.385,3.931284153005464,016.243114754098357
1769587761.343358,203.73498916625977,42,57,52,42.625,55.975,53.97,057.375,3.931284153005464,016.243114754098357
1769587761.398935,203.79061722755432,41,57,52,42.63,55.975,53.97,057.37,3.931284153005464,016.243114754098357
1769587761.45368,203.845073223114,41,57,52,42.635,55.975,53.975,057.365,3.931284153005464,016.238114754098355
1769587761.5093188,203.90094828605652,41,57,52,42.64,55.975,53.98,057.36,3.931284153005464,016.23311475409836
1769587761.515832,203.90744519233704,41,57,52,42.645,55.98,53.98,057.355,3.9362841530054595,016.23311475409836
1769587761.570414,203.96204328536987,41,57,52,42.645,55.985,53.98,057.355,3.941284153005462,016.23311475409836
1769587761.625983,204.0174641609192,42,57,52,42.65,55.99,53.975,057.35,3.9462841530054646,016.238114754098355
1769587761.6815722,204.073007106781,41,57,52,42.65,55.995,53.97,057.35,3.95128415300546,016.243114754098357
1769587761.735561,204.12726712226868,41,57,51,42.65,56.0,53.96,057.35,3.9562841530054627,016.253114754098355
1769587761.79163,204.18319630622864,41,57,52,42.65,56.005,53.955,057.35,3.961284153005465,016.258114754098358
1769587761.848566,204.24024605751038,42,57,52,42.655,56.01,53.95,057.345,3.9662841530054607,016.263114754098353
1769587761.902333,204.29400515556335,41,57,52,42.655,56.015,53.945,057.345,3.9712841530054632,016.268114754098356
1769587761.957409,204.34908318519592,41,57,52,42.655,56.02,53.94,057.345,3.976284153005466,016.27311475409836
1769587762.011543,204.40324926376343,41,57,51,42.655,56.025,53.93,057.345,3.9812841530054612,016.283114754098357
1769587762.0653849,204.45707631111145,41,57,51,42.655,56.03,53.92,057.345,3.986284153005464,016.293114754098355
1769587762.11967,204.51127123832703,42,57,52,42.66,56.035,53.915,057.34,3.9912841530054592,016.298114754098357
1769587762.175376,204.5666732788086,42,57,53,42.665,56.04,53.91,057.335,3.996284153005462,016.30311475409836
1769587762.2454789,204.63665413856506,41,57,51,42.665,56.045,53.9,057.335,4.001284153005464,016.313114754098358
1769587762.315325,204.7050004005432,41,57,51,42.665,56.05,53.89,057.335,4.00628415300546,016.323114754098356
1769587762.365015,204.75658440589905,41,57,51,42.665,56.055,53.875,057.335,4.011284153005462,016.338114754098356
1769587762.4208179,204.81252932548523,41,57,51,42.665,56.06,53.86,057.335,4.016284153005465,016.353114754098357
1769587762.4721,204.86378812789917,41,57,51,42.665,56.065,53.845,057.335,4.02128415300546,016.368114754098357
1769587762.531115,204.9226381778717,41,57,51,42.66,56.07,53.83,057.34,4.026284153005463,016.383114754098358
1769587762.590349,204.98203110694885,41,57,52,42.655,56.075,53.815,057.345,4.0312841530054655,016.39811475409836
1769587762.6430569,205.03476929664612,41,57,51,42.65,56.085,53.795,057.35,4.0412841530054635,016.418114754098355
1769587762.694389,205.08609008789062,41,57,51,42.645,56.09,53.78,057.355,4.046284153005466,016.433114754098355
1769587762.74946,205.141033411026,41,57,51,42.64,56.1,53.76,057.36,4.056284153005464,016.453114754098358
1769587762.811411,205.2029161453247,41,57,51,42.635,56.11,53.74,057.365,4.066284153005462,016.473114754098354
1769587762.8686872,205.26035404205322,41,58,50,42.63,56.12,53.715,057.37,4.07628415300546,016.498114754098353
1769587762.924441,205.31606030464172,41,58,50,42.625,56.135,53.69,057.375,4.091284153005461,016.52311475409836
1769587762.9771452,205.3688611984253,41,58,50,42.62,56.15,53.665,057.38,4.106284153005461,016.548114754098357
1769587763.02798,205.41966104507446,41,57,51,42.615,56.16,53.645,057.385,4.116284153005459,016.568114754098353
1769587763.081829,205.47353434562683,41,58,50,42.605,56.175,53.62,057.395,4.13128415300546,016.59311475409836
1769587763.134988,205.526691198349,41,58,50,42.595,56.19,53.595,057.405,4.14628415300546,016.618114754098357
1769587763.1876569,205.5792772769928,41,57,51,42.585,56.2,53.575,057.415,4.1562841530054655,016.638114754098353
1769587763.239541,205.6311571598053,41,58,51,42.575,56.215,53.555,057.425,4.171284153005466,016.658114754098357
1769587763.294444,205.6861093044281,41,58,50,42.565,56.23,53.53,057.435,4.1862841530054595,016.683114754098355
1769587763.349788,205.74142909049988,41,57,51,42.555,56.24,53.505,057.445,4.196284153005465,016.708114754098354
1769587763.4040089,205.79569816589355,41,57,51,42.545,56.25,53.48,057.455,4.206284153005463,016.73311475409836
1769587763.4555478,205.84723210334778,41,58,50,42.535,56.265,53.45,057.465,4.221284153005463,016.763114754098353
1769587763.505902,205.89759922027588,40,58,50,42.52,56.28,53.42,057.48,4.236284153005464,016.793114754098355
1769587763.558711,205.95040726661682,41,58,50,42.51,56.295,53.39,057.49,4.251284153005464,016.823114754098356
1769587763.611854,206.00356030464172,40,58,50,42.495,56.31,53.36,057.505,4.266284153005465,016.853114754098357
1769587763.666223,206.0576412677765,40,58,50,42.48,56.325,53.33,057.52,4.2812841530054655,016.883114754098358
1769587763.726648,206.11812710762024,40,58,50,42.465,56.34,53.3,057.535,4.296284153005466,016.91311475409836
1769587763.791532,206.1830141544342,40,58,50,42.45,56.355,53.27,057.55,4.3112841530054595,016.943114754098353
1769587763.848114,206.2397119998932,41,58,50,42.435,56.37,53.235,057.565,4.32628415300546,016.978114754098357
1769587763.904989,206.2966651916504,41,58,50,42.42,56.385,53.205,057.58,4.341284153005461,017.008114754098358
1769587763.959563,206.35112714767456,41,58,50,42.41,56.4,53.175,057.59,4.356284153005461,017.03811475409836
1769587763.9667,206.3579661846161,41,58,50,42.4,56.415,53.145,057.6,4.371284153005462,017.068114754098353
1769587764.023175,206.41479921340942,40,58,50,42.385,56.43,53.115,057.615,4.386284153005462,017.098114754098354
1769587764.074891,206.46658515930176,40,58,50,42.37,56.445,53.085,057.63,4.401284153005463,017.128114754098355
1769587764.1303208,206.5220181941986,41,58,50,42.36,56.46,53.055,057.64,4.4162841530054635,017.158114754098357
1769587764.1879702,206.57950901985168,40,58,49,42.345,56.475,53.02,057.655,4.431284153005464,017.193114754098353
1769587764.250148,206.64160013198853,40,58,49,42.33,56.49,52.985,057.67,4.446284153005465,017.228114754098357
1769587764.311587,206.70319533348083,40,58,49,42.315,56.505,52.95,057.685,4.461284153005465,017.263114754098353
1769587764.3683012,206.7599642276764,40,58,49,42.3,56.52,52.915,057.7,4.476284153005466,017.298114754098357
1769587764.4208379,206.81252527236938,40,58,49,42.285,56.535,52.885,057.715,4.491284153005459,017.328114754098358
1769587764.4744582,206.86595726013184,40,58,49,42.27,56.545,52.855,057.73,4.501284153005464,017.35811475409836
1769587764.526082,206.91775941848755,40,58,50,42.255,56.56,52.83,057.745,4.516284153005465,017.383114754098358
1769587764.582997,206.97436809539795,40,58,50,42.24,56.575,52.805,057.76,4.5312841530054655,017.408114754098357
1769587764.645788,207.03732204437256,40,58,50,42.225,56.59,52.775,057.775,4.546284153005466,017.438114754098358
1769587764.700634,207.0920922756195,40,58,50,42.215,56.6,52.755,057.785,4.556284153005464,017.458114754098354
1769587764.7518039,207.14350843429565,40,58,50,42.2,56.61,52.73,057.8,4.566284153005462,017.48311475409836
1769587764.808036,207.19960021972656,40,58,49,42.185,56.625,52.7,057.815,4.581284153005463,017.513114754098353
1769587764.872436,207.26389932632446,40,58,49,42.17,56.64,52.67,057.83,4.596284153005463,017.543114754098355
1769587764.932252,207.32388424873352,40,58,49,42.155,56.655,52.64,057.845,4.611284153005464,017.573114754098356
1769587764.989276,207.38091921806335,40,58,49,42.14,56.67,52.61,057.86,4.626284153005464,017.603114754098357
1769587765.0438242,207.43546605110168,40,58,49,42.125,56.68,52.585,057.875,4.636284153005462,017.628114754098355
1769587765.101782,207.4933533668518,40,58,49,42.115,56.69,52.56,057.885,4.64628415300546,017.653114754098354
1769587765.16226,207.55388712882996,40,58,49,42.105,56.7,52.535,057.895,4.6562841530054655,017.67811475409836
1769587765.226489,207.61794114112854,40,58,50,42.09,56.71,52.51,057.91,4.6662841530054635,017.703114754098358
1769587765.3014772,207.6927843093872,40,58,50,42.075,56.72,52.485,057.925,4.6762841530054615,017.728114754098357
1769587765.371416,207.76294708251953,40,58,49,42.06,56.73,52.455,057.94,4.6862841530054595,017.758114754098358
1769587765.435634,207.8271381855011,40,58,49,42.045,56.74,52.43,057.955,4.696284153005465,017.783114754098357
1769587765.501271,207.89287400245667,40,58,49,42.03,56.75,52.405,057.97,4.706284153005463,017.808114754098355
1769587765.5720818,207.96308302879333,40,58,49,42.015,56.76,52.38,057.985,4.716284153005461,017.833114754098354
1769587765.640137,208.03127241134644,40,58,49,42.0,56.77,52.355,058.0,4.726284153005466,017.85811475409836
1769587765.7001998,208.0917992591858,40,58,49,41.985,56.78,52.325,058.015,4.736284153005464,017.888114754098353
1769587765.756748,208.14840722084045,40,58,49,41.965,56.79,52.295,058.035,4.746284153005462,017.918114754098355
1769587765.812177,208.20378422737122,40,58,49,41.945,56.805,52.265,058.055,4.761284153005462,017.948114754098356
1769587765.86751,208.25872921943665,40,58,49,41.925,56.82,52.235,058.075,4.776284153005463,017.978114754098357
1769587765.931759,208.3232352733612,41,58,50,41.91,56.835,52.21,058.09,4.7912841530054635,018.003114754098355
1769587765.9917061,208.3833372592926,41,58,50,41.9,56.845,52.185,058.1,4.8012841530054615,018.028114754098354
1769587766.0539908,208.44518399238586,40,58,49,41.885,56.855,52.155,058.115,4.8112841530054595,018.058114754098355
1769587766.115474,208.50708413124084,40,58,50,41.87,56.865,52.13,058.13,4.821284153005465,018.083114754098354
1769587766.1737568,208.56537437438965,40,58,49,41.855,56.875,52.1,058.145,4.831284153005463,018.113114754098355
1769587766.2294788,208.6211702823639,40,58,49,41.84,56.885,52.07,058.16,4.841284153005461,018.143114754098356
1769587766.2788732,208.6705663204193,40,58,49,41.825,56.895,52.04,058.175,4.851284153005466,018.173114754098357
1769587766.328844,208.7205183506012,41,58,50,41.815,56.905,52.015,058.185,4.861284153005464,018.198114754098356
1769587766.3803468,208.77195024490356,40,58,49,41.8,56.915,51.985,058.2,4.871284153005462,018.228114754098357
1769587766.43457,208.82611417770386,41,58,50,41.79,56.925,51.96,058.21,4.88128415300546,018.253114754098355
1769587766.4990668,208.89056420326233,41,58,50,41.775,56.935,51.935,058.225,4.891284153005465,018.278114754098354
1769587766.5573251,208.94893527030945,41,58,50,41.76,56.945,51.91,058.24,4.901284153005463,018.30311475409836
1769587766.60874,209.00036811828613,41,58,50,41.745,56.955,51.885,058.255,4.911284153005461,018.328114754098358
1769587766.662982,209.05469417572021,41,58,50,41.73,56.965,51.86,058.27,4.921284153005466,018.353114754098357
1769587766.7172558,209.10882830619812,41,58,50,41.715,56.975,51.835,058.285,4.931284153005464,018.378114754098355
1769587766.771279,209.16296911239624,40,58,49,41.695,56.985,51.805,058.305,4.941284153005462,018.408114754098357
1769587766.823484,209.2152020931244,40,58,49,41.68,56.995,51.775,058.32,4.95128415300546,018.438114754098358
1769587766.8785222,209.27011108398438,40,58,49,41.665,57.005,51.75,058.335,4.961284153005465,018.463114754098356
1769587766.942229,209.33378314971924,40,58,49,41.645,57.015,51.72,058.355,4.971284153005463,018.493114754098357
1769587766.998708,209.39042615890503,40,58,49,41.625,57.03,51.685,058.375,4.986284153005464,018.528114754098354
1769587767.0503628,209.4420931339264,40,58,49,41.61,57.04,51.655,058.39,4.996284153005462,018.558114754098355
1769587767.102636,209.49428629875183,41,58,50,41.6,57.05,51.635,058.4,5.00628415300546,018.578114754098358
1769587767.1561248,209.54773712158203,41,58,50,41.585,57.06,51.61,058.415,5.016284153005465,018.603114754098357
1769587767.2100549,209.60174226760864,40,58,50,41.565,57.07,51.585,058.435,5.026284153005463,018.628114754098355
1769587767.266061,209.6576633453369,41,58,50,41.555,57.08,51.56,058.445,5.036284153005461,018.653114754098354
1769587767.320666,209.71236038208008,40,58,50,41.535,57.09,51.535,058.465,5.046284153005466,018.67811475409836
1769587767.373607,209.7652931213379,40,58,49,41.515,57.1,51.505,058.485,5.056284153005464,018.708114754098354
1769587767.429161,209.8208131790161,40,58,50,41.495,57.115,51.48,058.505,5.071284153005465,018.73311475409836
1769587767.482639,209.8743281364441,41,58,50,41.48,57.13,51.45,058.52,5.086284153005465,018.763114754098353
1769587767.536333,209.92801308631897,41,58,50,41.46,57.145,51.42,058.54,5.101284153005466,018.793114754098355
1769587767.5886211,209.9803352355957,41,58,50,41.445,57.16,51.39,058.555,5.116284153005459,018.823114754098356
1769587767.640047,210.03174018859863,40,58,50,41.425,57.17,51.365,058.575,5.126284153005464,018.848114754098354
1769587767.694623,210.08633422851562,40,58,50,41.405,57.185,51.34,058.595,5.141284153005465,018.873114754098353
1769587767.747196,210.1389081478119,40,58,50,41.385,57.2,51.315,058.615,5.1562841530054655,018.89811475409836
1769587767.798929,210.19060921669006,41,58,50,41.37,57.215,51.29,058.63,5.171284153005466,018.923114754098357
1769587767.851885,210.24351835250854,40,58,50,41.35,57.23,51.265,058.65,5.1862841530054595,018.948114754098356
1769587767.906328,210.29791736602783,40,58,49,41.33,57.24,51.235,058.67,5.196284153005465,018.978114754098357
1769587767.962622,210.35427522659302,40,58,49,41.31,57.25,51.205,058.69,5.206284153005463,019.008114754098358
1769587768.0159519,210.40757417678833,40,58,50,41.29,57.265,51.18,058.71,5.221284153005463,019.033114754098357
1769587768.074708,210.4663381576538,41,58,50,41.275,57.28,51.155,058.725,5.236284153005464,019.058114754098355
1769587768.131395,210.52298617362976,40,58,49,41.255,57.295,51.125,058.745,5.251284153005464,019.088114754098356
1769587768.188618,210.58023118972778,40,58,49,41.235,57.31,51.09,058.765,5.266284153005465,019.123114754098353
1769587768.240194,210.63187313079834,40,58,49,41.215,57.325,51.06,058.785,5.2812841530054655,019.153114754098354
1769587768.291167,210.68287420272827,40,58,49,41.195,57.34,51.03,058.805,5.296284153005466,019.183114754098355
1769587768.343456,210.73510813713074,40,58,49,41.175,57.355,51.0,058.825,5.3112841530054595,019.213114754098356
1769587768.39611,210.78772830963135,40,58,49,41.155,57.365,50.97,058.845,5.321284153005465,019.243114754098357
1769587768.450624,210.84228205680847,40,58,49,41.135,57.375,50.94,058.865,5.331284153005463,019.27311475409836
1769587768.508071,210.8996663093567,40,58,49,41.12,57.385,50.915,058.88,5.341284153005461,019.298114754098357
1769587768.5699,210.9613220691681,40,58,49,41.105,57.395,50.89,058.895,5.351284153005466,019.323114754098356
1769587768.6277661,211.01947021484375,40,58,49,41.09,57.405,50.865,058.91,5.361284153005464,019.348114754098354
1769587768.677654,211.06938338279724,40,58,49,41.075,57.415,50.84,058.925,5.371284153005462,019.373114754098353
1769587768.729392,211.12100315093994,40,59,48,41.06,57.43,50.81,058.94,5.386284153005462,019.403114754098354
1769587768.782649,211.17431235313416,40,59,48,41.045,57.445,50.78,058.955,5.401284153005463,019.433114754098355
1769587768.8358212,211.2272822856903,40,58,49,41.025,57.455,50.75,058.975,5.411284153005461,019.463114754098356
1769587768.88819,211.27987217903137,40,58,49,41.005,57.465,50.72,058.995,5.421284153005466,019.493114754098357
1769587768.9434612,211.3350052833557,40,58,49,40.99,57.475,50.695,059.01,5.431284153005464,019.518114754098356
1769587768.9986591,211.39037108421326,40,58,49,40.975,57.485,50.67,059.025,5.441284153005462,019.543114754098355
1769587769.050551,211.44223427772522,40,58,49,40.96,57.495,50.65,059.04,5.45128415300546,019.563114754098358
1769587769.104712,211.49641704559326,40,58,49,40.945,57.505,50.63,059.055,5.461284153005465,019.583114754098354
1769587769.156119,211.5478162765503,40,58,49,40.93,57.515,50.605,059.07,5.471284153005463,019.60811475409836
1769587769.209734,211.6013743877411,40,58,49,40.91,57.525,50.575,059.09,5.481284153005461,019.638114754098353
1769587769.2656069,211.65732312202454,40,59,48,40.895,57.54,50.55,059.105,5.496284153005462,019.66311475409836
1769587769.321024,211.7127401828766,40,59,48,40.885,57.55,50.525,059.115,5.50628415300546,019.688114754098358
1769587769.374233,211.76585507392883,39,59,48,40.865,57.565,50.5,059.135,5.52128415300546,019.713114754098356
1769587769.4293828,211.82071232795715,40,59,48,40.85,57.58,50.475,059.15,5.536284153005461,019.738114754098355
1769587769.486065,211.87774014472961,40,59,48,40.835,57.595,50.45,059.165,5.5512841530054615,019.763114754098353
1769587769.538483,211.92999911308289,40,59,48,40.82,57.61,50.425,059.18,5.566284153005462,019.78811475409836
1769587769.590986,211.98267221450806,40,59,48,40.805,57.625,50.4,059.195,5.581284153005463,019.813114754098358
1769587769.64457,212.036288022995,40,59,48,40.79,57.64,50.375,059.21,5.596284153005463,019.838114754098356
1769587769.696884,212.08851528167725,40,59,48,40.775,57.65,50.35,059.225,5.606284153005461,019.863114754098355
1769587769.7528782,212.14450526237488,39,59,48,40.755,57.665,50.325,059.245,5.621284153005462,019.888114754098353
1769587769.810009,212.2016372680664,40,59,48,40.745,57.675,50.305,059.255,5.63128415300546,019.908114754098357
1769587769.8663309,212.258052110672,39,59,48,40.73,57.685,50.285,059.27,5.641284153005465,019.92811475409836
1769587769.9183402,212.3098542690277,39,59,48,40.715,57.695,50.265,059.285,5.651284153005463,019.948114754098356
1769587769.977639,212.36931610107422,40,59,48,40.705,57.705,50.245,059.295,5.661284153005461,019.96811475409836
1769587770.035836,212.4274342060089,40,58,49,40.69,57.71,50.225,059.31,5.6662841530054635,019.988114754098355
1769587770.090314,212.4818091392517,40,59,48,40.68,57.72,50.205,059.32,5.6762841530054615,020.008114754098358
1769587770.1452491,212.53677105903625,40,59,48,40.67,57.73,50.185,059.33,5.6862841530054595,020.028114754098354
1769587770.201808,212.59341430664062,40,59,48,40.66,57.74,50.165,059.34,5.696284153005465,020.048114754098357
1769587770.253255,212.6449682712555,40,59,48,40.65,57.75,50.145,059.35,5.706284153005463,020.068114754098353
1769587770.3043242,212.6960413455963,40,59,48,40.64,57.76,50.125,059.36,5.716284153005461,020.088114754098356
1769587770.356877,212.74826431274414,40,59,49,40.63,57.77,50.11,059.37,5.726284153005466,020.103114754098357
1769587770.4189272,212.81046509742737,40,59,48,40.62,57.78,50.09,059.38,5.736284153005464,020.123114754098353
1769587770.479591,212.871276140213,40,59,48,40.61,57.79,50.07,059.39,5.746284153005462,020.143114754098356
1769587770.531911,212.9236421585083,40,59,48,40.6,57.8,50.05,059.4,5.75628415300546,020.16311475409836
1769587770.5831108,212.97474718093872,40,59,48,40.59,57.81,50.025,059.41,5.766284153005465,020.188114754098358
1769587770.636679,213.02836418151855,40,59,48,40.58,57.82,50.0,059.42,5.776284153005463,020.213114754098356
1769587770.690754,213.0824420452118,40,59,48,40.57,57.83,49.98,059.43,5.786284153005461,020.23311475409836
1769587770.7441201,213.13586521148682,40,59,48,40.56,57.84,49.96,059.44,5.796284153005466,020.253114754098355
1769587770.795264,213.18690037727356,40,59,48,40.55,57.85,49.94,059.45,5.806284153005464,020.27311475409836
1769587770.849899,213.24146223068237,40,59,48,40.54,57.86,49.92,059.46,5.816284153005462,020.293114754098355
1769587770.909139,213.30066418647766,40,59,48,40.53,57.87,49.9,059.47,5.82628415300546,020.313114754098358
1769587770.915759,213.307373046875,40,59,48,40.52,57.88,49.88,059.48,5.836284153005465,020.333114754098354
1769587770.971044,213.36275935173035,40,59,48,40.51,57.89,49.86,059.49,5.846284153005463,020.353114754098357
1769587771.025056,213.41671323776245,40,59,48,40.5,57.9,49.84,059.5,5.856284153005461,020.373114754098353
1769587771.0787892,213.47041726112366,40,59,48,40.49,57.91,49.82,059.51,5.866284153005459,020.393114754098356
1769587771.130925,213.5226171016693,40,59,48,40.48,57.92,49.8,059.52,5.876284153005464,020.41311475409836
1769587771.184588,213.57630825042725,40,59,47,40.47,57.93,49.775,059.53,5.886284153005462,020.438114754098358
1769587771.24095,213.63258123397827,40,59,48,40.46,57.94,49.755,059.54,5.89628415300546,020.458114754098354
1769587771.296439,213.6880030632019,40,59,48,40.45,57.95,49.735,059.55,5.9062841530054655,020.478114754098357
1769587771.355763,213.74734830856323,40,59,47,40.44,57.96,49.71,059.56,5.9162841530054635,020.503114754098355
1769587771.413512,213.80516409873962,40,59,47,40.43,57.97,49.685,059.57,5.9262841530054615,020.528114754098354
1769587771.4671738,213.85884642601013,40,59,47,40.42,57.98,49.66,059.58,5.9362841530054595,020.55311475409836
1769587771.522492,213.91417026519775,40,59,47,40.415,57.99,49.635,059.585,5.946284153005465,020.578114754098358
1769587771.577784,213.96946716308594,40,59,47,40.41,58.0,49.61,059.59,5.956284153005463,020.603114754098357
1769587771.6307871,214.02247500419617,40,59,47,40.405,58.01,49.585,059.595,5.966284153005461,020.628114754098355
1769587771.6807349,214.07241320610046,40,59,48,40.395,58.02,49.565,059.605,5.976284153005466,020.64811475409836
1769587771.733286,214.12495732307434,40,59,47,40.385,58.03,49.54,059.615,5.986284153005464,020.673114754098357
1769587771.789515,214.18107628822327,40,59,47,40.38,58.04,49.515,059.62,5.996284153005462,020.698114754098356
1769587771.8548322,214.24618315696716,40,59,47,40.375,58.05,49.49,059.625,6.00628415300546,020.723114754098354
1769587771.916824,214.30826330184937,40,59,47,40.37,58.06,49.465,059.63,6.016284153005465,020.748114754098353
1769587771.975668,214.367329120636,40,59,47,40.36,58.07,49.44,059.64,6.026284153005463,020.77311475409836
1769587772.026983,214.41868805885315,40,59,47,40.355,58.08,49.415,059.645,6.036284153005461,020.798114754098357
1769587772.077158,214.46886134147644,40,59,47,40.35,58.09,49.395,059.65,6.046284153005466,020.818114754098353
1769587772.129716,214.52141523361206,39,59,47,40.34,58.1,49.375,059.66,6.056284153005464,020.838114754098356
1769587772.181429,214.57308220863342,40,59,47,40.335,58.11,49.35,059.665,6.066284153005462,020.863114754098355
1769587772.232507,214.62419939041138,39,59,47,40.32,58.12,49.325,059.68,6.07628415300546,020.888114754098353
1769587772.285981,214.67752718925476,39,59,47,40.305,58.13,49.3,059.695,6.086284153005465,020.91311475409836
1769587772.339669,214.73138213157654,39,59,47,40.29,58.14,49.275,059.71,6.096284153005463,020.938114754098358
1769587772.392378,214.78408217430115,40,59,47,40.285,58.15,49.25,059.715,6.106284153005461,020.963114754098356
1769587772.446343,214.83775210380554,39,59,47,40.275,58.16,49.225,059.725,6.116284153005459,020.988114754098355
1769587772.506218,214.8978292942047,40,59,48,40.27,58.17,49.205,059.73,6.126284153005464,021.008114754098358
1769587772.560126,214.9516043663025,40,59,48,40.265,58.18,49.185,059.735,6.136284153005462,021.028114754098354
1769587772.615665,215.00714540481567,39,59,47,40.255,58.19,49.16,059.745,6.14628415300546,021.05311475409836
1769587772.666369,215.058030128479,39,59,47,40.24,58.2,49.135,059.76,6.1562841530054655,021.078114754098358
1769587772.727621,215.11915922164917,40,59,47,40.235,58.21,49.11,059.765,6.1662841530054635,021.103114754098357
1769587772.7901921,215.18151807785034,39,59,47,40.225,58.22,49.09,059.775,6.1762841530054615,021.123114754098353
1769587772.845974,215.23767018318176,39,59,47,40.215,58.23,49.065,059.785,6.1862841530054595,021.14811475409836
1769587772.895262,215.2869381904602,39,59,47,40.2,58.24,49.04,059.8,6.196284153005465,021.173114754098357
1769587772.94474,215.33641028404236,39,59,47,40.19,58.25,49.015,059.81,6.206284153005463,021.198114754098356
1769587772.996145,215.38777542114258,39,59,47,40.18,58.26,48.99,059.82,6.216284153005461,021.223114754098354
1769587773.047989,215.4396312236786,39,59,47,40.17,58.27,48.97,059.83,6.226284153005466,021.243114754098357
1769587773.103821,215.49550533294678,39,59,47,40.16,58.28,48.95,059.84,6.236284153005464,021.263114754098353
1769587773.157547,215.54928636550903,39,59,47,40.145,58.29,48.925,059.855,6.246284153005462,021.28811475409836
1769587773.209735,215.60143113136292,39,60,47,40.13,58.305,48.895,059.87,6.261284153005462,021.318114754098353
1769587773.2654982,215.6570851802826,39,59,47,40.12,58.315,48.875,059.88,6.27128415300546,021.338114754098356
1769587773.323405,215.71499228477478,39,59,47,40.11,58.325,48.855,059.89,6.2812841530054655,021.35811475409836
1769587773.381121,215.77261900901794,39,59,47,40.1,58.335,48.835,059.9,6.2912841530054635,021.378114754098355
1769587773.4335182,215.825186252594,39,59,47,40.09,58.345,48.815,059.91,6.3012841530054615,021.39811475409836
1769587773.487252,215.87900018692017,39,59,47,40.08,58.355,48.795,059.92,6.3112841530054595,021.418114754098355
1769587773.539731,215.93134903907776,39,59,47,40.07,58.365,48.775,059.93,6.321284153005465,021.438114754098358
1769587773.600323,215.99192714691162,39,59,47,40.06,58.375,48.75,059.94,6.331284153005463,021.463114754098356
1769587773.6569312,216.0486421585083,39,59,47,40.05,58.385,48.73,059.95,6.341284153005461,021.48311475409836
1769587773.7090392,216.10070133209229,39,59,47,40.04,58.395,48.71,059.96,6.351284153005466,021.503114754098355
1769587773.714109,216.10583519935608,39,59,47,40.03,58.405,48.69,059.97,6.361284153005464,021.52311475409836
1769587773.766835,216.15854215621948,39,59,47,40.02,58.415,48.67,059.98,6.371284153005462,021.543114754098355
1769587773.817806,216.20945000648499,39,59,47,40.01,58.42,48.655,059.99,6.376284153005464,021.558114754098355
1769587773.868424,216.2601342201233,40,59,48,40.005,58.425,48.645,059.995,6.38128415300546,021.568114754098353
1769587773.921371,216.31300830841064,40,59,48,40.0,58.43,48.635,060.0,6.386284153005462,021.578114754098358
1769587773.972678,216.3643651008606,40,59,48,39.995,58.44,48.62,060.005,6.39628415300546,021.59311475409836
1769587774.025816,216.4172341823578,39,59,48,39.985,58.445,48.61,060.015,6.401284153005463,021.603114754098357
1769587774.076604,216.46828317642212,40,59,48,39.98,58.45,48.6,060.02,6.4062841530054655,021.613114754098355
1769587774.129602,216.52129220962524,39,59,48,39.97,58.46,48.585,060.03,6.4162841530054635,021.628114754098355
1769587774.1816251,216.5732822418213,39,59,48,39.96,58.465,48.57,060.04,6.421284153005466,021.643114754098356
1769587774.232331,216.62405610084534,40,59,48,39.955,58.47,48.56,060.045,6.4262841530054615,021.653114754098354
1769587774.282249,216.67393922805786,40,59,48,39.95,58.48,48.545,060.05,6.4362841530054595,021.668114754098355
1769587774.33727,216.72893524169922,40,59,48,39.945,58.49,48.53,060.055,6.446284153005465,021.683114754098355
1769587774.395534,216.78713822364807,40,59,48,39.94,58.495,48.52,060.06,6.45128415300546,021.693114754098353
1769587774.458278,216.84981417655945,40,59,48,39.94,58.5,48.51,060.06,6.456284153005463,021.703114754098358
1769587774.521717,216.9132580757141,40,59,48,39.935,58.505,48.5,060.065,6.461284153005465,021.713114754098356
1769587774.57735,216.96900629997253,40,59,48,39.935,58.51,48.49,060.065,6.466284153005461,021.723114754098354
1769587774.6292238,217.02088236808777,40,59,48,39.935,58.515,48.48,060.065,6.471284153005463,021.73311475409836
1769587774.6841578,217.0757451057434,40,59,48,39.935,58.52,48.47,060.065,6.476284153005466,021.743114754098357
1769587774.735809,217.12751722335815,40,59,48,39.935,58.525,48.46,060.065,6.481284153005461,021.753114754098355
1769587774.788822,217.1804883480072,40,59,48,39.93,58.53,48.45,060.07,6.486284153005464,021.763114754098353
1769587774.842377,217.23396611213684,40,59,48,39.925,58.535,48.44,060.075,6.491284153005459,021.77311475409836
1769587774.8931682,217.28484320640564,40,59,48,39.92,58.54,48.43,060.08,6.496284153005462,021.783114754098357
1769587774.946465,217.33811140060425,40,59,48,39.915,58.545,48.42,060.085,6.501284153005464,021.793114754098355
1769587775.000288,217.39190411567688,40,59,48,39.915,58.55,48.41,060.085,6.50628415300546,021.80311475409836
1769587775.052525,217.4442150592804,40,59,48,39.915,58.555,48.4,060.085,6.511284153005462,021.813114754098358
1769587775.10591,217.49742913246155,40,59,48,39.91,58.56,48.39,060.09,6.516284153005465,021.823114754098356
1769587775.157949,217.5495491027832,40,59,48,39.91,58.565,48.385,060.09,6.52128415300546,021.828114754098358
1769587775.214407,217.60609221458435,40,59,48,39.91,58.57,48.38,060.09,6.526284153005463,021.833114754098354
1769587775.26638,217.65804815292358,40,59,48,39.91,58.575,48.375,060.09,6.5312841530054655,021.838114754098356
1769587775.31878,217.71051335334778,40,59,48,39.91,58.58,48.37,060.09,6.536284153005461,021.84311475409836
1769587775.367536,217.7592442035675,40,59,48,39.91,58.585,48.365,060.09,6.5412841530054635,021.848114754098354
1769587775.4251251,217.81674599647522,40,59,48,39.91,58.59,48.36,060.09,6.546284153005466,021.853114754098357
1769587775.485811,217.87704133987427,39,59,48,39.905,58.595,48.35,060.095,6.5512841530054615,021.863114754098355
1769587775.541965,217.9334421157837,39,59,47,39.9,58.6,48.335,060.1,6.556284153005464,021.878114754098355
1769587775.5942101,217.9858841896057,39,59,47,39.895,58.605,48.32,060.105,6.5612841530054595,021.893114754098356
1769587775.6469288,218.0386471748352,39,59,47,39.89,58.61,48.305,060.11,6.566284153005462,021.908114754098357
1769587775.7002082,218.091872215271,39,59,47,39.885,58.615,48.29,060.115,6.571284153005465,021.923114754098357
1769587775.7560802,218.1474072933197,39,59,47,39.88,58.62,48.28,060.12,6.57628415300546,021.933114754098355
1769587775.817587,218.20910024642944,39,59,47,39.875,58.625,48.27,060.125,6.581284153005463,021.943114754098353
1769587775.875849,218.2675940990448,39,59,47,39.87,58.63,48.26,060.13,6.586284153005465,021.953114754098358
1769587775.926062,218.31775832176208,39,59,47,39.865,58.635,48.25,060.135,6.591284153005461,021.963114754098356
1769587775.976202,218.3679060935974,39,59,47,39.86,58.64,48.24,060.14,6.596284153005463,021.973114754098354
1769587776.034873,218.4262683391571,39,59,47,39.855,58.645,48.23,060.145,6.601284153005466,021.98311475409836
1769587776.0900218,218.48165607452393,39,60,47,39.85,58.655,48.22,060.15,6.611284153005464,021.993114754098357
1769587776.1441548,218.5358681678772,39,60,47,39.845,58.665,48.205,060.155,6.621284153005462,022.008114754098358
1769587776.196065,218.58779430389404,39,59,47,39.84,58.67,48.19,060.16,6.626284153005464,022.02311475409836
1769587776.250229,218.64177107810974,39,59,47,39.835,58.675,48.18,060.165,6.63128415300546,022.033114754098357
1769587776.3151412,218.70662117004395,39,60,46,39.83,58.685,48.165,060.17,6.641284153005465,022.048114754098357
1769587776.433105,218.8247091770172,39,60,46,39.825,58.695,48.15,060.175,6.651284153005463,022.063114754098358
1769587776.492353,218.8839852809906,39,60,46,39.82,58.705,48.135,060.18,6.661284153005461,022.078114754098358
1769587776.548898,218.9406521320343,39,60,46,39.815,58.715,48.12,060.185,6.671284153005466,022.09311475409836
1769587776.598161,218.98987126350403,39,60,46,39.81,58.725,48.105,060.19,6.681284153005464,022.10811475409836
1769587776.6458392,219.03749823570251,39,60,46,39.805,58.735,48.09,060.195,6.691284153005462,022.123114754098353
1769587776.699305,219.0909821987152,39,60,46,39.8,58.745,48.075,060.2,6.70128415300546,022.138114754098353
1769587776.757607,219.14926528930664,38,60,46,39.79,58.755,48.06,060.21,6.711284153005465,022.153114754098354
1769587776.810974,219.20267128944397,38,60,46,39.775,58.765,48.04,060.225,6.721284153005463,022.173114754098357
1769587776.8678029,219.25929617881775,39,60,46,39.765,58.775,48.02,060.235,6.731284153005461,022.193114754098353
1769587776.923658,219.31533813476562,39,60,46,39.76,58.785,48.005,060.24,6.741284153005459,022.208114754098354
1769587776.976762,219.36837029457092,38,60,46,39.75,58.795,47.985,060.25,6.751284153005464,022.228114754098357
1769587777.033868,219.4254493713379,39,60,47,39.745,58.805,47.975,060.255,6.761284153005462,022.238114754098355
1769587777.091556,219.48303532600403,38,60,46,39.735,58.815,47.96,060.265,6.77128415300546,022.253114754098355
1769587777.144029,219.53576922416687,38,60,46,39.725,58.825,47.945,060.275,6.7812841530054655,022.268114754098356
1769587777.1956239,219.5872724056244,38,60,46,39.71,58.835,47.925,060.29,6.7912841530054635,022.28811475409836
1769587777.254747,219.6463532447815,38,60,46,39.7,58.845,47.91,060.3,6.8012841530054615,022.30311475409836
1769587777.3132951,219.7049732208252,38,60,46,39.685,58.855,47.89,060.315,6.8112841530054595,022.323114754098356
1769587777.365025,219.75671124458313,38,60,46,39.67,58.865,47.87,060.33,6.821284153005465,022.34311475409836
1769587777.4222348,219.81389617919922,39,60,46,39.66,58.875,47.85,060.34,6.831284153005463,022.363114754098355
1769587777.473092,219.86463737487793,39,60,46,39.65,58.885,47.83,060.35,6.841284153005461,022.383114754098358
1769587777.525759,219.91743326187134,38,60,46,39.635,58.895,47.81,060.365,6.851284153005466,022.403114754098354
1769587777.5811021,219.9726812839508,38,60,46,39.62,58.905,47.79,060.38,6.861284153005464,022.423114754098357
1769587777.636669,220.02835512161255,38,60,46,39.61,58.915,47.775,060.39,6.871284153005462,022.438114754098358
1769587777.688471,220.0801441669464,38,60,46,39.6,58.925,47.76,060.4,6.88128415300546,022.453114754098358
1769587777.748432,220.1400682926178,38,60,46,39.59,58.935,47.745,060.41,6.891284153005465,022.46811475409836
1769587777.814147,220.20519399642944,38,60,46,39.58,58.945,47.73,060.42,6.901284153005463,022.48311475409836
1769587777.872917,220.26457715034485,38,60,46,39.57,58.955,47.715,060.43,6.911284153005461,022.498114754098353
1769587777.922845,220.31453800201416,39,60,46,39.565,58.965,47.7,060.435,6.921284153005466,022.513114754098353
1769587777.974826,220.36649227142334,38,60,46,39.55,58.975,47.68,060.45,6.931284153005464,022.533114754098357
1769587778.027435,220.41917538642883,38,60,46,39.535,58.985,47.66,060.465,6.941284153005462,022.55311475409836
1769587778.079765,220.47127032279968,38,60,46,39.525,58.995,47.64,060.475,6.95128415300546,022.573114754098356
1769587778.138046,220.52972722053528,38,60,46,39.51,59.005,47.62,060.49,6.961284153005465,022.59311475409836
1769587778.195318,220.58683013916016,38,60,46,39.5,59.015,47.6,060.5,6.971284153005463,022.613114754098355
1769587778.25213,220.64373016357422,38,60,46,39.49,59.025,47.585,060.51,6.981284153005461,022.628114754098355
1769587778.306674,220.69814825057983,39,60,46,39.485,59.035,47.565,060.515,6.991284153005459,022.64811475409836
1769587778.35957,220.75127339363098,38,60,46,39.47,59.045,47.545,060.53,7.001284153005464,022.668114754098355
1769587778.415731,220.80732798576355,38,60,46,39.455,59.055,47.525,060.545,7.011284153005462,022.688114754098358
1769587778.469884,220.86159205436707,38,60,46,39.44,59.065,47.505,060.56,7.02128415300546,022.708114754098354
1769587778.5272372,220.91884922981262,38,60,46,39.43,59.075,47.485,060.57,7.0312841530054655,022.728114754098357
1769587778.5816169,220.9732973575592,38,60,46,39.42,59.085,47.465,060.58,7.0412841530054635,022.748114754098353
1769587778.635657,221.02736520767212,39,60,47,39.415,59.095,47.45,060.585,7.0512841530054615,022.763114754098353
1769587778.6878238,221.07949328422546,39,60,46,39.405,59.105,47.43,060.595,7.0612841530054595,022.783114754098357
1769587778.738871,221.13060021400452,38,60,46,39.395,59.115,47.41,060.605,7.071284153005465,022.80311475409836
1769587778.791322,221.18296217918396,38,60,46,39.385,59.125,47.395,060.615,7.081284153005463,022.818114754098353
1769587778.844037,221.23572206497192,38,60,46,39.375,59.135,47.38,060.625,7.091284153005461,022.833114754098354
1769587778.893601,221.28527903556824,38,60,46,39.365,59.145,47.36,060.635,7.101284153005466,022.853114754098357
1769587778.9458072,221.3374412059784,38,60,46,39.35,59.155,47.34,060.65,7.111284153005464,022.873114754098353
1769587778.997229,221.38893222808838,38,60,46,39.34,59.165,47.325,060.66,7.121284153005462,022.888114754098353
1769587779.047497,221.4391691684723,38,60,46,39.33,59.175,47.31,060.67,7.13128415300546,022.903114754098354
1769587779.099231,221.49091219902039,38,60,45,39.32,59.185,47.29,060.68,7.141284153005465,022.923114754098357
1769587779.155636,221.54730534553528,38,60,46,39.31,59.195,47.275,060.69,7.151284153005463,022.938114754098358
1769587779.2083058,221.60002827644348,38,60,46,39.3,59.205,47.26,060.7,7.161284153005461,022.953114754098358
1769587779.213467,221.60521602630615,38,60,46,39.29,59.215,47.245,060.71,7.171284153005466,022.96811475409836
1769587779.265764,221.6574420928955,38,60,45,39.28,59.225,47.225,060.72,7.181284153005464,022.988114754098355
1769587779.3184059,221.70998120307922,38,60,45,39.27,59.235,47.205,060.73,7.191284153005462,023.008114754098358
1769587779.3709598,221.76259303092957,38,61,45,39.26,59.25,47.185,060.74,7.206284153005463,023.028114754098354
1769587779.4236958,221.81536841392517,38,60,46,39.25,59.26,47.17,060.75,7.216284153005461,023.043114754098355
1769587779.4775412,221.86920928955078,39,60,46,39.245,59.27,47.155,060.755,7.226284153005466,023.058114754098355
1769587779.530227,221.92191314697266,38,61,45,39.235,59.28,47.14,060.765,7.236284153005464,023.073114754098356
1769587779.583411,221.97506022453308,38,61,45,39.225,59.29,47.125,060.775,7.246284153005462,023.088114754098356
1769587779.6460538,222.0375862121582,38,60,46,39.215,59.3,47.11,060.785,7.25628415300546,023.103114754098357
1769587779.716852,222.10844230651855,38,60,45,39.205,59.31,47.09,060.795,7.266284153005465,023.123114754098353
1769587779.783608,222.17527031898499,38,61,45,39.195,59.325,47.07,060.805,7.2812841530054655,023.143114754098356
1769587779.846654,222.23831033706665,38,60,45,39.185,59.335,47.05,060.815,7.2912841530054635,023.16311475409836
1769587779.914114,222.30573225021362,38,60,45,39.175,59.345,47.03,060.825,7.3012841530054615,023.183114754098355
1769587779.9834812,222.3746781349182,38,60,45,39.165,59.355,47.01,060.835,7.3112841530054595,023.203114754098358
1769587780.0502,222.44179725646973,38,61,45,39.155,59.37,46.99,060.845,7.32628415300546,023.223114754098354
1769587780.109196,222.5007359981537,38,61,45,39.145,59.385,46.97,060.855,7.341284153005461,023.243114754098357
1769587780.17385,222.56535816192627,38,61,45,39.135,59.395,46.955,060.865,7.351284153005466,023.258114754098358
1769587780.228648,222.62029814720154,38,61,45,39.125,59.405,46.94,060.875,7.361284153005464,023.27311475409836
1769587780.282093,222.67365026474,38,61,45,39.12,59.415,46.925,060.88,7.371284153005462,023.28811475409836
1769587780.3353531,222.72699904441833,38,61,45,39.11,59.425,46.91,060.89,7.38128415300546,023.30311475409836
1769587780.390746,222.78245520591736,38,61,45,39.1,59.435,46.895,060.9,7.391284153005465,023.318114754098353
1769587780.443202,222.8348822593689,38,61,45,39.09,59.445,46.88,060.91,7.401284153005463,023.333114754098354
1769587780.4966662,222.88836812973022,38,61,45,39.08,59.455,46.865,060.92,7.411284153005461,023.348114754098354
1769587780.554444,222.94584226608276,38,61,45,39.07,59.465,46.85,060.93,7.421284153005466,023.363114754098355
1769587780.6116621,223.00328826904297,37,61,45,39.055,59.475,46.835,060.945,7.431284153005464,023.378114754098355
1769587780.664377,223.05605506896973,37,61,44,39.045,59.485,46.815,060.955,7.441284153005462,023.39811475409836
1769587780.7162519,223.10798120498657,38,61,45,39.035,59.495,46.8,060.965,7.45128415300546,023.41311475409836
1769587780.766667,223.15834021568298,38,61,45,39.03,59.505,46.785,060.97,7.461284153005465,023.42811475409836
1769587780.832159,223.22368216514587,37,61,44,39.02,59.515,46.765,060.98,7.471284153005463,023.448114754098356
1769587780.895861,223.2872211933136,37,61,44,39.005,59.525,46.745,060.995,7.481284153005461,023.46811475409836
1769587780.9484642,223.34020018577576,37,61,44,38.99,59.54,46.72,061.01,7.496284153005462,023.493114754098357
1769587780.9994218,223.39107036590576,37,61,44,38.975,59.55,46.7,061.025,7.50628415300546,023.513114754098353
1769587781.050684,223.44239830970764,37,61,44,38.96,59.56,46.68,061.04,7.516284153005465,023.533114754098357
1769587781.106407,223.49789333343506,37,61,44,38.945,59.57,46.66,061.055,7.526284153005463,023.55311475409836
1769587781.16382,223.55513906478882,37,61,44,38.93,59.58,46.64,061.07,7.536284153005461,023.573114754098356
1769587781.216484,223.6080241203308,37,61,44,38.915,59.59,46.62,061.085,7.546284153005466,023.59311475409836
1769587781.2745621,223.66587018966675,37,61,44,38.9,59.6,46.595,061.1,7.556284153005464,023.618114754098357
1769587781.3296351,223.72100520133972,37,61,44,38.885,59.61,46.575,061.115,7.566284153005462,023.638114754098353
1769587781.3921402,223.78332710266113,37,61,44,38.87,59.62,46.555,061.13,7.57628415300546,023.658114754098357
1769587781.447985,223.8395471572876,37,61,44,38.855,59.63,46.535,061.145,7.586284153005465,023.67811475409836
1769587781.499268,223.89096426963806,37,61,44,38.84,59.64,46.515,061.16,7.596284153005463,023.698114754098356
1769587781.5479932,223.93962597846985,37,61,44,38.825,59.65,46.495,061.175,7.606284153005461,023.71811475409836
1769587781.599068,223.99060726165771,37,61,44,38.81,59.66,46.475,061.19,7.616284153005459,023.738114754098355
1769587781.650319,224.04190826416016,37,61,44,38.795,59.67,46.455,061.205,7.626284153005464,023.758114754098358
1769587781.7099662,224.10157108306885,37,61,44,38.78,59.68,46.435,061.22,7.636284153005462,023.778114754098354
1769587781.764865,224.15651202201843,37,61,44,38.765,59.69,46.415,061.235,7.64628415300546,023.798114754098357
1769587781.817162,224.20884132385254,36,61,43,38.745,59.7,46.39,061.255,7.6562841530054655,023.823114754098356
1769587781.871673,224.26334428787231,37,61,44,38.73,59.71,46.37,061.27,7.6662841530054635,023.84311475409836
1769587781.924767,224.3164553642273,37,61,44,38.715,59.72,46.35,061.285,7.6762841530054615,023.863114754098355
1769587781.9765172,224.36818933486938,37,61,44,38.7,59.73,46.33,061.3,7.6862841530054595,023.883114754098358
1769587782.028213,224.4199140071869,36,61,43,38.68,59.74,46.305,061.32,7.696284153005465,023.908114754098357
1769587782.079073,224.47074103355408,37,61,44,38.665,59.75,46.285,061.335,7.706284153005463,023.92811475409836
1769587782.13133,224.5228271484375,37,61,44,38.65,59.76,46.27,061.35,7.716284153005461,023.943114754098353
1769587782.1839418,224.57565331459045,36,61,43,38.63,59.77,46.245,061.37,7.726284153005466,023.96811475409836
1769587782.2352982,224.62696027755737,37,61,44,38.615,59.78,46.225,061.385,7.736284153005464,023.988114754098355
1769587782.287689,224.67924308776855,37,61,44,38.6,59.79,46.21,061.4,7.746284153005462,024.003114754098355
1769587782.346922,224.7385060787201,37,61,44,38.585,59.8,46.195,061.415,7.75628415300546,024.018114754098356
1769587782.405613,224.7973232269287,37,61,44,38.57,59.81,46.18,061.43,7.766284153005465,024.033114754098357
1769587782.458726,224.85038828849792,37,61,44,38.555,59.82,46.165,061.445,7.776284153005463,024.048114754098357
1769587782.463371,224.85516810417175,37,61,43,38.54,59.83,46.145,061.46,7.786284153005461,024.068114754098353
1769587782.517195,224.90881824493408,36,61,43,38.52,59.84,46.125,061.48,7.796284153005466,024.088114754098356
1769587782.569725,224.96133422851562,37,61,43,38.505,59.85,46.1,061.495,7.806284153005464,024.113114754098355
1769587782.6296132,225.02105236053467,36,61,43,38.485,59.86,46.08,061.515,7.816284153005462,024.133114754098358
1769587782.686204,225.0778911113739,37,61,43,38.47,59.87,46.06,061.53,7.82628415300546,024.153114754098354
1769587782.739836,225.13133811950684,37,61,43,38.455,59.88,46.04,061.545,7.836284153005465,024.173114754098357
1769587782.802849,225.19439840316772,37,61,44,38.44,59.89,46.025,061.56,7.846284153005463,024.188114754098358
1769587782.859581,225.2512822151184,36,61,43,38.42,59.9,46.005,061.58,7.856284153005461,024.208114754098354
1769587782.915649,225.307382106781,36,61,43,38.4,59.91,45.985,061.6,7.866284153005459,024.228114754098357
1769587782.9652429,225.35687398910522,36,61,43,38.38,59.92,45.965,061.62,7.876284153005464,024.248114754098353
1769587783.016141,225.40785121917725,36,61,43,38.365,59.93,45.945,061.635,7.886284153005462,024.268114754098356
1769587783.069163,225.46078824996948,36,61,43,38.345,59.94,45.925,061.655,7.89628415300546,024.28811475409836
1769587783.123442,225.51508212089539,36,61,43,38.33,59.95,45.905,061.67,7.9062841530054655,024.308114754098355
1769587783.17637,225.56809425354004,36,61,43,38.315,59.96,45.885,061.685,7.9162841530054635,024.328114754098358
1769587783.2295392,225.62119722366333,36,61,43,38.3,59.97,45.865,061.7,7.9262841530054615,024.348114754098354
1769587783.2822568,225.67386436462402,36,61,43,38.28,59.98,45.845,061.72,7.9362841530054595,024.368114754098357
1769587783.340437,225.7318913936615,36,61,43,38.265,59.99,45.825,061.735,7.946284153005465,024.388114754098353
1769587783.3934138,225.78510522842407,36,61,43,38.245,60.0,45.8,061.755,7.956284153005463,024.41311475409836
1769587783.442222,225.83389806747437,36,61,43,38.225,60.01,45.775,061.775,7.966284153005461,024.438114754098358
1769587783.493259,225.88490223884583,36,61,43,38.21,60.02,45.755,061.79,7.976284153005466,024.458114754098354
1769587783.544394,225.93599009513855,37,61,44,38.2,60.03,45.74,061.8,7.986284153005464,024.473114754098354
1769587783.600875,225.99243021011353,36,61,44,38.18,60.04,45.725,061.82,7.996284153005462,024.488114754098355
1769587783.658901,226.05055212974548,36,61,43,38.165,60.05,45.705,061.835,8.00628415300546,024.508114754098358
1769587783.7164202,226.10773420333862,36,61,43,38.15,60.06,45.685,061.85,8.016284153005465,024.528114754098354
1769587783.772736,226.16428637504578,36,61,43,38.135,60.07,45.665,061.865,8.026284153005463,024.548114754098357
1769587783.830215,226.2218964099884,36,61,43,38.12,60.08,45.645,061.88,8.036284153005461,024.568114754098353
1769587783.882464,226.2741162776947,36,61,43,38.105,60.09,45.625,061.895,8.046284153005466,024.588114754098356
1769587783.9417632,226.33328938484192,36,61,44,38.09,60.1,45.61,061.91,8.056284153005464,024.603114754098357
1769587784.0079622,226.39944219589233,36,61,44,38.075,60.11,45.595,061.925,8.066284153005462,024.618114754098357
1769587784.016047,226.4074511528015,36,61,43,38.06,60.12,45.575,061.94,8.07628415300546,024.638114754098353
1769587784.079715,226.47122311592102,36,61,43,38.045,60.125,45.555,061.955,8.081284153005463,024.658114754098357
1769587784.143671,226.53515815734863,36,61,44,38.03,60.135,45.54,061.97,8.09128415300546,024.673114754098357
1769587784.2047439,226.5958971977234,37,61,44,38.02,60.145,45.525,061.98,8.101284153005466,024.688114754098358
1769587784.2630348,226.65464234352112,37,61,44,38.01,60.155,45.51,061.99,8.111284153005464,024.703114754098358
1769587784.321801,226.713397026062,37,61,44,38.0,60.165,45.495,062.0,8.121284153005462,024.71811475409836
1769587784.3763149,226.76807236671448,37,61,44,37.99,60.175,45.48,062.01,8.13128415300546,024.73311475409836
1769587784.431207,226.82281017303467,36,61,44,37.975,60.185,45.465,062.025,8.141284153005465,024.748114754098353
1769587784.487194,226.8787021636963,36,61,43,37.96,60.195,45.445,062.04,8.151284153005463,024.768114754098356
1769587784.540695,226.93230533599854,36,61,43,37.945,60.205,45.425,062.055,8.161284153005461,024.78811475409836
1769587784.5898,226.98150324821472,36,61,44,37.93,60.215,45.41,062.07,8.171284153005466,024.80311475409836
1769587784.642656,227.03439116477966,37,61,44,37.92,60.225,45.395,062.08,8.181284153005464,024.818114754098353
1769587784.6969228,227.08853220939636,37,61,44,37.91,60.235,45.38,062.09,8.191284153005462,024.833114754098354
1769587784.751018,227.14247035980225,37,61,44,37.9,60.245,45.365,062.1,8.20128415300546,024.848114754098354
1769587784.80237,227.19411730766296,37,61,44,37.885,60.255,45.345,062.115,8.211284153005465,024.868114754098357
1769587784.861773,227.2533733844757,37,61,44,37.87,60.265,45.325,062.13,8.221284153005463,024.888114754098353
1769587784.914829,227.3063883781433,36,61,44,37.85,60.275,45.305,062.15,8.231284153005461,024.908114754098357
1769587784.968291,227.35997319221497,37,61,44,37.84,60.285,45.285,062.16,8.24128415300546,024.92811475409836
1769587785.021575,227.41325211524963,37,61,44,37.825,60.295,45.265,062.175,8.251284153005464,024.948114754098356
1769587785.077877,227.46912932395935,36,61,43,37.81,60.305,45.24,062.19,8.261284153005462,024.973114754098354
1769587785.136878,227.52775621414185,36,62,43,37.795,60.32,45.215,062.205,8.276284153005463,024.998114754098353
1769587785.200588,227.5921013355255,36,62,43,37.775,60.335,45.19,062.225,8.291284153005464,025.02311475409836
1769587785.255229,227.6469202041626,36,61,43,37.755,60.345,45.165,062.245,8.301284153005462,025.048114754098357
1769587785.307601,227.69930601119995,37,61,44,37.74,60.355,45.145,062.26,8.31128415300546,025.068114754098353
1769587785.357944,227.74964714050293,37,61,43,37.725,60.365,45.12,062.275,8.321284153005465,025.09311475409836
1769587785.363745,227.75531435012817,37,61,43,37.71,60.375,45.095,062.29,8.331284153005463,025.118114754098357
1769587785.414419,227.80612134933472,36,61,43,37.69,60.385,45.07,062.31,8.34128415300546,025.143114754098356
1769587785.466704,227.85832238197327,36,61,43,37.67,60.395,45.045,062.33,8.351284153005466,025.168114754098355
1769587785.520992,227.9126410484314,36,61,43,37.65,60.405,45.02,062.35,8.361284153005464,025.193114754098353
1769587785.5792482,227.9708743095398,36,62,43,37.63,60.42,44.995,062.37,8.376284153005464,025.21811475409836
1769587785.636235,228.02784633636475,36,62,42,37.61,60.435,44.965,062.39,8.391284153005465,025.248114754098353
1769587785.691265,228.0829303264618,36,62,43,37.59,60.45,44.94,062.41,8.406284153005465,025.27311475409836
1769587785.7460659,228.13761925697327,36,62,43,37.57,60.465,44.915,062.43,8.421284153005466,025.298114754098357
1769587785.8011992,228.19289326667786,36,62,43,37.55,60.48,44.89,062.45,8.43628415300546,025.323114754098356
1769587785.8563452,228.24797916412354,36,62,43,37.53,60.495,44.865,062.47,8.45128415300546,025.348114754098354
1769587785.9102972,228.3017451763153,36,62,43,37.51,60.51,44.84,062.49,8.46628415300546,025.373114754098353
1769587785.9636621,228.35537004470825,36,62,43,37.49,60.525,44.815,062.51,8.481284153005461,025.39811475409836
1769587786.015646,228.4073841571808,36,62,43,37.47,60.54,44.79,062.53,8.496284153005462,025.423114754098357
1769587786.067553,228.4592001438141,36,62,43,37.45,60.555,44.765,062.55,8.511284153005462,025.448114754098356
1769587786.1225228,228.51417326927185,36,62,43,37.43,60.57,44.74,062.57,8.526284153005463,025.473114754098354
1769587786.174478,228.56615614891052,36,62,42,37.41,60.585,44.71,062.59,8.541284153005464,025.503114754098355
1769587786.226739,228.6184561252594,35,62,42,37.385,60.6,44.68,062.615,8.556284153005464,025.533114754098357
1769587786.2794619,228.67115330696106,36,62,42,37.365,60.615,44.65,062.635,8.571284153005465,025.563114754098358
1769587786.331253,228.72285413742065,36,62,42,37.345,60.63,44.62,062.655,8.586284153005465,025.59311475409836
1769587786.383578,228.77521920204163,36,62,42,37.33,60.645,44.59,062.67,8.601284153005466,025.623114754098353
1769587786.441209,228.83284711837769,36,62,42,37.315,60.66,44.565,062.685,8.61628415300546,025.64811475409836
1769587786.495251,228.88690829277039,36,62,42,37.3,60.675,44.54,062.7,8.63128415300546,025.673114754098357
1769587786.5498838,228.94153022766113,36,62,42,37.285,60.69,44.515,062.715,8.64628415300546,025.698114754098356
1769587786.601017,228.99273014068604,36,62,42,37.27,60.705,44.49,062.73,8.661284153005461,025.723114754098354
1769587786.650801,229.04249906539917,36,62,42,37.255,60.72,44.465,062.745,8.676284153005462,025.748114754098353
1769587786.700296,229.09186625480652,36,62,42,37.24,60.735,44.44,062.76,8.691284153005462,025.77311475409836
1769587786.752658,229.14428210258484,36,62,42,37.225,60.75,44.415,062.775,8.706284153005463,025.798114754098357
1769587786.807486,229.1989140510559,36,62,42,37.21,60.765,44.39,062.79,8.721284153005463,025.823114754098356
1769587786.862678,229.25420904159546,36,62,42,37.195,60.78,44.365,062.805,8.736284153005464,025.848114754098354
1769587786.916626,229.30830430984497,36,62,42,37.18,60.795,44.34,062.82,8.751284153005464,025.873114754098353
1769587786.9693792,229.3610851764679,36,62,42,37.165,60.805,44.315,062.835,8.761284153005462,025.89811475409836
1769587787.024111,229.41574501991272,36,62,42,37.15,60.815,44.29,062.85,8.77128415300546,025.923114754098357
1769587787.076807,229.46850323677063,35,62,42,37.13,60.83,44.265,062.87,8.786284153005461,025.948114754098356
1769587787.1272142,229.5188901424408,35,62,42,37.11,60.845,44.24,062.89,8.801284153005462,025.973114754098354
1769587787.181791,229.57348203659058,36,62,42,37.095,60.855,44.22,062.905,8.81128415300546,025.993114754098357
1769587787.233865,229.62553715705872,36,62,42,37.08,60.865,44.2,062.92,8.821284153005465,026.013114754098353
1769587787.286581,229.67829728126526,36,62,42,37.065,60.875,44.18,062.935,8.831284153005463,026.033114754098357
1769587787.3407948,229.7322633266449,36,62,43,37.05,60.885,44.165,062.95,8.84128415300546,026.048114754098357
1769587787.393513,229.78517627716064,36,62,43,37.035,60.895,44.15,062.965,8.851284153005466,026.063114754098358
1769587787.445745,229.83737230300903,36,62,42,37.02,60.905,44.13,062.98,8.861284153005464,026.083114754098354
1769587787.5030348,229.89472103118896,36,62,42,37.005,60.915,44.11,062.995,8.871284153005462,026.103114754098357
1769587787.5567281,229.9483950138092,36,62,42,36.995,60.925,44.09,063.005,8.88128415300546,026.123114754098353
1769587787.612757,230.00429797172546,36,62,42,36.985,60.935,44.07,063.015,8.891284153005465,026.143114754098356
1769587787.6653,230.05698823928833,36,62,42,36.97,60.945,44.05,063.03,8.901284153005463,026.16311475409836
1769587787.715918,230.10760617256165,36,62,43,36.955,60.955,44.035,063.045,8.911284153005461,026.17811475409836
1769587787.768161,230.1597981452942,36,62,42,36.945,60.965,44.015,063.055,8.921284153005466,026.198114754098356
1769587787.8278139,230.21942019462585,36,62,43,36.93,60.975,43.995,063.07,8.931284153005464,026.21811475409836
1769587787.884705,230.27633213996887,36,62,42,36.92,60.985,43.975,063.08,8.941284153005462,026.238114754098355
1769587787.941452,230.3328890800476,36,62,42,36.91,60.995,43.955,063.09,8.95128415300546,026.258114754098358
1769587787.999561,230.39113926887512,36,62,43,36.9,61.005,43.94,063.1,8.961284153005465,026.27311475409836
1769587788.052198,230.44388508796692,36,62,43,36.89,61.015,43.925,063.11,8.971284153005463,026.28811475409836
1769587788.106441,230.49803709983826,36,62,43,36.88,61.025,43.91,063.12,8.981284153005461,026.30311475409836
1769587788.159105,230.5507881641388,36,62,43,36.87,61.035,43.895,063.13,8.99128415300546,026.318114754098353
1769587788.2158248,230.60736513137817,36,62,43,36.855,61.045,43.88,063.145,9.001284153005464,026.333114754098354
1769587788.2708611,230.66234612464905,36,62,43,36.84,61.055,43.865,063.16,9.011284153005462,026.348114754098354
1769587788.3334432,230.72490620613098,37,62,43,36.835,61.065,43.85,063.165,9.02128415300546,026.363114754098355
1769587788.3914418,230.7831711769104,37,61,43,36.83,61.07,43.835,063.17,9.026284153005463,026.378114754098355
1769587788.440528,230.83222603797913,36,62,43,36.82,61.08,43.82,063.18,9.036284153005461,026.393114754098356
1769587788.491462,230.8831741809845,36,62,43,36.81,61.09,43.805,063.19,9.046284153005466,026.408114754098357
1769587788.546106,230.93774104118347,36,62,43,36.8,61.1,43.79,063.2,9.056284153005464,026.423114754098357
1769587788.6006021,230.9923210144043,36,62,43,36.79,61.11,43.775,063.21,9.066284153005462,026.438114754098358
1769587788.652232,231.0439522266388,36,62,43,36.78,61.12,43.76,063.22,9.07628415300546,026.453114754098358
1769587788.703758,231.09543323516846,36,62,43,36.765,61.13,43.745,063.235,9.086284153005465,026.46811475409836
1769587788.75442,231.14618229866028,36,62,43,36.755,61.14,43.73,063.245,9.096284153005463,026.48311475409836
1769587788.8054242,231.19712018966675,36,62,43,36.745,61.15,43.715,063.255,9.106284153005461,026.498114754098353
1769587788.8569238,231.24858117103577,36,62,43,36.735,61.16,43.7,063.265,9.11628415300546,026.513114754098353
1769587788.9114728,231.30318903923035,36,62,43,36.725,61.17,43.685,063.275,9.126284153005464,026.528114754098354
1769587788.9643729,231.35611128807068,37,61,43,36.72,61.175,43.67,063.28,9.13128415300546,026.543114754098355
1769587789.016236,231.4079122543335,36,62,43,36.71,61.185,43.655,063.29,9.141284153005465,026.558114754098355
1769587789.067914,231.45965003967285,36,62,43,36.695,61.195,43.64,063.305,9.151284153005463,026.573114754098356
1769587789.1211252,231.5127272605896,36,62,43,36.685,61.205,43.625,063.315,9.161284153005461,026.588114754098356
1769587789.18112,231.57282423973083,36,62,43,36.675,61.215,43.61,063.325,9.171284153005466,026.603114754098357
1769587789.230827,231.62252521514893,36,62,43,36.665,61.225,43.595,063.335,9.181284153005464,026.618114754098357
1769587789.282781,231.6744692325592,36,62,43,36.655,61.235,43.58,063.345,9.191284153005462,026.633114754098358
1769587789.337628,231.72904014587402,36,62,43,36.645,61.245,43.565,063.355,9.20128415300546,026.64811475409836
1769587789.3889651,231.78069233894348,36,62,43,36.63,61.255,43.545,063.37,9.211284153005465,026.668114754098355
1769587789.4410229,231.8327260017395,36,62,43,36.615,61.265,43.53,063.385,9.221284153005463,026.683114754098355
1769587789.4939651,231.88562726974487,36,62,43,36.605,61.275,43.515,063.395,9.231284153005461,026.698114754098356
1769587789.550999,231.9425241947174,36,62,43,36.595,61.285,43.5,063.405,9.24128415300546,026.713114754098356
1769587789.6059022,231.99755334854126,36,62,43,36.585,61.295,43.485,063.415,9.251284153005464,026.728114754098357
1769587789.659084,232.05080437660217,36,62,43,36.575,61.305,43.47,063.425,9.261284153005462,026.743114754098357
1769587789.714111,232.10579919815063,36,62,43,36.565,61.315,43.455,063.435,9.27128415300546,026.758114754098358
1769587789.764695,232.15627717971802,36,62,43,36.555,61.325,43.44,063.445,9.281284153005465,026.77311475409836
1769587789.823627,232.21525931358337,36,62,42,36.545,61.335,43.42,063.455,9.291284153005464,026.793114754098355
1769587789.880033,232.27158117294312,36,62,43,36.535,61.345,43.41,063.465,9.301284153005462,026.80311475409836
1769587789.933951,232.32567811012268,36,62,43,36.525,61.355,43.395,063.475,9.31128415300546,026.818114754098353
1769587789.9871402,232.37873101234436,35,62,42,36.51,61.365,43.375,063.49,9.321284153005465,026.838114754098356
1769587790.04053,232.43219423294067,36,62,43,36.5,61.375,43.36,063.5,9.331284153005463,026.853114754098357
1769587790.0970151,232.48850417137146,36,61,43,36.49,61.38,43.35,063.51,9.336284153005465,026.863114754098355
1769587790.1595461,232.5510401725769,36,62,43,36.48,61.39,43.34,063.52,9.346284153005463,026.873114754098353
1769587790.220921,232.61249923706055,36,62,43,36.47,61.395,43.33,063.53,9.351284153005466,026.883114754098358
1769587790.2836092,232.67492032051086,36,62,43,36.46,61.405,43.315,063.54,9.361284153005464,026.89811475409836
1769587790.3352041,232.72695136070251,36,62,43,36.445,61.415,43.3,063.555,9.371284153005462,026.91311475409836
1769587790.385691,232.7773780822754,36,62,43,36.435,61.42,43.29,063.565,9.376284153005464,026.923114754098357
1769587790.43736,232.8290660381317,36,62,43,36.425,61.425,43.28,063.575,9.38128415300546,026.933114754098355
1769587790.4888692,232.88057112693787,36,61,43,36.415,61.43,43.265,063.585,9.386284153005462,026.948114754098356
1769587790.543412,232.93512725830078,36,62,43,36.405,61.44,43.255,063.595,9.39628415300546,026.958114754098354
1769587790.5956008,232.98727822303772,35,62,43,36.39,61.445,43.245,063.61,9.401284153005463,026.96811475409836
1769587790.653534,233.04517316818237,36,61,43,36.38,61.45,43.235,063.62,9.406284153005465,026.978114754098357
1769587790.71446,233.10609531402588,36,61,43,36.37,61.455,43.225,063.63,9.411284153005461,026.988114754098355
1769587790.76996,233.16163301467896,36,62,43,36.36,61.465,43.215,063.64,9.421284153005466,026.998114754098353
1769587790.820813,233.212482213974,36,61,43,36.35,61.465,43.205,063.65,9.421284153005466,027.008114754098358
1769587790.870481,233.2621612548828,35,61,43,36.335,61.465,43.195,063.665,9.421284153005466,027.018114754098356
1769587790.930272,233.32194113731384,36,61,43,36.325,61.465,43.185,063.675,9.421284153005466,027.028114754098354
1769587790.983511,233.37517619132996,35,61,43,36.31,61.465,43.175,063.69,9.421284153005466,027.03811475409836
1769587791.038479,233.43015909194946,36,61,43,36.3,61.465,43.165,063.7,9.421284153005466,027.048114754098357
1769587791.091178,233.4828701019287,36,61,43,36.29,61.465,43.155,063.71,9.421284153005466,027.058114754098355
1769587791.1444302,233.5359423160553,35,61,43,36.275,61.465,43.145,063.725,9.421284153005466,027.068114754098353
1769587791.199908,233.59126019477844,35,61,43,36.26,61.465,43.135,063.74,9.421284153005466,027.078114754098358
1769587791.25131,233.64301013946533,35,61,43,36.245,61.465,43.125,063.755,9.421284153005466,027.088114754098356
1769587791.301895,233.6935851573944,35,61,43,36.23,61.465,43.115,063.77,9.421284153005466,027.098114754098354
1769587791.351821,233.74354529380798,35,61,43,36.22,61.465,43.105,063.78,9.421284153005466,027.10811475409836
1769587791.4023712,233.79408931732178,35,61,43,36.21,61.465,43.1,063.79,9.421284153005466,027.113114754098355
1769587791.455582,233.8472821712494,36,61,43,36.2,61.465,43.09,063.8,9.421284153005466,027.123114754098353
1769587791.5075278,233.89903116226196,35,61,43,36.185,61.465,43.08,063.815,9.421284153005466,027.133114754098358
1769587791.5139809,233.90568137168884,35,61,43,36.175,61.465,43.075,063.825,9.421284153005466,027.138114754098353
1769587791.568661,233.96021723747253,36,61,43,36.17,61.465,43.07,063.83,9.421284153005466,027.143114754098356
1769587791.626507,234.01819109916687,36,61,43,36.165,61.465,43.065,063.835,9.421284153005466,027.14811475409836
1769587791.6808372,234.0725440979004,35,61,43,36.155,61.465,43.06,063.845,9.421284153005466,027.153114754098354
1769587791.732278,234.12394618988037,35,61,43,36.145,61.465,43.055,063.855,9.421284153005466,027.158114754098357
1769587791.78983,234.18135929107666,35,61,43,36.135,61.465,43.05,063.865,9.421284153005466,027.16311475409836
1769587791.852731,234.24402618408203,36,61,43,36.13,61.465,43.045,063.87,9.421284153005466,027.168114754098355
1769587791.908782,234.30054926872253,36,61,44,36.125,61.465,43.045,063.875,9.421284153005466,027.168114754098355
1769587791.9654799,234.35710525512695,36,61,43,36.12,61.465,43.04,063.88,9.421284153005466,027.173114754098357
1769587792.014682,234.40636014938354,35,61,43,36.11,61.465,43.035,063.89,9.421284153005466,027.17811475409836
1769587792.065063,234.45675420761108,35,61,43,36.1,61.465,43.03,063.9,9.421284153005466,027.183114754098355
1769587792.11803,234.50954222679138,35,61,43,36.09,61.465,43.025,063.91,9.421284153005466,027.188114754098358
1769587792.173406,234.5649871826172,35,61,43,36.08,61.465,43.02,063.92,9.421284153005466,027.193114754098353
1769587792.24328,234.63448119163513,35,61,43,36.07,61.465,43.015,063.93,9.421284153005466,027.198114754098356
1769587792.30618,234.69783806800842,35,61,43,36.06,61.465,43.01,063.94,9.421284153005466,027.203114754098358
1769587792.3591082,234.750812292099,35,61,43,36.05,61.465,43.005,063.95,9.421284153005466,027.208114754098354
1769587792.414291,234.80591535568237,36,61,44,36.045,61.465,43.005,063.955,9.421284153005466,027.208114754098354
1769587792.467134,234.85877227783203,36,61,44,36.04,61.465,43.005,063.96,9.421284153005466,027.208114754098354
1769587792.521197,234.91292119026184,36,61,44,36.04,61.465,43.01,063.96,9.421284153005466,027.203114754098358
1769587792.572374,234.96399903297424,36,61,44,36.035,61.465,43.01,063.965,9.421284153005466,027.203114754098358
1769587792.631061,235.0225212574005,36,61,44,36.03,61.465,43.01,063.97,9.421284153005466,027.203114754098358
1769587792.690342,235.08170914649963,36,61,44,36.025,61.465,43.01,063.975,9.421284153005466,027.203114754098358
1769587792.7470772,235.13851523399353,36,61,44,36.025,61.465,43.015,063.975,9.421284153005466,027.198114754098356
1769587792.797944,235.18963623046875,36,61,44,36.02,61.465,43.015,063.98,9.421284153005466,027.198114754098356
1769587792.847595,235.23929619789124,36,61,44,36.015,61.465,43.015,063.985,9.421284153005466,027.198114754098356
1769587792.900919,235.29254126548767,36,61,44,36.015,61.465,43.02,063.985,9.421284153005466,027.193114754098353
1769587792.9532669,235.3449993133545,36,61,44,36.01,61.465,43.02,063.99,9.421284153005466,027.193114754098353
1769587793.004637,235.39619827270508,36,61,44,36.005,61.465,43.02,063.995,9.421284153005466,027.193114754098353
1769587793.05937,235.4510052204132,35,61,44,35.995,61.465,43.02,064.005,9.421284153005466,027.193114754098353
1769587793.11441,235.50596928596497,36,61,44,35.99,61.465,43.02,064.00999999999999,9.421284153005466,027.193114754098353
1769587793.1665752,235.55826830863953,36,60,44,35.985,61.46,43.02,064.015,9.416284153005464,027.193114754098353
1769587793.2190511,235.61073112487793,36,61,44,35.98,61.46,43.025,064.02000000000001,9.416284153005464,027.188114754098358
1769587793.273534,235.66519021987915,35,61,44,35.975,61.46,43.03,064.025,9.416284153005464,027.183114754098355
1769587793.3276422,235.71927118301392,36,61,44,35.97,61.46,43.035,064.03,9.416284153005464,027.17811475409836
1769587793.381361,235.7730040550232,36,61,44,35.97,61.46,43.04,064.03,9.416284153005464,027.173114754098357
1769587793.4354088,235.82704615592957,35,61,44,35.96,61.46,43.045,064.03999999999999,9.416284153005464,027.168114754098355
1769587793.485246,235.87697625160217,35,61,44,35.95,61.46,43.05,064.05,9.416284153005464,027.16311475409836
1769587793.534889,235.92660307884216,35,61,44,35.94,61.46,43.05,064.06,9.416284153005464,027.16311475409836
1769587793.588053,235.97974514961243,35,61,44,35.935,61.46,43.055,064.065,9.416284153005464,027.158114754098357
1769587793.638792,236.03043627738953,36,61,44,35.935,61.46,43.06,064.065,9.416284153005464,027.153114754098354
1769587793.690218,236.08194828033447,36,61,44,35.935,61.46,43.065,064.065,9.416284153005464,027.14811475409836
1769587793.742472,236.1341392993927,35,61,44,35.93,61.46,43.07,064.07,9.416284153005464,027.143114754098356
1769587793.795918,236.18741035461426,35,61,44,35.925,61.46,43.075,064.075,9.416284153005464,027.138114754098353
1769587793.851997,236.24327611923218,35,61,44,35.92,61.46,43.08,064.08,9.416284153005464,027.133114754098358
1769587793.907924,236.29951119422913,35,61,44,35.915,61.46,43.085,064.08500000000001,9.416284153005464,027.128114754098355
1769587793.9141219,236.30555701255798,35,61,44,35.91,61.46,43.09,064.09,9.416284153005464,027.123114754098353
1769587793.964264,236.35589408874512,35,61,44,35.905,61.46,43.095,064.095,9.416284153005464,027.118114754098357
1769587794.019917,236.41160917282104,35,61,43,35.9,61.46,43.095,064.1,9.416284153005464,027.118114754098357
1769587794.074112,236.4657552242279,35,61,43,35.895,61.46,43.095,064.10499999999999,9.416284153005464,027.118114754098357
1769587794.128628,236.52033305168152,35,61,43,35.89,61.46,43.095,064.11,9.416284153005464,027.118114754098357
1769587794.17997,236.57163524627686,35,60,44,35.885,61.455,43.1,064.11500000000001,9.411284153005461,027.113114754098355
1769587794.237157,236.62885522842407,35,61,44,35.875,61.455,43.1,064.125,9.411284153005461,027.113114754098355
1769587794.290872,236.6824872493744,35,61,43,35.87,61.455,43.095,064.13,9.411284153005461,027.118114754098357
1769587794.3465338,236.73812627792358,35,61,43,35.865,61.455,43.095,064.13499999999999,9.411284153005461,027.118114754098357
1769587794.3970208,236.78874230384827,35,61,43,35.86,61.455,43.095,064.14,9.411284153005461,027.118114754098357
1769587794.448087,236.83982110023499,35,61,43,35.855,61.455,43.095,064.14500000000001,9.411284153005461,027.118114754098357
1769587794.4993541,236.8908531665802,35,61,44,35.85,61.455,43.1,064.15,9.411284153005461,027.113114754098355
1769587794.5496058,236.94129419326782,35,61,44,35.845,61.455,43.105,064.155,9.411284153005461,027.10811475409836
1769587794.609966,237.0014352798462,35,61,44,35.84,61.455,43.105,064.16,9.411284153005461,027.10811475409836
1769587794.6737971,237.0653030872345,35,61,44,35.835,61.455,43.105,064.16499999999999,9.411284153005461,027.10811475409836
1769587794.728451,237.120126247406,35,60,44,35.83,61.45,43.11,064.17,9.406284153005465,027.103114754098357
1769587794.782586,237.17392420768738,35,60,44,35.825,61.445,43.115,064.175,9.401284153005463,027.098114754098354
1769587794.835949,237.22766637802124,35,61,44,35.82,61.445,43.115,064.18,9.401284153005463,027.098114754098354
1769587794.887792,237.2794542312622,35,61,44,35.81,61.445,43.115,064.19,9.401284153005463,027.098114754098354
1769587794.942422,237.33400130271912,35,61,44,35.8,61.445,43.115,064.2,9.401284153005463,027.098114754098354
1769587795.0018198,237.3934931755066,35,61,44,35.79,61.445,43.115,064.21000000000001,9.401284153005463,027.098114754098354
1769587795.056057,237.4477572441101,35,61,44,35.78,61.445,43.115,064.22,9.401284153005463,027.098114754098354
1769587795.1073909,237.49909710884094,35,60,44,35.775,61.44,43.115,064.225,9.39628415300546,027.098114754098354
1769587795.112913,237.50468134880066,35,60,44,35.77,61.435,43.12,064.22999999999999,9.391284153005465,027.09311475409836
1769587795.1644979,237.5560953617096,35,60,44,35.765,61.43,43.125,064.235,9.386284153005462,027.088114754098356
1769587795.216897,237.60853505134583,35,60,44,35.76,61.425,43.125,064.24000000000001,9.38128415300546,027.088114754098356
1769587795.268817,237.66055822372437,35,60,44,35.75,61.42,43.125,064.25,9.376284153005464,027.088114754098356
1769587795.319964,237.7116301059723,35,60,44,35.74,61.415,43.125,064.25999999999999,9.371284153005462,027.088114754098356
1769587795.3750641,237.76676416397095,35,60,44,35.73,61.41,43.125,064.27000000000001,9.36628415300546,027.088114754098356
1769587795.428119,237.8197581768036,35,60,44,35.72,61.405,43.125,064.28,9.361284153005464,027.088114754098356
1769587795.4913762,237.88278222084045,35,60,44,35.71,61.4,43.125,064.28999999999999,9.356284153005461,027.088114754098356
1769587795.553632,237.94519925117493,35,60,44,35.705,61.395,43.125,064.295,9.351284153005466,027.088114754098356
1769587795.6111171,238.00282335281372,35,60,44,35.695,61.39,43.125,064.305,9.346284153005463,027.088114754098356
1769587795.6651561,238.05683517456055,35,60,44,35.685,61.385,43.125,064.315,9.34128415300546,027.088114754098356
1769587795.720447,238.1120572090149,35,60,44,35.68,61.38,43.13,064.32,9.336284153005465,027.083114754098354
1769587795.776793,238.1684763431549,35,60,44,35.675,61.37,43.135,064.325,9.32628415300546,027.078114754098358
1769587795.828556,238.22026538848877,35,60,44,35.67,61.36,43.14,064.33,9.316284153005462,027.073114754098356
1769587795.881802,238.27339029312134,35,60,44,35.665,61.355,43.145,064.33500000000001,9.31128415300546,027.068114754098353
1769587795.945386,238.33697938919067,35,60,44,35.655,61.35,43.145,064.345,9.306284153005464,027.068114754098353
1769587796.0059369,238.39755821228027,35,60,44,35.645,61.345,43.15,064.35499999999999,9.301284153005462,027.063114754098358
1769587796.058452,238.450177192688,35,60,44,35.635,61.34,43.155,064.36500000000001,9.296284153005466,027.058114754098355
1769587796.11456,238.50622534751892,35,60,44,35.63,61.335,43.16,064.37,9.291284153005464,027.05311475409836
1769587796.163341,238.5551040172577,35,60,44,35.625,61.33,43.165,064.375,9.286284153005461,027.048114754098357
1769587796.2139032,238.60550117492676,35,60,44,35.62,61.325,43.17,064.38,9.281284153005465,027.043114754098355
1769587796.266559,238.6583182811737,35,60,44,35.615,61.315,43.175,064.38499999999999,9.27128415300546,027.03811475409836
1769587796.315226,238.70693230628967,35,60,45,35.61,61.305,43.19,064.39,9.261284153005462,027.02311475409836
1769587796.366826,238.75849223136902,35,60,45,35.605,61.295,43.2,064.39500000000001,9.251284153005464,027.013114754098353
1769587796.421505,238.81319522857666,35,60,45,35.6,61.285,43.21,064.4,9.24128415300546,027.003114754098355
1769587796.4785972,238.86991214752197,35,60,45,35.595,61.275,43.22,064.405,9.231284153005461,026.993114754098357
1769587796.537299,238.92894840240479,35,60,45,35.59,61.265,43.23,064.41,9.221284153005463,026.98311475409836
1769587796.592572,238.98425221443176,35,60,45,35.585,61.255,43.24,064.41499999999999,9.211284153005465,026.973114754098354
1769587796.643282,239.03498435020447,35,60,45,35.58,61.245,43.25,064.42,9.20128415300546,026.963114754098356
1769587796.69627,239.08791327476501,35,60,45,35.575,61.235,43.26,064.425,9.191284153005462,026.953114754098358
1769587796.75007,239.14168429374695,35,60,44,35.57,61.225,43.265,064.43,9.181284153005464,026.948114754098356
1769587796.803756,239.19539713859558,35,60,45,35.565,61.215,43.275,064.435,9.171284153005466,026.938114754098358
1769587796.855904,239.24760508537292,35,60,45,35.56,61.205,43.29,064.44,9.161284153005461,026.923114754098357
1769587796.907666,239.29934120178223,35,60,44,35.56,61.195,43.3,064.44,9.151284153005463,026.91311475409836
1769587796.912929,239.3045871257782,35,60,44,35.555,61.185,43.31,064.445,9.141284153005465,026.903114754098354
1769587796.967869,239.35950899124146,35,60,45,35.55,61.175,43.325,064.45,9.13128415300546,026.888114754098353
1769587797.0242088,239.41592717170715,35,60,45,35.545,61.165,43.34,064.455,9.121284153005462,026.873114754098353
1769587797.0785742,239.47027826309204,35,60,45,35.54,61.155,43.355,064.46000000000001,9.111284153005464,026.85811475409836
1769587797.1316202,239.5233142375946,35,60,45,35.535,61.145,43.37,064.465,9.101284153005466,026.84311475409836
1769587797.185756,239.577308177948,35,60,45,35.53,61.135,43.385,064.47,9.09128415300546,026.828114754098358
1769587797.238962,239.63055324554443,35,60,45,35.525,61.125,43.4,064.475,9.081284153005463,026.813114754098358
1769587797.296396,239.68783736228943,35,60,44,35.52,61.115,43.41,064.47999999999999,9.071284153005465,026.80311475409836
1769587797.351326,239.74293422698975,35,60,45,35.515,61.105,43.425,064.485,9.06128415300546,026.78811475409836
1769587797.403829,239.79552102088928,35,59,45,35.51,61.09,43.44,064.49000000000001,9.046284153005466,026.77311475409836
1769587797.4568708,239.84855341911316,36,59,46,35.51,61.075,43.46,064.49000000000001,9.031284153005465,026.753114754098355
1769587797.509377,239.90109634399414,35,59,45,35.505,61.06,43.475,064.495,9.016284153005465,026.738114754098355
1769587797.563745,239.9553542137146,35,59,45,35.5,61.045,43.49,064.5,9.001284153005464,026.723114754098354
1769587797.615233,240.0069351196289,35,59,45,35.495,61.03,43.505,064.505,8.986284153005464,026.708114754098354
1769587797.668061,240.0597312450409,35,59,45,35.49,61.015,43.52,064.50999999999999,8.971284153005463,026.693114754098353
1769587797.7191622,240.11080813407898,35,59,46,35.49,61.0,43.54,064.50999999999999,8.956284153005463,026.673114754098357
1769587797.771182,240.16270899772644,36,59,46,35.495,60.985,43.56,064.505,8.941284153005462,026.653114754098354
1769587797.8239539,240.21563625335693,35,59,46,35.49,60.97,43.58,064.50999999999999,8.926284153005462,026.633114754098358
1769587797.879974,240.271555185318,35,59,46,35.485,60.955,43.6,064.515,8.911284153005461,026.613114754098355
1769587797.936725,240.3284032344818,35,59,46,35.48,60.94,43.62,064.52000000000001,8.89628415300546,026.59311475409836
1769587797.994227,240.3858392238617,35,59,46,35.475,60.925,43.635,064.525,8.88128415300546,026.578114754098358
1769587798.0476182,240.43927931785583,35,59,45,35.47,60.91,43.645,064.53,8.86628415300546,026.568114754098353
1769587798.0997062,240.4914002418518,35,59,45,35.465,60.895,43.66,064.535,8.851284153005466,026.55311475409836
1769587798.1571672,240.5486330986023,35,59,46,35.46,60.88,43.68,064.53999999999999,8.836284153005465,026.533114754098357
1769587798.163896,240.5555021762848,36,59,46,35.46,60.865,43.7,064.53999999999999,8.821284153005465,026.513114754098353
1769587798.2259781,240.61745619773865,35,59,46,35.455,60.85,43.72,064.545,8.806284153005464,026.493114754098357
1769587798.2830222,240.67465925216675,35,59,46,35.45,60.835,43.74,064.55,8.791284153005464,026.473114754098354
1769587798.3361468,240.7278389930725,36,59,46,35.45,60.82,43.755,064.55,8.776284153005463,026.458114754098354
1769587798.3887649,240.78043699264526,35,59,46,35.445,60.805,43.775,064.555,8.761284153005462,026.438114754098358
1769587798.441853,240.83339715003967,36,59,46,35.445,60.79,43.79,064.555,8.746284153005462,026.423114754098357
1769587798.497896,240.889582157135,36,59,46,35.445,60.775,43.81,064.555,8.731284153005461,026.403114754098354
1769587798.555601,240.94714522361755,36,59,46,35.445,60.76,43.83,064.555,8.71628415300546,026.383114754098358
1769587798.613729,241.00537419319153,35,59,46,35.44,60.745,43.845,064.56,8.70128415300546,026.368114754098357
1769587798.669292,241.06095004081726,35,59,46,35.435,60.73,43.86,064.565,8.68628415300546,026.353114754098357
1769587798.7222881,241.11395025253296,35,59,46,35.43,60.715,43.875,064.57,8.671284153005466,026.338114754098356
1769587798.774575,241.16622829437256,35,59,46,35.425,60.7,43.89,064.575,8.656284153005465,026.323114754098356
1769587798.830753,241.22247624397278,35,59,46,35.42,60.685,43.905,064.58,8.641284153005465,026.308114754098355
1769587798.882724,241.27443313598633,35,59,46,35.415,60.67,43.92,064.58500000000001,8.626284153005464,026.293114754098355
1769587798.935967,241.32763719558716,35,59,46,35.405,60.655,43.935,064.595,8.611284153005464,026.278114754098354
1769587798.989008,241.38074111938477,36,59,46,35.4,60.645,43.95,064.6,8.601284153005466,026.263114754098353
1769587799.039806,241.43149209022522,36,59,46,35.4,60.63,43.965,064.6,8.586284153005465,026.248114754098353
1769587799.090645,241.482360124588,36,59,46,35.4,60.615,43.98,064.6,8.571284153005465,026.23311475409836
1769587799.1449878,241.53663325309753,36,59,46,35.4,60.6,43.995,064.6,8.556284153005464,026.21811475409836
1769587799.1975071,241.58921718597412,36,59,46,35.4,60.585,44.01,064.6,8.541284153005464,026.203114754098358
1769587799.2472908,241.63899111747742,35,59,46,35.395,60.57,44.025,064.60499999999999,8.526284153005463,026.188114754098358
1769587799.299731,241.69127917289734,35,59,46,35.39,60.555,44.04,064.61,8.511284153005462,026.173114754098357
1769587799.3557591,241.747412443161,36,59,47,35.39,60.54,44.06,064.61,8.496284153005462,026.153114754098354
1769587799.412571,241.80412435531616,36,59,47,35.39,60.525,44.08,064.61,8.481284153005461,026.133114754098358
1769587799.467495,241.8590111732483,36,59,46,35.39,60.51,44.095,064.61,8.46628415300546,026.118114754098357
1769587799.5260649,241.91757106781006,36,59,46,35.39,60.495,44.11,064.61,8.45128415300546,026.103114754098357
1769587799.579391,241.97107219696045,36,59,46,35.385,60.485,44.125,064.61500000000001,8.441284153005462,026.088114754098356
1769587799.633556,242.02522706985474,36,59,46,35.385,60.47,44.14,064.61500000000001,8.426284153005462,026.073114754098356
1769587799.691058,242.08274936676025,36,59,46,35.385,60.455,44.155,064.61500000000001,8.411284153005461,026.058114754098355
1769587799.742752,242.13446831703186,36,59,46,35.385,60.44,44.17,064.61500000000001,8.39628415300546,026.043114754098355
1769587799.794493,242.18619537353516,36,59,46,35.385,60.425,44.185,064.61500000000001,8.38128415300546,026.028114754098354
1769587799.846434,242.23785018920898,36,59,47,35.385,60.41,44.205,064.61500000000001,8.36628415300546,026.008114754098358
1769587799.900867,242.29250717163086,36,58,47,35.385,60.39,44.225,064.61500000000001,8.346284153005463,025.988114754098355
1769587799.9525619,242.34429121017456,36,58,47,35.385,60.37,44.245,064.61500000000001,8.32628415300546,025.96811475409836
1769587800.0063949,242.39802432060242,36,58,47,35.385,60.35,44.265,064.61500000000001,8.306284153005464,025.948114754098356
1769587800.062853,242.45440101623535,36,59,47,35.385,60.335,44.285,064.61500000000001,8.291284153005464,025.92811475409836
1769587800.118241,242.50976634025574,36,59,47,35.385,60.32,44.305,064.61500000000001,8.276284153005463,025.908114754098357
1769587800.173375,242.56484508514404,36,59,47,35.385,60.305,44.325,064.61500000000001,8.261284153005462,025.888114754098353
1769587800.2321632,242.62376928329468,36,59,47,35.385,60.29,44.345,064.61500000000001,8.246284153005462,025.868114754098357
1769587800.283998,242.67566323280334,36,59,47,35.385,60.275,44.365,064.61500000000001,8.231284153005461,025.848114754098354
1769587800.3400671,242.73172307014465,36,59,47,35.385,60.26,44.385,064.61500000000001,8.21628415300546,025.828114754098358
1769587800.3970282,242.78861331939697,36,59,47,35.385,60.245,44.405,064.61500000000001,8.20128415300546,025.808114754098355
1769587800.453166,242.84480834007263,36,58,47,35.385,60.225,44.43,064.61500000000001,8.181284153005464,025.783114754098357
1769587800.505506,242.89717721939087,36,58,47,35.385,60.205,44.45,064.61500000000001,8.161284153005461,025.763114754098353
1769587800.558413,242.95009422302246,36,58,47,35.385,60.185,44.47,064.61500000000001,8.141284153005465,025.743114754098357
1769587800.61452,243.0061550140381,37,58,47,35.395,60.165,44.495,064.60499999999999,8.121284153005462,025.71811475409836
1769587800.664201,243.05589127540588,37,58,47,35.4,60.145,44.515,064.6,8.101284153005466,025.698114754098356
1769587800.7173572,243.1090521812439,37,58,47,35.405,60.13,44.535,064.595,8.086284153005465,025.67811475409836
1769587800.774592,243.16618704795837,37,58,48,35.41,60.11,44.56,064.59,8.066284153005462,025.653114754098354
1769587800.836066,243.2274272441864,36,58,47,35.41,60.09,44.58,064.59,8.046284153005466,025.633114754098358
1769587800.899316,243.29096341133118,36,58,47,35.41,60.07,44.6,064.59,8.026284153005463,025.613114754098355
1769587800.952283,243.34372925758362,36,58,47,35.41,60.05,44.62,064.59,8.00628415300546,025.59311475409836
1769587801.00299,243.39473223686218,36,58,47,35.41,60.03,44.64,064.59,7.986284153005464,025.573114754098356
1769587801.0539572,243.4456431865692,36,59,47,35.41,60.015,44.66,064.59,7.971284153005463,025.55311475409836
1769587801.1070359,243.49865126609802,36,59,47,35.41,60.005,44.68,064.59,7.961284153005465,025.533114754098357
1769587801.1132522,243.50495529174805,36,58,47,35.41,59.985,44.7,064.59,7.941284153005462,025.513114754098353
1769587801.1649978,243.55669236183167,37,58,48,35.42,59.965,44.725,064.58,7.921284153005466,025.488114754098355
1769587801.222697,243.6140742301941,37,58,48,35.425,59.95,44.75,064.575,7.9062841530054655,025.463114754098356
1769587801.279825,243.67150211334229,37,58,47,35.43,59.935,44.77,064.57,7.891284153005465,025.443114754098353
1769587801.3316412,243.72329425811768,37,58,47,35.435,59.915,44.79,064.565,7.871284153005462,025.423114754098357
1769587801.3873348,243.77902221679688,37,58,48,35.44,59.9,44.815,064.56,7.856284153005461,025.39811475409836
1769587801.43976,243.8314549922943,37,58,47,35.45,59.885,44.835,064.55,7.841284153005461,025.378114754098355
1769587801.493393,243.88512206077576,37,58,48,35.455,59.87,44.86,064.545,7.82628415300546,025.353114754098357
1769587801.545314,243.93694424629211,37,58,48,35.465,59.855,44.885,064.535,7.8112841530054595,025.328114754098358
1769587801.600352,243.99185633659363,37,58,47,35.47,59.84,44.905,064.53,7.796284153005466,025.308114754098355
1769587801.655906,244.04749631881714,37,59,47,35.475,59.83,44.925,064.525,7.786284153005461,025.28811475409836
1769587801.711371,244.10293626785278,37,59,47,35.485,59.82,44.945,064.515,7.776284153005463,025.268114754098356
1769587801.7637188,244.15541124343872,36,58,47,35.49,59.805,44.965,064.50999999999999,7.761284153005462,025.248114754098353
1769587801.8185039,244.21009421348572,37,58,47,35.5,59.79,44.985,064.5,7.746284153005462,025.228114754098357
1769587801.871615,244.26325917243958,37,58,47,35.51,59.775,45.005,064.49000000000001,7.731284153005461,025.208114754098354
1769587801.926337,244.31802535057068,37,58,48,35.52,59.76,45.03,064.47999999999999,7.716284153005461,025.183114754098355
1769587801.9756649,244.36736512184143,37,58,48,35.53,59.745,45.055,064.47,7.70128415300546,025.158114754098357
1769587802.027379,244.419114112854,37,58,47,35.535,59.73,45.075,064.465,7.6862841530054595,025.138114754098353
1769587802.079283,244.47095131874084,37,58,47,35.545,59.715,45.095,064.455,7.671284153005466,025.118114754098357
1769587802.135988,244.52755403518677,37,58,47,35.555,59.7,45.115,064.445,7.6562841530054655,025.098114754098354
1769587802.187843,244.57949900627136,37,58,47,35.56,59.685,45.135,064.44,7.641284153005465,025.078114754098358
1769587802.243041,244.63453316688538,37,58,48,35.565,59.67,45.16,064.435,7.626284153005464,025.05311475409836
1769587802.300498,244.69219613075256,37,58,48,35.575,59.655,45.185,064.425,7.611284153005464,025.028114754098354
1769587802.3535008,244.74508905410767,37,58,48,35.585,59.64,45.21,064.41499999999999,7.596284153005463,025.003114754098355
1769587802.408965,244.80065941810608,37,58,48,35.595,59.625,45.235,064.405,7.581284153005463,024.978114754098357
1769587802.463435,244.85498523712158,37,58,48,35.6,59.61,45.26,064.4,7.566284153005462,024.953114754098358
1769587802.517193,244.9088921546936,37,58,48,35.605,59.595,45.28,064.39500000000001,7.5512841530054615,024.933114754098355
1769587802.569299,244.96096634864807,37,58,48,35.61,59.58,45.305,064.39,7.536284153005461,024.908114754098357
1769587802.620468,245.01215624809265,37,58,48,35.62,59.565,45.33,064.38,7.52128415300546,024.883114754098358
1769587802.674835,245.06650614738464,38,58,48,35.635,59.55,45.355,064.36500000000001,7.50628415300546,024.85811475409836
1769587802.730143,245.12186336517334,37,58,48,35.645,59.535,45.38,064.35499999999999,7.491284153005459,024.833114754098354
1769587802.781179,245.172785282135,37,58,48,35.655,59.52,45.405,064.345,7.476284153005466,024.808114754098355
1769587802.831109,245.22280716896057,37,58,48,35.665,59.505,45.43,064.33500000000001,7.461284153005465,024.783114754098357
1769587802.883704,245.275324344635,37,58,48,35.675,59.49,45.455,064.325,7.446284153005465,024.758114754098358
1769587802.934974,245.32655429840088,37,58,48,35.685,59.475,45.48,064.315,7.431284153005464,024.73311475409836
1769587802.988673,245.3801462650299,37,58,48,35.69,59.46,45.5,064.31,7.4162841530054635,024.713114754098356
1769587803.054558,245.44572019577026,38,58,48,35.7,59.445,45.52,064.3,7.401284153005463,024.693114754098353
1769587803.112289,245.5039873123169,38,58,49,35.71,59.43,45.545,064.28999999999999,7.386284153005462,024.668114754098355
1769587803.1698492,245.56133818626404,37,58,48,35.715,59.415,45.565,064.285,7.371284153005462,024.64811475409836
1769587803.228585,245.62023329734802,38,58,49,35.725,59.4,45.59,064.275,7.356284153005461,024.623114754098353
1769587803.2809222,245.67265510559082,38,58,49,35.735,59.385,45.615,064.265,7.341284153005461,024.598114754098354
1769587803.3302882,245.7220070362091,38,58,49,35.745,59.37,45.64,064.255,7.32628415300546,024.573114754098356
1769587803.3811169,245.77284026145935,38,58,49,35.755,59.355,45.665,064.245,7.3112841530054595,024.548114754098357
1769587803.432852,245.82461524009705,38,58,49,35.765,59.34,45.69,064.235,7.296284153005466,024.52311475409836
1769587803.48499,245.8766930103302,38,58,49,35.775,59.325,45.715,064.225,7.2812841530054655,024.498114754098353
1769587803.535572,245.92731523513794,38,58,49,35.785,59.31,45.74,064.215,7.266284153005465,024.473114754098354
1769587803.588064,245.97977018356323,38,58,49,35.795,59.295,45.765,064.205,7.251284153005464,024.448114754098356
1769587803.6399832,246.0316243171692,38,58,49,35.81,59.28,45.79,064.19,7.236284153005464,024.423114754098357
1769587803.697419,246.08904433250427,38,58,49,35.82,59.265,45.815,064.18,7.221284153005463,024.39811475409836
1769587803.754771,246.14626622200012,38,58,49,35.83,59.255,45.84,064.17,7.211284153005465,024.373114754098353
1769587803.809854,246.2015564441681,38,58,49,35.84,59.24,45.865,064.16,7.196284153005465,024.348114754098354
1769587803.8657322,246.25732612609863,38,58,49,35.855,59.225,45.89,064.14500000000001,7.181284153005464,024.323114754098356
1769587803.925351,246.31696939468384,38,58,49,35.865,59.21,45.915,064.13499999999999,7.1662841530054635,024.298114754098357
1769587803.980435,246.37194538116455,38,58,49,35.875,59.195,45.94,064.125,7.151284153005463,024.27311475409836
1769587804.0390542,246.43069314956665,38,58,49,35.89,59.18,45.965,064.11,7.136284153005462,024.248114754098353
1769587804.0888262,246.48052620887756,38,58,49,35.905,59.165,45.99,064.095,7.121284153005462,024.223114754098354
1769587804.139422,246.53112506866455,38,58,49,35.92,59.15,46.015,064.08,7.106284153005461,024.198114754098356
1769587804.191712,246.58336424827576,39,58,49,35.94,59.135,46.04,064.06,7.091284153005461,024.173114754098357
1769587804.2442229,246.6358892917633,38,58,49,35.95,59.12,46.065,064.05,7.07628415300546,024.14811475409836
1769587804.297708,246.68937611579895,38,58,49,35.96,59.105,46.09,064.03999999999999,7.0612841530054595,024.123114754098353
1769587804.352041,246.74369621276855,38,58,49,35.975,59.09,46.115,064.025,7.046284153005466,024.098114754098354
1769587804.406441,246.79811310768127,38,58,49,35.99,59.075,46.14,064.00999999999999,7.0312841530054655,024.073114754098356
1769587804.464428,246.85609602928162,39,57,50,36.01,59.055,46.17,063.99,7.011284153005462,024.043114754098355
1769587804.517039,246.9085772037506,39,57,50,36.03,59.035,46.2,063.97,6.991284153005459,024.013114754098353
1769587804.5674272,246.95915627479553,39,57,50,36.05,59.015,46.23,063.95,6.971284153005463,023.98311475409836
1769587804.6211011,247.01258325576782,38,58,49,36.065,59.0,46.255,063.935,6.956284153005463,023.958114754098354
1769587804.681772,247.07332825660706,38,58,49,36.08,58.985,46.285,063.92,6.941284153005462,023.92811475409836
1769587804.7419698,247.13349318504333,39,58,49,36.1,58.97,46.315,063.9,6.9262841530054615,023.89811475409836
1769587804.796322,247.18798899650574,39,57,50,36.12,58.95,46.35,063.88,6.9062841530054655,023.863114754098355
1769587804.850058,247.24175834655762,39,57,50,36.14,58.935,46.38,063.86,6.891284153005465,023.833114754098354
1769587804.900815,247.2924861907959,39,57,50,36.16,58.915,46.41,063.84,6.871284153005462,023.80311475409836
1769587804.956743,247.34842610359192,39,57,50,36.18,58.895,46.445,063.82,6.851284153005466,023.768114754098356
1769587804.96227,247.3540003299713,39,57,50,36.2,58.875,46.48,063.8,6.831284153005463,023.73311475409836
1769587805.0136771,247.40532732009888,39,58,50,36.22,58.86,46.515,063.78,6.816284153005462,023.698114754098356
1769587805.064893,247.45659637451172,39,58,50,36.24,58.845,46.55,063.76,6.8012841530054615,023.66311475409836
1769587805.115604,247.50728225708008,39,58,50,36.26,58.83,46.58,063.74,6.786284153005461,023.633114754098358
1769587805.168326,247.5599753856659,39,57,50,36.28,58.81,46.61,063.72,6.766284153005465,023.603114754098357
1769587805.2259798,247.61760926246643,39,57,50,36.3,58.79,46.64,063.7,6.746284153005462,023.573114754098356
1769587805.2804322,247.6721212863922,39,57,50,36.32,58.77,46.67,063.68,6.726284153005466,023.543114754098355
1769587805.329804,247.72144103050232,39,57,50,36.34,58.755,46.7,063.66,6.711284153005465,023.513114754098353
1769587805.381414,247.77307629585266,39,57,50,36.36,58.74,46.73,063.64,6.696284153005465,023.48311475409836
1769587805.434918,247.82663917541504,39,57,50,36.38,58.72,46.76,063.62,6.6762841530054615,023.453114754098358
1769587805.486722,247.8783082962036,39,57,50,36.4,58.7,46.79,063.6,6.6562841530054655,023.423114754098357
1769587805.53792,247.92960929870605,39,57,50,36.42,58.68,46.82,063.58,6.636284153005462,023.393114754098356
1769587805.588427,247.9801242351532,39,57,50,36.44,58.66,46.85,063.56,6.616284153005459,023.363114754098355
1769587805.639916,248.03149914741516,39,57,50,36.46,58.64,46.88,063.54,6.596284153005463,023.333114754098354
1769587805.695543,248.087176322937,39,57,50,36.48,58.625,46.91,063.52,6.581284153005463,023.30311475409836
1769587805.749238,248.14093804359436,39,57,50,36.5,58.61,46.94,063.5,6.566284153005462,023.27311475409836
1769587805.8020191,248.19372010231018,39,57,50,36.52,58.595,46.97,063.48,6.5512841530054615,023.243114754098357
1769587805.856729,248.2484290599823,39,57,50,36.54,58.58,47.0,063.46,6.536284153005461,023.213114754098356
1769587805.861932,248.25375938415527,39,57,50,36.56,58.565,47.03,063.44,6.52128415300546,023.183114754098355
1769587805.913849,248.305584192276,39,57,50,36.58,58.55,47.06,063.42,6.50628415300546,023.153114754098354
1769587805.967252,248.35895609855652,39,57,50,36.6,58.535,47.09,063.4,6.491284153005459,023.123114754098353
1769587806.0200279,248.41146326065063,39,57,50,36.62,58.52,47.12,063.38,6.476284153005466,023.09311475409836
1769587806.07182,248.46353316307068,40,57,51,36.645,58.505,47.155,063.355,6.461284153005465,023.058114754098355
1769587806.123996,248.51556515693665,40,57,51,36.67,58.49,47.19,063.33,6.446284153005465,023.02311475409836
1769587806.177372,248.56892704963684,40,57,51,36.695,58.475,47.225,063.305,6.431284153005464,022.988114754098355
1769587806.226902,248.6186020374298,39,57,51,36.715,58.46,47.26,063.285,6.4162841530054635,022.953114754098358
1769587806.278634,248.67031812667847,40,57,51,36.74,58.445,47.295,063.26,6.401284153005463,022.918114754098355
1769587806.330842,248.7225432395935,40,57,51,36.765,58.43,47.33,063.235,6.386284153005462,022.883114754098358
1769587806.384684,248.7763671875,39,57,51,36.785,58.415,47.365,063.215,6.371284153005462,022.848114754098354
1769587806.439869,248.83119010925293,40,57,51,36.81,58.4,47.4,063.19,6.356284153005461,022.813114754098358
1769587806.499891,248.89137816429138,40,57,51,36.835,58.385,47.435,063.165,6.341284153005461,022.778114754098354
1769587806.550774,248.94247603416443,40,57,52,36.86,58.37,47.475,063.14,6.32628415300546,022.738114754098355
1769587806.603982,248.99567532539368,40,57,52,36.885,58.355,47.515,063.115,6.3112841530054595,022.698114754098356
1769587806.654572,249.04627513885498,40,57,51,36.91,58.34,47.55,063.09,6.296284153005466,022.66311475409836
1769587806.705939,249.09759330749512,40,57,51,36.935,58.325,47.585,063.065,6.2812841530054655,022.628114754098355
1769587806.7591932,249.15084218978882,40,57,52,36.96,58.31,47.625,063.04,6.266284153005465,022.588114754098356
1769587806.814804,249.2064082622528,40,57,52,36.985,58.295,47.665,063.015,6.251284153005464,022.548114754098357
1769587806.8754401,249.26691102981567,40,57,52,37.01,58.28,47.7,062.99,6.236284153005464,022.513114754098353
1769587806.934806,249.32637214660645,40,56,52,37.035,58.26,47.735,062.965,6.216284153005461,022.478114754098357
1769587806.9851289,249.37682509422302,41,56,52,37.065,58.24,47.77,062.935,6.196284153005465,022.443114754098353
1769587807.036005,249.42771315574646,41,57,52,37.095,58.225,47.805,062.905,6.181284153005464,022.408114754098357
1769587807.0900831,249.48179507255554,40,56,52,37.12,58.205,47.84,062.88,6.161284153005461,022.373114754098353
1769587807.139724,249.53142619132996,41,56,53,37.15,58.185,47.88,062.85,6.141284153005465,022.333114754098354
1769587807.192388,249.58409929275513,41,56,53,37.18,58.165,47.92,062.82,6.121284153005462,022.293114754098355
1769587807.24426,249.63599014282227,41,56,52,37.21,58.145,47.955,062.79,6.101284153005466,022.258114754098358
1769587807.2944372,249.68616318702698,41,56,52,37.24,58.125,47.995,062.76,6.081284153005463,022.21811475409836
1769587807.344893,249.73659110069275,41,56,53,37.27,58.105,48.035,062.73,6.0612841530054595,022.17811475409836
1769587807.396766,249.788476228714,41,56,53,37.3,58.085,48.075,062.7,6.0412841530054635,022.138114754098353
1769587807.447366,249.83905935287476,41,56,52,37.33,58.065,48.115,062.67,6.02128415300546,022.098114754098354
1769587807.502107,249.893785238266,41,56,52,37.36,58.045,48.155,062.64,6.001284153005464,022.058114754098355
1769587807.5553868,249.94707417488098,41,56,52,37.39,58.025,48.19,062.61,5.981284153005461,022.02311475409836
1769587807.609737,250.00140810012817,41,56,53,37.42,58.005,48.23,062.58,5.961284153005465,021.98311475409836
1769587807.665714,250.05720615386963,41,56,53,37.45,57.985,48.27,062.55,5.941284153005462,021.943114754098353
1769587807.723951,250.11560130119324,41,56,53,37.48,57.965,48.31,062.52,5.921284153005466,021.903114754098354
1769587807.779387,250.1710832118988,41,56,52,37.51,57.945,48.345,062.49,5.901284153005463,021.868114754098357
1769587807.833673,250.2253692150116,41,56,52,37.54,57.925,48.38,062.46,5.88128415300546,021.833114754098354
1769587807.888802,250.2801489830017,41,56,52,37.57,57.905,48.42,062.43,5.861284153005464,021.793114754098355
1769587807.943064,250.33477234840393,41,56,53,37.6,57.885,48.46,062.4,5.841284153005461,021.753114754098355
1769587807.994166,250.38585424423218,41,56,53,37.63,57.87,48.5,062.37,5.82628415300546,021.713114754098356
1769587808.050045,250.4416162967682,40,56,52,37.65,57.855,48.53,062.35,5.8112841530054595,021.683114754098355
1769587808.113154,250.50471019744873,41,56,53,37.68,57.84,48.57,062.32,5.796284153005466,021.643114754098356
1769587808.177535,250.56858325004578,41,56,53,37.71,57.825,48.61,062.29,5.7812841530054655,021.603114754098357
1769587808.238074,250.62962222099304,41,56,53,37.74,57.81,48.65,062.26,5.766284153005465,021.563114754098358
1769587808.307531,250.6992392539978,41,56,53,37.77,57.795,48.69,062.23,5.751284153005464,021.52311475409836
1769587808.364078,250.75575399398804,41,56,53,37.8,57.78,48.725,062.2,5.736284153005464,021.488114754098355
1769587808.416672,250.8083200454712,41,56,53,37.825,57.765,48.76,062.175,5.721284153005463,021.453114754098358
1769587808.476535,250.86812806129456,41,56,53,37.855,57.75,48.795,062.145,5.706284153005463,021.418114754098355
1769587808.531425,250.92295813560486,41,56,53,37.885,57.735,48.83,062.115,5.691284153005462,021.383114754098358
1769587808.5834901,250.97516536712646,41,56,53,37.915,57.72,48.865,062.085,5.6762841530054615,021.348114754098354
1769587808.6385422,251.0302174091339,41,56,53,37.945,57.705,48.9,062.055,5.661284153005461,021.313114754098358
1769587808.710027,251.10152912139893,41,56,53,37.975,57.69,48.94,062.025,5.64628415300546,021.27311475409836
1769587808.7727108,251.1643042564392,41,56,54,38.005,57.675,48.985,061.995,5.63128415300546,021.228114754098357
1769587808.832694,251.2243173122406,41,56,54,38.035,57.66,49.025,061.965,5.616284153005459,021.188114754098358
1769587808.886715,251.27834010124207,41,56,53,38.06,57.645,49.06,061.94,5.601284153005466,021.153114754098354
1769587808.936996,251.32865715026855,42,56,54,38.095,57.63,49.1,061.905,5.586284153005465,021.113114754098355
1769587808.990444,251.3821382522583,42,56,54,38.13,57.615,49.14,061.87,5.571284153005465,021.073114754098356
1769587809.053752,251.4453501701355,42,56,54,38.16,57.6,49.18,061.84,5.556284153005464,021.033114754098357
1769587809.1082828,251.49991822242737,42,56,54,38.195,57.585,49.22,061.805,5.5412841530054635,020.993114754098357
1769587809.1653771,251.55697202682495,42,55,55,38.225,57.565,49.265,061.775,5.52128415300546,020.948114754098356
1769587809.2198038,251.61149740219116,42,56,54,38.255,57.55,49.305,061.745,5.50628415300546,020.908114754098357
1769587809.275174,251.66687107086182,42,56,54,38.285,57.535,49.345,061.715,5.491284153005459,020.868114754098357
1769587809.3317702,251.72335004806519,42,56,54,38.32,57.52,49.385,061.68,5.476284153005466,020.828114754098358
1769587809.393016,251.78467416763306,42,56,54,38.355,57.505,49.425,061.645,5.461284153005465,020.78811475409836
1769587809.446224,251.83791732788086,42,56,54,38.39,57.49,49.465,061.61,5.446284153005465,020.748114754098353
1769587809.500736,251.892352104187,42,56,54,38.425,57.475,49.505,061.575,5.431284153005464,020.708114754098354
1769587809.5571158,251.94879937171936,42,56,54,38.46,57.46,49.545,061.54,5.4162841530054635,020.668114754098355
1769587809.5619981,251.95373010635376,42,55,55,38.495,57.44,49.59,061.505,5.39628415300546,020.623114754098353
1769587809.61527,252.00680136680603,42,55,55,38.53,57.42,49.635,061.47,5.376284153005464,020.578114754098358
1769587809.670506,252.0621943473816,42,56,54,38.56,57.405,49.675,061.44,5.361284153005464,020.53811475409836
1769587809.724851,252.11655807495117,42,56,54,38.59,57.39,49.715,061.41,5.346284153005463,020.498114754098353
1769587809.7828789,252.17411518096924,42,55,55,38.62,57.37,49.76,061.38,5.32628415300546,020.453114754098358
1769587809.839751,252.2313311100006,42,55,55,38.65,57.35,49.805,061.35,5.306284153005464,020.408114754098357
1769587809.901133,252.29265427589417,42,55,55,38.68,57.33,49.85,061.32,5.286284153005461,020.363114754098355
1769587809.9652941,252.35683512687683,42,55,55,38.715,57.31,49.895,061.285,5.266284153005465,020.318114754098353
1769587810.020871,252.4125611782074,42,55,55,38.75,57.29,49.94,061.25,5.246284153005462,020.27311475409836
1769587810.073566,252.4652292728424,42,55,55,38.78,57.27,49.98,061.22,5.226284153005466,020.23311475409836
1769587810.1316218,252.52320528030396,42,55,55,38.81,57.25,50.02,061.19,5.206284153005463,020.193114754098353
1769587810.190918,252.58260202407837,42,55,55,38.84,57.23,50.065,061.16,5.1862841530054595,020.14811475409836
1769587810.2457979,252.63749623298645,42,55,55,38.87,57.21,50.11,061.13,5.1662841530054635,020.103114754098357
1769587810.298862,252.69056010246277,42,55,55,38.9,57.19,50.155,061.1,5.14628415300546,020.058114754098355
1769587810.357871,252.74941515922546,43,55,56,38.935,57.17,50.205,061.065,5.126284153005464,020.008114754098358
1769587810.414964,252.80666422843933,42,55,55,38.965,57.15,50.25,061.035,5.106284153005461,019.963114754098356
1769587810.468467,252.8601701259613,42,55,55,38.995,57.13,50.295,061.005,5.086284153005465,019.918114754098355
1769587810.520941,252.9126582145691,42,55,55,39.025,57.11,50.34,060.975,5.066284153005462,019.873114754098353
1769587810.575913,252.96738719940186,42,55,55,39.055,57.09,50.38,060.945,5.046284153005466,019.833114754098354
1769587810.631788,253.02337837219238,42,55,55,39.085,57.075,50.42,060.915,5.0312841530054655,019.793114754098355
1769587810.6908338,253.08241510391235,42,55,55,39.115,57.06,50.46,060.885,5.016284153005465,019.753114754098355
1769587810.751013,253.1425621509552,43,55,56,39.15,57.045,50.505,060.85,5.001284153005464,019.708114754098354
1769587810.8084009,253.2000641822815,43,55,56,39.185,57.025,50.55,060.815,4.981284153005461,019.66311475409836
1769587810.8725162,253.26358914375305,42,55,55,39.215,57.005,50.59,060.785,4.961284153005465,019.623114754098353
1769587810.937748,253.3294494152069,42,55,55,39.245,56.985,50.63,060.755,4.941284153005462,019.583114754098354
1769587810.983934,253.37570023536682,43,55,55,39.28,56.965,50.67,060.72,4.921284153005466,019.543114754098355
1769587811.032927,253.4246141910553,43,55,56,39.315,56.945,50.715,060.685,4.901284153005463,019.498114754098353
1769587811.092044,253.4836082458496,43,55,56,39.35,56.925,50.76,060.65,4.88128415300546,019.453114754098358
1769587811.149875,253.54155802726746,43,55,56,39.385,56.905,50.805,060.615,4.861284153005464,019.408114754098357
1769587811.202344,253.5940341949463,43,55,57,39.42,56.89,50.855,060.58,4.846284153005463,019.35811475409836
1769587811.257262,253.64894104003906,43,55,56,39.455,56.875,50.9,060.545,4.831284153005463,019.313114754098358
1769587811.315445,253.70672225952148,43,55,56,39.49,56.86,50.945,060.51,4.816284153005462,019.268114754098356
1769587811.3719628,253.76358342170715,43,55,56,39.52,56.845,50.99,060.48,4.8012841530054615,019.223114754098354
1769587811.424002,253.81570315361023,43,55,56,39.55,56.83,51.035,060.45,4.786284153005461,019.17811475409836
1769587811.4768698,253.86847925186157,43,55,56,39.58,56.815,51.08,060.42,4.77128415300546,019.133114754098358
1769587811.534718,253.92638206481934,43,55,56,39.61,56.8,51.12,060.39,4.75628415300546,019.09311475409836
1769587811.597173,253.98838710784912,43,55,56,39.645,56.785,51.165,060.355,4.741284153005459,019.048114754098357
1769587811.6636622,254.05518317222595,43,55,56,39.68,56.77,51.21,060.32,4.726284153005466,019.003114754098355
1769587811.7272131,254.11859321594238,43,55,57,39.715,56.755,51.26,060.285,4.711284153005465,018.953114754098358
1769587811.784288,254.1759433746338,44,55,57,39.755,56.74,51.31,060.245,4.696284153005465,018.903114754098354
1769587811.837955,254.22962307929993,44,54,58,39.795,56.715,51.365,060.205,4.671284153005466,018.848114754098354
1769587811.8990452,254.29060125350952,44,54,57,39.835,56.69,51.415,060.165,4.64628415300546,018.798114754098357
1769587811.958452,254.34990620613098,43,55,57,39.87,56.675,51.465,060.13,4.63128415300546,018.748114754098353
1769587812.017293,254.40900301933289,43,55,57,39.9,56.66,51.51,060.1,4.616284153005459,018.703114754098358
1769587812.070596,254.4623260498047,44,55,57,39.935,56.645,51.555,060.065,4.601284153005466,018.658114754098357
1769587812.122634,254.51412725448608,43,55,57,39.965,56.63,51.605,060.035,4.586284153005465,018.60811475409836
1769587812.175137,254.566828250885,43,55,56,39.995,56.615,51.65,060.005,4.571284153005465,018.563114754098358
1769587812.229464,254.62109637260437,43,55,57,40.025,56.6,51.695,059.975,4.556284153005464,018.518114754098356
1769587812.282934,254.6746141910553,44,54,58,40.06,56.58,51.75,059.94,4.536284153005461,018.463114754098356
1769587812.3382132,254.72963619232178,44,54,58,40.095,56.56,51.8,059.905,4.516284153005465,018.41311475409836
1769587812.396117,254.7876501083374,44,55,57,40.13,56.545,51.845,059.87,4.501284153005464,018.368114754098357
1769587812.455704,254.84730315208435,44,55,57,40.165,56.53,51.895,059.835,4.486284153005464,018.318114754098353
1769587812.509165,254.900897026062,44,55,57,40.2,56.51,51.945,059.8,4.466284153005461,018.268114754098356
1769587812.563402,254.95501518249512,44,54,57,40.235,56.485,51.995,059.765,4.441284153005462,018.21811475409836
1769587812.6195252,255.0111050605774,44,54,58,40.275,56.465,52.05,059.725,4.421284153005466,018.16311475409836
1769587812.674111,255.06563019752502,43,55,57,40.305,56.45,52.1,059.695,4.4062841530054655,018.113114754098355
1769587812.731071,255.1225163936615,43,55,56,40.335,56.435,52.145,059.665,4.391284153005465,018.068114754098353
1769587812.7843578,255.17596697807312,44,55,57,40.37,56.42,52.19,059.63,4.376284153005464,018.02311475409836
1769587812.842773,255.2342710494995,44,54,58,40.405,56.4,52.24,059.595,4.356284153005461,017.973114754098354
1769587812.901002,255.29265713691711,44,55,57,40.44,56.385,52.29,059.56,4.341284153005461,017.923114754098357
1769587812.954846,255.3465211391449,44,55,57,40.475,56.37,52.34,059.525,4.32628415300546,017.873114754098353
1769587813.011699,255.4033122062683,44,55,57,40.51,56.355,52.39,059.49,4.3112841530054595,017.823114754098356
1769587813.0667038,255.45839428901672,44,55,57,40.545,56.34,52.44,059.455,4.296284153005466,017.77311475409836
1769587813.123124,255.51481437683105,44,55,57,40.58,56.325,52.485,059.42,4.2812841530054655,017.728114754098357
1769587813.182215,255.57384324073792,44,55,57,40.615,56.31,52.53,059.385,4.266284153005465,017.683114754098355
1769587813.2407649,255.63245224952698,44,55,57,40.65,56.295,52.575,059.35,4.251284153005464,017.638114754098353
1769587813.295674,255.68733024597168,44,55,57,40.685,56.28,52.62,059.315,4.236284153005464,017.59311475409836
1769587813.3537269,255.7453272342682,44,55,57,40.72,56.265,52.665,059.28,4.221284153005463,017.548114754098357
1769587813.416322,255.8076331615448,44,55,57,40.755,56.25,52.71,059.245,4.206284153005463,017.503114754098355
1769587813.544636,255.9362051486969,44,55,57,40.79,56.235,52.755,059.21,4.191284153005462,017.458114754098354
1769587813.608153,255.99957609176636,44,55,57,40.825,56.22,52.8,059.175,4.1762841530054615,017.41311475409836
1769587813.6665301,256.0580689907074,44,55,57,40.855,56.205,52.845,059.145,4.161284153005461,017.368114754098357
1769587813.723295,256.1148371696472,43,55,56,40.885,56.19,52.885,059.115,4.14628415300546,017.328114754098358
1769587813.777874,256.16949915885925,43,55,56,40.915,56.175,52.925,059.085,4.13128415300546,017.28811475409836
1769587813.83176,256.22350430488586,43,55,56,40.945,56.16,52.965,059.055,4.116284153005459,017.248114754098353
1769587813.8839989,256.27573823928833,43,55,56,40.975,56.145,53.005,059.025,4.101284153005466,017.208114754098354
1769587813.9377532,256.3294310569763,43,55,56,41.005,56.13,53.045,058.995,4.086284153005465,017.168114754098355
1769587813.996263,256.387736082077,44,55,56,41.04,56.115,53.085,058.96,4.071284153005465,017.128114754098355
1769587814.054348,256.44559836387634,44,55,56,41.07,56.1,53.125,058.93,4.056284153005464,017.088114754098356
1769587814.108384,256.50003933906555,43,55,56,41.095,56.085,53.16,058.905,4.0412841530054635,017.05311475409836
1769587814.162459,256.554071187973,44,55,57,41.13,56.07,53.205,058.87,4.026284153005463,017.008114754098358
1769587814.216892,256.6085801124573,43,55,56,41.155,56.055,53.24,058.845,4.011284153005462,016.973114754098354
1769587814.272589,256.6643052101135,43,55,56,41.18,56.04,53.275,058.82,3.996284153005462,016.938114754098358
1769587814.3281438,256.7197413444519,43,55,56,41.205,56.025,53.31,058.795,3.9812841530054612,016.903114754098354
1769587814.382608,256.7742621898651,43,55,56,41.23,56.01,53.345,058.77,3.9662841530054607,016.868114754098357
1769587814.439272,256.83087635040283,43,55,56,41.255,55.995,53.38,058.745,3.95128415300546,016.833114754098354
1769587814.4924412,256.8841452598572,43,55,56,41.28,55.98,53.415,058.72,3.9362841530054595,016.798114754098357
1769587814.547261,256.93881702423096,43,55,56,41.305,55.965,53.45,058.695,3.921284153005466,016.763114754098353
1769587814.604785,256.99636721611023,43,55,56,41.33,55.95,53.485,058.67,3.9062841530054655,016.728114754098357
1769587814.664468,257.056143283844,43,55,56,41.355,55.935,53.52,058.645,3.891284153005465,016.693114754098353
1769587814.7199738,257.1116421222687,43,55,56,41.38,55.92,53.555,058.62,3.8762841530054644,016.658114754098357
1769587814.775108,257.1668133735657,43,55,56,41.405,55.905,53.59,058.595,3.861284153005464,016.623114754098353
1769587814.827959,257.219614982605,43,55,56,41.43,55.89,53.625,058.57,3.8462841530054632,016.588114754098356
1769587814.8836281,257.2752311229706,43,55,56,41.455,55.875,53.66,058.545,3.8312841530054627,016.55311475409836
1769587814.9373188,257.3288881778717,43,55,56,41.48,55.86,53.695,058.52,3.816284153005462,016.518114754098356
1769587814.991617,257.3832960128784,43,55,56,41.505,55.845,53.73,058.495,3.8012841530054615,016.48311475409836
1769587815.046926,257.43843936920166,43,55,56,41.53,55.83,53.765,058.47,3.786284153005461,016.448114754098356
1769587815.102529,257.49426317214966,43,55,56,41.555,55.815,53.8,058.445,3.7712841530054604,016.41311475409836
1769587815.156447,257.5481312274933,43,55,56,41.58,55.8,53.835,058.42,3.75628415300546,016.378114754098355
1769587815.1617332,257.5535023212433,44,55,56,41.605,55.785,53.87,058.395,3.7412841530054592,016.34311475409836
1769587815.216015,257.6076922416687,43,55,56,41.63,55.77,53.905,058.37,3.726284153005466,016.308114754098355
1769587815.271163,257.66255736351013,43,55,56,41.655,55.755,53.94,058.345,3.711284153005465,016.27311475409836
1769587815.328259,257.7199091911316,43,55,56,41.68,55.74,53.975,058.32,3.6962841530054646,016.238114754098355
1769587815.38446,257.77612805366516,43,55,56,41.705,55.725,54.01,058.295,3.681284153005464,016.203114754098358
1769587815.436178,257.82785820961,43,55,56,41.725,55.715,54.04,058.275,3.671284153005466,016.173114754098357
1769587815.493524,257.8850700855255,44,55,57,41.75,55.705,54.075,058.25,3.661284153005461,016.138114754098353
1769587815.550226,257.9418833255768,43,55,56,41.77,55.695,54.105,058.23,3.651284153005463,016.10811475409836
1769587815.608298,257.99989128112793,43,55,56,41.795,55.68,54.14,058.205,3.6362841530054624,016.073114754098356
1769587815.6628711,258.05458521842957,43,55,56,41.82,55.665,54.175,058.18,3.621284153005462,016.03811475409836
1769587815.7143822,258.10607528686523,43,55,56,41.84,55.65,54.21,058.16,3.6062841530054612,016.003114754098355
1769587815.766476,258.1582190990448,43,55,56,41.86,55.64,54.24,058.14,3.5962841530054632,015.973114754098354
1769587815.821585,258.2130491733551,43,55,56,41.88,55.63,54.27,058.12,3.586284153005465,015.943114754098353
1769587815.8849049,258.27652621269226,43,55,56,41.9,55.62,54.3,058.1,3.57628415300546,015.913114754098359
1769587815.941378,258.33294224739075,44,55,57,41.925,55.61,54.335,058.075,3.566284153005462,015.878114754098355
1769587815.991732,258.3834671974182,44,55,57,41.95,55.6,54.37,058.05,3.556284153005464,015.843114754098359
1769587816.041616,258.4333212375641,44,55,57,41.975,55.585,54.405,058.025,3.5412841530054635,015.808114754098355
1769587816.092897,258.48455023765564,44,55,57,42.0,55.57,54.44,058.0,3.526284153005463,015.773114754098359
1769587816.1536,258.5452551841736,44,55,57,42.025,55.555,54.475,057.975,3.5112841530054624,015.738114754098355
1769587816.208688,258.60042214393616,44,55,57,42.05,55.545,54.51,057.95,3.5012841530054644,015.703114754098358
1769587816.263008,258.6545431613922,44,55,57,42.075,55.535,54.545,057.925,3.4912841530054592,015.668114754098355
1769587816.3164768,258.70817518234253,45,54,58,42.105,55.52,54.585,057.895,3.476284153005466,015.628114754098355
1769587816.3765042,258.7679982185364,45,54,58,42.135,55.505,54.625,057.865,3.461284153005465,015.588114754098356
1769587816.437131,258.82879614830017,45,54,58,42.165,55.49,54.665,057.835,3.4462841530054646,015.548114754098357
1769587816.4930198,258.88457012176514,45,54,58,42.195,55.475,54.705,057.805,3.431284153005464,015.508114754098358
1769587816.546572,258.9382483959198,45,54,58,42.225,55.46,54.745,057.775,3.4162841530054635,015.468114754098359
1769587816.598376,258.990097284317,45,54,58,42.255,55.445,54.785,057.745,3.401284153005463,015.42811475409836
1769587816.647468,259.03918623924255,45,54,58,42.285,55.43,54.825,057.715,3.3862841530054624,015.388114754098353
1769587816.7005692,259.0923111438751,45,54,58,42.315,55.415,54.865,057.685,3.371284153005462,015.348114754098354
1769587816.752107,259.14381432533264,45,54,59,42.345,55.4,54.91,057.655,3.3562841530054612,015.30311475409836
1769587816.808684,259.2002372741699,46,54,59,42.38,55.385,54.955,057.62,3.3412841530054607,015.258114754098358
1769587816.872042,259.26362323760986,45,54,58,42.41,55.37,54.995,057.59,3.32628415300546,015.218114754098359
1769587816.9284852,259.32018518447876,45,54,58,42.44,55.355,55.035,057.56,3.3112841530054595,015.17811475409836
1769587816.979754,259.3714921474457,45,54,59,42.47,55.34,55.08,057.53,3.296284153005466,015.133114754098358
1769587817.028555,259.42025327682495,46,54,59,42.505,55.325,55.125,057.495,3.2812841530054655,015.088114754098356
1769587817.078153,259.46984028816223,45,54,59,42.535,55.31,55.17,057.465,3.266284153005465,015.043114754098355
1769587817.1342359,259.52566623687744,45,54,59,42.565,55.295,55.215,057.435,3.2512841530054644,014.998114754098353
1769587817.191364,259.583003282547,45,54,59,42.59,55.28,55.255,057.41,3.236284153005464,014.958114754098354
1769587817.248937,259.64056611061096,45,54,59,42.615,55.265,55.295,057.385,3.2212841530054632,014.918114754098355
1769587817.3025699,259.6940920352936,46,54,59,42.645,55.25,55.335,057.355,3.2062841530054627,014.878114754098355
1769587817.356649,259.74827218055725,46,54,60,42.68,55.235,55.38,057.32,3.191284153005462,014.833114754098354
1769587817.362769,259.7541854381561,46,54,60,42.71,55.22,55.425,057.29,3.1762841530054615,014.788114754098359
1769587817.417776,259.80933022499084,46,54,60,42.74,55.205,55.47,057.26,3.161284153005461,014.743114754098357
1769587817.469356,259.8610622882843,46,54,59,42.775,55.19,55.51,057.225,3.1462841530054604,014.703114754098358
1769587817.520449,259.91212725639343,46,54,60,42.805,55.175,55.555,057.195,3.13128415300546,014.658114754098357
1769587817.573726,259.9654471874237,46,54,59,42.835,55.16,55.595,057.165,3.1162841530054592,014.618114754098357
1769587817.625783,260.01729941368103,46,54,59,42.865,55.145,55.63,057.135,3.101284153005466,014.583114754098354
1769587817.678188,260.0698890686035,46,54,59,42.895,55.13,55.665,057.105,3.086284153005465,014.548114754098357
1769587817.7322292,260.1238284111023,46,54,60,42.925,55.115,55.71,057.075,3.0712841530054646,014.503114754098355
1769587817.786697,260.1783890724182,46,54,60,42.955,55.1,55.755,057.045,3.056284153005464,014.458114754098354
1769587817.8384,260.2300851345062,46,54,60,42.985,55.085,55.795,057.015,3.0412841530054635,014.418114754098355
1769587817.887925,260.2796311378479,46,54,60,43.015,55.07,55.835,056.985,3.026284153005463,014.378114754098355
1769587817.939448,260.331068277359,46,54,60,43.045,55.055,55.875,056.955,3.0112841530054624,014.338114754098356
1769587817.993838,260.3855040073395,46,54,60,43.075,55.045,55.915,056.925,3.0012841530054644,014.298114754098357
1769587818.048012,260.4397282600403,46,54,60,43.1,55.035,55.955,056.9,2.9912841530054592,014.258114754098358
1769587818.099047,260.4907052516937,47,53,61,43.13,55.015,56.0,056.87,2.9712841530054632,014.213114754098356
1769587818.150508,260.54223012924194,47,53,61,43.165,55.0,56.045,056.835,2.9562841530054627,014.168114754098355
1769587818.201688,260.59337615966797,46,53,61,43.19,54.985,56.085,056.81,2.941284153005462,014.128114754098355
1769587818.259817,260.6514964103699,47,53,61,43.22,54.97,56.125,056.78,2.9262841530054615,014.088114754098356
1769587818.3134751,260.70509004592896,47,53,61,43.25,54.955,56.17,056.75,2.911284153005461,014.043114754098355
1769587818.3679109,260.7592833042145,47,53,61,43.28,54.94,56.215,056.72,2.8962841530054604,013.998114754098353
1769587818.42209,260.8137490749359,47,54,60,43.31,54.93,56.25,056.69,2.8862841530054624,013.963114754098356
1769587818.4733682,260.8650941848755,47,54,60,43.34,54.92,56.285,056.66,2.8762841530054644,013.92811475409836
1769587818.523856,260.91557931900024,46,54,60,43.365,54.91,56.325,056.635,2.8662841530054592,013.888114754098353
1769587818.5766652,260.96829628944397,46,54,60,43.39,54.9,56.365,056.61,2.8562841530054612,013.848114754098354
1769587818.63484,261.02634024620056,47,53,61,43.42,54.885,56.41,056.58,2.8412841530054607,013.80311475409836
1769587818.6880908,261.07982325553894,47,53,61,43.45,54.87,56.45,056.55,2.82628415300546,013.763114754098353
1769587818.73939,261.1311123371124,47,53,61,43.48,54.855,56.49,056.52,2.8112841530054595,013.723114754098354
1769587818.791234,261.1829011440277,47,53,61,43.51,54.84,56.53,056.49,2.796284153005466,013.683114754098355
1769587818.853756,261.245245218277,47,54,61,43.54,54.83,56.575,056.46,2.786284153005461,013.638114754098353
1769587818.916702,261.3082711696625,47,53,61,43.57,54.815,56.62,056.43,2.7712841530054604,013.593114754098359
1769587818.9753568,261.36673617362976,47,53,61,43.6,54.8,56.665,056.4,2.75628415300546,013.548114754098357
1769587819.0259688,261.4176640510559,47,54,60,43.63,54.79,56.7,056.37,2.746284153005462,013.513114754098353
1769587819.076402,261.46813106536865,47,54,60,43.66,54.78,56.735,056.34,2.736284153005464,013.478114754098357
1769587819.125293,261.5170223712921,47,53,61,43.695,54.765,56.78,056.305,2.7212841530054632,013.433114754098355
1769587819.177747,261.5694181919098,48,53,62,43.73,54.75,56.825,056.27,2.7062841530054627,013.388114754098353
1769587819.2337961,261.62541818618774,47,53,61,43.76,54.735,56.865,056.24,2.691284153005462,013.348114754098354
1769587819.285771,261.6773753166199,47,53,61,43.79,54.72,56.905,056.21,2.6762841530054615,013.308114754098355
1769587819.3436291,261.7353022098541,47,53,61,43.82,54.705,56.945,056.18,2.661284153005461,013.268114754098356
1769587819.398604,261.7902762889862,47,53,61,43.85,54.69,56.985,056.15,2.6462841530054604,013.228114754098357
1769587819.44919,261.8408901691437,47,53,61,43.88,54.675,57.025,056.12,2.63128415300546,013.188114754098358
1769587819.501336,261.8929982185364,47,53,61,43.91,54.66,57.065,056.09,2.6162841530054592,013.148114754098359
1769587819.5562391,261.94790720939636,47,54,61,43.94,54.65,57.105,056.06,2.6062841530054612,013.10811475409836
1769587819.5611992,261.95295429229736,47,54,61,43.97,54.64,57.145,056.03,2.5962841530054632,013.068114754098353
1769587819.6116538,262.00336837768555,47,53,61,44.0,54.625,57.185,056.0,2.5812841530054627,013.028114754098354
1769587819.665656,262.05731415748596,48,53,62,44.035,54.61,57.23,055.965,2.566284153005462,012.98311475409836
1769587819.721269,262.1128282546997,48,53,61,44.07,54.595,57.265,055.93,2.5512841530054615,012.948114754098356
1769587819.786293,262.1778521537781,47,53,61,44.1,54.58,57.3,055.9,2.536284153005461,012.913114754098359
1769587819.843265,262.23491621017456,47,53,61,44.13,54.565,57.34,055.87,2.5212841530054604,012.873114754098353
1769587819.897313,262.288996219635,47,53,61,44.155,54.55,57.375,055.845,2.50628415300546,012.838114754098356
1769587819.949708,262.34142327308655,47,53,61,44.18,54.535,57.41,055.82,2.4912841530054592,012.80311475409836
1769587820.000515,262.39221930503845,47,53,61,44.205,54.52,57.445,055.795,2.476284153005466,012.768114754098356
1769587820.051477,262.4431321620941,47,53,61,44.23,54.505,57.48,055.77,2.461284153005465,012.73311475409836
1769587820.110972,262.5025532245636,47,53,61,44.255,54.495,57.51,055.745,2.45128415300546,012.703114754098358
1769587820.168705,262.56030321121216,47,53,61,44.28,54.48,57.545,055.72,2.4362841530054595,012.668114754098355
1769587820.228993,262.62033009529114,48,53,61,44.31,54.465,57.58,055.69,2.421284153005466,012.633114754098358
1769587820.2834911,262.6752099990845,47,53,61,44.335,54.45,57.615,055.665,2.4062841530054655,012.598114754098354
1769587820.3346791,262.72635436058044,48,53,62,44.365,54.435,57.655,055.635,2.391284153005465,012.558114754098355
1769587820.385663,262.7773370742798,48,53,62,44.395,54.42,57.695,055.605,2.3762841530054644,012.518114754098356
1769587820.436348,262.82809019088745,47,53,61,44.42,54.405,57.73,055.58,2.361284153005464,012.48311475409836
1769587820.486617,262.8783612251282,48,53,62,44.45,54.39,57.77,055.55,2.3462841530054632,012.443114754098353
1769587820.5401988,262.9319202899933,48,53,62,44.48,54.38,57.805,055.52,2.336284153005465,012.408114754098357
1769587820.596444,262.98801922798157,47,53,62,44.505,54.37,57.84,055.495,2.32628415300546,012.373114754098353
1769587820.6609228,263.05249524116516,48,53,62,44.535,54.355,57.88,055.465,2.3112841530054595,012.333114754098354
1769587820.719168,263.1107032299042,48,53,62,44.565,54.34,57.92,055.435,2.296284153005466,012.293114754098355
1769587820.776971,263.1686511039734,48,53,62,44.595,54.33,57.955,055.405,2.286284153005461,012.258114754098358
1769587820.826306,263.2179901599884,48,53,62,44.625,54.32,57.99,055.375,2.276284153005463,012.223114754098354
1769587820.875068,263.26676201820374,48,53,62,44.655,54.31,58.025,055.345,2.266284153005465,012.188114754098358
1769587820.925473,263.3170003890991,48,53,62,44.685,54.3,58.06,055.315,2.25628415300546,012.153114754098354
1769587820.9770188,263.3686740398407,48,53,62,44.715,54.29,58.095,055.285,2.246284153005462,012.118114754098357
1769587821.03359,263.4247832298279,48,53,62,44.745,54.28,58.13,055.255,2.236284153005464,012.083114754098354
1769587821.088893,263.48048520088196,48,53,63,44.775,54.27,58.17,055.225,2.226284153005466,012.043114754098355
1769587821.145576,263.5372211933136,48,53,62,44.805,54.26,58.205,055.195,2.2162841530054607,012.008114754098358
1769587821.2040079,263.59551429748535,48,53,62,44.835,54.25,58.24,055.165,2.2062841530054627,011.973114754098354
1769587821.2621498,263.6537501811981,48,53,62,44.865,54.24,58.275,055.135,2.1962841530054646,011.938114754098358
1769587821.3180008,263.7096061706543,48,53,62,44.89,54.23,58.305,055.11,2.1862841530054595,011.908114754098357
1769587821.37316,263.7648561000824,48,53,63,44.92,54.22,58.345,055.08,2.1762841530054615,011.868114754098357
1769587821.4245849,263.816281080246,48,53,63,44.95,54.21,58.385,055.05,2.1662841530054635,011.828114754098358
1769587821.4794781,263.8710284233093,48,53,63,44.98,54.2,58.425,055.02,2.1562841530054655,011.788114754098359
1769587821.539208,263.93057918548584,48,53,63,45.01,54.19,58.465,054.99,2.1462841530054604,011.748114754098353
1769587821.597934,263.98950242996216,48,53,62,45.04,54.18,58.5,054.96,2.1362841530054624,011.713114754098356
1769587821.659273,264.0509011745453,48,53,62,45.07,54.17,58.535,054.93,2.1262841530054644,011.67811475409836
1769587821.7153652,264.1070222854614,48,53,63,45.095,54.16,58.57,054.905,2.1162841530054592,011.643114754098356
1769587821.765375,264.1570951938629,48,53,62,45.12,54.15,58.6,054.88,2.1062841530054612,011.613114754098355
1769587821.8150148,264.20667815208435,49,53,63,45.155,54.14,58.64,054.845,2.0962841530054632,011.573114754098356
1769587821.867413,264.2591061592102,48,53,63,45.185,54.13,58.68,054.815,2.086284153005465,011.533114754098357
1769587821.922991,264.3145353794098,48,53,62,45.21,54.12,58.715,054.79,2.07628415300546,011.498114754098353
1769587821.975383,264.3669681549072,48,53,63,45.235,54.11,58.75,054.765,2.066284153005462,011.463114754098356
1769587822.0321631,264.4236171245575,48,53,63,45.26,54.1,58.785,054.74,2.056284153005464,011.42811475409836
1769587822.085732,264.47742915153503,48,53,63,45.285,54.09,58.82,054.715,2.046284153005466,011.393114754098356
1769587822.136857,264.5285642147064,48,53,62,45.31,54.08,58.845,054.69,2.036284153005461,011.368114754098357
1769587822.193459,264.5848813056946,49,53,64,45.34,54.07,58.885,054.66,2.026284153005463,011.328114754098358
1769587822.254175,264.64584016799927,49,52,64,45.37,54.055,58.925,054.63,2.0112841530054624,011.288114754098359
1769587822.322538,264.71362924575806,48,53,63,45.395,54.045,58.96,054.605,2.0012841530054644,011.253114754098355
1769587822.376755,264.7684621810913,48,53,63,45.42,54.035,58.995,054.58,1.9912841530054592,011.218114754098359
1769587822.428763,264.8204071521759,48,53,63,45.445,54.025,59.03,054.555,1.9812841530054612,011.183114754098355
1769587822.481411,264.87309432029724,48,53,63,45.47,54.015,59.065,054.53,1.9712841530054632,011.148114754098359
1769587822.535285,264.9269633293152,48,53,63,45.495,54.005,59.1,054.505,1.9612841530054652,011.113114754098355
1769587822.587678,264.9793381690979,48,53,63,45.52,53.995,59.135,054.48,1.95128415300546,011.078114754098358
1769587822.6413708,265.033007144928,48,53,63,45.545,53.985,59.165,054.455,1.941284153005462,011.048114754098357
1769587822.6917398,265.0834460258484,48,53,63,45.565,53.975,59.195,054.435,1.931284153005464,011.018114754098356
1769587822.7412312,265.1329071521759,48,53,63,45.585,53.97,59.22,054.415,1.9262841530054615,010.993114754098357
1769587822.7926369,265.1841802597046,48,53,63,45.605,53.965,59.25,054.395,1.921284153005466,010.963114754098356
1769587822.842587,265.23427629470825,48,53,63,45.63,53.955,59.28,054.37,1.911284153005461,010.933114754098355
1769587822.8943748,265.28604531288147,48,53,63,45.655,53.945,59.31,054.345,1.901284153005463,010.903114754098354
1769587822.948273,265.3399271965027,48,53,64,45.675,53.935,59.345,054.325,1.891284153005465,010.868114754098357
1769587823.0029252,265.39419436454773,48,53,63,45.7,53.925,59.375,054.3,1.8812841530054598,010.838114754098356
1769587823.06052,265.4521610736847,48,53,63,45.725,53.915,59.41,054.275,1.8712841530054618,010.80311475409836
1769587823.114231,265.50579619407654,48,53,63,45.75,53.905,59.44,054.25,1.8612841530054638,010.773114754098359
1769587823.168588,265.560307264328,48,53,63,45.77,53.9,59.465,054.23,1.8562841530054612,010.748114754098353
1769587823.2198138,265.6114852428436,48,53,63,45.79,53.895,59.49,054.21,1.8512841530054658,010.723114754098354
1769587823.273812,265.66553926467896,48,53,63,45.81,53.885,59.52,054.19,1.8412841530054607,010.693114754098353
1769587823.326603,265.7182312011719,48,52,64,45.83,53.87,59.555,054.17,1.82628415300546,010.658114754098357
1769587823.380705,265.7722702026367,49,52,64,45.855,53.855,59.59,054.145,1.8112841530054595,010.623114754098353
1769587823.4380958,265.8295180797577,49,52,64,45.88,53.845,59.625,054.12,1.8012841530054615,010.588114754098356
1769587823.4982378,265.8898341655731,48,52,64,45.9,53.835,59.655,054.1,1.7912841530054635,010.558114754098355
1769587823.55153,265.94303011894226,48,53,63,45.925,53.825,59.685,054.075,1.7812841530054655,010.528114754098354
1769587823.606271,265.9979932308197,48,53,64,45.95,53.815,59.725,054.05,1.7712841530054604,010.488114754098355
1769587823.6119459,266.00364112854004,48,52,64,45.97,53.8,59.76,054.03,1.7562841530054598,010.453114754098358
1769587823.662487,266.0541021823883,48,52,64,45.99,53.79,59.79,054.01,1.7462841530054618,010.423114754098357
1769587823.71857,266.11015129089355,49,52,64,46.015,53.775,59.825,053.985,1.7312841530054612,010.388114754098353
1769587823.776837,266.1685562133789,49,52,64,46.04,53.76,59.86,053.96,1.7162841530054607,010.353114754098357
1769587823.828734,266.2204442024231,49,52,64,46.065,53.745,59.895,053.935,1.70128415300546,010.318114754098353
1769587823.8830998,266.2746522426605,49,52,65,46.09,53.73,59.935,053.91,1.6862841530054595,010.278114754098354
1769587823.939339,266.3310661315918,49,52,65,46.115,53.715,59.975,053.885,1.671284153005466,010.238114754098355
1769587823.9901671,266.38164925575256,49,52,65,46.14,53.7,60.015,053.86,1.6562841530054655,010.198114754098356
1769587824.04059,266.4322781562805,49,52,65,46.165,53.685,60.055,053.835,1.641284153005465,010.158114754098357
1769587824.093515,266.4851760864258,49,52,65,46.19,53.67,60.095,053.81,1.6262841530054644,010.118114754098357
1769587824.146034,266.5377411842346,49,52,65,46.215,53.655,60.135,053.785,1.6112841530054638,010.078114754098358
1769587824.1975622,266.58922123908997,49,52,65,46.24,53.64,60.175,053.76,1.5962841530054632,010.038114754098359
1769587824.254977,266.64634013175964,49,52,65,46.265,53.625,60.215,053.735,1.5812841530054627,09.998114754098353
1769587824.309967,266.7016530036926,49,52,65,46.29,53.61,60.255,053.71,1.566284153005462,09.958114754098354
1769587824.3612502,266.7528772354126,49,52,65,46.315,53.595,60.295,053.685,1.5512841530054615,09.918114754098355
1769587824.4134579,266.8048303127289,49,52,65,46.345,53.58,60.34,053.655,1.536284153005461,09.873114754098353
1769587824.464171,266.855681180954,49,52,65,46.375,53.565,60.385,053.625,1.5212841530054604,09.828114754098358
1769587824.51721,266.9089331626892,49,52,65,46.405,53.55,60.43,053.595,1.5062841530054598,09.783114754098357
1769587824.566066,266.9577202796936,49,52,65,46.435,53.535,60.475,053.565,1.4912841530054592,09.738114754098355
1769587824.6163578,267.00804924964905,49,52,66,46.465,53.52,60.525,053.535,1.4762841530054658,09.688114754098358
1769587824.6687858,267.06052136421204,49,52,65,46.49,53.505,60.57,053.51,1.4612841530054652,09.643114754098356
1769587824.7200818,267.11171317100525,49,52,65,46.515,53.49,60.615,053.485,1.4462841530054646,09.598114754098354
1769587824.778661,267.17017817497253,49,52,65,46.545,53.475,60.66,053.455,1.431284153005464,09.55311475409836
1769587824.834522,267.22622513771057,49,52,66,46.57,53.46,60.705,053.43,1.4162841530054635,09.508114754098358
1769587824.883997,267.27565121650696,49,52,65,46.6,53.445,60.75,053.4,1.401284153005463,09.463114754098356
1769587824.9354439,267.3271150588989,49,52,65,46.63,53.43,60.795,053.37,1.3862841530054624,09.418114754098355
1769587824.9877372,267.3794391155243,49,52,66,46.66,53.415,60.845,053.34,1.3712841530054618,09.368114754098357
1769587825.0405061,267.4319941997528,49,52,65,46.69,53.4,60.89,053.31,1.3562841530054612,09.323114754098356
1769587825.093651,267.48533511161804,49,52,65,46.72,53.385,60.935,053.28,1.3412841530054607,09.278114754098354
1769587825.146569,267.53824520111084,49,52,65,46.75,53.37,60.98,053.25,1.32628415300546,09.23311475409836
1769587825.203851,267.59544825553894,49,52,66,46.78,53.355,61.03,053.22,1.3112841530054595,09.183114754098355
1769587825.259736,267.6513452529907,50,52,67,46.815,53.34,61.085,053.185,1.296284153005466,09.128114754098355
1769587825.317371,267.70901823043823,49,52,66,46.845,53.325,61.135,053.155,1.2812841530054655,09.078114754098358
1769587825.3723462,267.76385736465454,49,52,66,46.875,53.31,61.185,053.125,1.266284153005465,09.028114754098354
1769587825.429545,267.82122707366943,49,52,66,46.905,53.295,61.235,053.095,1.2512841530054644,08.978114754098357
1769587825.47949,267.87120819091797,49,52,66,46.935,53.28,61.285,053.065,1.2362841530054638,08.92811475409836
1769587825.529825,267.92154908180237,49,52,66,46.965,53.265,61.335,053.035,1.2212841530054632,08.878114754098355
1769587825.581569,267.97321605682373,49,52,66,46.995,53.25,61.385,053.005,1.2062841530054627,08.828114754098358
1769587825.6368792,268.02844619750977,49,52,66,47.025,53.235,61.435,052.975,1.191284153005462,08.778114754098354
1769587825.69239,268.08406019210815,49,52,66,47.055,53.22,61.485,052.945,1.1762841530054615,08.728114754098357
1769587825.745642,268.13725113868713,49,52,66,47.085,53.205,61.535,052.915,1.161284153005461,08.67811475409836
1769587825.797226,268.1889362335205,50,52,67,47.12,53.19,61.59,052.88,1.1462841530054604,08.623114754098353
1769587825.848282,268.23996329307556,49,52,66,47.145,53.175,61.64,052.855,1.1312841530054598,08.573114754098356
1769587825.8998778,268.2915620803833,49,52,66,47.175,53.16,61.69,052.825,1.1162841530054592,08.523114754098359
1769587825.949829,268.3415822982788,50,52,67,47.21,53.145,61.745,052.79,1.1012841530054658,08.468114754098359
1769587826.00243,268.3939833641052,50,52,67,47.245,53.13,61.8,052.755,1.0862841530054652,08.413114754098359
1769587826.063713,268.4552671909332,50,52,67,47.28,53.115,61.855,052.72,1.0712841530054646,08.35811475409836
1769587826.126564,268.5181713104248,50,52,67,47.315,53.1,61.91,052.685,1.056284153005464,08.30311475409836
1769587826.1826072,268.5741751194,50,52,67,47.345,53.085,61.96,052.655,1.0412841530054635,08.253114754098355
1769587826.231624,268.62331438064575,50,52,67,47.38,53.07,62.015,052.62,1.026284153005463,08.198114754098356
1769587826.281054,268.6727223396301,50,52,67,47.415,53.055,62.07,052.585,1.0112841530054624,08.143114754098356
1769587826.332685,268.72416830062866,50,52,66,47.45,53.04,62.12,052.55,0.9962841530054618,08.093114754098359
1769587826.3830762,268.7747411727905,49,52,66,47.48,53.025,62.17,052.52,0.9812841530054612,08.043114754098355
1769587826.4347048,268.8264162540436,50,52,67,47.515,53.01,62.225,052.485,0.9662841530054607,07.988114754098355
1769587826.4883819,268.8800802230835,50,52,67,47.55,52.995,62.28,052.45,0.9512841530054601,07.933114754098355
1769587826.540679,268.93225026130676,49,52,66,47.58,52.98,62.33,052.42,0.9362841530054595,07.883114754098358
1769587826.5950239,268.9867262840271,49,52,66,47.605,52.965,62.375,052.395,0.9212841530054661,07.838114754098356
1769587826.645555,269.03728723526,50,52,67,47.635,52.95,62.425,052.365,0.9062841530054655,07.788114754098359
1769587826.696481,269.08793544769287,50,52,67,47.665,52.935,62.475,052.335,0.8912841530054649,07.738114754098355
1769587826.752199,269.1436302661896,50,52,67,47.695,52.92,62.525,052.305,0.8762841530054644,07.688114754098358
1769587826.804533,269.1962764263153,50,52,67,47.725,52.905,62.575,052.275,0.8612841530054638,07.638114754098353
1769587826.858467,269.250164270401,49,52,66,47.75,52.89,62.62,052.25,0.8462841530054632,07.593114754098359
1769587826.9118662,269.3035771846771,49,52,66,47.775,52.875,62.665,052.225,0.8312841530054627,07.548114754098357
1769587826.964312,269.3559250831604,49,52,66,47.795,52.865,62.705,052.205,0.8212841530054646,07.508114754098358
1769587827.022959,269.4144639968872,49,52,66,47.815,52.855,62.745,052.185,0.8112841530054595,07.468114754098359
1769587827.07901,269.470703125,48,52,65,47.83,52.845,62.78,052.17,0.8012841530054615,07.433114754098355
1769587827.134041,269.52549719810486,48,52,64,47.845,52.835,62.81,052.155,0.7912841530054635,07.403114754098354
1769587827.187318,269.57899808883667,48,52,64,47.86,52.825,62.84,052.14,0.7812841530054655,07.373114754098353
1769587827.237289,269.62897419929504,48,52,64,47.875,52.815,62.87,052.125,0.7712841530054604,07.343114754098359
1769587827.2873468,269.6789870262146,49,52,65,47.895,52.805,62.905,052.105,0.7612841530054624,07.308114754098355
1769587827.338895,269.73057103157043,48,52,65,47.91,52.795,62.94,052.09,0.7512841530054644,07.2731147540983585
1769587827.3916302,269.7832531929016,48,52,64,47.925,52.785,62.965,052.075,0.7412841530054592,07.248114754098353
1769587827.44291,269.834632396698,48,52,64,47.935,52.775,62.99,052.065,0.7312841530054612,07.223114754098354
1769587827.4927201,269.8843982219696,48,52,64,47.95,52.765,63.02,052.05,0.7212841530054632,07.193114754098353
1769587827.543212,269.9349081516266,48,52,65,47.965,52.755,63.055,052.035,0.7112841530054652,07.1581147540983565
1769587827.59473,269.9864401817322,49,52,66,47.985,52.745,63.09,052.015,0.7012841530054601,07.123114754098353
1769587827.6470551,270.0386731624603,48,52,65,47.995,52.735,63.12,052.005,0.6912841530054621,07.093114754098359
1769587827.7020118,270.09371423721313,48,52,64,48.01,52.725,63.145,051.99,0.6812841530054641,07.068114754098353
1769587827.753332,270.14507818222046,48,52,64,48.025,52.715,63.17,051.975,0.6712841530054661,07.0431147540983545
1769587827.806023,270.19772815704346,48,52,64,48.04,52.705,63.195,051.96,0.661284153005461,07.018114754098356
1769587827.811305,270.203084230423,48,52,64,48.055,52.695,63.22,051.945,0.6512841530054629,06.993114754098357
1769587827.864115,270.2557842731476,48,53,63,48.065,52.69,63.24,051.935,0.6462841530054604,06.973114754098354
1769587827.9190888,270.31062030792236,48,53,63,48.075,52.685,63.255,051.925,0.6412841530054649,06.958114754098354
1769587827.970602,270.36229133605957,48,52,64,48.085,52.675,63.275,051.915,0.6312841530054598,06.938114754098358
1769587828.025093,270.41672706604004,48,52,64,48.095,52.665,63.295,051.905,0.6212841530054618,06.9181147540983545
1769587828.0785768,270.4702961444855,48,52,64,48.105,52.655,63.32,051.895,0.6112841530054638,06.893114754098356
1769587828.1312158,270.5228941440582,48,52,64,48.115,52.645,63.34,051.885,0.6012841530054658,06.873114754098353
1769587828.185361,270.5770161151886,47,53,63,48.12,52.64,63.36,051.88,0.5962841530054632,06.853114754098357
1769587828.2378309,270.62939524650574,48,53,63,48.13,52.635,63.38,051.87,0.5912841530054607,06.833114754098354
1769587828.300253,270.6918830871582,48,52,64,48.14,52.625,63.405,051.86,0.5812841530054627,06.808114754098355
1769587828.35251,270.74410700798035,47,53,63,48.145,52.62,63.42,051.855,0.5762841530054601,06.7931147540983545
1769587828.402391,270.79406905174255,47,53,63,48.15,52.615,63.435,051.85,0.5712841530054646,06.778114754098354
1769587828.454565,270.8462133407593,47,53,63,48.155,52.61,63.45,051.845,0.5662841530054621,06.763114754098353
1769587828.506978,270.8986222743988,47,53,63,48.16,52.605,63.465,051.84,0.5612841530054595,06.748114754098353
1769587828.562003,270.9537363052368,47,53,63,48.165,52.6,63.48,051.835,0.5562841530054641,06.733114754098359
1769587828.6150599,271.0067083835602,47,53,62,48.17,52.595,63.49,051.83,0.5512841530054615,06.723114754098354
1769587828.6752331,271.0668773651123,47,53,62,48.175,52.59,63.5,051.825,0.5462841530054661,06.713114754098356
1769587828.727136,271.11879229545593,47,53,62,48.175,52.59,63.505,051.825,0.5462841530054661,06.708114754098354
1769587828.780124,271.17179822921753,47,53,63,48.175,52.59,63.515,051.825,0.5462841530054661,06.698114754098356
1769587828.833925,271.22564029693604,47,53,63,48.18,52.59,63.525,051.82,0.5462841530054661,06.688114754098358
1769587828.882267,271.27396416664124,47,53,63,48.18,52.59,63.535,051.82,0.5462841530054661,06.67811475409836
1769587828.9314618,271.32314133644104,47,53,62,48.18,52.59,63.54,051.82,0.5462841530054661,06.673114754098357
1769587828.983954,271.3755531311035,47,53,62,48.18,52.59,63.545,051.82,0.5462841530054661,06.6681147540983545
1769587829.036566,271.4282822608948,47,53,62,48.18,52.585,63.555,051.82,0.5412841530054635,06.6581147540983565
1769587829.08976,271.4814510345459,47,53,62,48.18,52.58,63.565,051.82,0.536284153005461,06.6481147540983585
1769587829.142807,271.5344593524933,46,53,62,48.18,52.575,63.575,051.82,0.5312841530054655,06.638114754098353
1769587829.19681,271.58845114707947,46,53,61,48.18,52.57,63.58,051.82,0.5262841530054629,06.633114754098358
1769587829.244833,271.636527299881,46,53,62,48.175,52.57,63.585,051.825,0.5262841530054629,06.628114754098355
1769587829.2938619,271.6855380535126,47,53,63,48.175,52.57,63.595,051.825,0.5262841530054629,06.618114754098357
1769587829.344266,271.73600006103516,47,53,62,48.175,52.57,63.6,051.825,0.5262841530054629,06.613114754098355
1769587829.395149,271.78685116767883,46,53,62,48.17,52.57,63.605,051.83,0.5262841530054629,06.608114754098359
1769587829.45248,271.8440783023834,46,53,62,48.165,52.565,63.61,051.835,0.5212841530054604,06.603114754098357
1769587829.5149598,271.9065783023834,46,53,62,48.16,52.565,63.615,051.84,0.5212841530054604,06.598114754098354
1769587829.568108,271.95984411239624,46,53,61,48.155,52.565,63.615,051.845,0.5212841530054604,06.598114754098354
1769587829.618484,272.0101661682129,47,53,62,48.155,52.56,63.625,051.845,0.5162841530054649,06.588114754098356
1769587829.674848,272.06656408309937,47,53,63,48.155,52.555,63.64,051.845,0.5112841530054624,06.573114754098356
1769587829.7249951,272.1166982650757,47,53,62,48.155,52.555,63.645,051.845,0.5112841530054624,06.568114754098353
1769587829.775226,272.16694140434265,47,53,62,48.15,52.555,63.645,051.85,0.5112841530054624,06.568114754098353
1769587829.826784,272.21845030784607,47,53,62,48.15,52.555,63.65,051.85,0.5112841530054624,06.563114754098358
1769587829.880815,272.27232933044434,47,53,62,48.15,52.555,63.655,051.85,0.5112841530054624,06.558114754098355
1769587829.933633,272.3253540992737,47,53,62,48.15,52.555,63.66,051.85,0.5112841530054624,06.55311475409836
1769587829.9889688,272.38053727149963,47,53,62,48.15,52.555,63.665,051.85,0.5112841530054624,06.548114754098357
1769587830.0428522,272.4345381259918,47,53,62,48.15,52.555,63.67,051.85,0.5112841530054624,06.5431147540983545
1769587830.095855,272.4875042438507,47,53,62,48.15,52.555,63.675,051.85,0.5112841530054624,06.538114754098359
1769587830.151598,272.54329323768616,47,53,62,48.15,52.55,63.68,051.85,0.5062841530054598,06.5331147540983565
1769587830.201101,272.592826128006,47,53,62,48.15,52.545,63.685,051.85,0.5012841530054644,06.528114754098354
1769587830.2513978,272.6430583000183,47,53,63,48.15,52.545,63.695,051.85,0.5012841530054644,06.518114754098356
1769587830.307677,272.69927406311035,47,53,62,48.145,52.545,63.695,051.855,0.5012841530054644,06.518114754098356
1769587830.362675,272.754310131073,47,53,62,48.14,52.545,63.7,051.86,0.5012841530054644,06.513114754098353
1769587830.411114,272.8028061389923,47,53,63,48.14,52.545,63.71,051.86,0.5012841530054644,06.503114754098355
1769587830.462778,272.85444712638855,47,53,63,48.14,52.545,63.72,051.86,0.5012841530054644,06.493114754098357
1769587830.51551,272.90726017951965,47,53,63,48.14,52.545,63.73,051.86,0.5012841530054644,06.483114754098359
1769587830.570625,272.9620871543884,47,53,63,48.14,52.545,63.74,051.86,0.5012841530054644,06.473114754098354
1769587830.626739,273.0181860923767,47,53,63,48.14,52.545,63.75,051.86,0.5012841530054644,06.463114754098356
1769587830.682983,273.07440209388733,47,53,63,48.14,52.545,63.76,051.86,0.5012841530054644,06.453114754098358
1769587830.735701,273.1273331642151,47,53,63,48.14,52.545,63.77,051.86,0.5012841530054644,06.443114754098353
1769587830.789403,273.1810932159424,47,53,63,48.14,52.545,63.78,051.86,0.5012841530054644,06.433114754098355
1769587830.839464,273.2311863899231,47,53,63,48.135,52.545,63.79,051.865,0.5012841530054644,06.423114754098357
1769587830.889837,273.28149127960205,47,53,63,48.135,52.545,63.8,051.865,0.5012841530054644,06.413114754098359
1769587830.943768,273.335476398468,48,53,63,48.135,52.545,63.805,051.865,0.5012841530054644,06.4081147540983565
1769587830.998425,273.39013624191284,48,53,63,48.135,52.545,63.81,051.865,0.5012841530054644,06.403114754098354
1769587831.0506759,273.44227719306946,47,53,63,48.135,52.545,63.82,051.865,0.5012841530054644,06.393114754098356
1769587831.102783,273.4943082332611,47,53,63,48.13,52.545,63.825,051.87,0.5012841530054644,06.388114754098353
1769587831.1640499,273.5552291870117,47,53,63,48.125,52.545,63.83,051.875,0.5012841530054644,06.383114754098358
1769587831.218209,273.60833621025085,47,53,63,48.125,52.545,63.835,051.875,0.5012841530054644,06.378114754098355
1769587831.2699149,273.66161918640137,47,53,63,48.12,52.545,63.84,051.88,0.5012841530054644,06.373114754098353
1769587831.319841,273.71151900291443,47,53,63,48.115,52.545,63.845,051.885,0.5012841530054644,06.368114754098357
1769587831.369727,273.7613432407379,47,53,63,48.11,52.545,63.85,051.89,0.5012841530054644,06.363114754098355
1769587831.421556,273.81322598457336,47,53,63,48.105,52.545,63.855,051.895,0.5012841530054644,06.358114754098359
1769587831.481385,273.8729510307312,48,52,64,48.105,52.54,63.865,051.895,0.4962841530054618,06.348114754098354
1769587831.5382369,273.9297983646393,48,52,64,48.105,52.535,63.875,051.895,0.49128415300545925,06.338114754098356
1769587831.601355,273.99291920661926,48,53,63,48.105,52.535,63.88,051.895,0.49128415300545925,06.333114754098354
1769587831.659592,274.0513081550598,47,53,63,48.1,52.535,63.885,051.9,0.49128415300545925,06.328114754098358
1769587831.714369,274.1056752204895,48,53,64,48.1,52.535,63.89,051.9,0.49128415300545925,06.323114754098356
1769587831.765989,274.1576282978058,47,53,63,48.095,52.535,63.895,051.905,0.49128415300545925,06.318114754098353
1769587831.8235662,274.21490836143494,48,53,63,48.095,52.535,63.9,051.905,0.49128415300545925,06.313114754098358
1769587831.884511,274.2761332988739,48,53,63,48.095,52.535,63.905,051.905,0.49128415300545925,06.308114754098355
1769587831.936991,274.328693151474,47,53,63,48.09,52.535,63.91,051.91,0.49128415300545925,06.30311475409836
1769587831.990442,274.3821032047272,48,53,63,48.09,52.535,63.91,051.91,0.49128415300545925,06.30311475409836
1769587832.0510201,274.44241309165955,48,53,63,48.09,52.535,63.91,051.91,0.49128415300545925,06.30311475409836
1769587832.112661,274.5043292045593,48,53,63,48.09,52.535,63.91,051.91,0.49128415300545925,06.30311475409836
1769587832.165083,274.5567572116852,48,52,64,48.09,52.53,63.915,051.91,0.4862841530054638,06.298114754098357
1769587832.216635,274.60830330848694,48,52,64,48.09,52.525,63.925,051.91,0.48128415300546123,06.288114754098359
1769587832.271978,274.6636471748352,48,52,64,48.09,52.52,63.935,051.91,0.4762841530054658,06.278114754098354
1769587832.328105,274.7196612358093,48,52,64,48.09,52.515,63.94,051.91,0.4712841530054632,06.2731147540983585
1769587832.378996,274.7707042694092,48,52,64,48.09,52.51,63.95,051.91,0.46628415300546067,06.263114754098353
1769587832.42928,274.8209390640259,48,52,64,48.085,52.505,63.955,051.915,0.4612841530054652,06.258114754098358
1769587832.4840121,274.87565636634827,48,52,64,48.085,52.5,63.96,051.915,0.45628415300546266,06.253114754098355
1769587832.5413,274.9330213069916,48,52,64,48.085,52.495,63.97,051.915,0.4512841530054601,06.243114754098357
1769587832.5920992,274.98383617401123,48,52,64,48.085,52.49,63.975,051.915,0.44628415300546465,06.238114754098355
1769587832.646252,275.0379230976105,48,53,63,48.085,52.49,63.975,051.915,0.44628415300546465,06.238114754098355
1769587832.702878,275.0945200920105,47,53,63,48.08,52.49,63.975,051.92,0.44628415300546465,06.238114754098355
1769587832.759603,275.1512813568115,47,53,63,48.075,52.49,63.98,051.925,0.44628415300546465,06.233114754098359
1769587832.813771,275.2052311897278,47,53,63,48.065,52.49,63.975,051.935,0.44628415300546465,06.238114754098355
1769587832.872393,275.2639172077179,47,53,62,48.055,52.495,63.965,051.945,0.4512841530054601,06.248114754098353
1769587832.9350898,275.3266432285309,47,53,62,48.05,52.495,63.96,051.95,0.4512841530054601,06.253114754098355
1769587832.9908428,275.382461309433,47,53,62,48.045,52.495,63.955,051.955,0.4512841530054601,06.258114754098358
1769587833.043533,275.43527603149414,47,53,62,48.04,52.495,63.95,051.96,0.4512841530054601,06.263114754098353
1769587833.0923982,275.4841113090515,46,53,62,48.03,52.495,63.945,051.97,0.4512841530054601,06.268114754098356
1769587833.14551,275.5371582508087,46,53,62,48.02,52.495,63.94,051.98,0.4512841530054601,06.2731147540983585
1769587833.201668,275.59331822395325,47,53,62,48.015,52.495,63.935,051.985,0.4512841530054601,06.278114754098354
1769587833.261187,275.65260314941406,47,53,62,48.01,52.495,63.93,051.99,0.4512841530054601,06.2831147540983565
1769587833.328968,275.7204473018646,47,53,62,48.005,52.495,63.925,051.995,0.4512841530054601,06.288114754098359
1769587833.385082,275.7767391204834,46,53,62,47.995,52.495,63.92,052.005,0.4512841530054601,06.2931147540983545
1769587833.439522,275.83104515075684,46,53,61,47.985,52.495,63.91,052.015,0.4512841530054601,06.30311475409836
1769587833.49069,275.8823571205139,45,54,59,47.97,52.5,63.89,052.03,0.45628415300546266,06.323114754098356
1769587833.544443,275.93614411354065,45,54,59,47.955,52.505,63.87,052.045,0.4612841530054652,06.343114754098359
1769587833.5959349,275.9876492023468,45,54,60,47.94,52.51,63.85,052.06,0.46628415300546067,06.363114754098355
1769587833.6478798,276.0394461154938,46,53,60,47.93,52.51,63.835,052.07,0.46628415300546067,06.378114754098355
1769587833.70431,276.09598898887634,45,54,59,47.915,52.515,63.815,052.085,0.4712841530054632,06.3981147540983585
1769587833.756193,276.1478991508484,45,54,59,47.9,52.52,63.795,052.1,0.4762841530054658,06.4181147540983545
1769587833.812195,276.2038950920105,45,54,59,47.885,52.525,63.775,052.115,0.48128415300546123,06.438114754098358
1769587833.866344,276.2575821876526,45,54,59,47.87,52.53,63.755,052.13,0.4862841530054638,06.458114754098354
1769587833.928876,276.32038617134094,45,54,59,47.855,52.535,63.735,052.145,0.49128415300545925,06.478114754098357
1769587833.9867342,276.37841725349426,44,54,59,47.835,52.545,63.71,052.165,0.5012841530054644,06.503114754098355
1769587834.0374599,276.4291741847992,44,54,58,47.81,52.555,63.68,052.19,0.5112841530054624,06.5331147540983565
1769587834.087199,276.47894501686096,44,54,58,47.785,52.565,63.65,052.215,0.5212841530054604,06.563114754098358
1769587834.138082,276.5298001766205,44,54,58,47.765,52.575,63.62,052.235,0.5312841530054655,06.593114754098359
1769587834.188672,276.5803232192993,45,54,59,47.75,52.58,63.6,052.25,0.536284153005461,06.613114754098355
1769587834.238197,276.62990522384644,44,54,58,47.73,52.585,63.57,052.27,0.5412841530054635,06.643114754098356
1769587834.289786,276.6813642978668,43,55,57,47.705,52.6,63.535,052.295,0.5562841530054641,06.67811475409836
1769587834.3426518,276.73434925079346,43,55,57,47.68,52.615,63.5,052.32,0.5712841530054646,06.713114754098356
1769587834.3933508,276.7850821018219,43,55,57,47.65,52.63,63.465,052.35,0.5862841530054652,06.748114754098353
1769587834.443701,276.8354260921478,43,55,56,47.62,52.645,63.425,052.38,0.6012841530054658,06.788114754098359
1769587834.4994402,276.89098715782166,43,55,56,47.59,52.66,63.385,052.41,0.6162841530054592,06.828114754098358
1769587834.558464,276.9501392841339,43,55,56,47.56,52.675,63.34,052.44,0.6312841530054598,06.873114754098353
1769587834.611521,277.0032660961151,43,55,56,47.53,52.69,63.295,052.47,0.6462841530054604,06.9181147540983545
1769587834.662737,277.05438113212585,43,55,56,47.5,52.705,63.25,052.5,0.661284153005461,06.963114754098356
1769587834.7124019,277.1041121482849,43,55,56,47.47,52.72,63.205,052.53,0.6762841530054615,07.008114754098358
1769587834.763136,277.15482115745544,43,55,56,47.44,52.735,63.16,052.56,0.6912841530054621,07.05311475409836
1769587834.815753,277.20743131637573,42,55,55,47.405,52.75,63.11,052.595,0.7062841530054627,07.103114754098357
1769587834.8719842,277.2635021209717,42,55,55,47.37,52.765,63.06,052.63,0.7212841530054632,07.153114754098354
1769587834.933773,277.3253002166748,43,55,56,47.34,52.78,63.015,052.66,0.7362841530054638,07.198114754098356
1769587834.9870589,277.3786942958832,43,55,56,47.31,52.795,62.97,052.69,0.7512841530054644,07.243114754098357
1769587835.03772,277.429416179657,43,55,55,47.28,52.81,62.92,052.72,0.7662841530054649,07.2931147540983545
1769587835.0894022,277.4811191558838,42,55,55,47.245,52.825,62.87,052.755,0.7812841530054655,07.343114754098359
1769587835.139665,277.5313642024994,42,55,55,47.21,52.84,62.82,052.79,0.7962841530054661,07.393114754098356
1769587835.1899111,277.58158111572266,42,55,55,47.175,52.855,62.77,052.825,0.8112841530054595,07.443114754098353
1769587835.244861,277.6365842819214,42,55,55,47.14,52.87,62.72,052.86,0.8262841530054601,07.493114754098357
1769587835.295336,277.68704319000244,42,55,55,47.105,52.885,62.665,052.895,0.8412841530054607,07.548114754098357
1769587835.353319,277.74447107315063,42,55,55,47.07,52.9,62.615,052.93,0.8562841530054612,07.598114754098354
1769587835.4118242,277.8035011291504,42,55,55,47.035,52.915,62.565,052.965,0.8712841530054618,07.6481147540983585
1769587835.464362,277.8558421134949,42,56,54,47.0,52.935,62.51,053.0,0.8912841530054649,07.703114754098358
1769587835.514879,277.90658712387085,42,56,54,46.965,52.955,62.45,053.035,0.911284153005461,07.763114754098353
1769587835.564883,277.9565522670746,43,55,55,46.935,52.97,62.4,053.065,0.9262841530054615,07.813114754098358
1769587835.622804,278.014502286911,42,55,55,46.9,52.985,62.35,053.1,0.9412841530054621,07.863114754098355
1769587835.675887,278.0675492286682,42,56,54,46.865,53.005,62.29,053.135,0.9612841530054652,07.923114754098357
1769587835.725367,278.1170880794525,42,56,54,46.83,53.025,62.235,053.17,0.9812841530054612,07.978114754098357
1769587835.7761312,278.1678693294525,42,56,54,46.795,53.045,62.18,053.205,1.0012841530054644,08.033114754098357
1769587835.8305438,278.22222113609314,42,55,55,46.76,53.06,62.13,053.24,1.016284153005465,08.083114754098354
1769587835.887436,278.27902007102966,42,56,54,46.725,53.08,62.07,053.275,1.036284153005461,08.143114754098356
1769587835.943886,278.3354332447052,42,56,54,46.685,53.1,62.005,053.315,1.056284153005464,08.208114754098354
1769587836.000444,278.39199924468994,42,56,54,46.65,53.12,61.945,053.35,1.07628415300546,08.268114754098356
1769587836.053209,278.444952249527,42,56,54,46.615,53.14,61.885,053.385,1.0962841530054632,08.328114754098358
1769587836.1038332,278.49553632736206,42,56,54,46.58,53.16,61.825,053.42,1.1162841530054592,08.388114754098353
1769587836.1555269,278.547226190567,42,55,55,46.545,53.175,61.77,053.455,1.1312841530054598,08.443114754098353
1769587836.159892,278.55172300338745,42,56,54,46.51,53.195,61.71,053.49,1.151284153005463,08.503114754098355
1769587836.21283,278.6045331954956,42,56,54,46.475,53.215,61.65,053.525,1.171284153005466,08.563114754098358
1769587836.2644322,278.65601325035095,42,56,54,46.44,53.235,61.59,053.56,1.191284153005462,08.623114754098353
1769587836.317429,278.70915818214417,42,55,55,46.405,53.25,61.535,053.595,1.2062841530054627,08.67811475409836
1769587836.3687801,278.7604982852936,42,55,55,46.37,53.265,61.48,053.63,1.2212841530054632,08.73311475409836
1769587836.4201422,278.81187629699707,42,55,55,46.33,53.28,61.42,053.67,1.2362841530054638,08.793114754098355
1769587836.470807,278.8625211715698,42,55,55,46.295,53.295,61.365,053.705,1.2512841530054644,08.848114754098354
1769587836.525718,278.91738533973694,42,56,54,46.26,53.315,61.305,053.74,1.2712841530054604,08.908114754098357
1769587836.580203,278.97191405296326,42,56,54,46.22,53.335,61.24,053.78,1.2912841530054635,08.973114754098354
1769587836.63408,279.0257902145386,42,56,54,46.18,53.355,61.175,053.82,1.3112841530054595,09.038114754098359
1769587836.686379,279.07800912857056,42,56,54,46.14,53.375,61.11,053.86,1.3312841530054627,09.103114754098357
1769587836.737917,279.12954330444336,42,56,54,46.1,53.395,61.045,053.9,1.3512841530054658,09.168114754098355
1769587836.7906508,279.18232440948486,42,56,54,46.06,53.415,60.98,053.94,1.3712841530054618,09.23311475409836
1769587836.8456872,279.2373821735382,42,55,55,46.02,53.43,60.92,053.98,1.3862841530054624,09.293114754098355
1769587836.903888,279.2955322265625,42,56,55,45.98,53.45,60.86,054.02,1.4062841530054655,09.353114754098357
1769587836.9601111,279.35165333747864,42,56,54,45.94,53.47,60.8,054.06,1.4262841530054615,09.413114754098359
1769587837.011192,279.40293407440186,42,56,54,45.905,53.49,60.74,054.095,1.4462841530054646,09.473114754098354
1769587837.065771,279.4574291706085,42,56,54,45.865,53.51,60.675,054.135,1.4662841530054607,09.538114754098359
1769587837.117876,279.5096092224121,42,56,54,45.825,53.53,60.61,054.175,1.4862841530054638,09.603114754098357
1769587837.169067,279.5607452392578,41,56,53,45.785,53.55,60.545,054.215,1.5062841530054598,09.668114754098355
1769587837.226169,279.61788630485535,41,56,53,45.745,53.57,60.48,054.255,1.526284153005463,09.73311475409836
1769587837.277571,279.6693172454834,41,56,53,45.7,53.59,60.41,054.3,1.546284153005466,09.80311475409836
1769587837.329833,279.7213749885559,42,56,54,45.66,53.61,60.345,054.34,1.566284153005462,09.868114754098357
1769587837.382742,279.77432131767273,41,56,53,45.615,53.63,60.275,054.385,1.5862841530054652,09.938114754098358
1769587837.434898,279.8266062736511,41,56,53,45.57,53.65,60.205,054.43,1.6062841530054612,010.008114754098358
1769587837.4892108,279.8808913230896,41,56,53,45.53,53.67,60.14,054.47,1.6262841530054644,010.073114754098356
1769587837.5439029,279.9355261325836,41,56,53,45.49,53.69,60.075,054.51,1.6462841530054604,010.138114754098353
1769587837.594987,279.98668909072876,41,56,53,45.45,53.71,60.01,054.55,1.6662841530054635,010.203114754098358
1769587837.646838,280.0385992527008,41,56,53,45.41,53.73,59.945,054.59,1.6862841530054595,010.268114754098356
1769587837.699413,280.0911180973053,41,56,53,45.375,53.75,59.885,054.625,1.7062841530054627,010.328114754098358
1769587837.753487,280.14506816864014,41,56,53,45.34,53.77,59.83,054.66,1.7262841530054658,010.383114754098358
1769587837.805654,280.19733929634094,41,56,53,45.305,53.79,59.775,054.695,1.7462841530054618,010.438114754098358
1769587837.8616471,280.25327730178833,41,56,53,45.27,53.81,59.72,054.73,1.766284153005465,010.493114754098357
1769587837.913366,280.30506229400635,41,56,53,45.23,53.83,59.66,054.77,1.786284153005461,010.55311475409836
1769587837.966159,280.357901096344,41,56,52,45.195,53.85,59.595,054.805,1.806284153005464,010.618114754098357
1769587838.015842,280.40757417678833,41,57,52,45.16,53.875,59.535,054.84,1.8312841530054627,010.67811475409836
1769587838.0672262,280.45889115333557,41,57,52,45.125,53.9,59.475,054.875,1.8562841530054612,010.738114754098355
1769587838.1210072,280.51271414756775,41,57,52,45.09,53.925,59.415,054.91,1.8812841530054598,010.798114754098357
1769587838.1743731,280.5661041736603,41,57,52,45.055,53.95,59.35,054.945,1.9062841530054655,010.863114754098355
1769587838.2311318,280.6227750778198,41,57,52,45.015,53.975,59.28,054.985,1.931284153005464,010.933114754098355
1769587838.288865,280.68049716949463,41,56,52,44.98,53.995,59.215,055.02,1.95128415300546,010.998114754098353
1769587838.347136,280.73880910873413,41,56,52,44.945,54.015,59.155,055.055,1.9712841530054632,011.058114754098355
1769587838.402901,280.7945411205292,41,57,52,44.91,54.04,59.095,055.09,1.9962841530054618,011.118114754098357
1769587838.46107,280.8526871204376,41,57,52,44.875,54.065,59.035,055.125,2.0212841530054604,011.17811475409836
1769587838.5141308,280.90581226348877,41,57,52,44.84,54.09,58.975,055.16,2.046284153005466,011.238114754098355
1769587838.566823,280.9582462310791,41,57,51,44.805,54.11,58.915,055.195,2.066284153005462,011.298114754098357
1769587838.618695,281.0104022026062,41,57,51,44.77,54.13,58.855,055.23,2.086284153005465,011.35811475409836
1769587838.668362,281.0601100921631,41,57,51,44.735,54.155,58.79,055.265,2.111284153005464,011.423114754098357
1769587838.7213209,281.11296939849854,41,57,51,44.7,54.18,58.725,055.3,2.1362841530054624,011.488114754098355
1769587838.7731478,281.164822101593,41,57,51,44.665,54.205,58.66,055.335,2.161284153005461,011.55311475409836
1769587838.829376,281.22103810310364,41,57,52,44.63,54.23,58.6,055.37,2.1862841530054595,011.613114754098355
1769587838.891681,281.282995223999,41,57,52,44.6,54.25,58.545,055.4,2.2062841530054627,011.668114754098355
1769587838.95272,281.3443751335144,41,57,52,44.565,54.27,58.49,055.435,2.226284153005466,011.723114754098354
1769587839.0129678,281.4045202732086,41,57,52,44.53,54.295,58.43,055.47,2.2512841530054644,011.783114754098357
1769587839.068269,281.45995116233826,41,57,52,44.5,54.315,58.375,055.5,2.2712841530054604,011.838114754098356
1769587839.12366,281.51533913612366,41,57,52,44.47,54.335,58.32,055.53,2.2912841530054635,011.893114754098356
1769587839.173694,281.5653772354126,41,57,51,44.44,54.355,58.26,055.56,2.3112841530054595,011.953114754098358
1769587839.2274501,281.6191213130951,41,57,52,44.41,54.375,58.205,055.59,2.3312841530054627,012.008114754098358
1769587839.2792242,281.6709282398224,41,57,52,44.38,54.395,58.15,055.62,2.351284153005466,012.063114754098358
1769587839.3337228,281.725426197052,41,57,52,44.35,54.415,58.1,055.65,2.371284153005462,012.113114754098355
1769587839.3842099,281.7759041786194,41,57,52,44.32,54.435,58.05,055.68,2.391284153005465,012.163114754098359
1769587839.435471,281.8271322250366,41,57,52,44.29,54.455,58.0,055.71,2.411284153005461,012.213114754098356
1769587839.489175,281.88090324401855,41,57,52,44.26,54.475,57.945,055.74,2.431284153005464,012.268114754098356
1769587839.541884,281.93346118927,41,57,52,44.23,54.495,57.89,055.77,2.45128415300546,012.323114754098356
1769587839.5946398,281.98626923561096,41,57,52,44.2,54.515,57.835,055.8,2.4712841530054632,012.378114754098355
1769587839.650374,282.0419833660126,42,57,52,44.175,54.535,57.785,055.825,2.4912841530054592,012.42811475409836
1769587839.709482,282.1006073951721,41,57,52,44.145,54.555,57.735,055.855,2.5112841530054624,012.478114754098357
1769587839.7709901,282.1626431941986,41,57,52,44.115,54.575,57.685,055.885,2.5312841530054655,012.528114754098354
1769587839.825237,282.21692633628845,41,57,52,44.085,54.595,57.635,055.915,2.5512841530054615,012.578114754098358
1769587839.875381,282.2670850753784,42,57,52,44.065,54.615,57.585,055.935,2.5712841530054646,012.628114754098355
1769587839.9301639,282.321768283844,42,57,52,44.045,54.635,57.54,055.955,2.5912841530054607,012.673114754098357
1769587839.989295,282.3809802532196,41,57,52,44.02,54.655,57.49,055.98,2.611284153005464,012.723114754098354
1769587840.04606,282.4377501010895,41,57,52,43.99,54.675,57.435,056.01,2.63128415300546,012.778114754098354
1769587840.102804,282.4944043159485,42,57,52,43.965,54.695,57.385,056.035,2.651284153005463,012.828114754098358
1769587840.158369,282.55004811286926,42,57,52,43.945,54.715,57.335,056.055,2.671284153005466,012.878114754098355
1769587840.2105138,282.60218715667725,41,57,52,43.92,54.735,57.285,056.08,2.691284153005462,012.92811475409836
1769587840.2641711,282.65587520599365,42,57,52,43.9,54.755,57.235,056.1,2.711284153005465,012.978114754098357
1769587840.318122,282.7095181941986,42,57,53,43.88,54.775,57.195,056.12,2.7312841530054612,013.018114754098356
1769587840.376812,282.7683641910553,42,57,52,43.855,54.795,57.145,056.145,2.7512841530054644,013.068114754098353
1769587840.4285939,282.82029128074646,42,56,53,43.83,54.81,57.095,056.17,2.766284153005465,013.118114754098357
1769587840.481641,282.87339639663696,42,57,52,43.805,54.83,57.045,056.195,2.786284153005461,013.168114754098355
1769587840.531654,282.92329502105713,42,57,52,43.78,54.85,56.995,056.22,2.806284153005464,013.218114754098359
1769587840.58339,282.9750871658325,42,57,53,43.755,54.87,56.95,056.245,2.82628415300546,013.263114754098353
1769587840.635704,283.0273401737213,42,56,53,43.73,54.885,56.905,056.27,2.8412841530054607,013.308114754098355
1769587840.688218,283.0799491405487,42,56,53,43.705,54.9,56.86,056.295,2.8562841530054612,013.353114754098357
1769587840.740035,283.13173818588257,42,56,53,43.68,54.915,56.815,056.32,2.871284153005462,013.398114754098359
1769587840.7920902,283.18378233909607,42,56,53,43.655,54.93,56.77,056.345,2.8862841530054624,013.443114754098353
1769587840.8444412,283.23613119125366,42,56,53,43.63,54.945,56.725,056.37,2.901284153005463,013.488114754098355
1769587840.8974478,283.2891352176666,42,56,53,43.605,54.96,56.68,056.395,2.9162841530054635,013.533114754098357
1769587840.952113,283.3431510925293,42,56,53,43.58,54.975,56.635,056.42,2.931284153005464,013.578114754098358
1769587841.0049732,283.39639925956726,42,56,53,43.555,54.99,56.585,056.445,2.9462841530054646,013.628114754098355
1769587841.0108118,283.4025192260742,42,56,53,43.53,55.005,56.54,056.47,2.961284153005465,013.673114754098357
1769587841.062686,283.45431327819824,42,56,53,43.505,55.02,56.495,056.495,2.976284153005466,013.718114754098359
1769587841.114677,283.50637435913086,42,56,53,43.48,55.035,56.445,056.52,2.9912841530054592,013.768114754098356
1769587841.168879,283.5605742931366,42,56,53,43.455,55.05,56.395,056.545,3.00628415300546,013.818114754098353
1769587841.2237,283.61527013778687,42,56,53,43.43,55.065,56.345,056.57,3.0212841530054604,013.868114754098357
1769587841.279239,283.67085123062134,42,56,53,43.405,55.08,56.295,056.595,3.036284153005461,013.918114754098355
1769587841.333503,283.7252390384674,42,56,53,43.38,55.095,56.245,056.62,3.0512841530054615,013.968114754098359
1769587841.384583,283.77599835395813,42,56,53,43.355,55.11,56.195,056.645,3.066284153005462,014.018114754098356
1769587841.436584,283.82830905914307,42,56,53,43.33,55.125,56.145,056.67,3.0812841530054627,014.068114754098353
1769587841.489137,283.8808043003082,42,56,53,43.305,55.14,56.095,056.695,3.0962841530054632,014.118114754098357
1769587841.545986,283.9376142024994,42,56,53,43.28,55.155,56.045,056.72,3.111284153005464,014.168114754098355
1769587841.603893,283.9955620765686,42,56,53,43.255,55.17,55.995,056.745,3.1262841530054644,014.218114754098359
1769587841.657911,284.0495402812958,42,56,53,43.225,55.185,55.945,056.775,3.141284153005465,014.268114754098356
1769587841.7116978,284.1033310890198,42,56,53,43.195,55.2,55.895,056.805,3.1562841530054655,014.318114754098353
1769587841.760959,284.15259623527527,42,56,54,43.17,55.215,55.85,056.83,3.171284153005466,014.363114754098355
1769587841.823201,284.21467423439026,42,56,54,43.145,55.23,55.805,056.855,3.1862841530054595,014.408114754098357
1769587841.877789,284.2691493034363,42,56,54,43.12,55.245,55.76,056.88,3.20128415300546,014.453114754098358
1769587841.928187,284.31994009017944,42,56,54,43.095,55.26,55.715,056.905,3.2162841530054607,014.498114754098353
1769587841.977309,284.3689911365509,42,56,54,43.07,55.275,55.67,056.93,3.2312841530054612,014.543114754098355
1769587842.027822,284.4195430278778,42,56,54,43.045,55.29,55.625,056.955,3.246284153005462,014.588114754098356
1769587842.0809522,284.4725842475891,42,56,53,43.02,55.305,55.575,056.98,3.2612841530054624,014.638114754098353
1769587842.137263,284.5289263725281,42,56,53,42.995,55.32,55.525,057.005,3.276284153005463,014.688114754098358
1769587842.187624,284.57932901382446,42,56,54,42.965,55.34,55.475,057.035,3.296284153005466,014.738114754098355
1769587842.24064,284.6321792602539,42,56,54,42.935,55.36,55.425,057.065,3.316284153005462,014.788114754098359
1769587842.290334,284.6820333003998,42,56,54,42.905,55.375,55.38,057.095,3.3312841530054627,014.833114754098354
1769587842.3424919,284.73416113853455,42,56,54,42.88,55.39,55.335,057.12,3.3462841530054632,014.878114754098355
1769587842.40107,284.792631149292,42,56,54,42.85,55.405,55.285,057.15,3.361284153005464,014.92811475409836
1769587842.457707,284.84937620162964,42,56,54,42.825,55.42,55.24,057.175,3.3762841530054644,014.973114754098354
1769587842.510815,284.9020311832428,42,56,54,42.795,55.435,55.195,057.205,3.391284153005465,015.018114754098356
1769587842.5615392,284.9532470703125,42,56,54,42.765,55.45,55.15,057.235,3.4062841530054655,015.063114754098358
1769587842.611962,285.0036392211914,42,56,54,42.74,55.465,55.105,057.26,3.421284153005466,015.10811475409836
1769587842.664274,285.05592226982117,42,56,53,42.71,55.48,55.055,057.29,3.4362841530054595,015.158114754098357
1769587842.7200708,285.11172318458557,42,56,54,42.68,55.495,55.01,057.32,3.45128415300546,015.203114754098358
1769587842.7757702,285.16732025146484,42,56,54,42.65,55.51,54.965,057.35,3.4662841530054607,015.248114754098353
1769587842.8357918,285.2273643016815,42,56,53,42.62,55.53,54.91,057.38,3.486284153005464,015.30311475409836
1769587842.889132,285.2807891368866,42,56,53,42.59,55.55,54.855,057.41,3.50628415300546,015.35811475409836
1769587842.938004,285.3296420574188,42,56,53,42.56,55.57,54.8,057.44,3.526284153005463,015.413114754098359
1769587842.991004,285.3826560974121,42,56,54,42.53,55.59,54.75,057.47,3.546284153005466,015.463114754098356
1769587843.045522,285.43722009658813,42,56,54,42.5,55.61,54.7,057.5,3.566284153005462,015.513114754098353
1769587843.101181,285.49253129959106,42,56,53,42.47,55.63,54.645,057.53,3.586284153005465,015.568114754098353
1769587843.153219,285.5448331832886,42,56,54,42.44,55.65,54.595,057.56,3.6062841530054612,015.618114754098357
1769587843.207797,285.5994622707367,42,56,54,42.41,55.67,54.545,057.59,3.6262841530054644,015.668114754098355
1769587843.2636569,285.6552062034607,42,56,54,42.38,55.69,54.495,057.62,3.6462841530054604,015.718114754098359
1769587843.329447,285.7208812236786,42,56,54,42.35,55.705,54.45,057.65,3.661284153005461,015.763114754098353
1769587843.397442,285.7887952327728,42,56,53,42.325,55.72,54.4,057.675,3.6762841530054615,015.813114754098358
1769587843.465399,285.8569211959839,42,56,53,42.3,55.735,54.35,057.7,3.691284153005462,015.863114754098355
1769587843.560108,285.9515862464905,42,56,53,42.275,55.75,54.3,057.725,3.7062841530054627,015.913114754098359
1769587843.6212301,286.0127491950989,41,56,53,42.245,55.765,54.255,057.755,3.7212841530054632,015.958114754098354
1769587843.683179,286.0747082233429,42,56,54,42.22,55.78,54.215,057.78,3.736284153005464,015.998114754098353
1769587843.74608,286.1375722885132,41,56,53,42.19,55.795,54.17,057.81,3.7512841530054644,016.043114754098355
1769587843.801997,286.19371700286865,41,56,53,42.16,55.81,54.125,057.84,3.766284153005465,016.088114754098356
1769587843.8525891,286.24428629875183,41,56,53,42.135,55.825,54.08,057.865,3.7812841530054655,016.133114754098358
1769587843.905386,286.29711413383484,41,56,53,42.11,55.84,54.035,057.89,3.796284153005466,016.17811475409836
1769587843.96192,286.35356521606445,41,56,53,42.08,55.855,53.99,057.92,3.8112841530054595,016.223114754098354
1769587844.012842,286.4044601917267,41,56,53,42.05,55.87,53.945,057.95,3.82628415300546,016.268114754098356
1769587844.06658,286.4582872390747,41,56,53,42.02,55.885,53.9,057.98,3.8412841530054607,016.313114754098358
1769587844.117074,286.5087242126465,41,56,54,41.995,55.9,53.86,058.005,3.8562841530054612,016.353114754098357
1769587844.167309,286.5590400695801,41,56,53,41.97,55.915,53.82,058.03,3.871284153005462,016.393114754098356
1769587844.217107,286.6088352203369,41,56,53,41.95,55.925,53.79,058.05,3.88128415300546,016.423114754098357
1769587844.269136,286.66078901290894,41,56,53,41.93,55.935,53.76,058.07,3.891284153005465,016.453114754098358
1769587844.320759,286.7124752998352,41,56,53,41.91,55.945,53.725,058.09,3.901284153005463,016.488114754098355
1769587844.3748522,286.7665071487427,41,56,53,41.885,55.96,53.69,058.115,3.9162841530054635,016.52311475409836
1769587844.428128,286.8197731971741,41,56,53,41.865,55.97,53.66,058.135,3.9262841530054615,016.55311475409836
1769587844.48529,286.8769872188568,41,56,53,41.845,55.98,53.63,058.155,3.9362841530054595,016.583114754098354
1769587844.536582,286.9282922744751,41,56,53,41.825,55.99,53.6,058.175,3.9462841530054646,016.613114754098355
1769587844.586145,286.97785234451294,41,56,53,41.805,56.0,53.57,058.195,3.9562841530054627,016.643114754098356
1769587844.63936,287.030935049057,41,56,53,41.785,56.01,53.54,058.215,3.9662841530054607,016.673114754098357
1769587844.6943429,287.086097240448,41,56,53,41.77,56.02,53.51,058.23,3.976284153005466,016.703114754098358
1769587844.746206,287.1379361152649,41,56,53,41.755,56.03,53.485,058.245,3.986284153005464,016.728114754098357
1769587844.802625,287.19414615631104,41,56,54,41.74,56.04,53.465,058.26,3.996284153005462,016.748114754098353
1769587844.856415,287.2477412223816,41,56,54,41.725,56.05,53.445,058.275,4.00628415300546,016.768114754098356
1769587844.9103081,287.3020222187042,41,56,53,41.705,56.06,53.415,058.295,4.016284153005465,016.798114754098357
1769587844.9615622,287.3532910346985,41,56,53,41.69,56.07,53.39,058.31,4.026284153005463,016.823114754098356
1769587845.013212,287.4048972129822,41,56,54,41.68,56.075,53.375,058.32,4.0312841530054655,016.838114754098356
1769587845.064684,287.4564061164856,41,56,53,41.67,56.08,53.355,058.33,4.036284153005461,016.85811475409836
1769587845.116551,287.5082561969757,41,56,53,41.66,56.085,53.335,058.34,4.0412841530054635,016.878114754098355
1769587845.170024,287.56164813041687,41,56,53,41.65,56.09,53.32,058.35,4.046284153005466,016.893114754098356
1769587845.2252722,287.61698627471924,41,56,53,41.64,56.095,53.305,058.36,4.0512841530054615,016.908114754098357
1769587845.276834,287.66852021217346,41,56,53,41.63,56.1,53.29,058.37,4.056284153005464,016.923114754098357
1769587845.3288362,287.72050523757935,41,56,53,41.62,56.105,53.275,058.38,4.0612841530054595,016.938114754098358
1769587845.389448,287.78086829185486,41,56,54,41.61,56.11,53.265,058.39,4.066284153005462,016.948114754098356
1769587845.448225,287.83986830711365,41,56,54,41.6,56.115,53.255,058.4,4.071284153005465,016.958114754098354
1769587845.499994,287.89171409606934,41,56,53,41.59,56.12,53.24,058.41,4.07628415300546,016.973114754098354
1769587845.5490181,287.94072914123535,41,56,53,41.585,56.125,53.23,058.415,4.081284153005463,016.98311475409836
1769587845.599798,287.9912922382355,41,56,54,41.58,56.13,53.225,058.42,4.086284153005465,016.988114754098355
1769587845.6546218,288.04625511169434,41,56,54,41.57,56.135,53.215,058.43,4.091284153005461,016.998114754098353
1769587845.660434,288.05214524269104,41,56,53,41.56,56.14,53.2,058.44,4.096284153005463,017.013114754098353
1769587845.7105658,288.1023232936859,41,56,53,41.55,56.145,53.19,058.45,4.101284153005466,017.02311475409836
1769587845.760282,288.15198731422424,40,56,53,41.54,56.15,53.18,058.46,4.106284153005461,017.033114754098357
1769587845.8140328,288.2057092189789,41,56,54,41.535,56.155,53.175,058.465,4.111284153005464,017.03811475409836
1769587845.86934,288.26096630096436,41,56,54,41.53,56.16,53.17,058.47,4.116284153005459,017.043114754098355
1769587845.9228191,288.31434440612793,40,56,53,41.52,56.165,53.16,058.48,4.121284153005462,017.05311475409836
1769587845.972996,288.3646683692932,40,56,53,41.51,56.17,53.15,058.49,4.126284153005464,017.063114754098358
1769587846.027842,288.41952633857727,41,56,53,41.505,56.175,53.14,058.495,4.13128415300546,017.073114754098356
1769587846.079966,288.47165632247925,40,56,53,41.495,56.18,53.13,058.505,4.136284153005462,017.083114754098354
1769587846.131924,288.5234842300415,40,56,53,41.485,56.18,53.125,058.515,4.136284153005462,017.088114754098356
1769587846.192868,288.5842082500458,40,56,53,41.475,56.18,53.12,058.525,4.136284153005462,017.09311475409836
1769587846.25298,288.6445891857147,40,56,53,41.46,56.185,53.11,058.54,4.141284153005465,017.103114754098357
1769587846.308566,288.7002351284027,40,56,53,41.45,56.19,53.1,058.55,4.14628415300546,017.113114754098355
1769587846.361871,288.7536151409149,40,56,53,41.44,56.19,53.095,058.56,4.14628415300546,017.118114754098357
1769587846.412958,288.8045802116394,40,56,53,41.43,56.19,53.09,058.57,4.14628415300546,017.123114754098353
1769587846.471412,288.8630220890045,40,56,53,41.42,56.19,53.085,058.58,4.14628415300546,017.128114754098355
1769587846.526082,288.9176321029663,40,56,53,41.41,56.195,53.075,058.59,4.151284153005463,017.138114754098353
1769587846.5812328,288.9729251861572,40,56,54,41.4,56.195,53.075,058.6,4.151284153005463,017.138114754098353
1769587846.6332228,289.02492904663086,40,56,53,41.39,56.195,53.07,058.61,4.151284153005463,017.143114754098356
1769587846.68403,289.0757212638855,40,56,52,41.38,56.195,53.06,058.62,4.151284153005463,017.153114754098354
1769587846.733658,289.12538719177246,40,56,52,41.37,56.195,53.05,058.63,4.151284153005463,017.16311475409836
1769587846.786052,289.17778038978577,39,56,52,41.355,56.195,53.04,058.645,4.151284153005463,017.173114754098357
1769587846.841279,289.2329201698303,39,56,52,41.34,56.2,53.025,058.66,4.1562841530054655,017.188114754098358
1769587846.896849,289.28856229782104,40,56,52,41.33,56.2,53.015,058.67,4.1562841530054655,017.198114754098356
1769587846.949648,289.34102296829224,39,56,52,41.315,56.2,53.005,058.685,4.1562841530054655,017.208114754098354
1769587847.00225,289.3938822746277,39,56,52,41.3,56.2,52.995,058.7,4.1562841530054655,017.21811475409836
1769587847.056742,289.44840812683105,39,56,52,41.285,56.205,52.98,058.715,4.161284153005461,017.23311475409836
1769587847.113479,289.505074262619,39,56,52,41.27,56.21,52.965,058.73,4.1662841530054635,017.248114754098353
1769587847.17059,289.562260389328,39,56,52,41.255,56.215,52.95,058.745,4.171284153005466,017.263114754098353
1769587847.224246,289.6158993244171,39,56,52,41.24,56.22,52.935,058.76,4.1762841530054615,017.278114754098354
1769587847.275678,289.66736221313477,39,56,52,41.225,56.22,52.925,058.775,4.1762841530054615,017.28811475409836
1769587847.3292701,289.7208571434021,39,57,51,41.21,56.225,52.91,058.79,4.181284153005464,017.30311475409836
1769587847.384562,289.77627635002136,39,57,51,41.195,56.23,52.895,058.805,4.1862841530054595,017.318114754098353
1769587847.4375858,289.8292832374573,39,57,51,41.18,56.235,52.88,058.82,4.191284153005462,017.333114754098354
1769587847.491449,289.88312339782715,38,57,50,41.16,56.24,52.86,058.84,4.196284153005465,017.353114754098357
1769587847.544061,289.93574619293213,38,57,50,41.14,56.245,52.84,058.86,4.20128415300546,017.373114754098353
1769587847.595475,289.9870400428772,38,57,50,41.12,56.255,52.815,058.88,4.211284153005465,017.39811475409836
1769587847.6501918,290.0419111251831,38,57,51,41.1,56.26,52.795,058.9,4.216284153005461,017.418114754098355
1769587847.7039292,290.0955173969269,39,57,51,41.085,56.265,52.78,058.915,4.221284153005463,017.433114754098355
1769587847.758837,290.1505620479584,38,57,50,41.065,56.27,52.76,058.935,4.226284153005466,017.453114754098358
1769587847.812944,290.204213142395,38,57,50,41.045,56.275,52.74,058.955,4.231284153005461,017.473114754098354
1769587847.8740962,290.26565504074097,38,57,50,41.025,56.28,52.72,058.975,4.236284153005464,017.493114754098357
1769587847.9306738,290.3223171234131,38,57,50,41.01,56.285,52.705,058.99,4.241284153005459,017.508114754098358
1769587847.982284,290.37398314476013,38,57,50,40.995,56.29,52.69,059.005,4.246284153005462,017.52311475409836
1769587848.0336268,290.42531728744507,38,57,50,40.98,56.295,52.675,059.02,4.251284153005464,017.53811475409836
1769587848.0867462,290.4784502983093,37,57,49,40.955,56.3,52.65,059.045,4.25628415300546,017.563114754098358
1769587848.1402938,290.53193497657776,38,57,49,40.94,56.305,52.63,059.06,4.261284153005462,017.583114754098354
1769587848.1930492,290.58477330207825,38,57,50,40.925,56.31,52.615,059.075,4.266284153005465,017.598114754098354
1769587848.244052,290.63577127456665,38,57,50,40.91,56.315,52.6,059.09,4.27128415300546,017.613114754098355
1769587848.296623,290.6882801055908,38,57,50,40.895,56.32,52.585,059.105,4.276284153005463,017.628114754098355
1769587848.349272,290.741003036499,38,57,49,40.88,56.325,52.565,059.12,4.2812841530054655,017.64811475409836
1769587848.4015381,290.793261051178,38,57,49,40.865,56.33,52.545,059.135,4.286284153005461,017.668114754098355
1769587848.454426,290.8460671901703,38,57,49,40.85,56.335,52.525,059.15,4.2912841530054635,017.688114754098358
1769587848.460949,290.8526110649109,38,57,50,40.835,56.34,52.51,059.165,4.296284153005466,017.703114754098358
1769587848.5179021,290.90941619873047,39,57,51,40.825,56.345,52.5,059.175,4.3012841530054615,017.713114754098356
1769587848.577069,290.96877217292786,39,57,50,40.815,56.35,52.485,059.185,4.306284153005464,017.728114754098357
1769587848.62891,291.0205943584442,38,57,50,40.8,56.355,52.47,059.2,4.3112841530054595,017.743114754098357
1769587848.6792378,291.0709192752838,38,57,50,40.785,56.36,52.46,059.215,4.316284153005462,017.753114754098355
1769587848.729864,291.12156534194946,38,57,50,40.77,56.36,52.45,059.23,4.316284153005462,017.763114754098353
1769587848.7828789,291.174485206604,38,57,50,40.755,56.36,52.44,059.245,4.316284153005462,017.77311475409836
1769587848.839873,291.2315330505371,38,57,50,40.74,56.36,52.43,059.26,4.316284153005462,017.783114754098357
1769587848.891372,291.28307723999023,38,57,50,40.725,56.36,52.42,059.275,4.316284153005462,017.793114754098355
1769587848.940427,291.33216738700867,38,57,50,40.71,56.36,52.41,059.29,4.316284153005462,017.80311475409836
1769587848.991922,291.3836271762848,38,57,50,40.695,56.365,52.4,059.305,4.321284153005465,017.813114754098358
1769587849.04179,291.43352127075195,39,57,50,40.685,56.37,52.39,059.315,4.32628415300546,017.823114754098356
1769587849.0925472,291.4842631816864,39,57,50,40.675,56.37,52.38,059.325,4.32628415300546,017.833114754098354
1769587849.145797,291.53748512268066,39,57,50,40.665,56.37,52.37,059.335,4.32628415300546,017.84311475409836
1769587849.200414,291.59164810180664,39,57,50,40.655,56.37,52.36,059.345,4.32628415300546,017.853114754098357
1769587849.2562282,291.6477541923523,39,57,51,40.645,56.37,52.36,059.355,4.32628415300546,017.853114754098357
1769587849.3105621,291.70212030410767,39,57,51,40.635,56.37,52.36,059.365,4.32628415300546,017.853114754098357
1769587849.3669682,291.758394241333,39,57,50,40.625,56.37,52.355,059.375,4.32628415300546,017.85811475409836
1769587849.430687,291.8218512535095,39,57,50,40.615,56.37,52.35,059.385,4.32628415300546,017.863114754098355
1769587849.485041,291.87672114372253,39,57,50,40.605,56.37,52.345,059.395,4.32628415300546,017.868114754098357
1769587849.5365288,291.92817735671997,39,57,51,40.595,56.37,52.34,059.405,4.32628415300546,017.873114754098353
1769587849.590826,291.98251128196716,39,57,51,40.585,56.37,52.335,059.415,4.32628415300546,017.878114754098355
1769587849.6415842,292.03326630592346,39,57,50,40.575,56.37,52.325,059.425,4.32628415300546,017.888114754098353
1769587849.697935,292.0896110534668,39,57,51,40.565,56.37,52.32,059.435,4.32628415300546,017.893114754098356
1769587849.753525,292.14516615867615,39,57,51,40.555,56.37,52.315,059.445,4.32628415300546,017.89811475409836
1769587849.8056479,292.1972212791443,39,57,51,40.545,56.37,52.31,059.455,4.32628415300546,017.903114754098354
1769587849.8603232,292.25190234184265,39,57,51,40.535,56.37,52.31,059.465,4.32628415300546,017.903114754098354
1769587849.915222,292.3068962097168,39,57,51,40.525,56.37,52.305,059.475,4.32628415300546,017.908114754098357
1769587849.967733,292.35946011543274,39,57,51,40.515,56.37,52.3,059.485,4.32628415300546,017.91311475409836
1769587850.0197551,292.4114372730255,39,57,51,40.505,56.37,52.295,059.495,4.32628415300546,017.918114754098355
1769587850.073929,292.46528935432434,39,57,51,40.495,56.37,52.29,059.505,4.32628415300546,017.923114754098357
1769587850.1326752,292.5240972042084,39,57,51,40.485,56.37,52.285,059.515,4.32628415300546,017.92811475409836
1769587850.189759,292.5812900066376,39,57,50,40.475,56.37,52.275,059.525,4.32628415300546,017.938114754098358
1769587850.243854,292.63526034355164,39,57,50,40.465,56.37,52.265,059.535,4.32628415300546,017.948114754098356
1769587850.296164,292.68783020973206,39,57,51,40.455,56.37,52.26,059.545,4.32628415300546,017.953114754098358
1769587850.349119,292.74081325531006,40,57,51,40.445,56.37,52.255,059.555,4.32628415300546,017.958114754098354
1769587850.4011142,292.7927072048187,39,57,51,40.435,56.37,52.25,059.565,4.32628415300546,017.963114754098356
1769587850.455442,292.84704208374023,39,57,50,40.425,56.37,52.24,059.575,4.32628415300546,017.973114754098354
1769587850.510207,292.9017472267151,39,57,51,40.415,56.37,52.235,059.585,4.32628415300546,017.978114754098357
1769587850.5599518,292.95161604881287,39,57,51,40.4,56.37,52.23,059.6,4.32628415300546,017.98311475409836
1769587850.6106958,293.0023491382599,39,57,51,40.385,56.37,52.225,059.615,4.32628415300546,017.988114754098355
1769587850.668722,293.0603802204132,39,57,51,40.375,56.37,52.22,059.625,4.32628415300546,017.993114754098357
1769587850.7232609,293.1149203777313,39,57,51,40.365,56.37,52.215,059.635,4.32628415300546,017.998114754098353
1769587850.7734652,293.16518330574036,39,57,50,40.35,56.37,52.205,059.65,4.32628415300546,018.008114754098358
1769587850.8266602,293.2183051109314,39,57,50,40.335,56.37,52.195,059.665,4.32628415300546,018.018114754098356
1769587850.882737,293.2743673324585,39,57,51,40.325,56.37,52.19,059.675,4.32628415300546,018.02311475409836
1769587850.937103,293.3287932872772,40,57,51,40.315,56.37,52.185,059.685,4.32628415300546,018.028114754098354
1769587850.9923398,293.3839831352234,39,57,50,40.3,56.37,52.17,059.7,4.32628415300546,018.043114754098355
1769587851.050723,293.4421954154968,39,57,50,40.285,56.37,52.16,059.715,4.32628415300546,018.05311475409836
1769587851.1081579,293.49983835220337,39,57,50,40.27,56.375,52.145,059.73,4.331284153005463,018.068114754098353
1769587851.16144,293.5529053211212,39,57,51,40.255,56.375,52.14,059.745,4.331284153005463,018.073114754098356
1769587851.21055,293.6021692752838,39,57,50,40.24,56.375,52.13,059.76,4.331284153005463,018.083114754098354
1769587851.267045,293.6586980819702,39,57,50,40.225,56.375,52.115,059.775,4.331284153005463,018.098114754098354
1769587851.317013,293.70872616767883,39,57,50,40.21,56.38,52.1,059.79,4.336284153005465,018.113114754098355
1769587851.3697011,293.7612133026123,39,57,50,40.195,56.385,52.085,059.805,4.341284153005461,018.128114754098355
1769587851.431318,293.8228862285614,39,57,50,40.18,56.39,52.07,059.82,4.346284153005463,018.143114754098356
1769587851.486795,293.8785090446472,39,57,50,40.165,56.395,52.055,059.835,4.351284153005466,018.158114754098357
1769587851.539264,293.93062829971313,39,57,50,40.15,56.4,52.04,059.85,4.356284153005461,018.173114754098357
1769587851.597147,293.9886453151703,39,57,50,40.135,56.405,52.025,059.865,4.361284153005464,018.188114754098358
1769587851.663192,294.0545253753662,39,57,50,40.12,56.41,52.01,059.88,4.366284153005459,018.203114754098358
1769587851.730827,294.1223452091217,39,57,50,40.105,56.415,51.995,059.895,4.371284153005462,018.21811475409836
1769587851.8109188,294.2024612426758,39,57,50,40.09,56.42,51.98,059.91,4.376284153005464,018.23311475409836
1769587851.874917,294.2663083076477,39,57,50,40.075,56.425,51.965,059.925,4.38128415300546,018.248114754098353
1769587851.9363542,294.3279790878296,39,57,51,40.06,56.43,51.955,059.94,4.386284153005462,018.258114754098358
1769587851.9885561,294.38027906417847,39,57,51,40.045,56.435,51.945,059.955,4.391284153005465,018.268114754098356
1769587852.03615,294.4277801513672,39,57,50,40.03,56.44,51.93,059.97,4.39628415300546,018.283114754098357
1769587852.087048,294.4787163734436,39,57,51,40.015,56.445,51.92,059.985,4.401284153005463,018.293114754098355
1769587852.1384552,294.5300612449646,39,57,51,40.0,56.45,51.91,060.0,4.4062841530054655,018.30311475409836
1769587852.190589,294.58228611946106,39,57,50,39.985,56.455,51.895,060.015,4.411284153005461,018.318114754098353
1769587852.2448,294.6364233493805,39,57,50,39.97,56.46,51.88,060.03,4.4162841530054635,018.333114754098354
1769587852.303794,294.69536113739014,39,57,50,39.955,56.465,51.865,060.045,4.421284153005466,018.348114754098354
1769587852.309566,294.7012982368469,39,57,50,39.94,56.47,51.85,060.06,4.4262841530054615,018.363114754098355
1769587852.363868,294.75555419921875,39,57,50,39.925,56.475,51.835,060.075,4.431284153005464,018.378114754098355
1769587852.41942,294.81115531921387,39,57,50,39.91,56.48,51.82,060.09,4.4362841530054595,018.393114754098356
1769587852.4695098,294.86113834381104,39,57,50,39.895,56.485,51.805,060.105,4.441284153005462,018.408114754098357
1769587852.5217578,294.9134290218353,39,57,51,39.88,56.49,51.79,060.12,4.446284153005465,018.423114754098357
1769587852.578998,294.9706072807312,39,57,51,39.865,56.495,51.775,060.135,4.45128415300546,018.438114754098358
1769587852.632682,295.0243601799011,39,57,51,39.85,56.5,51.76,060.15,4.456284153005463,018.453114754098358
1769587852.687215,295.07888317108154,39,57,51,39.835,56.505,51.745,060.165,4.461284153005465,018.46811475409836
1769587852.738844,295.13052916526794,39,57,51,39.82,56.51,51.73,060.18,4.466284153005461,018.48311475409836
1769587852.791588,295.18327927589417,39,57,50,39.805,56.515,51.71,060.195,4.471284153005463,018.503114754098355
1769587852.8445911,295.23614621162415,39,57,50,39.79,56.52,51.695,060.21,4.476284153005466,018.518114754098356
1769587852.907737,295.29890418052673,39,57,51,39.775,56.525,51.685,060.225,4.481284153005461,018.528114754098354
1769587852.964104,295.35584831237793,39,57,51,39.76,56.53,51.67,060.24,4.486284153005464,018.543114754098355
1769587853.013808,295.405503988266,39,57,51,39.745,56.535,51.655,060.255,4.491284153005459,018.558114754098355
1769587853.0629141,295.4546082019806,39,57,51,39.73,56.54,51.64,060.27,4.496284153005462,018.573114754098356
1769587853.1137002,295.50526309013367,39,57,51,39.715,56.545,51.625,060.285,4.501284153005464,018.588114754098356
1769587853.1660779,295.5577600002289,39,57,51,39.7,56.55,51.61,060.3,4.50628415300546,018.603114754098357
1769587853.219127,295.61069917678833,39,57,51,39.685,56.555,51.595,060.315,4.511284153005462,018.618114754098357
1769587853.270587,295.66230034828186,39,57,51,39.67,56.56,51.58,060.33,4.516284153005465,018.633114754098358
1769587853.321147,295.7128722667694,39,57,51,39.655,56.565,51.565,060.345,4.52128415300546,018.64811475409836
1769587853.376021,295.7676811218262,39,57,51,39.64,56.57,51.55,060.36,4.526284153005463,018.66311475409836
1769587853.42727,295.81897711753845,40,57,52,39.63,56.575,51.545,060.37,4.5312841530054655,018.668114754098355
1769587853.4793642,295.87090730667114,40,56,52,39.62,56.575,51.535,060.38,4.5312841530054655,018.67811475409836
1769587853.532248,295.9239113330841,40,57,51,39.61,56.58,51.52,060.39,4.536284153005461,018.693114754098353
1769587853.5902028,295.9817373752594,40,57,51,39.6,56.585,51.51,060.4,4.5412841530054635,018.703114754098358
1769587853.651063,296.0427083969116,40,57,52,39.59,56.59,51.505,060.41,4.546284153005466,018.708114754098354
1769587853.706777,296.09834718704224,39,57,51,39.575,56.595,51.495,060.425,4.5512841530054615,018.71811475409836
1769587853.765766,296.1573603153229,39,57,51,39.56,56.6,51.48,060.44,4.556284153005464,018.73311475409836
1769587853.823224,296.2148611545563,40,56,52,39.55,56.6,51.47,060.45,4.556284153005464,018.743114754098357
1769587853.873354,296.2651090621948,40,56,52,39.54,56.6,51.465,060.46,4.556284153005464,018.748114754098353
1769587853.9212859,296.3129153251648,40,57,52,39.53,56.605,51.455,060.47,4.5612841530054595,018.758114754098358
1769587853.97107,296.36269426345825,40,57,52,39.52,56.61,51.445,060.48,4.566284153005462,018.768114754098356
1769587854.020442,296.41219115257263,40,56,52,39.51,56.61,51.435,060.49,4.566284153005462,018.778114754098354
1769587854.06816,296.4598231315613,40,56,52,39.5,56.61,51.425,060.5,4.566284153005462,018.78811475409836
1769587854.1181,296.5097804069519,40,56,52,39.49,56.61,51.42,060.51,4.566284153005462,018.793114754098355
1769587854.1702678,296.5619421005249,39,57,51,39.475,56.615,51.41,060.525,4.571284153005465,018.80311475409836
1769587854.223976,296.6154763698578,39,57,51,39.46,56.62,51.4,060.54,4.57628415300546,018.813114754098358
1769587854.2865589,296.6775941848755,40,56,52,39.455,56.62,51.395,060.545,4.57628415300546,018.818114754098353
1769587854.341067,296.7327370643616,40,56,52,39.445,56.62,51.385,060.555,4.57628415300546,018.828114754098358
1769587854.399282,296.79083228111267,41,56,53,39.445,56.62,51.385,060.555,4.57628415300546,018.828114754098358
1769587854.451807,296.84341526031494,40,56,53,39.44,56.62,51.385,060.56,4.57628415300546,018.828114754098358
1769587854.503059,296.89467906951904,40,56,52,39.435,56.62,51.38,060.565,4.57628415300546,018.833114754098354
1769587854.559472,296.9511570930481,40,56,52,39.43,56.62,51.375,060.57,4.57628415300546,018.838114754098356
1769587854.611615,297.0033302307129,40,57,52,39.425,56.625,51.37,060.575,4.581284153005463,018.84311475409836
1769587854.664733,297.05635619163513,40,56,52,39.42,56.625,51.365,060.58,4.581284153005463,018.848114754098354
1769587854.7164302,297.1080641746521,40,56,52,39.415,56.625,51.36,060.585,4.581284153005463,018.853114754098357
1769587854.769907,297.1615631580353,40,56,52,39.41,56.625,51.35,060.59,4.581284153005463,018.863114754098355
1769587854.8233962,297.21506929397583,40,57,51,39.405,56.63,51.34,060.595,4.586284153005465,018.873114754098353
1769587854.8764758,297.2681682109833,40,57,51,39.4,56.635,51.33,060.6,4.591284153005461,018.883114754098358
1769587854.9279768,297.319527387619,40,57,51,39.395,56.64,51.32,060.605,4.596284153005463,018.893114754098356
1769587854.97949,297.37123107910156,40,57,51,39.39,56.645,51.31,060.61,4.601284153005466,018.903114754098354
1769587855.0290601,297.4207570552826,40,57,51,39.385,56.65,51.3,060.615,4.606284153005461,018.91311475409836
1769587855.077905,297.46960520744324,40,57,51,39.38,56.655,51.29,060.62,4.611284153005464,018.923114754098357
1769587855.128754,297.5204691886902,40,57,51,39.375,56.66,51.28,060.625,4.616284153005459,018.933114754098355
1769587855.179994,297.57168412208557,39,57,51,39.365,56.665,51.27,060.635,4.621284153005462,018.943114754098353
1769587855.230314,297.6220381259918,39,57,51,39.355,56.67,51.26,060.645,4.626284153005464,018.953114754098358
1769587855.2857962,297.67743825912476,39,57,51,39.345,56.675,51.25,060.655,4.63128415300546,018.963114754098356
1769587855.343186,297.73487615585327,39,57,51,39.335,56.68,51.24,060.665,4.636284153005462,018.973114754098354
1769587855.394144,297.78583335876465,39,57,51,39.325,56.685,51.23,060.675,4.641284153005465,018.98311475409836
1769587855.4438322,297.83547925949097,39,57,51,39.315,56.69,51.215,060.685,4.64628415300546,018.998114754098353
1769587855.491264,297.882954120636,39,57,51,39.305,56.695,51.2,060.695,4.651284153005463,019.013114754098353
1769587855.5430112,297.9346339702606,39,57,51,39.295,56.7,51.19,060.705,4.6562841530054655,019.02311475409836
1769587855.599767,297.9913773536682,39,57,50,39.285,56.705,51.175,060.715,4.661284153005461,019.03811475409836
1769587855.652121,298.04381799697876,39,57,51,39.275,56.71,51.16,060.725,4.6662841530054635,019.05311475409836
1769587855.7050939,298.09682631492615,39,57,50,39.265,56.715,51.145,060.735,4.671284153005466,019.068114754098353
1769587855.759821,298.15155935287476,39,57,50,39.255,56.72,51.13,060.745,4.6762841530054615,019.083114754098354
1769587855.811168,298.20262241363525,39,57,50,39.245,56.725,51.115,060.755,4.681284153005464,019.098114754098354
1769587855.86242,298.2540910243988,39,57,50,39.235,56.73,51.1,060.765,4.6862841530054595,019.113114754098355
1769587855.913821,298.30553221702576,38,57,49,39.22,56.735,51.08,060.78,4.691284153005462,019.133114754098358
1769587855.9652638,298.35695719718933,38,58,49,39.205,56.745,51.06,060.795,4.70128415300546,019.153114754098354
1769587856.017141,298.40879225730896,39,57,50,39.195,56.75,51.04,060.805,4.706284153005463,019.173114754098357
1769587856.0712562,298.4629502296448,40,57,51,39.19,56.755,51.025,060.81,4.711284153005465,019.188114754098358
1769587856.124098,298.51579427719116,39,57,50,39.18,56.76,51.01,060.82,4.716284153005461,019.203114754098358
1769587856.183949,298.5755183696747,39,57,50,39.17,56.765,50.995,060.83,4.721284153005463,019.21811475409836
1769587856.239329,298.63100028038025,39,57,50,39.16,56.77,50.975,060.84,4.726284153005466,019.238114754098355
1769587856.2902899,298.68198919296265,39,57,50,39.15,56.775,50.955,060.85,4.731284153005461,019.258114754098358
1769587856.344933,298.736545085907,39,57,50,39.14,56.78,50.94,060.86,4.736284153005464,019.27311475409836
1769587856.405632,298.79719400405884,39,57,51,39.13,56.785,50.93,060.87,4.741284153005459,019.283114754098357
1769587856.4649029,298.8564684391022,40,57,51,39.13,56.79,50.92,060.87,4.746284153005462,019.293114754098355
1769587856.523944,298.9155330657959,39,57,51,39.12,56.795,50.905,060.88,4.751284153005464,019.308114754098355
1769587856.584359,298.97589921951294,39,57,50,39.11,56.8,50.885,060.89,4.75628415300546,019.328114754098358
1769587856.6374972,299.02922010421753,39,57,51,39.105,56.805,50.875,060.895,4.761284153005462,019.338114754098356
1769587856.688461,299.0801782608032,39,57,51,39.1,56.81,50.865,060.9,4.766284153005465,019.348114754098354
1769587856.743443,299.13517117500305,39,57,51,39.09,56.815,50.855,060.91,4.77128415300546,019.35811475409836
1769587856.795416,299.1869173049927,39,57,51,39.085,56.82,50.845,060.915,4.776284153005463,019.368114754098357
1769587856.845647,299.23733401298523,39,57,51,39.08,56.825,50.835,060.92,4.7812841530054655,019.378114754098355
1769587856.9022238,299.2938451766968,39,57,50,39.075,56.83,50.82,060.925,4.786284153005461,019.393114754098356
1769587856.9599419,299.35164642333984,39,57,50,39.07,56.835,50.805,060.93,4.7912841530054635,019.408114754098357
1769587857.011759,299.40345525741577,40,57,51,39.07,56.84,50.795,060.93,4.796284153005466,019.418114754098355
1769587857.061482,299.45304131507874,40,57,51,39.07,56.845,50.785,060.93,4.8012841530054615,019.42811475409836
1769587857.1120389,299.50373244285583,39,57,50,39.065,56.85,50.77,060.935,4.806284153005464,019.443114754098353
1769587857.1655118,299.5571722984314,39,57,51,39.06,56.855,50.76,060.94,4.8112841530054595,019.453114754098358
1769587857.218998,299.6106963157654,39,57,51,39.055,56.86,50.75,060.945,4.816284153005462,019.463114754098356
1769587857.273105,299.664763212204,39,57,51,39.05,56.865,50.735,060.95,4.821284153005465,019.478114754098357
1769587857.3265631,299.7182493209839,39,57,51,39.045,56.87,50.725,060.955,4.82628415300546,019.488114754098355
1769587857.378491,299.77024102211,40,57,51,39.045,56.875,50.72,060.955,4.831284153005463,019.493114754098357
1769587857.429353,299.8210461139679,39,57,51,39.04,56.88,50.715,060.96,4.836284153005465,019.498114754098353
1769587857.480957,299.87256503105164,39,57,50,39.04,56.885,50.705,060.96,4.841284153005461,019.508114754098358
1769587857.532494,299.92418098449707,39,57,50,39.04,56.89,50.695,060.96,4.846284153005463,019.518114754098356
1769587857.588906,299.9805021286011,39,57,51,39.035,56.895,50.69,060.965,4.851284153005466,019.52311475409836
1769587857.6458418,300.0374960899353,39,57,50,39.035,56.9,50.68,060.965,4.856284153005461,019.533114754098357
1769587857.6983922,300.09011030197144,39,57,50,39.035,56.905,50.67,060.965,4.861284153005464,019.543114754098355
1769587857.751861,300.14357018470764,39,57,50,39.035,56.91,50.66,060.965,4.866284153005459,019.55311475409836
1769587857.805702,300.1973900794983,39,57,50,39.035,56.915,50.65,060.965,4.871284153005462,019.563114754098358
1769587857.863254,300.25488114356995,39,57,50,39.035,56.92,50.64,060.965,4.876284153005464,019.573114754098356
1769587857.918064,300.30954909324646,39,57,51,39.035,56.925,50.635,060.965,4.88128415300546,019.578114754098358
1769587857.97203,300.36368322372437,40,57,51,39.04,56.93,50.63,060.96,4.886284153005462,019.583114754098354
1769587858.0286028,300.4202561378479,39,57,50,39.04,56.93,50.625,060.96,4.886284153005462,019.588114754098356
1769587858.0812101,300.47288608551025,38,57,50,39.035,56.93,50.62,060.965,4.886284153005462,019.59311475409836
1769587858.1321468,300.52387714385986,39,57,50,39.035,56.93,50.615,060.965,4.886284153005462,019.598114754098354
1769587858.187755,300.5792672634125,39,57,50,39.04,56.93,50.615,060.96,4.886284153005462,019.598114754098354
1769587858.23938,300.6310923099518,39,57,50,39.045,56.93,50.615,060.955,4.886284153005462,019.598114754098354
1769587858.291144,300.6827793121338,39,57,50,39.05,56.93,50.615,060.95,4.886284153005462,019.598114754098354
1769587858.342433,300.7341191768646,39,57,50,39.055,56.93,50.61,060.945,4.886284153005462,019.603114754098357
1769587858.396947,300.78861904144287,39,57,50,39.055,56.93,50.605,060.945,4.886284153005462,019.60811475409836
1769587858.4477,300.8393783569336,39,57,50,39.06,56.93,50.605,060.94,4.886284153005462,019.60811475409836
1769587858.498404,300.89013719558716,38,57,50,39.06,56.93,50.605,060.94,4.886284153005462,019.60811475409836
1769587858.548817,300.94045901298523,38,58,49,39.06,56.935,50.6,060.94,4.891284153005465,019.613114754098355
1769587858.599493,300.9912130832672,38,58,49,39.06,56.94,50.595,060.94,4.89628415300546,019.618114754098357
1769587858.650451,301.0421550273895,38,57,49,39.06,56.94,50.59,060.94,4.89628415300546,019.623114754098353
1769587858.703588,301.0952911376953,38,58,49,39.06,56.945,50.585,060.94,4.901284153005463,019.628114754098355
1769587858.710062,301.1018123626709,38,58,49,39.065,56.95,50.585,060.935,4.9062841530054655,019.628114754098355
1769587858.764247,301.15585827827454,38,58,49,39.065,56.955,50.585,060.935,4.911284153005461,019.628114754098355
1769587858.818902,301.21059107780457,38,58,49,39.065,56.96,50.58,060.935,4.9162841530054635,019.633114754098358
1769587858.8701801,301.2618591785431,38,58,49,39.065,56.965,50.575,060.935,4.921284153005466,019.638114754098353
1769587858.922741,301.3144292831421,38,58,49,39.065,56.97,50.57,060.935,4.9262841530054615,019.643114754098356
1769587858.9733381,301.3650212287903,38,58,49,39.065,56.975,50.57,060.935,4.931284153005464,019.643114754098356
1769587859.02475,301.4163851737976,38,58,49,39.065,56.98,50.57,060.935,4.9362841530054595,019.643114754098356
1769587859.073953,301.4656791687012,38,58,48,39.065,56.985,50.565,060.935,4.941284153005462,019.64811475409836
1769587859.1239748,301.5156342983246,38,58,48,39.065,56.99,50.555,060.935,4.946284153005465,019.658114754098357
1769587859.177419,301.5689401626587,38,58,48,39.06,56.995,50.54,060.94,4.95128415300546,019.673114754098357
1769587859.236314,301.6276910305023,38,58,49,39.055,57.0,50.535,060.945,4.956284153005463,019.67811475409836
1769587859.293155,301.6847381591797,37,58,48,39.05,57.005,50.525,060.95,4.961284153005465,019.688114754098358
1769587859.3448162,301.7365040779114,37,58,48,39.045,57.01,50.515,060.955,4.966284153005461,019.698114754098356
1769587859.397056,301.78877902030945,38,58,49,39.045,57.015,50.51,060.955,4.971284153005463,019.703114754098358
1769587859.447742,301.83941411972046,38,58,48,39.045,57.02,50.5,060.955,4.976284153005466,019.713114754098356
1769587859.498237,301.8899803161621,37,58,48,39.04,57.025,50.49,060.96,4.981284153005461,019.723114754098354
1769587859.5516632,301.9433243274689,38,58,49,39.04,57.03,50.485,060.96,4.986284153005464,019.728114754098357
1769587859.6051068,301.9968001842499,38,58,48,39.04,57.035,50.475,060.96,4.991284153005459,019.738114754098355
1769587859.660727,302.05197525024414,37,58,48,39.035,57.04,50.465,060.965,4.996284153005462,019.748114754098353
1769587859.712064,302.10374331474304,38,58,49,39.03,57.045,50.46,060.97,5.001284153005464,019.753114754098355
1769587859.7665632,302.1582291126251,38,58,49,39.025,57.05,50.455,060.975,5.00628415300546,019.758114754098358
1769587859.82094,302.212678194046,38,58,49,39.02,57.055,50.45,060.98,5.011284153005462,019.763114754098353
1769587859.872909,302.2646253108978,38,58,48,39.015,57.06,50.44,060.985,5.016284153005465,019.77311475409836
1769587859.9219599,302.3133981227875,38,58,48,39.01,57.065,50.425,060.99,5.02128415300546,019.78811475409836
1769587859.972544,302.36427116394043,37,58,48,39.0,57.07,50.41,061.0,5.026284153005463,019.80311475409836
1769587860.031446,302.422696352005,37,58,48,38.99,57.075,50.4,061.01,5.0312841530054655,019.813114754098358
1769587860.0893812,302.4809992313385,38,58,49,38.985,57.08,50.395,061.015,5.036284153005461,019.818114754098353
1769587860.146928,302.5385971069336,38,58,49,38.98,57.085,50.39,061.02,5.0412841530054635,019.823114754098356
1769587860.198913,302.59063720703125,37,58,48,38.97,57.09,50.375,061.03,5.046284153005466,019.838114754098356
1769587860.25179,302.6434371471405,38,58,48,38.965,57.095,50.36,061.035,5.0512841530054615,019.853114754098357
1769587860.308932,302.70030426979065,38,58,49,38.96,57.1,50.355,061.04,5.056284153005464,019.85811475409836
1769587860.3650408,302.7566924095154,38,58,49,38.955,57.105,50.345,061.045,5.0612841530054595,019.868114754098357
1769587860.415203,302.8068811893463,37,58,49,38.945,57.11,50.335,061.055,5.066284153005462,019.878114754098355
1769587860.466038,302.857723236084,38,58,49,38.94,57.115,50.325,061.06,5.071284153005465,019.888114754098353
1769587860.519338,302.91087913513184,38,58,49,38.935,57.12,50.315,061.065,5.07628415300546,019.89811475409836
1769587860.5723488,302.96403312683105,38,58,49,38.93,57.125,50.305,061.07,5.081284153005463,019.908114754098357
1769587860.624767,303.01642417907715,38,58,49,38.925,57.13,50.295,061.075,5.086284153005465,019.918114754098355
1769587860.678123,303.0696711540222,38,58,49,38.92,57.135,50.285,061.08,5.091284153005461,019.92811475409836
1769587860.732618,303.1242961883545,38,58,49,38.915,57.14,50.275,061.085,5.096284153005463,019.938114754098358
1769587860.785054,303.17677330970764,38,58,49,38.91,57.145,50.265,061.09,5.101284153005466,019.948114754098356
1769587860.83726,303.2289171218872,38,58,49,38.905,57.15,50.26,061.095,5.106284153005461,019.953114754098358
1769587860.893464,303.28514409065247,38,58,49,38.9,57.155,50.255,061.1,5.111284153005464,019.958114754098354
1769587860.9445581,303.33626532554626,38,58,49,38.895,57.16,50.245,061.105,5.116284153005459,019.96811475409836
1769587860.9968581,303.3885672092438,38,58,49,38.885,57.165,50.235,061.115,5.121284153005462,019.978114754098357
1769587861.048552,303.44022822380066,38,58,49,38.88,57.17,50.225,061.12,5.126284153005464,019.988114754098355
1769587861.1021461,303.4938201904297,38,58,49,38.875,57.175,50.22,061.125,5.13128415300546,019.993114754098357
1769587861.1548889,303.54657530784607,38,58,49,38.87,57.18,50.21,061.13,5.136284153005462,020.003114754098355
1769587861.2104168,303.6021361351013,38,58,49,38.865,57.185,50.2,061.135,5.141284153005465,020.013114754098353
1769587861.259709,303.6513993740082,38,58,49,38.86,57.19,50.19,061.14,5.14628415300546,020.02311475409836
1769587861.309365,303.70110535621643,38,58,49,38.855,57.195,50.18,061.145,5.151284153005463,020.033114754098357
1769587861.363111,303.7547514438629,38,58,49,38.85,57.2,50.17,061.15,5.1562841530054655,020.043114754098355
1769587861.416801,303.8083562850952,38,58,49,38.845,57.205,50.165,061.155,5.161284153005461,020.048114754098357
1769587861.4686038,303.8602991104126,38,58,49,38.84,57.21,50.16,061.16,5.1662841530054635,020.05311475409836
1769587861.5223308,303.91403698921204,38,58,49,38.835,57.215,50.15,061.165,5.171284153005466,020.063114754098358
1769587861.575586,303.9673054218292,38,58,49,38.825,57.22,50.14,061.175,5.1762841530054615,020.073114754098356
1769587861.626185,304.01782035827637,38,58,49,38.82,57.225,50.135,061.18,5.181284153005464,020.078114754098358
1769587861.6767612,304.06848216056824,38,58,49,38.815,57.23,50.13,061.185,5.1862841530054595,020.083114754098354
1769587861.7286751,304.1203091144562,38,58,48,38.81,57.235,50.12,061.19,5.191284153005462,020.09311475409836
1769587861.784301,304.1759731769562,37,58,48,38.8,57.24,50.105,061.2,5.196284153005465,020.10811475409836
1769587861.836025,304.2277030944824,38,58,49,38.795,57.245,50.1,061.205,5.20128415300546,020.113114754098355
1769587861.889152,304.2808303833008,38,58,49,38.79,57.25,50.095,061.21,5.206284153005463,020.118114754098357
1769587861.94158,304.33326625823975,37,58,48,38.78,57.255,50.085,061.22,5.211284153005465,020.128114754098355
1769587861.9975848,304.3891952037811,38,58,49,38.775,57.26,50.08,061.225,5.216284153005461,020.133114754098358
1769587862.049603,304.4410490989685,38,58,48,38.77,57.265,50.07,061.23,5.221284153005463,020.143114754098356
1769587862.100003,304.49165320396423,37,58,48,38.76,57.27,50.06,061.24,5.226284153005466,020.153114754098354
1769587862.152607,304.54429817199707,37,58,48,38.75,57.275,50.05,061.25,5.231284153005461,020.16311475409836
1769587862.203764,304.5951511859894,37,58,48,38.74,57.28,50.04,061.26,5.236284153005464,020.173114754098357
1769587862.209806,304.60149931907654,37,58,48,38.73,57.285,50.03,061.27,5.241284153005459,020.183114754098355
1769587862.263683,304.6552631855011,37,58,48,38.72,57.29,50.02,061.28,5.246284153005462,020.193114754098353
1769587862.3248918,304.71642422676086,37,58,48,38.71,57.295,50.01,061.29,5.251284153005464,020.203114754098358
1769587862.387296,304.77871108055115,37,58,48,38.7,57.3,50.0,061.3,5.25628415300546,020.213114754098356
1769587862.44357,304.8352560997009,37,58,47,38.69,57.305,49.98,061.31,5.261284153005462,020.23311475409836
1769587862.4922822,304.88401317596436,37,58,48,38.68,57.31,49.965,061.32,5.266284153005465,020.248114754098353
1769587862.540024,304.93170833587646,37,58,48,38.67,57.315,49.955,061.33,5.27128415300546,020.258114754098358
1769587862.590535,304.98220109939575,37,58,48,38.66,57.32,49.94,061.34,5.276284153005463,020.27311475409836
1769587862.65151,305.04308819770813,37,58,48,38.65,57.325,49.925,061.35,5.2812841530054655,020.28811475409836
1769587862.707474,305.09911704063416,37,58,47,38.64,57.33,49.91,061.36,5.286284153005461,020.30311475409836
1769587862.759447,305.151034116745,37,59,47,38.63,57.34,49.895,061.37,5.296284153005466,020.318114754098353
1769587862.8101912,305.2018241882324,37,59,47,38.62,57.35,49.88,061.38,5.306284153005464,020.333114754098354
1769587862.8623471,305.25396513938904,37,59,47,38.61,57.36,49.865,061.39,5.316284153005462,020.348114754098354
1769587862.91539,305.3070561885834,37,59,47,38.6,57.37,49.85,061.4,5.32628415300546,020.363114754098355
1769587862.967217,305.35890316963196,37,59,47,38.59,57.38,49.835,061.41,5.336284153005465,020.378114754098355
1769587863.01848,305.4100811481476,37,59,47,38.58,57.39,49.82,061.42,5.346284153005463,020.393114754098356
1769587863.074682,305.4664092063904,36,59,46,38.565,57.4,49.795,061.435,5.356284153005461,020.418114754098355
1769587863.126593,305.5183091163635,37,59,47,38.555,57.41,49.775,061.445,5.366284153005459,020.438114754098358
1769587863.179032,305.5706741809845,37,59,47,38.545,57.42,49.755,061.455,5.376284153005464,020.458114754098354
1769587863.235803,305.6274652481079,37,59,47,38.535,57.43,49.735,061.465,5.386284153005462,020.478114754098357
1769587863.289398,305.6808252334595,36,59,47,38.52,57.44,49.715,061.48,5.39628415300546,020.498114754098353
1769587863.3382049,305.7298822402954,36,59,46,38.505,57.45,49.695,061.495,5.4062841530054655,020.518114754098356
1769587863.388653,305.7803692817688,36,59,46,38.49,57.46,49.675,061.51,5.4162841530054635,020.53811475409836
1769587863.439374,305.8310923576355,36,59,46,38.475,57.47,49.65,061.525,5.4262841530054615,020.563114754098358
1769587863.49154,305.8831911087036,36,59,46,38.46,57.48,49.625,061.54,5.4362841530054595,020.588114754098356
1769587863.549533,305.941073179245,36,59,46,38.445,57.49,49.6,061.555,5.446284153005465,020.613114754098355
1769587863.6151721,306.0067563056946,36,59,46,38.43,57.5,49.575,061.57,5.456284153005463,020.638114754098353
1769587863.671015,306.06265330314636,36,59,46,38.415,57.51,49.55,061.585,5.466284153005461,020.66311475409836
1769587863.7224221,306.11407113075256,36,59,46,38.4,57.52,49.525,061.6,5.476284153005466,020.688114754098358
1769587863.7736251,306.1653301715851,36,59,46,38.385,57.53,49.5,061.615,5.486284153005464,020.713114754098356
1769587863.824933,306.2165701389313,36,59,46,38.37,57.54,49.475,061.63,5.496284153005462,020.738114754098355
1769587863.876826,306.2685251235962,36,59,46,38.355,57.55,49.45,061.645,5.50628415300546,020.763114754098353
1769587863.928067,306.3197660446167,36,59,46,38.34,57.56,49.425,061.66,5.516284153005465,020.78811475409836
1769587863.982409,306.3741030693054,36,60,45,38.32,57.575,49.39,061.68,5.5312841530054655,020.823114754098356
1769587864.041603,306.4332070350647,36,59,45,38.3,57.59,49.355,061.7,5.546284153005466,020.85811475409836
1769587864.09548,306.48714804649353,36,60,45,38.28,57.605,49.325,061.72,5.5612841530054595,020.888114754098353
1769587864.149578,306.54121708869934,35,60,45,38.255,57.62,49.295,061.745,5.57628415300546,020.918114754098355
1769587864.2046568,306.59613728523254,35,60,45,38.23,57.635,49.26,061.77,5.591284153005461,020.953114754098358
1769587864.259995,306.6516001224518,36,60,45,38.215,57.65,49.23,061.785,5.606284153005461,020.98311475409836
1769587864.3105001,306.702180147171,36,59,46,38.2,57.66,49.205,061.8,5.616284153005459,021.008114754098358
1769587864.360666,306.7523970603943,36,60,45,38.18,57.68,49.17,061.82,5.636284153005462,021.043114754098355
1769587864.4101288,306.80180621147156,35,60,45,38.155,57.7,49.135,061.845,5.6562841530054655,021.078114754098358
1769587864.461636,306.8532910346985,36,60,45,38.135,57.715,49.1,061.865,5.671284153005466,021.113114754098355
1769587864.521025,306.9125642776489,35,60,45,38.11,57.73,49.065,061.89,5.6862841530054595,021.14811475409836
1769587864.580043,306.9715850353241,36,60,45,38.09,57.75,49.03,061.91,5.706284153005463,021.183114754098355
1769587864.638944,307.0304992198944,36,60,45,38.07,57.77,48.995,061.93,5.726284153005466,021.21811475409836
1769587864.695622,307.08717799186707,35,60,45,38.045,57.79,48.96,061.955,5.746284153005462,021.253114754098355
1769587864.7461371,307.13780212402344,35,60,44,38.025,57.805,48.925,061.975,5.761284153005462,021.28811475409836
1769587864.799566,307.191278219223,35,60,44,38.005,57.82,48.89,061.995,5.776284153005463,021.323114754098356
1769587864.851207,307.2427272796631,36,60,45,37.985,57.84,48.855,062.015,5.796284153005466,021.35811475409836
1769587864.910173,307.3016083240509,36,60,45,37.965,57.86,48.82,062.035,5.816284153005462,021.393114754098356
1769587864.966306,307.35786604881287,35,60,45,37.935,57.88,48.78,062.065,5.836284153005465,021.433114754098355
1769587865.0198479,307.4115083217621,35,60,45,37.91,57.9,48.74,062.09,5.856284153005461,021.473114754098354
1769587865.075327,307.46697330474854,35,60,45,37.885,57.92,48.705,062.115,5.876284153005464,021.508114754098358
1769587865.130464,307.5219850540161,35,60,45,37.86,57.94,48.67,062.14,5.89628415300546,021.543114754098355
1769587865.181015,307.5727140903473,35,60,44,37.835,57.955,48.63,062.165,5.911284153005461,021.583114754098354
1769587865.2335072,307.6249032020569,35,60,45,37.81,57.975,48.595,062.19,5.931284153005464,021.618114754098357
1769587865.2859972,307.6776921749115,36,60,45,37.79,57.995,48.56,062.21,5.95128415300546,021.653114754098354
1769587865.336075,307.7277102470398,35,60,45,37.765,58.015,48.525,062.235,5.971284153005463,021.688114754098358
1769587865.391216,307.7824330329895,35,60,45,37.74,58.03,48.495,062.26,5.986284153005464,021.71811475409836
1769587865.4422941,307.8339593410492,35,60,45,37.715,58.045,48.465,062.285,6.001284153005464,021.748114754098353
1769587865.496777,307.8884651660919,35,60,45,37.69,58.06,48.435,062.31,6.016284153005465,021.778114754098354
1769587865.550431,307.94199419021606,35,60,44,37.665,58.075,48.4,062.335,6.0312841530054655,021.813114754098358
1769587865.6070862,307.99871826171875,35,60,45,37.64,58.09,48.37,062.36,6.046284153005466,021.84311475409836
1769587865.665272,308.05681920051575,35,60,45,37.615,58.105,48.34,062.385,6.0612841530054595,021.873114754098353
1769587865.7213361,308.1130602359772,35,60,45,37.59,58.12,48.31,062.41,6.07628415300546,021.903114754098354
1769587865.775143,308.1667802333832,36,60,45,37.575,58.135,48.28,062.425,6.091284153005461,021.933114754098355
1769587865.827349,308.2189953327179,36,60,45,37.56,58.15,48.25,062.44,6.106284153005461,021.963114754098356
1769587865.8767538,308.2684700489044,35,60,45,37.54,58.165,48.22,062.46,6.121284153005462,021.993114754098357
1769587865.9277592,308.31940507888794,35,60,45,37.52,58.18,48.19,062.48,6.136284153005462,022.02311475409836
1769587865.985128,308.37671518325806,35,60,45,37.5,58.195,48.16,062.5,6.151284153005463,022.05311475409836
1769587866.046229,308.4377522468567,36,60,45,37.485,58.21,48.13,062.515,6.1662841530054635,022.083114754098354
1769587866.097874,308.4895541667938,35,60,45,37.465,58.225,48.1,062.535,6.181284153005464,022.113114754098355
1769587866.150748,308.542444229126,35,60,45,37.445,58.24,48.07,062.555,6.196284153005465,022.143114754098356
1769587866.205976,308.5976450443268,36,60,45,37.43,58.255,48.045,062.57,6.211284153005465,022.168114754098355
1769587866.259997,308.6515052318573,35,60,45,37.41,58.27,48.015,062.59,6.226284153005466,022.198114754098356
1769587866.3124118,308.7040991783142,36,60,45,37.395,58.285,47.99,062.605,6.241284153005459,022.223114754098354
1769587866.364883,308.75660729408264,36,60,45,37.38,58.3,47.965,062.62,6.25628415300546,022.248114754098353
1769587866.415874,308.8075211048126,35,60,45,37.36,58.315,47.94,062.64,6.27128415300546,022.27311475409836
1769587866.4655302,308.8572311401367,36,60,45,37.345,58.33,47.915,062.655,6.286284153005461,022.298114754098357
1769587866.516247,308.90794134140015,36,59,45,37.335,58.34,47.895,062.665,6.296284153005466,022.318114754098353
1769587866.5653188,308.9570381641388,35,59,45,37.32,58.345,47.875,062.68,6.3012841530054615,022.338114754098356
1769587866.615249,309.0069522857666,36,59,45,37.305,58.355,47.85,062.695,6.3112841530054595,022.363114754098355
1769587866.668561,309.06016635894775,36,59,45,37.285,58.365,47.82,062.715,6.321284153005465,022.393114754098356
1769587866.7274518,309.1185963153839,36,59,45,37.27,58.375,47.795,062.73,6.331284153005463,022.418114754098355
1769587866.7863061,309.1778790950775,36,59,45,37.255,58.385,47.77,062.745,6.341284153005461,022.443114754098353
1769587866.840385,309.23204135894775,36,59,45,37.24,58.395,47.745,062.76,6.351284153005466,022.46811475409836
1769587866.890974,309.2826671600342,36,59,46,37.225,58.405,47.725,062.775,6.361284153005464,022.488114754098355
1769587866.9408379,309.3324921131134,36,59,46,37.21,58.415,47.705,062.79,6.371284153005462,022.508114754098358
1769587866.993391,309.3850712776184,36,59,46,37.195,58.425,47.68,062.805,6.38128415300546,022.533114754098357
1769587867.0444071,309.43603134155273,36,59,46,37.175,58.435,47.655,062.825,6.391284153005465,022.558114754098355
1769587867.0984309,309.48996019363403,36,59,46,37.16,58.445,47.63,062.84,6.401284153005463,022.583114754098354
1769587867.1501849,309.5418653488159,36,59,45,37.145,58.455,47.605,062.855,6.411284153005461,022.60811475409836
1769587867.204413,309.59609603881836,35,59,45,37.125,58.465,47.575,062.875,6.421284153005466,022.638114754098353
1769587867.260803,309.6523950099945,36,59,46,37.11,58.475,47.55,062.89,6.431284153005464,022.66311475409836
1769587867.3090072,309.70074439048767,36,59,46,37.095,58.485,47.525,062.905,6.441284153005462,022.688114754098358
1769587867.360286,309.75170040130615,36,59,45,37.08,58.495,47.495,062.92,6.45128415300546,022.71811475409836
1769587867.413365,309.80494832992554,36,59,45,37.065,58.505,47.465,062.935,6.461284153005465,022.748114754098353
1769587867.466478,309.8581192493439,36,59,46,37.05,58.515,47.445,062.95,6.471284153005463,022.768114754098356
1769587867.523699,309.9153060913086,36,59,46,37.035,58.525,47.425,062.965,6.481284153005461,022.78811475409836
1769587867.579711,309.9713363647461,36,59,45,37.015,58.535,47.395,062.985,6.491284153005459,022.818114754098353
1769587867.6386292,310.0300233364105,36,59,46,36.995,58.545,47.37,063.005,6.501284153005464,022.84311475409836
1769587867.69382,310.0853943824768,36,59,46,36.98,58.555,47.35,063.02,6.511284153005462,022.863114754098355
1769587867.752479,310.14380526542664,35,60,45,36.96,58.57,47.32,063.04,6.526284153005463,022.893114754098356
1769587867.8091662,310.20048928260803,35,60,45,36.94,58.585,47.29,063.06,6.5412841530054635,022.923114754098357
1769587867.8596659,310.2513782978058,36,59,46,36.925,58.595,47.265,063.075,6.5512841530054615,022.948114754098356
1769587867.9107,310.3024272918701,35,60,45,36.905,58.61,47.235,063.095,6.566284153005462,022.978114754098357
1769587867.960601,310.352263212204,35,60,44,36.88,58.625,47.2,063.12,6.581284153005463,023.013114754098353
1769587868.012016,310.40368819236755,35,60,44,36.86,58.64,47.165,063.14,6.596284153005463,023.048114754098357
1769587868.077396,310.46897625923157,35,60,45,36.84,58.655,47.14,063.16,6.611284153005464,023.073114754098356
1769587868.1332328,310.5248363018036,35,60,45,36.82,58.67,47.115,063.18,6.626284153005464,023.098114754098354
1769587868.186412,310.5779812335968,35,60,45,36.8,58.685,47.085,063.2,6.641284153005465,023.128114754098355
1769587868.24191,310.63360619544983,35,60,45,36.78,58.7,47.06,063.22,6.6562841530054655,023.153114754098354
1769587868.2937,310.6853401660919,35,60,44,36.76,58.715,47.03,063.24,6.671284153005466,023.183114754098355
1769587868.3544488,310.74593925476074,35,60,44,36.74,58.73,47.0,063.26,6.6862841530054595,023.213114754098356
1769587868.414037,310.8055810928345,35,60,44,36.72,58.745,46.97,063.28,6.70128415300546,023.243114754098357
1769587868.4668958,310.85861134529114,35,60,44,36.7,58.76,46.94,063.3,6.716284153005461,023.27311475409836
1769587868.517605,310.9092791080475,34,60,43,36.675,58.775,46.9,063.325,6.731284153005461,023.313114754098358
1769587868.571383,310.9628641605377,34,61,43,36.645,58.795,46.86,063.355,6.751284153005464,023.353114754098357
1769587868.623362,311.01508831977844,34,61,43,36.62,58.815,46.825,063.38,6.77128415300546,023.388114754098353
1769587868.674185,311.0658702850342,35,60,44,36.605,58.83,46.795,063.395,6.786284153005461,023.418114754098355
1769587868.724457,311.1161971092224,34,60,43,36.58,58.845,46.76,063.42,6.8012841530054615,023.453114754098358
1769587868.7751749,311.16681814193726,34,61,43,36.555,58.865,46.725,063.445,6.821284153005465,023.488114754098355
1769587868.835314,311.226535320282,34,61,43,36.53,58.885,46.69,063.47,6.841284153005461,023.52311475409836
1769587868.8974621,311.28901624679565,34,61,43,36.505,58.905,46.655,063.495,6.861284153005464,023.558114754098355
1769587868.956618,311.34829902648926,34,61,43,36.48,58.925,46.62,063.52,6.88128415300546,023.59311475409836
1769587869.010189,311.40192008018494,34,61,43,36.455,58.945,46.585,063.545,6.901284153005463,023.628114754098355
1769587869.059687,311.4512712955475,35,60,44,36.435,58.96,46.555,063.565,6.9162841530054635,023.658114754098357
1769587869.110563,311.50223898887634,34,61,43,36.415,58.98,46.52,063.585,6.9362841530054595,023.693114754098353
1769587869.163695,311.5554082393646,34,61,43,36.395,58.995,46.49,063.605,6.95128415300546,023.723114754098354
1769587869.216492,311.6079092025757,34,61,43,36.375,59.01,46.46,063.625,6.966284153005461,023.753114754098355
1769587869.278044,311.66953706741333,34,61,43,36.355,59.03,46.43,063.645,6.986284153005464,023.783114754098357
1769587869.333144,311.72481203079224,34,61,43,36.335,59.045,46.4,063.665,7.001284153005464,023.813114754098358
1769587869.3913531,311.7830111980438,34,61,43,36.315,59.06,46.37,063.685,7.016284153005465,023.84311475409836
1769587869.4457102,311.8374021053314,34,61,43,36.295,59.075,46.34,063.705,7.0312841530054655,023.873114754098353
1769587869.498938,311.8906030654907,34,61,43,36.275,59.09,46.31,063.725,7.046284153005466,023.903114754098354
1769587869.551917,311.9436092376709,34,61,43,36.255,59.105,46.28,063.745,7.0612841530054595,023.933114754098355
1769587869.603528,311.9952082633972,34,61,43,36.235,59.12,46.25,063.765,7.07628415300546,023.963114754098356
1769587869.608284,312.00007343292236,34,61,43,36.215,59.135,46.22,063.785,7.091284153005461,023.993114754098357
1769587869.664754,312.056428194046,34,61,43,36.195,59.15,46.19,063.805,7.106284153005461,024.02311475409836
1769587869.7166378,312.10835814476013,34,61,43,36.175,59.165,46.165,063.825,7.121284153005462,024.048114754098357
1769587869.768675,312.1602973937988,34,61,43,36.155,59.18,46.14,063.845,7.136284153005462,024.073114754098356
1769587869.82209,312.2137792110443,34,61,43,36.135,59.195,46.115,063.865,7.151284153005463,024.098114754098354
1769587869.873546,312.2652711868286,34,61,43,36.115,59.21,46.085,063.885,7.1662841530054635,024.128114754098355
1769587869.923073,312.3147761821747,34,61,43,36.1,59.225,46.06,063.9,7.181284153005464,024.153114754098354
1769587869.9783301,312.36993527412415,34,61,43,36.085,59.24,46.035,063.915,7.196284153005465,024.17811475409836
1769587870.027877,312.41960430145264,34,61,43,36.065,59.255,46.005,063.935,7.211284153005465,024.208114754098354
1769587870.081341,312.47301721572876,34,61,43,36.045,59.27,45.98,063.955,7.226284153005466,024.23311475409836
1769587870.1385221,312.5301592350006,34,61,43,36.03,59.285,45.955,063.97,7.241284153005459,024.258114754098358
1769587870.1922472,312.5839192867279,34,61,43,36.01,59.3,45.925,063.99,7.25628415300546,024.28811475409836
1769587870.246924,312.63859510421753,34,61,43,35.99,59.315,45.9,064.00999999999999,7.27128415300546,024.313114754098358
1769587870.296117,312.6878571510315,34,61,43,35.975,59.33,45.875,064.025,7.286284153005461,024.338114754098356
1769587870.345626,312.73729729652405,34,61,43,35.955,59.345,45.845,064.045,7.3012841530054615,024.368114754098357
1769587870.39845,312.79014015197754,34,61,43,35.935,59.36,45.815,064.065,7.316284153005462,024.39811475409836
1769587870.4480588,312.83977222442627,34,61,43,35.915,59.375,45.785,064.08500000000001,7.331284153005463,024.42811475409836
1769587870.498762,312.8904483318329,34,61,43,35.895,59.39,45.76,064.10499999999999,7.346284153005463,024.453114754098358
1769587870.5519779,312.9435751438141,34,61,43,35.875,59.405,45.735,064.125,7.361284153005464,024.478114754098357
1769587870.604005,312.99559020996094,34,61,43,35.86,59.42,45.71,064.14,7.376284153005464,024.503114754098355
1769587870.6593359,313.0510604381561,34,61,43,35.845,59.435,45.685,064.155,7.391284153005465,024.528114754098354
1769587870.711113,313.1027100086212,35,61,43,35.83,59.45,45.655,064.17,7.4062841530054655,024.558114754098355
1769587870.765821,313.15749406814575,34,61,43,35.81,59.465,45.625,064.19,7.421284153005466,024.588114754098356
1769587870.817162,313.20889711380005,34,61,43,35.795,59.48,45.6,064.205,7.4362841530054595,024.613114754098355
1769587870.8641,313.2558181285858,34,61,43,35.775,59.495,45.575,064.225,7.45128415300546,024.638114754098353
1769587870.914268,313.30592823028564,35,60,44,35.76,59.505,45.55,064.24000000000001,7.461284153005465,024.66311475409836
1769587870.965363,313.3570291996002,35,60,44,35.745,59.515,45.525,064.255,7.471284153005463,024.688114754098358
1769587871.01713,313.4088292121887,35,60,44,35.735,59.525,45.5,064.265,7.481284153005461,024.713114754098356
1769587871.068945,313.46067929267883,34,60,44,35.715,59.535,45.475,064.285,7.491284153005459,024.738114754098355
1769587871.1202502,313.5119061470032,35,60,44,35.7,59.545,45.45,064.3,7.501284153005464,024.763114754098353
1769587871.170799,313.5625011920929,35,60,44,35.685,59.555,45.425,064.315,7.511284153005462,024.78811475409836
1769587871.226005,313.61754536628723,35,60,44,35.67,59.565,45.4,064.33,7.52128415300546,024.813114754098358
1769587871.283008,313.67468214035034,35,60,44,35.655,59.575,45.375,064.345,7.5312841530054655,024.838114754098356
1769587871.335217,313.72692131996155,35,60,44,35.64,59.585,45.35,064.36,7.5412841530054635,024.863114754098355
1769587871.383256,313.77497720718384,35,60,44,35.625,59.595,45.325,064.375,7.5512841530054615,024.888114754098353
1769587871.433737,313.82546305656433,35,60,44,35.61,59.605,45.3,064.39,7.5612841530054595,024.91311475409836
1769587871.482293,313.8739902973175,34,61,43,35.59,59.62,45.27,064.41,7.57628415300546,024.943114754098353
1769587871.5331478,313.9248251914978,34,60,44,35.57,59.63,45.245,064.43,7.586284153005465,024.96811475409836
1769587871.591169,313.98281621932983,35,60,44,35.555,59.64,45.22,064.445,7.596284153005463,024.993114754098357
1769587871.6477098,314.03930020332336,35,60,44,35.54,59.65,45.195,064.46000000000001,7.606284153005461,025.018114754098356
1769587871.704673,314.0963671207428,35,60,44,35.525,59.66,45.17,064.475,7.616284153005459,025.043114754098355
1769587871.759478,314.15115213394165,35,60,44,35.51,59.67,45.145,064.49000000000001,7.626284153005464,025.068114754098353
1769587871.81412,314.20582604408264,35,60,44,35.495,59.68,45.12,064.505,7.636284153005462,025.09311475409836
1769587871.864249,314.2559542655945,35,60,44,35.48,59.69,45.095,064.52000000000001,7.64628415300546,025.118114754098357
1769587871.9136992,314.30541014671326,35,60,45,35.465,59.7,45.075,064.535,7.6562841530054655,025.138114754098353
1769587871.963274,314.35478138923645,35,60,44,35.45,59.71,45.05,064.55,7.6662841530054635,025.16311475409836
1769587872.01122,314.40290212631226,35,60,44,35.435,59.72,45.025,064.565,7.6762841530054615,025.188114754098358
1769587872.061551,314.4532642364502,36,60,45,35.425,59.73,45.005,064.575,7.6862841530054595,025.208114754098354
1769587872.114719,314.5064330101013,36,60,45,35.415,59.74,44.985,064.58500000000001,7.696284153005465,025.228114754098357
1769587872.16532,314.556880235672,36,60,45,35.405,59.75,44.965,064.595,7.706284153005463,025.248114754098353
1769587872.217783,314.609402179718,35,60,45,35.39,59.76,44.945,064.61,7.716284153005461,025.268114754098356
1769587872.268397,314.6600980758667,36,60,45,35.38,59.77,44.925,064.62,7.726284153005466,025.28811475409836
1769587872.3179579,314.70966124534607,36,60,45,35.37,59.78,44.91,064.63,7.736284153005464,025.30311475409836
1769587872.3665159,314.75787234306335,36,60,45,35.365,59.79,44.895,064.63499999999999,7.746284153005462,025.318114754098353
1769587872.418599,314.8102831840515,36,60,46,35.355,59.8,44.88,064.64500000000001,7.75628415300546,025.333114754098354
1769587872.470709,314.86245036125183,36,59,46,35.345,59.805,44.865,064.655,7.761284153005462,025.348114754098354
1769587872.521749,314.9134542942047,36,60,46,35.34,59.815,44.855,064.66,7.77128415300546,025.35811475409836
1769587872.5756328,314.9671952724457,36,60,45,35.33,59.825,44.835,064.67,7.7812841530054655,025.378114754098355
1769587872.629205,315.02077531814575,36,59,46,35.32,59.83,44.825,064.68,7.786284153005461,025.388114754098353
1769587872.681118,315.07282304763794,36,59,46,35.315,59.835,44.815,064.685,7.7912841530054635,025.39811475409836
1769587872.73346,315.1251583099365,36,59,46,35.31,59.84,44.805,064.69,7.796284153005466,025.408114754098357
1769587872.783735,315.17545914649963,37,59,46,35.31,59.845,44.795,064.69,7.8012841530054615,025.418114754098355
1769587872.8379478,315.2295982837677,37,59,46,35.31,59.85,44.785,064.69,7.806284153005464,025.42811475409836
1769587872.89208,315.2837381362915,37,59,46,35.31,59.855,44.775,064.69,7.8112841530054595,025.438114754098358
1769587872.9472792,315.33897519111633,37,59,46,35.31,59.86,44.765,064.69,7.816284153005462,025.448114754098356
1769587872.9985542,315.3902871608734,37,59,46,35.31,59.865,44.755,064.69,7.821284153005465,025.458114754098354
1769587873.049598,315.4412291049957,37,59,46,35.31,59.87,44.75,064.69,7.82628415300546,025.463114754098356
1769587873.103658,315.4952530860901,37,59,46,35.31,59.875,44.74,064.69,7.831284153005463,025.473114754098354
1769587873.162347,315.5540211200714,37,59,47,35.31,59.88,44.735,064.69,7.836284153005465,025.478114754098357
1769587873.214946,315.60661244392395,37,59,47,35.31,59.885,44.73,064.69,7.841284153005461,025.48311475409836
1769587873.270599,315.66228199005127,37,59,47,35.31,59.89,44.725,064.69,7.846284153005463,025.488114754098355
1769587873.324034,315.71575117111206,37,59,47,35.31,59.895,44.725,064.69,7.851284153005466,025.488114754098355
1769587873.373611,315.7653181552887,37,59,47,35.31,59.895,44.725,064.69,7.851284153005466,025.488114754098355
1769587873.42611,315.8177692890167,37,59,47,35.31,59.895,44.725,064.69,7.851284153005466,025.488114754098355
1769587873.47981,315.87153935432434,37,59,47,35.31,59.895,44.725,064.69,7.851284153005466,025.488114754098355
1769587873.531153,315.9225583076477,37,59,47,35.31,59.895,44.725,064.69,7.851284153005466,025.488114754098355
1769587873.58071,315.9724462032318,37,59,47,35.31,59.895,44.725,064.69,7.851284153005466,025.488114754098355
1769587873.633933,316.02559638023376,37,59,47,35.31,59.895,44.725,064.69,7.851284153005466,025.488114754098355
1769587873.690449,316.08208322525024,38,59,47,35.32,59.895,44.73,064.68,7.851284153005466,025.48311475409836
1769587873.742698,316.1344132423401,38,59,47,35.325,59.895,44.73,064.675,7.851284153005466,025.48311475409836
1769587873.791768,316.18349528312683,37,59,47,35.325,59.895,44.73,064.675,7.851284153005466,025.48311475409836
1769587873.84241,316.2341010570526,37,59,47,35.325,59.895,44.73,064.675,7.851284153005466,025.48311475409836
1769587873.897485,316.289115190506,37,59,47,35.33,59.895,44.73,064.67,7.851284153005466,025.48311475409836
1769587873.956876,316.3483991622925,38,59,48,35.34,59.895,44.74,064.66,7.851284153005466,025.473114754098354
1769587874.015893,316.4075872898102,38,58,48,35.35,59.89,44.75,064.65,7.846284153005463,025.463114754098356
1769587874.0662131,316.4579532146454,38,58,48,35.36,59.885,44.76,064.64,7.841284153005461,025.453114754098358
1769587874.114825,316.5065381526947,38,58,48,35.37,59.88,44.77,064.63,7.836284153005465,025.443114754098353
1769587874.1639,316.5556001663208,38,58,48,35.38,59.875,44.78,064.62,7.831284153005463,025.433114754098355
1769587874.212833,316.60453820228577,38,59,48,35.39,59.875,44.79,064.61,7.831284153005463,025.423114754098357
1769587874.265866,316.6573853492737,38,58,48,35.4,59.87,44.8,064.6,7.82628415300546,025.41311475409836
1769587874.319247,316.7109441757202,39,58,49,35.415,59.865,44.815,064.58500000000001,7.821284153005465,025.39811475409836
1769587874.376971,316.7684762477875,39,58,49,35.43,59.86,44.83,064.57,7.816284153005462,025.383114754098358
1769587874.436911,316.828485250473,38,58,48,35.44,59.855,44.84,064.56,7.8112841530054595,025.373114754098353
1769587874.492172,316.8837902545929,39,58,48,35.455,59.85,44.85,064.545,7.806284153005464,025.363114754098355
1769587874.550273,316.9419152736664,39,58,49,35.47,59.845,44.865,064.53,7.8012841530054615,025.348114754098354
1769587874.601088,316.99281120300293,39,58,49,35.485,59.835,44.885,064.515,7.7912841530054635,025.328114754098358
1769587874.6586938,317.05038619041443,38,58,49,35.495,59.83,44.905,064.505,7.786284153005461,025.308114754098355
1769587874.713433,317.1050863265991,39,58,49,35.51,59.82,44.925,064.49000000000001,7.776284153005463,025.28811475409836
1769587874.764152,317.1558840274811,39,58,49,35.53,59.81,44.945,064.47,7.766284153005465,025.268114754098356
1769587874.814979,317.20667123794556,39,58,49,35.55,59.8,44.965,064.45,7.75628415300546,025.248114754098353
1769587874.86742,317.25916028022766,39,58,49,35.565,59.79,44.985,064.435,7.746284153005462,025.228114754098357
1769587874.916577,317.3082790374756,39,58,50,35.58,59.785,45.005,064.42,7.741284153005459,025.208114754098354
1769587874.9739032,317.3655343055725,39,58,49,35.595,59.775,45.025,064.405,7.731284153005461,025.188114754098358
1769587875.027054,317.4186933040619,39,58,49,35.615,59.765,45.045,064.38499999999999,7.721284153005463,025.168114754098355
1769587875.079493,317.47117018699646,39,58,49,35.63,59.755,45.065,064.37,7.711284153005465,025.14811475409836
1769587875.133225,317.5247983932495,39,58,49,35.65,59.745,45.085,064.35,7.70128415300546,025.128114754098355
1769587875.184211,317.5759553909302,39,58,49,35.665,59.735,45.105,064.33500000000001,7.691284153005462,025.10811475409836
1769587875.235518,317.62716007232666,39,58,49,35.68,59.725,45.125,064.32,7.681284153005464,025.088114754098356
1769587875.2917051,317.6833212375641,39,58,49,35.7,59.715,45.145,064.3,7.671284153005466,025.068114754098353
1769587875.349816,317.7411251068115,39,58,49,35.72,59.705,45.17,064.28,7.661284153005461,025.043114754098355
1769587875.4028008,317.79421210289,39,58,50,35.74,59.695,45.2,064.25999999999999,7.651284153005463,025.013114754098353
1769587875.4089541,317.80076122283936,39,58,50,35.755,59.685,45.225,064.245,7.641284153005465,024.988114754098355
1769587875.45923,317.8506853580475,39,57,50,35.77,59.67,45.25,064.22999999999999,7.626284153005464,024.963114754098356
1769587875.5089889,317.9006681442261,39,57,50,35.79,59.655,45.275,064.21000000000001,7.611284153005464,024.938114754098358
1769587875.559912,317.95151019096375,39,57,50,35.81,59.64,45.3,064.19,7.596284153005463,024.91311475409836
1769587875.61473,318.00630617141724,39,57,50,35.83,59.625,45.325,064.17,7.581284153005463,024.888114754098353
1769587875.670366,318.0618932247162,39,57,50,35.85,59.61,45.35,064.15,7.566284153005462,024.863114754098355
1769587875.73138,318.12295031547546,39,57,50,35.87,59.595,45.38,064.13,7.5512841530054615,024.833114754098354
1769587875.7917209,318.1833701133728,39,57,50,35.89,59.58,45.405,064.11,7.536284153005461,024.808114754098355
1769587875.845181,318.23685812950134,39,57,50,35.905,59.565,45.43,064.095,7.52128415300546,024.783114754098357
1769587875.8996239,318.2911994457245,39,57,50,35.925,59.55,45.455,064.075,7.50628415300546,024.758114754098358
1769587875.952079,318.3436851501465,39,57,50,35.945,59.535,45.48,064.055,7.491284153005459,024.73311475409836
1769587876.00429,318.39595913887024,39,57,50,35.965,59.52,45.505,064.035,7.476284153005466,024.708114754098354
1769587876.058912,318.45062708854675,39,57,50,35.985,59.505,45.53,064.015,7.461284153005465,024.683114754098355
1769587876.109953,318.5016293525696,40,57,51,36.01,59.49,45.565,063.99,7.446284153005465,024.64811475409836
1769587876.162261,318.5539309978485,40,57,51,36.035,59.475,45.595,063.965,7.431284153005464,024.618114754098357
1769587876.217949,318.609601020813,40,57,51,36.06,59.46,45.625,063.94,7.4162841530054635,024.588114754098356
1769587876.2768698,318.66825318336487,40,57,51,36.085,59.445,45.655,063.915,7.401284153005463,024.558114754098355
1769587876.337742,318.72931933403015,40,57,51,36.105,59.43,45.685,063.895,7.386284153005462,024.528114754098354
1769587876.395964,318.787602186203,40,57,51,36.125,59.415,45.715,063.875,7.371284153005462,024.498114754098353
1769587876.451922,318.8435802459717,40,57,51,36.15,59.4,45.745,063.85,7.356284153005461,024.46811475409836
1769587876.50475,318.8964161872864,40,57,51,36.175,59.385,45.775,063.825,7.341284153005461,024.438114754098358
1769587876.559844,318.95109033584595,39,57,50,36.195,59.37,45.8,063.805,7.32628415300546,024.41311475409836
1769587876.6101398,319.0018711090088,40,57,51,36.215,59.355,45.83,063.785,7.3112841530054595,024.383114754098358
1769587876.6608388,319.05252504348755,40,57,51,36.24,59.34,45.86,063.76,7.296284153005466,024.353114754098357
1769587876.715254,319.1067671775818,40,57,51,36.265,59.325,45.89,063.735,7.2812841530054655,024.323114754098356
1769587876.781783,319.17322611808777,40,57,51,36.285,59.31,45.92,063.715,7.266284153005465,024.293114754098355
1769587876.841053,319.232723236084,40,57,51,36.31,59.295,45.95,063.69,7.251284153005464,024.263114754098353
1769587876.90082,319.29224014282227,40,57,51,36.33,59.28,45.98,063.67,7.236284153005464,024.23311475409836
1769587876.953383,319.34509921073914,40,57,51,36.35,59.265,46.01,063.65,7.221284153005463,024.203114754098358
1769587877.007693,319.39945125579834,40,57,51,36.375,59.25,46.04,063.625,7.206284153005463,024.173114754098357
1769587877.0583448,319.4501283168793,40,57,51,36.395,59.235,46.07,063.605,7.191284153005462,024.143114754098356
1769587877.1083179,319.4999270439148,40,57,51,36.415,59.225,46.1,063.585,7.181284153005464,024.113114754098355
1769587877.1616042,319.5532982349396,40,57,51,36.44,59.215,46.13,063.56,7.171284153005466,024.083114754098354
1769587877.212063,319.603746175766,39,57,50,36.455,59.205,46.155,063.545,7.161284153005461,024.058114754098355
1769587877.272234,319.6637213230133,40,57,51,36.475,59.195,46.185,063.525,7.151284153005463,024.028114754098354
1769587877.331466,319.7230830192566,40,57,51,36.495,59.185,46.215,063.505,7.141284153005465,023.998114754098353
1769587877.3835268,319.7752420902252,39,57,51,36.51,59.175,46.245,063.49,7.13128415300546,023.96811475409836
1769587877.4352598,319.8269681930542,39,57,51,36.525,59.165,46.275,063.475,7.121284153005462,023.938114754098358
1769587877.484104,319.8758132457733,39,57,51,36.54,59.155,46.3,063.46,7.111284153005464,023.91311475409836
1769587877.535615,319.92731642723083,39,57,51,36.555,59.145,46.325,063.445,7.101284153005466,023.888114754098353
1769587877.5934,319.98489117622375,39,57,51,36.57,59.135,46.35,063.43,7.091284153005461,023.863114754098355
1769587877.6504042,320.0420343875885,39,57,51,36.585,59.125,46.375,063.415,7.081284153005463,023.838114754098356
1769587877.706754,320.09837317466736,40,57,51,36.605,59.115,46.4,063.395,7.071284153005465,023.813114754098358
1769587877.759409,320.1511580944061,40,57,51,36.625,59.105,46.43,063.375,7.0612841530054595,023.783114754098357
1769587877.808182,320.19990515708923,39,57,51,36.645,59.095,46.46,063.355,7.0512841530054615,023.753114754098355
1769587877.860233,320.25191712379456,39,57,51,36.66,59.085,46.485,063.34,7.0412841530054635,023.728114754098357
1769587877.91365,320.30529713630676,39,57,51,36.675,59.075,46.51,063.325,7.0312841530054655,023.703114754098358
1769587877.9674518,320.35891938209534,39,57,50,36.69,59.065,46.535,063.31,7.02128415300546,023.67811475409836
1769587878.019773,320.41152715682983,39,57,50,36.705,59.055,46.56,063.295,7.011284153005462,023.653114754098354
1769587878.0680919,320.45965814590454,39,57,50,36.72,59.045,46.58,063.28,7.001284153005464,023.633114754098358
1769587878.122989,320.5146644115448,39,57,50,36.735,59.035,46.6,063.265,6.991284153005459,023.613114754098355
1769587878.172951,320.5646483898163,39,57,50,36.75,59.025,46.625,063.25,6.981284153005461,023.588114754098356
1769587878.224392,320.61612820625305,39,57,50,36.765,59.015,46.645,063.235,6.971284153005463,023.568114754098353
1769587878.277539,320.66923904418945,40,57,51,36.785,59.005,46.67,063.215,6.961284153005465,023.543114754098355
1769587878.3295429,320.7211072444916,39,57,50,36.805,58.99,46.695,063.195,6.946284153005465,023.518114754098356
1769587878.3797739,320.7714602947235,39,57,50,36.825,58.975,46.72,063.175,6.931284153005464,023.493114754098357
1769587878.43053,320.82223534584045,39,57,50,36.84,58.965,46.74,063.16,6.921284153005466,023.473114754098354
1769587878.485775,320.87733817100525,39,57,50,36.86,58.95,46.765,063.14,6.9062841530054655,023.448114754098356
1769587878.539932,320.9313552379608,39,57,50,36.88,58.935,46.795,063.12,6.891284153005465,023.418114754098355
1769587878.591827,320.9835603237152,39,57,50,36.9,58.92,46.825,063.1,6.876284153005464,023.388114754098353
1769587878.645452,321.0371882915497,40,57,51,36.925,58.905,46.855,063.075,6.861284153005464,023.35811475409836
1769587878.696694,321.08834409713745,40,57,51,36.95,58.89,46.885,063.05,6.846284153005463,023.328114754098358
1769587878.747766,321.13951110839844,39,57,50,36.97,58.875,46.91,063.03,6.831284153005463,023.30311475409836
1769587878.799338,321.19101905822754,39,57,50,36.99,58.86,46.935,063.01,6.816284153005462,023.278114754098354
1769587878.8507679,321.24245405197144,39,57,50,37.01,58.845,46.965,062.99,6.8012841530054615,023.248114754098353
1769587878.907016,321.29858922958374,39,57,50,37.03,58.83,46.995,062.97,6.786284153005461,023.21811475409836
1769587878.9627259,321.35444712638855,39,57,50,37.05,58.815,47.025,062.95,6.77128415300546,023.188114754098358
1769587879.0128691,321.40457224845886,39,57,50,37.07,58.8,47.055,062.93,6.75628415300546,023.158114754098357
1769587879.062248,321.4539830684662,39,57,50,37.095,58.785,47.09,062.905,6.741284153005459,023.123114754098353
1769587879.116768,321.50839829444885,39,57,50,37.12,58.765,47.125,062.88,6.721284153005463,023.088114754098356
1769587879.170631,321.5622992515564,39,57,50,37.145,58.745,47.16,062.855,6.70128415300546,023.05311475409836
1769587879.220382,321.6120240688324,40,57,51,37.17,58.73,47.195,062.83,6.6862841530054595,023.018114754098356
1769587879.269957,321.66165232658386,40,57,51,37.2,58.715,47.235,062.8,6.671284153005466,022.978114754098357
1769587879.319903,321.7115514278412,39,57,50,37.225,58.695,47.27,062.775,6.651284153005463,022.943114754098353
1769587879.370363,321.7620930671692,39,57,51,37.25,58.675,47.31,062.75,6.63128415300546,022.903114754098354
1769587879.423394,321.8150191307068,39,57,51,37.275,58.655,47.35,062.725,6.611284153005464,022.863114754098355
1769587879.474299,321.8660101890564,39,57,50,37.3,58.635,47.385,062.7,6.591284153005461,022.828114754098358
1769587879.52778,321.91932821273804,39,57,50,37.325,58.615,47.42,062.675,6.571284153005465,022.793114754098355
1769587879.578211,321.9699082374573,39,57,50,37.345,58.6,47.45,062.655,6.556284153005464,022.763114754098353
1769587879.628296,322.01993322372437,39,57,50,37.37,58.58,47.485,062.63,6.536284153005461,022.728114754098357
1769587879.6790028,322.0707063674927,40,57,51,37.4,58.56,47.525,062.6,6.516284153005465,022.688114754098358
1769587879.7302341,322.1219251155853,40,57,51,37.43,58.54,47.565,062.57,6.496284153005462,022.64811475409836
1769587879.78129,322.1729233264923,39,57,51,37.455,58.52,47.605,062.545,6.476284153005466,022.60811475409836
1769587879.8320289,322.2237491607666,40,57,51,37.485,58.5,47.645,062.515,6.456284153005463,022.568114754098353
1769587879.8839412,322.2756543159485,40,57,51,37.515,58.48,47.685,062.485,6.4362841530054595,022.528114754098354
1769587879.934649,322.3263282775879,39,57,51,37.54,58.46,47.725,062.46,6.4162841530054635,022.488114754098355
1769587879.985645,322.3773572444916,39,57,51,37.565,58.44,47.765,062.435,6.39628415300546,022.448114754098356
1769587880.0383518,322.42999720573425,40,57,51,37.595,58.42,47.805,062.405,6.376284153005464,022.408114754098357
1769587880.0926678,322.48430824279785,40,57,51,37.625,58.4,47.845,062.375,6.356284153005461,022.368114754098357
1769587880.143245,322.5349361896515,40,57,51,37.655,58.38,47.885,062.345,6.336284153005465,022.328114754098358
1769587880.194509,322.586186170578,39,57,51,37.68,58.36,47.925,062.32,6.316284153005462,022.28811475409836
1769587880.2468622,322.63843417167664,40,57,51,37.71,58.34,47.965,062.29,6.296284153005466,022.248114754098353
1769587880.2995222,322.69118905067444,40,57,51,37.74,58.32,48.005,062.26,6.276284153005463,022.208114754098354
1769587880.355173,322.7468822002411,40,57,51,37.77,58.3,48.045,062.23,6.25628415300546,022.168114754098355
1769587880.4079401,322.7996690273285,40,57,52,37.8,58.28,48.09,062.2,6.236284153005464,022.123114754098353
1769587880.4609861,322.8525812625885,41,57,52,37.835,58.26,48.135,062.165,6.216284153005461,022.078114754098358
1769587880.521815,322.9134373664856,40,57,52,37.865,58.24,48.18,062.135,6.196284153005465,022.033114754098357
1769587880.576821,322.96844124794006,40,57,51,37.895,58.22,48.22,062.105,6.1762841530054615,021.993114754098357
1769587880.6275752,323.01928520202637,40,57,51,37.925,58.2,48.26,062.075,6.1562841530054655,021.953114754098358
1769587880.678415,323.0701093673706,40,57,51,37.955,58.18,48.3,062.045,6.136284153005462,021.91311475409836
1769587880.734234,323.12579107284546,40,57,51,37.985,58.16,48.34,062.015,6.116284153005459,021.873114754098353
1769587880.7873511,323.17903113365173,40,57,52,38.015,58.14,48.385,061.985,6.096284153005463,021.828114754098358
1769587880.839085,323.2308132648468,40,57,52,38.045,58.12,48.43,061.955,6.07628415300546,021.783114754098357
1769587880.889815,323.2815172672272,40,57,52,38.075,58.1,48.475,061.925,6.056284153005464,021.738114754098355
1769587880.941427,323.3331491947174,40,57,52,38.105,58.08,48.52,061.895,6.036284153005461,021.693114754098353
1769587880.991711,323.3834192752838,40,57,52,38.135,58.06,48.565,061.865,6.016284153005465,021.64811475409836
1769587881.040768,323.43231534957886,40,57,52,38.165,58.04,48.61,061.835,5.996284153005462,021.603114754098357
1769587881.094125,323.485737323761,40,57,52,38.195,58.02,48.655,061.805,5.976284153005466,021.558114754098355
1769587881.146415,323.5380711555481,40,57,52,38.225,58.0,48.7,061.775,5.956284153005463,021.513114754098353
1769587881.195723,323.5873873233795,40,57,52,38.255,57.98,48.745,061.745,5.9362841530054595,021.46811475409836
1769587881.249452,323.6410872936249,40,57,52,38.28,57.96,48.79,061.72,5.9162841530054635,021.423114754098357
1769587881.3027442,323.69438219070435,40,57,52,38.31,57.94,48.835,061.69,5.89628415300546,021.378114754098355
1769587881.3073568,323.6991391181946,40,57,52,38.34,57.92,48.88,061.66,5.876284153005464,021.333114754098354
1769587881.359126,323.75077724456787,40,57,52,38.37,57.9,48.925,061.63,5.856284153005461,021.28811475409836
1769587881.412651,323.80430912971497,40,57,52,38.395,57.885,48.965,061.605,5.841284153005461,021.248114754098353
1769587881.4648051,323.85644125938416,40,57,52,38.42,57.87,49.005,061.58,5.82628415300546,021.208114754098354
1769587881.5172942,323.9089741706848,40,56,52,38.445,57.85,49.045,061.555,5.806284153005464,021.168114754098355
1769587881.571677,323.96328616142273,40,56,52,38.475,57.83,49.085,061.525,5.786284153005461,021.128114754098355
1769587881.630441,324.0220522880554,40,57,52,38.5,57.815,49.125,061.5,5.77128415300546,021.088114754098356
1769587881.68375,324.0754141807556,40,56,52,38.525,57.795,49.165,061.475,5.751284153005464,021.048114754098357
1769587881.742118,324.13371419906616,40,56,52,38.55,57.775,49.205,061.45,5.731284153005461,021.008114754098358
1769587881.79684,324.18855714797974,40,57,52,38.575,57.76,49.245,061.425,5.716284153005461,020.96811475409836
1769587881.847738,324.2391982078552,40,57,52,38.6,57.745,49.285,061.4,5.70128415300546,020.92811475409836
1769587881.897984,324.28968119621277,40,56,52,38.625,57.725,49.325,061.375,5.681284153005464,020.888114754098353
1769587881.948713,324.3403561115265,40,56,52,38.65,57.705,49.365,061.35,5.661284153005461,020.848114754098354
1769587882.000337,324.3918731212616,40,56,52,38.68,57.68,49.41,061.32,5.636284153005462,020.80311475409836
1769587882.0517051,324.4433662891388,40,56,52,38.71,57.66,49.45,061.29,5.616284153005459,020.763114754098353
1769587882.101033,324.4927213191986,40,56,52,38.735,57.64,49.49,061.265,5.596284153005463,020.723114754098354
1769587882.153153,324.5446672439575,40,56,52,38.76,57.62,49.53,061.24,5.57628415300546,020.683114754098355
1769587882.210634,324.6019911766052,40,56,52,38.785,57.6,49.57,061.215,5.556284153005464,020.643114754098356
1769587882.276299,324.66678619384766,40,56,52,38.81,57.58,49.61,061.19,5.536284153005461,020.603114754098357
1769587882.3319209,324.7234060764313,40,56,52,38.835,57.56,49.65,061.165,5.516284153005465,020.563114754098358
1769587882.383879,324.77554726600647,40,56,52,38.86,57.54,49.69,061.14,5.496284153005462,020.52311475409836
1769587882.434444,324.8261661529541,40,56,52,38.885,57.52,49.725,061.115,5.476284153005466,020.488114754098355
1769587882.4837492,324.87545228004456,40,56,52,38.91,57.5,49.765,061.09,5.456284153005463,020.448114754098356
1769587882.5337338,324.9254631996155,40,56,52,38.935,57.48,49.805,061.065,5.4362841530054595,020.408114754098357
1769587882.5824919,324.9741551876068,40,56,52,38.955,57.46,49.84,061.045,5.4162841530054635,020.373114754098353
1769587882.63263,325.0243101119995,40,56,52,38.975,57.44,49.875,061.025,5.39628415300546,020.338114754098356
1769587882.683687,325.07541131973267,40,56,52,38.995,57.42,49.91,061.005,5.376284153005464,020.30311475409836
1769587882.734207,325.1259000301361,40,56,52,39.02,57.4,49.945,060.98,5.356284153005461,020.268114754098356
1769587882.7853482,325.17700934410095,40,56,52,39.04,57.38,49.98,060.96,5.336284153005465,020.23311475409836
1769587882.840241,325.231974363327,40,56,53,39.06,57.36,50.02,060.94,5.316284153005462,020.193114754098353
1769587882.890819,325.28245401382446,40,56,53,39.08,57.34,50.06,060.92,5.296284153005466,020.153114754098354
1769587882.9449751,325.3366253376007,40,56,52,39.1,57.32,50.09,060.9,5.276284153005463,020.123114754098353
1769587883.001357,325.393048286438,40,56,52,39.12,57.305,50.12,060.88,5.261284153005462,020.09311475409836
1769587883.053098,325.44468927383423,40,56,52,39.14,57.285,50.15,060.86,5.241284153005459,020.063114754098358
1769587883.123782,325.5152220726013,40,56,52,39.16,57.265,50.185,060.84,5.221284153005463,020.028114754098354
1769587883.210092,325.60157012939453,40,56,52,39.18,57.25,50.215,060.82,5.206284153005463,019.998114754098353
1769587883.272918,325.6645030975342,40,56,52,39.2,57.235,50.245,060.8,5.191284153005462,019.96811475409836
1769587883.3281689,325.71983528137207,40,56,52,39.22,57.22,50.275,060.78,5.1762841530054615,019.938114754098358
1769587883.381214,325.7728772163391,40,56,52,39.235,57.205,50.305,060.765,5.161284153005461,019.908114754098357
1769587883.434795,325.8264992237091,40,56,52,39.25,57.19,50.335,060.75,5.14628415300546,019.878114754098355
1769587883.486196,325.8777310848236,40,56,53,39.265,57.175,50.37,060.735,5.13128415300546,019.84311475409836
1769587883.53852,325.9301931858063,40,56,53,39.28,57.16,50.405,060.72,5.116284153005459,019.808114754098355
1769587883.5915039,325.983097076416,40,56,53,39.295,57.145,50.44,060.705,5.101284153005466,019.77311475409836
1769587883.6454122,326.03709626197815,40,56,52,39.31,57.13,50.47,060.69,5.086284153005465,019.743114754098357
1769587883.707007,326.0985243320465,40,56,53,39.325,57.115,50.505,060.675,5.071284153005465,019.708114754098354
1769587883.770547,326.1618871688843,41,56,53,39.345,57.1,50.535,060.655,5.056284153005464,019.67811475409836
1769587883.8305511,326.2216262817383,41,56,53,39.365,57.085,50.565,060.635,5.0412841530054635,019.64811475409836
1769587883.890201,326.28172731399536,41,56,54,39.385,57.07,50.6,060.615,5.026284153005463,019.613114754098355
1769587883.9470809,326.3387463092804,41,56,54,39.405,57.055,50.635,060.595,5.011284153005462,019.578114754098358
1769587884.001176,326.39282631874084,41,56,53,39.425,57.04,50.665,060.575,4.996284153005462,019.548114754098357
1769587884.054359,326.44585824012756,41,56,54,39.445,57.025,50.7,060.555,4.981284153005461,019.513114754098353
1769587884.108126,326.49982833862305,41,56,53,39.465,57.01,50.73,060.535,4.966284153005461,019.48311475409836
1769587884.15838,326.5501081943512,41,56,53,39.485,56.995,50.76,060.515,4.95128415300546,019.453114754098358
1769587884.209149,326.60083627700806,41,56,54,39.505,56.98,50.795,060.495,4.9362841530054595,019.418114754098355
1769587884.259766,326.6514251232147,41,56,54,39.525,56.965,50.83,060.475,4.921284153005466,019.383114754098358
1769587884.312015,326.70373129844666,41,56,54,39.54,56.95,50.865,060.46,4.9062841530054655,019.348114754098354
1769587884.367583,326.7592542171478,41,56,54,39.555,56.935,50.9,060.445,4.891284153005465,019.313114754098358
1769587884.4184341,326.8101341724396,41,56,54,39.575,56.92,50.935,060.425,4.876284153005464,019.278114754098354
1769587884.4688928,326.86054825782776,41,56,54,39.595,56.905,50.97,060.405,4.861284153005464,019.243114754098357
1769587884.521659,326.91338419914246,41,56,54,39.615,56.89,51.005,060.385,4.846284153005463,019.208114754098354
1769587884.5729349,326.96467208862305,41,56,54,39.63,56.875,51.035,060.37,4.831284153005463,019.17811475409836
1769587884.624317,327.0159411430359,41,56,54,39.645,56.865,51.065,060.355,4.821284153005465,019.14811475409836
1769587884.676212,327.0678651332855,41,56,53,39.66,56.855,51.09,060.34,4.8112841530054595,019.123114754098353
1769587884.7264159,327.11804008483887,41,56,54,39.675,56.845,51.12,060.325,4.8012841530054615,019.09311475409836
1769587884.778753,327.17017436027527,42,56,54,39.695,56.835,51.15,060.305,4.7912841530054635,019.063114754098358
1769587884.829696,327.2213032245636,41,56,54,39.71,56.82,51.18,060.29,4.776284153005463,019.033114754098357
1769587884.881869,327.2736072540283,41,56,54,39.725,56.81,51.21,060.275,4.766284153005465,019.003114754098355
1769587884.934439,327.3261592388153,41,56,54,39.735,56.8,51.235,060.265,4.75628415300546,018.978114754098357
1769587884.984673,327.37634921073914,41,56,54,39.745,56.79,51.26,060.255,4.746284153005462,018.953114754098358
1769587885.0381591,327.4298360347748,41,56,54,39.76,56.78,51.29,060.24,4.736284153005464,018.923114754098357
1769587885.089764,327.48145723342896,41,56,53,39.77,56.77,51.315,060.23,4.726284153005466,018.89811475409836
1769587885.14269,327.5343680381775,41,56,54,39.78,56.76,51.34,060.22,4.716284153005461,018.873114754098353
1769587885.1950002,327.5866811275482,41,56,53,39.79,56.75,51.36,060.21,4.706284153005463,018.853114754098357
1769587885.24578,327.6374521255493,41,56,53,39.805,56.74,51.38,060.195,4.696284153005465,018.833114754098354
1769587885.298781,327.69021797180176,41,56,53,39.815,56.73,51.4,060.185,4.6862841530054595,018.813114754098358
1769587885.350494,327.74216508865356,41,56,54,39.825,56.72,51.425,060.175,4.6762841530054615,018.78811475409836
1769587885.404348,327.7959952354431,41,56,54,39.835,56.71,51.45,060.165,4.6662841530054635,018.763114754098353
1769587885.457537,327.8492259979248,41,56,53,39.845,56.7,51.47,060.155,4.6562841530054655,018.743114754098357
1769587885.507303,327.8989140987396,41,56,53,39.855,56.69,51.485,060.145,4.64628415300546,018.728114754098357
1769587885.559078,327.9507703781128,41,56,53,39.865,56.68,51.505,060.135,4.636284153005462,018.708114754098354
1769587885.610036,328.00169134140015,41,56,53,39.875,56.67,51.525,060.125,4.626284153005464,018.688114754098358
1769587885.664896,328.05650305747986,41,56,53,39.885,56.66,51.545,060.115,4.616284153005459,018.668114754098355
1769587885.715364,328.10706424713135,41,56,53,39.895,56.65,51.565,060.105,4.606284153005461,018.64811475409836
1769587885.768011,328.1596291065216,41,56,53,39.905,56.64,51.585,060.095,4.596284153005463,018.628114754098355
1769587885.8218958,328.213582277298,41,56,53,39.915,56.63,51.605,060.085,4.586284153005465,018.60811475409836
1769587885.874304,328.2660322189331,40,56,53,39.92,56.62,51.625,060.08,4.57628415300546,018.588114754098356
1769587885.923241,328.31493520736694,41,56,53,39.93,56.61,51.645,060.07,4.566284153005462,018.568114754098353
1769587885.9742541,328.3659620285034,41,56,53,39.94,56.6,51.66,060.06,4.556284153005464,018.55311475409836
1769587886.026764,328.4183921813965,41,56,53,39.95,56.59,51.675,060.05,4.546284153005466,018.53811475409836
1769587886.0771232,328.4688513278961,40,56,53,39.955,56.585,51.69,060.045,4.5412841530054635,018.52311475409836
1769587886.128663,328.5202271938324,41,56,53,39.965,56.58,51.705,060.035,4.536284153005461,018.508114754098358
1769587886.181973,328.5736472606659,41,56,54,39.975,56.575,51.725,060.025,4.5312841530054655,018.488114754098355
1769587886.2339,328.62559819221497,42,56,54,39.99,56.57,51.745,060.01,4.526284153005463,018.46811475409836
1769587886.284669,328.67637825012207,41,56,54,40.0,56.565,51.765,060.0,4.52128415300546,018.448114754098356
1769587886.3351219,328.7268352508545,41,56,53,40.01,56.56,51.78,059.99,4.516284153005465,018.433114754098355
1769587886.38508,328.776780128479,41,56,53,40.02,56.555,51.795,059.98,4.511284153005462,018.418114754098355
1769587886.436331,328.82804822921753,41,56,53,40.03,56.55,51.81,059.97,4.50628415300546,018.403114754098354
1769587886.4888031,328.8804371356964,41,56,53,40.04,56.545,51.825,059.96,4.501284153005464,018.388114754098353
1769587886.539277,328.931015253067,41,56,53,40.05,56.54,51.84,059.95,4.496284153005462,018.373114754098353
1769587886.589717,328.98141741752625,41,56,53,40.06,56.535,51.855,059.94,4.491284153005459,018.35811475409836
1769587886.646533,329.03820538520813,41,56,53,40.07,56.53,51.87,059.93,4.486284153005464,018.34311475409836
1769587886.699862,329.09133529663086,41,56,53,40.075,56.525,51.88,059.925,4.481284153005461,018.333114754098354
1769587886.757081,329.1486372947693,41,56,53,40.08,56.52,51.89,059.92,4.476284153005466,018.323114754098356
1769587886.816177,329.2078273296356,41,56,53,40.085,56.515,51.9,059.915,4.471284153005463,018.313114754098358
1769587886.867015,329.2583212852478,41,56,53,40.09,56.51,51.91,059.91,4.466284153005461,018.30311475409836
1769587886.9173381,329.30902314186096,41,56,53,40.095,56.505,51.92,059.905,4.461284153005465,018.293114754098355
1769587886.969744,329.36140727996826,41,56,54,40.1,56.5,51.935,059.9,4.456284153005463,018.278114754098354
1769587887.0224261,329.4141550064087,42,55,54,40.11,56.49,51.95,059.89,4.446284153005465,018.263114754098353
1769587887.075822,329.4674482345581,41,56,54,40.115,56.485,51.965,059.885,4.441284153005462,018.248114754098353
1769587887.1280131,329.5197403430939,41,56,54,40.125,56.48,51.985,059.875,4.4362841530054595,018.228114754098357
1769587887.1788108,329.5705122947693,41,56,54,40.13,56.475,52.0,059.87,4.431284153005464,018.213114754098356
1769587887.2277682,329.6194660663605,41,56,54,40.135,56.47,52.015,059.865,4.4262841530054615,018.198114754098356
1769587887.277333,329.66900730133057,41,56,54,40.14,56.465,52.03,059.86,4.421284153005466,018.183114754098355
1769587887.328752,329.7204051017761,41,56,54,40.145,56.46,52.045,059.855,4.4162841530054635,018.168114754098355
1769587887.3831081,329.774685382843,41,56,54,40.15,56.455,52.06,059.85,4.411284153005461,018.153114754098354
1769587887.434425,329.82608222961426,42,56,54,40.16,56.45,52.075,059.84,4.4062841530054655,018.138114754098353
1769587887.485099,329.8768093585968,41,56,54,40.165,56.445,52.09,059.835,4.401284153005463,018.123114754098353
1769587887.535147,329.9268500804901,41,56,54,40.17,56.44,52.105,059.83,4.39628415300546,018.10811475409836
1769587887.5865018,329.97825837135315,41,55,54,40.175,56.43,52.12,059.825,4.386284153005462,018.09311475409836
1769587887.6378398,330.02956223487854,41,55,54,40.18,56.42,52.135,059.82,4.376284153005464,018.078114754098358
1769587887.686624,330.07833909988403,41,56,54,40.185,56.415,52.15,059.815,4.371284153005462,018.063114754098358
1769587887.737356,330.12908005714417,41,55,54,40.195,56.405,52.17,059.805,4.361284153005464,018.043114754098355
1769587887.785939,330.1776361465454,42,55,55,40.205,56.395,52.19,059.795,4.351284153005466,018.02311475409836
1769587887.8338492,330.22555017471313,42,55,55,40.215,56.385,52.21,059.785,4.341284153005461,018.003114754098355
1769587887.88375,330.2754240036011,41,55,54,40.225,56.375,52.225,059.775,4.331284153005463,017.988114754098355
1769587887.9331992,330.32485723495483,41,55,54,40.235,56.365,52.24,059.765,4.321284153005465,017.973114754098354
1769587887.984982,330.37669038772583,42,55,55,40.25,56.355,52.26,059.75,4.3112841530054595,017.953114754098358
1769587888.035483,330.4271631240845,42,55,55,40.265,56.345,52.28,059.735,4.3012841530054615,017.933114754098355
1769587888.0868192,330.47850131988525,41,55,55,40.275,56.335,52.3,059.725,4.2912841530054635,017.91311475409836
1769587888.149621,330.5411341190338,42,55,55,40.29,56.325,52.32,059.71,4.2812841530054655,017.893114754098356
1769587888.212118,330.60363125801086,41,55,55,40.295,56.315,52.34,059.705,4.27128415300546,017.873114754098353
1769587888.26819,330.659873008728,42,55,55,40.305,56.305,52.36,059.695,4.261284153005462,017.853114754098357
1769587888.318028,330.7097291946411,42,55,55,40.32,56.295,52.38,059.68,4.251284153005464,017.833114754098354
1769587888.3684878,330.76013922691345,42,55,55,40.335,56.285,52.4,059.665,4.241284153005459,017.813114754098358
1769587888.4214022,330.8131332397461,42,55,55,40.35,56.275,52.42,059.65,4.231284153005461,017.793114754098355
1769587888.470573,330.8622782230377,42,55,55,40.365,56.265,52.445,059.635,4.221284153005463,017.768114754098356
1769587888.524245,330.91596126556396,42,55,55,40.38,56.255,52.47,059.62,4.211284153005465,017.743114754098357
1769587888.576354,330.96806240081787,42,55,55,40.395,56.245,52.495,059.605,4.20128415300546,017.71811475409836
1769587888.625162,331.01681208610535,42,55,55,40.41,56.235,52.52,059.59,4.191284153005462,017.693114754098353
1769587888.6778738,331.0695552825928,42,55,55,40.425,56.225,52.545,059.575,4.181284153005464,017.668114754098355
1769587888.730689,331.1223883628845,42,55,55,40.44,56.215,52.57,059.56,4.171284153005466,017.643114754098356
1769587888.780114,331.1718053817749,42,55,55,40.45,56.205,52.59,059.55,4.161284153005461,017.623114754098353
1769587888.828371,331.2200970649719,42,55,55,40.465,56.195,52.615,059.535,4.151284153005463,017.598114754098354
1769587888.882276,331.2739131450653,42,55,55,40.48,56.185,52.64,059.52,4.141284153005465,017.573114754098356
1769587888.938889,331.3303790092468,41,55,54,40.49,56.175,52.66,059.51,4.13128415300546,017.55311475409836
1769587888.995836,331.3875241279602,41,56,54,40.5,56.17,52.68,059.5,4.126284153005464,017.533114754098357
1769587889.0444002,331.4361221790314,41,56,54,40.51,56.165,52.7,059.49,4.121284153005462,017.513114754098353
1769587889.092227,331.483900308609,41,56,54,40.52,56.16,52.72,059.48,4.116284153005459,017.493114754098357
1769587889.142085,331.53371810913086,41,55,54,40.525,56.15,52.735,059.475,4.106284153005461,017.478114754098357
1769587889.199379,331.59104013442993,41,55,54,40.53,56.14,52.75,059.47,4.096284153005463,017.463114754098356
1769587889.2570791,331.6487452983856,41,55,54,40.54,56.13,52.77,059.46,4.086284153005465,017.443114754098353
1769587889.3109171,331.7025451660156,41,55,54,40.55,56.12,52.79,059.45,4.07628415300546,017.423114754098357
1769587889.360731,331.7524800300598,41,56,54,40.56,56.115,52.81,059.44,4.071284153005465,017.403114754098354
1769587889.407543,331.7992351055145,41,56,54,40.57,56.11,52.83,059.43,4.066284153005462,017.383114754098358
1769587889.46092,331.8521931171417,41,56,54,40.58,56.105,52.85,059.42,4.0612841530054595,017.363114754098355
1769587889.51283,331.90447211265564,41,56,53,40.59,56.1,52.865,059.41,4.056284153005464,017.348114754098354
1769587889.563415,331.95510506629944,41,56,54,40.6,56.095,52.885,059.4,4.0512841530054615,017.328114754098358
1769587889.6149042,332.0065960884094,41,55,54,40.61,56.085,52.905,059.39,4.0412841530054635,017.308114754098355
1769587889.66874,332.06040811538696,41,55,54,40.62,56.075,52.925,059.38,4.0312841530054655,017.28811475409836
1769587889.7261498,332.11768341064453,41,56,54,40.625,56.07,52.94,059.375,4.026284153005463,017.27311475409836
1769587889.783332,332.1750111579895,41,56,54,40.63,56.065,52.955,059.37,4.02128415300546,017.258114754098358
1769587889.834141,332.22569608688354,41,56,54,40.64,56.06,52.975,059.36,4.016284153005465,017.238114754098355
1769587889.8880022,332.27961015701294,41,56,54,40.65,56.055,52.99,059.35,4.011284153005462,017.223114754098354
1769587889.946513,332.3381702899933,41,56,54,40.66,56.05,53.005,059.34,4.00628415300546,017.208114754098354
1769587889.999,332.3907082080841,41,56,54,40.67,56.045,53.025,059.33,4.001284153005464,017.188114754098358
1769587890.0469692,332.43854904174805,41,56,54,40.68,56.04,53.045,059.32,3.996284153005462,017.168114754098355
1769587890.097698,332.48937606811523,41,56,54,40.69,56.035,53.065,059.31,3.9912841530054592,017.14811475409836
1769587890.150005,332.5416581630707,41,56,54,40.7,56.03,53.085,059.3,3.986284153005464,017.128114754098355
1769587890.2077708,332.59928917884827,41,56,54,40.705,56.025,53.1,059.295,3.9812841530054612,017.113114754098355
1769587890.26664,332.65826511383057,41,56,54,40.71,56.02,53.115,059.29,3.976284153005466,017.098114754098354
1769587890.324319,332.7159380912781,41,56,54,40.72,56.015,53.13,059.28,3.9712841530054632,017.083114754098354
1769587890.383261,332.7748763561249,41,56,54,40.725,56.01,53.145,059.275,3.9662841530054607,017.068114754098353
1769587890.436407,332.82812118530273,41,56,54,40.73,56.005,53.16,059.27,3.961284153005465,017.05311475409836
1769587890.4843981,332.8759753704071,41,56,54,40.74,56.0,53.175,059.26,3.9562841530054627,017.03811475409836
1769587890.5353951,332.92712235450745,41,56,54,40.75,55.995,53.19,059.25,3.95128415300546,017.02311475409836
1769587890.58763,332.9793231487274,41,56,54,40.755,55.99,53.205,059.245,3.9462841530054646,017.008114754098358
1769587890.6385238,333.02989530563354,41,56,54,40.76,55.985,53.22,059.24,3.941284153005462,016.993114754098357
1769587890.690455,333.08214712142944,41,55,54,40.765,55.975,53.235,059.235,3.931284153005464,016.978114754098357
1769587890.740767,333.13247632980347,41,56,54,40.775,55.97,53.25,059.225,3.9262841530054615,016.963114754098356
1769587890.78863,333.18031120300293,41,56,54,40.78,55.965,53.265,059.22,3.921284153005466,016.948114754098356
1769587890.8378072,333.2294692993164,41,56,54,40.785,55.96,53.28,059.215,3.9162841530054635,016.933114754098355
1769587890.887487,333.27918219566345,41,56,54,40.79,55.955,53.295,059.21,3.911284153005461,016.918114754098355
1769587890.936647,333.32831621170044,41,56,54,40.795,55.95,53.305,059.205,3.9062841530054655,016.908114754098357
1769587890.985248,333.376757144928,41,55,54,40.795,55.94,53.315,059.205,3.8962841530054604,016.89811475409836
1769587891.0351942,333.42687821388245,41,56,54,40.8,55.935,53.325,059.2,3.891284153005465,016.888114754098353
1769587891.086711,333.47841215133667,41,56,54,40.805,55.93,53.34,059.195,3.8862841530054624,016.873114754098353
1769587891.1369228,333.5286021232605,41,55,54,40.81,55.92,53.355,059.19,3.8762841530054644,016.85811475409836
1769587891.190065,333.581698179245,40,56,54,40.81,55.915,53.37,059.19,3.871284153005462,016.84311475409836
1769587891.244868,333.6364402770996,41,55,54,40.815,55.905,53.385,059.185,3.861284153005464,016.828114754098358
1769587891.29551,333.6872022151947,41,55,54,40.82,55.895,53.395,059.18,3.851284153005466,016.818114754098353
1769587891.343554,333.7352612018585,41,55,54,40.825,55.885,53.405,059.175,3.8412841530054607,016.808114754098355
1769587891.394149,333.78584122657776,40,55,54,40.825,55.875,53.415,059.175,3.8312841530054627,016.798114754098357
1769587891.449698,333.8414053916931,41,55,54,40.83,55.865,53.425,059.17,3.8212841530054646,016.78811475409836
1769587891.499486,333.8911323547363,40,55,54,40.83,55.855,53.435,059.17,3.8112841530054595,016.778114754098354
1769587891.548337,333.94003200531006,40,55,54,40.83,55.845,53.445,059.17,3.8012841530054615,016.768114754098356
1769587891.597949,333.98954701423645,41,55,54,40.835,55.835,53.455,059.165,3.7912841530054635,016.758114754098358
1769587891.648869,334.04059624671936,41,55,55,40.84,55.825,53.47,059.16,3.7812841530054655,016.743114754098357
1769587891.699409,334.0911133289337,41,55,54,40.845,55.815,53.48,059.155,3.7712841530054604,016.73311475409836
1769587891.749839,334.14156007766724,40,55,54,40.845,55.805,53.49,059.155,3.7612841530054624,016.723114754098354
1769587891.803882,334.1955232620239,40,55,54,40.845,55.795,53.5,059.155,3.7512841530054644,016.713114754098356
1769587891.862876,334.2543773651123,41,55,54,40.85,55.785,53.51,059.15,3.7412841530054592,016.703114754098358
1769587891.9202712,334.3119821548462,41,55,54,40.855,55.775,53.52,059.145,3.7312841530054612,016.693114754098353
1769587891.9731789,334.3648681640625,40,55,54,40.855,55.765,53.53,059.145,3.7212841530054632,016.683114754098355
1769587892.0295959,334.4212260246277,40,55,54,40.855,55.755,53.54,059.145,3.711284153005465,016.673114754098357
1769587892.086272,334.4779829978943,40,55,54,40.855,55.75,53.55,059.145,3.7062841530054627,016.66311475409836
1769587892.138156,334.52987122535706,40,56,53,40.855,55.75,53.555,059.145,3.7062841530054627,016.658114754098357
1769587892.189239,334.58074426651,40,56,53,40.855,55.745,53.56,059.145,3.70128415300546,016.653114754098354
1769587892.237812,334.62953519821167,40,56,54,40.855,55.745,53.57,059.145,3.70128415300546,016.643114754098356
1769587892.287573,334.6791481971741,41,55,54,40.86,55.74,53.58,059.14,3.6962841530054646,016.633114754098358
1769587892.3355021,334.7271673679352,41,55,54,40.865,55.73,53.59,059.135,3.6862841530054595,016.623114754098353
1769587892.385067,334.776780128479,40,55,54,40.865,55.72,53.6,059.135,3.6762841530054615,016.613114754098355
1769587892.439984,334.83166217803955,40,55,54,40.865,55.715,53.61,059.135,3.671284153005466,016.603114754098357
1769587892.491182,334.8828811645508,40,56,54,40.865,55.715,53.62,059.135,3.671284153005466,016.59311475409836
1769587892.541613,334.93328619003296,40,56,54,40.865,55.715,53.63,059.135,3.671284153005466,016.583114754098354
1769587892.592569,334.9841043949127,40,55,54,40.865,55.71,53.64,059.135,3.6662841530054635,016.573114754098356
1769587892.643512,335.0351810455322,40,55,54,40.865,55.705,53.65,059.135,3.661284153005461,016.563114754098358
1769587892.692538,335.0842561721802,40,56,53,40.865,55.705,53.655,059.135,3.661284153005461,016.558114754098355
1769587892.7424488,335.1341540813446,40,56,53,40.865,55.705,53.66,059.135,3.661284153005461,016.55311475409836
1769587892.7926881,335.1844313144684,40,56,53,40.865,55.705,53.665,059.135,3.661284153005461,016.548114754098357
1769587892.841825,335.23343205451965,40,56,53,40.865,55.705,53.67,059.135,3.661284153005461,016.543114754098355
1769587892.8886259,335.28031945228577,40,56,53,40.865,55.705,53.675,059.135,3.661284153005461,016.53811475409836
1769587892.938935,335.33033323287964,40,56,53,40.865,55.705,53.68,059.135,3.661284153005461,016.533114754098357
1769587892.990558,335.38226222991943,40,56,53,40.865,55.705,53.685,059.135,3.661284153005461,016.528114754098354
1769587893.042753,335.434472322464,40,56,53,40.865,55.705,53.69,059.135,3.661284153005461,016.52311475409836
1769587893.093359,335.48508524894714,40,56,53,40.865,55.705,53.695,059.135,3.661284153005461,016.518114754098356
1769587893.144824,335.53646421432495,40,56,53,40.865,55.705,53.7,059.135,3.661284153005461,016.513114754098353
1769587893.195554,335.58729219436646,40,56,53,40.865,55.705,53.705,059.135,3.661284153005461,016.508114754098358
1769587893.246391,335.63810110092163,40,56,53,40.865,55.705,53.71,059.135,3.661284153005461,016.503114754098355
1769587893.2951732,335.6868963241577,39,56,53,40.86,55.705,53.715,059.14,3.661284153005461,016.498114754098353
1769587893.346276,335.73800134658813,40,56,53,40.86,55.705,53.715,059.14,3.661284153005461,016.498114754098353
1769587893.396544,335.78820419311523,39,56,53,40.855,55.705,53.715,059.145,3.661284153005461,016.498114754098353
1769587893.447008,335.8386912345886,39,56,53,40.85,55.705,53.72,059.15,3.661284153005461,016.493114754098357
1769587893.4987588,335.8904392719269,39,56,52,40.845,55.705,53.72,059.155,3.661284153005461,016.493114754098357
1769587893.5521002,335.94380021095276,39,56,53,40.84,55.705,53.725,059.16,3.661284153005461,016.488114754098355
1769587893.5573041,335.949077129364,39,56,53,40.835,55.705,53.73,059.165,3.661284153005461,016.48311475409836
1769587893.6084092,336.00012731552124,39,56,53,40.83,55.705,53.735,059.17,3.661284153005461,016.478114754098357
1769587893.657969,336.04967522621155,39,56,53,40.825,55.705,53.74,059.175,3.661284153005461,016.473114754098354
1769587893.70929,336.1009783744812,39,56,53,40.82,55.705,53.745,059.18,3.661284153005461,016.46811475409836
1769587893.767225,336.15884804725647,39,56,53,40.815,55.705,53.75,059.185,3.661284153005461,016.463114754098356
1769587893.823919,336.2156443595886,39,56,53,40.81,55.705,53.755,059.19,3.661284153005461,016.458114754098354
1769587893.872637,336.2643840312958,39,56,53,40.805,55.705,53.755,059.195,3.661284153005461,016.458114754098354
1769587893.9215128,336.31318831443787,39,56,53,40.8,55.705,53.755,059.2,3.661284153005461,016.458114754098354
1769587893.9680278,336.35974502563477,39,56,52,40.795,55.705,53.75,059.205,3.661284153005461,016.463114754098356
1769587894.016633,336.408230304718,39,56,52,40.79,55.705,53.75,059.21,3.661284153005461,016.463114754098356
1769587894.068476,336.46017622947693,39,56,52,40.785,55.705,53.745,059.215,3.661284153005461,016.46811475409836
1769587894.117957,336.5095570087433,39,56,51,40.775,55.705,53.735,059.225,3.661284153005461,016.478114754098357
1769587894.17204,336.56376218795776,39,56,51,40.765,55.705,53.725,059.235,3.661284153005461,016.488114754098355
1769587894.2232351,336.6149191856384,39,56,52,40.755,55.705,53.715,059.245,3.661284153005461,016.498114754098353
1769587894.280413,336.6718940734863,40,56,52,40.75,55.705,53.705,059.25,3.661284153005461,016.508114754098358
1769587894.357537,336.7490222454071,40,56,53,40.745,55.705,53.705,059.255,3.661284153005461,016.508114754098358
1769587894.451325,336.8428153991699,39,56,52,40.735,55.705,53.695,059.265,3.661284153005461,016.518114754098356
1769587894.458802,336.8504183292389,39,56,52,40.725,55.705,53.69,059.275,3.661284153005461,016.52311475409836
1769587894.519836,336.9115402698517,39,56,52,40.715,55.705,53.685,059.285,3.661284153005461,016.528114754098354
1769587894.572175,336.96392130851746,39,56,52,40.705,55.705,53.675,059.295,3.661284153005461,016.53811475409836
1769587894.624595,337.01628708839417,39,56,52,40.695,55.705,53.665,059.305,3.661284153005461,016.548114754098357
1769587894.676312,337.0680294036865,39,56,52,40.685,55.705,53.655,059.315,3.661284153005461,016.558114754098355
1769587894.726923,337.11862301826477,39,56,52,40.675,55.705,53.645,059.325,3.661284153005461,016.568114754098353
1769587894.776866,337.1685881614685,39,57,51,40.665,55.71,53.63,059.335,3.6662841530054635,016.583114754098354
1769587894.825359,337.217080116272,39,57,51,40.655,55.715,53.615,059.345,3.671284153005466,016.598114754098354
1769587894.875604,337.2672760486603,39,56,52,40.645,55.715,53.605,059.355,3.671284153005466,016.60811475409836
1769587894.927097,337.318772315979,39,56,52,40.635,55.715,53.595,059.365,3.671284153005466,016.618114754098357
1769587894.981906,337.37358117103577,39,56,51,40.625,55.715,53.58,059.375,3.671284153005466,016.633114754098358
1769587895.034869,337.42653727531433,39,57,51,40.615,55.72,53.57,059.385,3.6762841530054615,016.643114754098356
1769587895.090673,337.482408285141,39,57,51,40.605,55.725,53.555,059.395,3.681284153005464,016.658114754098357
1769587895.139889,337.53158617019653,39,57,51,40.59,55.73,53.54,059.41,3.6862841530054595,016.673114754098357
1769587895.189556,337.5812711715698,39,56,52,40.58,55.73,53.53,059.42,3.6862841530054595,016.683114754098355
1769587895.239939,337.63140201568604,39,56,52,40.57,55.73,53.52,059.43,3.6862841530054595,016.693114754098353
1769587895.2911491,337.68282437324524,39,57,51,40.56,55.735,53.505,059.44,3.691284153005462,016.708114754098354
1769587895.3447528,337.7364354133606,39,56,52,40.55,55.735,53.495,059.45,3.691284153005462,016.71811475409836
1769587895.3960252,337.78763699531555,39,56,52,40.54,55.735,53.485,059.46,3.691284153005462,016.728114754098357
1769587895.445066,337.83676314353943,39,56,52,40.53,55.735,53.48,059.47,3.691284153005462,016.73311475409836
1769587895.494855,337.8865520954132,39,56,51,40.52,55.735,53.465,059.48,3.691284153005462,016.748114754098353
1769587895.54479,337.93651032447815,39,56,51,40.51,55.735,53.455,059.49,3.691284153005462,016.758114754098358
1769587895.600406,337.99195528030396,39,56,52,40.5,55.735,53.45,059.5,3.691284153005462,016.763114754098353
1769587895.6583161,338.05000019073486,39,56,52,40.49,55.735,53.445,059.51,3.691284153005462,016.768114754098356
1769587895.7083762,338.1000702381134,39,56,52,40.48,55.735,53.435,059.52,3.691284153005462,016.778114754098354
1769587895.758877,338.1505711078644,40,56,52,40.475,55.735,53.425,059.525,3.691284153005462,016.78811475409836
1769587895.8090181,338.2007431983948,40,56,52,40.47,55.735,53.42,059.53,3.691284153005462,016.793114754098355
1769587895.8606231,338.25230836868286,39,56,52,40.46,55.735,53.415,059.54,3.691284153005462,016.798114754098357
1769587895.91267,338.3043541908264,39,56,52,40.45,55.735,53.41,059.55,3.691284153005462,016.80311475409836
1769587895.9656792,338.35726618766785,39,56,52,40.44,55.735,53.405,059.56,3.691284153005462,016.808114754098355
1769587896.017005,338.4087371826172,39,56,52,40.43,55.735,53.4,059.57,3.691284153005462,016.813114754098358
1769587896.067838,338.4594690799713,39,56,52,40.42,55.735,53.395,059.58,3.691284153005462,016.818114754098353
1769587896.128736,338.52031421661377,39,56,52,40.41,55.735,53.39,059.59,3.691284153005462,016.823114754098356
1769587896.182116,338.5738260746002,40,56,52,40.405,55.735,53.385,059.595,3.691284153005462,016.828114754098358
1769587896.231682,338.62332129478455,39,56,52,40.4,55.735,53.38,059.6,3.691284153005462,016.833114754098354
1769587896.280725,338.6724343299866,39,56,52,40.39,55.735,53.375,059.61,3.691284153005462,016.838114754098356
1769587896.332392,338.7241153717041,40,56,52,40.385,55.735,53.37,059.615,3.691284153005462,016.84311475409836
1769587896.380106,338.77180433273315,40,56,52,40.38,55.735,53.365,059.62,3.691284153005462,016.848114754098354
1769587896.430969,338.82262420654297,40,56,52,40.38,55.735,53.36,059.62,3.691284153005462,016.853114754098357
1769587896.48421,338.8758022785187,39,56,52,40.37,55.735,53.355,059.63,3.691284153005462,016.85811475409836
1769587896.5359108,338.92758226394653,40,56,52,40.365,55.735,53.345,059.635,3.691284153005462,016.868114754098357
1769587896.587286,338.9789912700653,40,56,52,40.355,55.735,53.335,059.645,3.691284153005462,016.878114754098355
1769587896.6380239,339.0297122001648,39,56,52,40.345,55.735,53.325,059.655,3.691284153005462,016.888114754098353
1769587896.689594,339.0811183452606,39,56,52,40.335,55.735,53.32,059.665,3.691284153005462,016.893114754098356
1769587896.740693,339.1323802471161,39,56,52,40.325,55.735,53.315,059.675,3.691284153005462,016.89811475409836
1769587896.790553,339.1822531223297,39,56,52,40.315,55.735,53.31,059.685,3.691284153005462,016.903114754098354
1769587896.845109,339.236780166626,40,56,52,40.31,55.735,53.305,059.69,3.691284153005462,016.908114754098357
1769587896.899971,339.2915132045746,39,56,52,40.3,55.735,53.3,059.7,3.691284153005462,016.91311475409836
1769587896.953287,339.3450093269348,39,56,52,40.29,55.735,53.295,059.71,3.691284153005462,016.918114754098355
1769587897.008527,339.4000771045685,40,56,52,40.285,55.735,53.29,059.715,3.691284153005462,016.923114754098357
1769587897.058094,339.44975900650024,40,56,52,40.28,55.735,53.285,059.72,3.691284153005462,016.92811475409836
1769587897.112721,339.5043761730194,39,56,52,40.27,55.735,53.28,059.73,3.691284153005462,016.933114754098355
1769587897.1634629,339.5551292896271,39,56,52,40.26,55.735,53.275,059.74,3.691284153005462,016.938114754098358
1769587897.212342,339.6039342880249,39,56,52,40.25,55.735,53.27,059.75,3.691284153005462,016.943114754098353
1769587897.262035,339.6537091732025,40,56,52,40.245,55.735,53.265,059.755,3.691284153005462,016.948114754098356
1769587897.313535,339.7052502632141,40,56,52,40.24,55.735,53.255,059.76,3.691284153005462,016.958114754098354
1769587897.3697011,339.76129722595215,39,56,52,40.225,55.74,53.245,059.775,3.6962841530054646,016.96811475409836
1769587897.425376,339.8169252872467,39,56,52,40.215,55.74,53.235,059.785,3.6962841530054646,016.978114754098357
1769587897.482721,339.8742320537567,39,56,52,40.205,55.74,53.225,059.795,3.6962841530054646,016.988114754098355
1769587897.5351942,339.9268710613251,39,56,52,40.195,55.74,53.215,059.805,3.6962841530054646,016.998114754098353
1769587897.586744,339.97845125198364,39,56,52,40.185,55.74,53.205,059.815,3.6962841530054646,017.008114754098358
1769587897.637137,340.02885913848877,39,56,52,40.175,55.74,53.195,059.825,3.6962841530054646,017.018114754098356
1769587897.685448,340.07712626457214,40,56,52,40.17,55.74,53.185,059.83,3.6962841530054646,017.028114754098354
1769587897.7349062,340.12662720680237,39,56,52,40.16,55.74,53.175,059.84,3.6962841530054646,017.03811475409836
1769587897.786019,340.1777112483978,39,56,52,40.145,55.74,53.165,059.855,3.6962841530054646,017.048114754098357
1769587897.83487,340.2265911102295,40,56,53,40.14,55.74,53.16,059.86,3.6962841530054646,017.05311475409836
1769587897.8847091,340.276141166687,39,56,52,40.13,55.74,53.15,059.87,3.6962841530054646,017.063114754098358
1769587897.935793,340.3273820877075,39,56,52,40.12,55.745,53.14,059.88,3.70128415300546,017.073114754098356
1769587897.988147,340.3797662258148,39,56,52,40.11,55.75,53.13,059.89,3.7062841530054627,017.083114754098354
1769587898.040504,340.4321012496948,39,56,52,40.1,55.75,53.12,059.9,3.7062841530054627,017.09311475409836
1769587898.0902731,340.4819509983063,39,56,52,40.09,55.755,53.11,059.91,3.711284153005465,017.103114754098357
1769587898.140346,340.5320472717285,39,56,52,40.075,55.76,53.095,059.925,3.7162841530054607,017.118114754098357
1769587898.190322,340.5820641517639,39,56,52,40.06,55.765,53.08,059.94,3.7212841530054632,017.133114754098358
1769587898.241243,340.6329472064972,39,56,52,40.05,55.77,53.07,059.95,3.726284153005466,017.143114754098356
1769587898.295012,340.686692237854,39,56,52,40.04,55.775,53.06,059.96,3.7312841530054612,017.153114754098354
1769587898.3527198,340.7443542480469,39,56,52,40.025,55.78,53.045,059.975,3.736284153005464,017.168114754098355
1769587898.408191,340.7996861934662,39,56,52,40.01,55.785,53.03,059.99,3.7412841530054592,017.183114754098355
1769587898.463846,340.85549330711365,39,56,52,40.0,55.79,53.015,060.0,3.746284153005462,017.198114754098356
1769587898.51524,340.90689420700073,39,56,52,39.985,55.795,53.0,060.015,3.7512841530054644,017.213114754098356
1769587898.567304,340.9589521884918,39,56,52,39.975,55.8,52.985,060.025,3.75628415300546,017.228114754098357
1769587898.6186721,341.0104110240936,39,56,52,39.96,55.805,52.97,060.04,3.7612841530054624,017.243114754098357
1769587898.667526,341.0592613220215,39,56,52,39.945,55.81,52.955,060.055,3.766284153005465,017.258114754098358
1769587898.716816,341.1084883213043,39,56,51,39.93,55.815,52.935,060.07,3.7712841530054604,017.278114754098354
1769587898.769417,341.161101102829,38,57,51,39.91,55.825,52.915,060.09,3.7812841530054655,017.298114754098357
1769587898.821086,341.21282625198364,38,57,51,39.89,55.835,52.895,060.11,3.7912841530054635,017.318114754098353
1769587898.870093,341.2618112564087,39,56,51,39.875,55.84,52.875,060.125,3.796284153005466,017.338114754098356
1769587898.9202769,341.3118951320648,39,56,52,39.86,55.845,52.86,060.14,3.8012841530054615,017.353114754098357
1769587898.969463,341.36114525794983,39,56,51,39.845,55.85,52.84,060.155,3.806284153005464,017.373114754098353
1769587899.0186749,341.4104001522064,39,56,51,39.83,55.855,52.82,060.17,3.8112841530054595,017.393114754098356
1769587899.0678558,341.45954513549805,39,56,51,39.815,55.86,52.8,060.185,3.816284153005462,017.41311475409836
1769587899.1183538,341.50997400283813,38,57,51,39.795,55.87,52.78,060.205,3.82628415300546,017.433114754098355
1769587899.172064,341.5637402534485,38,57,51,39.775,55.88,52.76,060.225,3.836284153005465,017.453114754098358
1769587899.220365,341.61202216148376,38,57,51,39.755,55.89,52.74,060.245,3.8462841530054632,017.473114754098354
1769587899.270528,341.6621923446655,38,57,51,39.74,55.9,52.725,060.26,3.8562841530054612,017.488114754098355
1769587899.321017,341.7126941680908,38,57,51,39.725,55.905,52.71,060.275,3.861284153005464,017.503114754098355
1769587899.3698208,341.76143312454224,39,56,52,39.715,55.905,52.7,060.285,3.861284153005464,017.513114754098353
1769587899.422771,341.8144693374634,38,57,51,39.7,55.91,52.685,060.3,3.8662841530054592,017.528114754098354
1769587899.47536,341.86688113212585,38,57,51,39.685,55.92,52.67,060.315,3.8762841530054644,017.543114754098355
1769587899.5269141,341.91858530044556,39,56,51,39.675,55.925,52.655,060.325,3.88128415300546,017.558114754098355
1769587899.578054,341.96978425979614,39,56,51,39.665,55.93,52.64,060.335,3.8862841530054624,017.573114754098356
1769587899.631187,342.02254843711853,38,57,51,39.65,55.94,52.625,060.35,3.8962841530054604,017.588114754098356
1769587899.68464,342.0763692855835,38,57,51,39.635,55.945,52.61,060.365,3.901284153005463,017.603114754098357
1769587899.735738,342.1274302005768,38,57,51,39.62,55.95,52.595,060.38,3.9062841530054655,017.618114754098357
1769587899.78767,342.17936635017395,39,56,51,39.61,55.95,52.58,060.39,3.9062841530054655,017.633114754098358
1769587899.843342,342.23494505882263,39,56,52,39.6,55.95,52.575,060.4,3.9062841530054655,017.638114754098353
1769587899.8956149,342.287207365036,38,57,51,39.585,55.955,52.56,060.415,3.911284153005461,017.653114754098354
1769587899.950111,342.341801404953,38,57,51,39.57,55.965,52.545,060.43,3.921284153005466,017.668114754098355
1769587900.002225,342.39391922950745,38,57,51,39.555,55.975,52.53,060.445,3.931284153005464,017.683114754098355
1769587900.056844,342.44856429100037,38,57,51,39.54,55.98,52.515,060.46,3.9362841530054595,017.698114754098356
1769587900.107798,342.49937415122986,38,56,51,39.525,55.98,52.5,060.475,3.9362841530054595,017.713114754098356
1769587900.159147,342.5508453845978,38,56,51,39.51,55.98,52.485,060.49,3.9362841530054595,017.728114754098357
1769587900.208937,342.600634098053,38,56,51,39.495,55.98,52.47,060.505,3.9362841530054595,017.743114754098357
1769587900.259545,342.6512122154236,38,57,51,39.48,55.985,52.455,060.52,3.941284153005462,017.758114754098358
1769587900.310445,342.70216822624207,38,57,51,39.465,55.99,52.44,060.535,3.9462841530054646,017.77311475409836
1769587900.36165,342.75335812568665,38,57,51,39.45,55.995,52.425,060.55,3.95128415300546,017.78811475409836
1769587900.413065,342.8046703338623,38,57,51,39.435,56.0,52.41,060.565,3.9562841530054627,017.80311475409836
1769587900.46535,342.8570282459259,39,56,52,39.425,56.0,52.4,060.575,3.9562841530054627,017.813114754098358
1769587900.520481,342.9121401309967,39,56,52,39.415,56.0,52.39,060.585,3.9562841530054627,017.823114754098356
1769587900.5745652,342.96620416641235,38,56,51,39.4,56.0,52.375,060.6,3.9562841530054627,017.838114754098356
1769587900.625269,343.0169551372528,38,56,51,39.385,56.0,52.36,060.615,3.9562841530054627,017.853114754098357
1769587900.674152,343.06587314605713,38,56,51,39.37,56.0,52.345,060.63,3.9562841530054627,017.868114754098357
1769587900.724149,343.1158242225647,38,56,51,39.355,56.0,52.33,060.645,3.9562841530054627,017.883114754098358
1769587900.7759979,343.1676800251007,38,56,51,39.34,56.0,52.315,060.66,3.9562841530054627,017.89811475409836
1769587900.825848,343.2175691127777,38,57,51,39.325,56.005,52.3,060.675,3.961284153005465,017.91311475409836
1769587900.8767612,343.26851415634155,38,56,51,39.31,56.005,52.285,060.69,3.961284153005465,017.92811475409836
1769587900.925392,343.31702399253845,38,57,51,39.295,56.01,52.27,060.705,3.9662841530054607,017.943114754098353
1769587900.9760299,343.3676562309265,38,57,51,39.28,56.02,52.255,060.72,3.976284153005466,017.958114754098354
1769587901.0272698,343.4188451766968,39,56,51,39.27,56.02,52.24,060.73,3.976284153005466,017.973114754098354
1769587901.07791,343.46963930130005,38,57,51,39.255,56.025,52.225,060.745,3.9812841530054612,017.988114754098355
1769587901.129206,343.5209171772003,38,57,51,39.24,56.03,52.21,060.76,3.986284153005464,018.003114754098355
1769587901.17797,343.5697042942047,38,56,51,39.225,56.03,52.195,060.775,3.986284153005464,018.018114754098356
1769587901.229426,343.62099409103394,39,56,52,39.215,56.03,52.185,060.785,3.986284153005464,018.028114754098354
1769587901.2874959,343.6792182922363,38,57,51,39.2,56.04,52.17,060.8,3.996284153005462,018.043114754098355
1769587901.3380969,343.7297782897949,38,57,51,39.185,56.045,52.155,060.815,4.001284153005464,018.058114754098355
1769587901.387108,343.77880334854126,38,57,51,39.17,56.05,52.14,060.83,4.00628415300546,018.073114754098356
1769587901.437727,343.8293173313141,38,57,51,39.155,56.06,52.125,060.845,4.016284153005465,018.088114754098356
1769587901.491807,343.88346219062805,38,57,50,39.145,56.065,52.105,060.855,4.02128415300546,018.10811475409836
1769587901.541708,343.9334111213684,38,57,50,39.13,56.075,52.085,060.87,4.0312841530054655,018.128114754098355
1769587901.594391,343.9858980178833,38,57,50,39.115,56.085,52.065,060.885,4.0412841530054635,018.14811475409836
1769587901.6463091,344.03801441192627,38,57,51,39.1,56.095,52.05,060.9,4.0512841530054615,018.16311475409836
1769587901.695433,344.0871202945709,38,57,50,39.09,56.105,52.03,060.91,4.0612841530054595,018.183114754098355
1769587901.745504,344.13718819618225,38,57,50,39.075,56.115,52.01,060.925,4.071284153005465,018.203114754098358
1769587901.800971,344.19260120391846,38,57,50,39.065,56.125,51.99,060.935,4.081284153005463,018.223114754098354
1769587901.80635,344.198114156723,38,57,50,39.055,56.135,51.97,060.945,4.091284153005461,018.243114754098357
1769587901.857772,344.24946117401123,38,57,50,39.04,56.145,51.95,060.96,4.101284153005466,018.263114754098353
1769587901.911266,344.3028962612152,38,57,50,39.025,56.155,51.925,060.975,4.111284153005464,018.28811475409836
1769587901.961206,344.3528881072998,38,57,50,39.01,56.165,51.905,060.99,4.121284153005462,018.308114754098355
1769587902.013474,344.40517020225525,37,57,50,38.995,56.175,51.885,061.005,4.13128415300546,018.328114754098358
1769587902.0697758,344.4614191055298,38,57,50,38.985,56.185,51.865,061.015,4.141284153005465,018.348114754098354
1769587902.123929,344.5156111717224,38,57,51,38.97,56.195,51.85,061.03,4.151284153005463,018.363114754098355
1769587902.17402,344.56568121910095,38,57,50,38.955,56.205,51.83,061.045,4.161284153005461,018.383114754098358
1769587902.2236722,344.6153771877289,38,57,50,38.945,56.215,51.81,061.055,4.171284153005466,018.403114754098354
1769587902.273547,344.6652421951294,38,57,50,38.935,56.225,51.79,061.065,4.181284153005464,018.423114754098357
1769587902.321964,344.7136301994324,38,57,51,38.925,56.235,51.775,061.075,4.191284153005462,018.438114754098358
1769587902.372716,344.76441621780396,38,57,51,38.915,56.24,51.765,061.085,4.196284153005465,018.448114754098356
1769587902.422036,344.81376218795776,38,57,51,38.905,56.245,51.755,061.095,4.20128415300546,018.458114754098354
1769587902.4729989,344.8647291660309,38,57,51,38.895,56.25,51.74,061.105,4.206284153005463,018.473114754098354
1769587902.52527,344.9165303707123,38,57,51,38.88,56.26,51.725,061.12,4.216284153005461,018.488114754098355
1769587902.5763671,344.96805810928345,38,57,51,38.865,56.27,51.71,061.135,4.226284153005466,018.503114754098355
1769587902.626654,345.0184042453766,38,57,51,38.855,56.28,51.695,061.145,4.236284153005464,018.518114754098356
1769587902.6765308,345.0682191848755,38,57,51,38.845,56.29,51.68,061.155,4.246284153005462,018.533114754098357
1769587902.726999,345.1187152862549,38,57,51,38.835,56.295,51.665,061.165,4.251284153005464,018.548114754098357
1769587902.778427,345.1700322628021,38,57,51,38.825,56.3,51.65,061.175,4.25628415300546,018.563114754098358
1769587902.8340852,345.2256042957306,38,57,51,38.815,56.31,51.635,061.185,4.266284153005465,018.578114754098358
1769587902.887128,345.2787961959839,38,57,51,38.805,56.32,51.62,061.195,4.276284153005463,018.59311475409836
1769587902.941461,345.3331730365753,38,57,51,38.795,56.325,51.61,061.205,4.2812841530054655,018.603114754098357
1769587902.993723,345.3853943347931,38,57,51,38.785,56.33,51.6,061.215,4.286284153005461,018.613114754098355
1769587903.0523798,345.4439663887024,38,57,51,38.775,56.335,51.59,061.225,4.2912841530054635,018.623114754098353
1769587903.109333,345.5010201931,38,57,51,38.765,56.34,51.58,061.235,4.296284153005466,018.633114754098358
1769587903.1631439,345.55480337142944,38,57,51,38.755,56.345,51.57,061.245,4.3012841530054615,018.643114754098356
1769587903.2149272,345.60661935806274,39,56,51,38.75,56.345,51.56,061.25,4.3012841530054615,018.653114754098354
1769587903.2672231,345.6589250564575,39,57,51,38.745,56.35,51.55,061.255,4.306284153005464,018.66311475409836
1769587903.316192,345.7078981399536,39,57,51,38.74,56.355,51.54,061.26,4.3112841530054595,018.673114754098357
1769587903.366861,345.7584812641144,39,57,51,38.735,56.36,51.53,061.265,4.316284153005462,018.683114754098355
1769587903.418725,345.8103563785553,38,57,50,38.725,56.365,51.515,061.275,4.321284153005465,018.698114754098356
1769587903.483592,345.8749432563782,38,57,51,38.715,56.37,51.505,061.285,4.32628415300546,018.708114754098354
1769587903.5428438,345.934424161911,39,57,51,38.71,56.375,51.495,061.29,4.331284153005463,018.71811475409836
1769587903.597137,345.98886728286743,39,57,51,38.71,56.38,51.485,061.29,4.336284153005465,018.728114754098357
1769587903.6466172,346.0383291244507,39,56,52,38.705,56.38,51.48,061.295,4.336284153005465,018.73311475409836
1769587903.696573,346.0881950855255,39,57,51,38.705,56.385,51.47,061.295,4.341284153005461,018.743114754098357
1769587903.751182,346.14285802841187,39,57,51,38.705,56.39,51.46,061.295,4.346284153005463,018.753114754098355
1769587903.756453,346.14816522598267,39,57,51,38.705,56.395,51.455,061.295,4.351284153005466,018.758114754098358
1769587903.809021,346.20068526268005,39,57,51,38.705,56.4,51.445,061.295,4.356284153005461,018.768114754098356
1769587903.8614552,346.25314712524414,39,57,51,38.705,56.405,51.435,061.295,4.361284153005464,018.778114754098354
1769587903.916734,346.30836629867554,39,56,52,38.705,56.405,51.43,061.295,4.361284153005464,018.783114754098357
1769587903.9646752,346.3564043045044,39,56,52,38.705,56.405,51.425,061.295,4.361284153005464,018.78811475409836
1769587904.015288,346.4069790840149,39,57,52,38.705,56.41,51.42,061.295,4.366284153005459,018.793114754098355
1769587904.0690281,346.46064829826355,39,57,51,38.705,56.415,51.41,061.295,4.371284153005462,018.80311475409836
1769587904.1211011,346.5128130912781,39,57,51,38.705,56.42,51.4,061.295,4.376284153005464,018.813114754098358
1769587904.173134,346.56484723091125,39,57,51,38.705,56.425,51.39,061.295,4.38128415300546,018.823114754098356
1769587904.223777,346.61534214019775,39,57,51,38.705,56.43,51.38,061.295,4.386284153005462,018.833114754098354
1769587904.274519,346.6661591529846,39,57,51,38.705,56.435,51.375,061.295,4.391284153005465,018.838114754098356
1769587904.334663,346.7261252403259,39,57,51,38.705,56.44,51.37,061.295,4.39628415300546,018.84311475409836
1769587904.3912792,346.7829682826996,39,57,51,38.705,56.445,51.365,061.295,4.401284153005463,018.848114754098354
1769587904.442912,346.8345720767975,39,57,51,38.705,56.45,51.365,061.295,4.4062841530054655,018.848114754098354
1769587904.495069,346.8867771625519,39,57,51,38.705,56.455,51.365,061.295,4.411284153005461,018.848114754098354
1769587904.545535,346.93723702430725,39,57,51,38.705,56.46,51.36,061.295,4.4162841530054635,018.853114754098357
1769587904.5976388,346.98934721946716,39,57,51,38.7,56.465,51.355,061.3,4.421284153005466,018.85811475409836
1769587904.649662,347.0413360595703,39,57,51,38.695,56.47,51.345,061.305,4.4262841530054615,018.868114754098357
1769587904.7075021,347.099102973938,39,57,51,38.695,56.475,51.34,061.305,4.431284153005464,018.873114754098353
1769587904.764448,347.1561453342438,39,57,51,38.695,56.48,51.335,061.305,4.4362841530054595,018.878114754098355
1769587904.8152802,347.20700335502625,39,57,51,38.695,56.485,51.33,061.305,4.441284153005462,018.883114754098358
1769587904.8700778,347.26173639297485,39,57,51,38.695,56.49,51.325,061.305,4.446284153005465,018.888114754098353
1769587904.926232,347.31786823272705,39,57,51,38.695,56.495,51.32,061.305,4.45128415300546,018.893114754098356
1769587904.978074,347.36978816986084,39,57,51,38.695,56.5,51.315,061.305,4.456284153005463,018.89811475409836
1769587905.03072,347.4223692417145,39,57,51,38.695,56.505,51.31,061.305,4.461284153005465,018.903114754098354
1769587905.078175,347.46992921829224,39,57,51,38.695,56.505,51.31,061.305,4.461284153005465,018.903114754098354
1769587905.128766,347.52043533325195,39,57,51,38.695,56.505,51.31,061.305,4.461284153005465,018.903114754098354
1769587905.178773,347.5705153942108,39,57,51,38.695,56.51,51.305,061.305,4.466284153005461,018.908114754098357
1769587905.234894,347.6266052722931,39,57,51,38.695,56.515,51.3,061.305,4.471284153005463,018.91311475409836
1769587905.287251,347.67896723747253,39,57,51,38.695,56.52,51.3,061.305,4.476284153005466,018.91311475409836
1769587905.339927,347.73162031173706,39,57,51,38.695,56.52,51.3,061.305,4.476284153005466,018.91311475409836
1769587905.394742,347.78619623184204,39,57,51,38.695,56.52,51.3,061.305,4.476284153005466,018.91311475409836
1769587905.445015,347.83667731285095,39,57,51,38.695,56.52,51.3,061.305,4.476284153005466,018.91311475409836
1769587905.4983191,347.89000034332275,39,57,50,38.695,56.525,51.29,061.305,4.481284153005461,018.923114754098357
1769587905.5476952,347.93939304351807,39,57,50,38.695,56.53,51.28,061.305,4.486284153005464,018.933114754098355
1769587905.5961971,347.987939119339,39,57,50,38.695,56.53,51.275,061.305,4.486284153005464,018.938114754098358
1769587905.6451578,348.0368821620941,39,57,50,38.695,56.535,51.265,061.305,4.491284153005459,018.948114754098356
1769587905.696762,348.08819818496704,39,57,50,38.695,56.54,51.255,061.305,4.496284153005462,018.958114754098354
1769587905.7467258,348.1384491920471,39,57,51,38.695,56.545,51.25,061.305,4.501284153005464,018.963114754098356
1769587905.7970319,348.1887261867523,39,57,51,38.695,56.55,51.25,061.305,4.50628415300546,018.963114754098356
1769587905.846692,348.2383852005005,39,57,50,38.695,56.555,51.245,061.305,4.511284153005462,018.96811475409836
1769587905.899088,348.29070115089417,39,57,50,38.695,56.56,51.235,061.305,4.516284153005465,018.978114754098357
1769587905.9502022,348.3419063091278,39,57,50,38.695,56.565,51.225,061.305,4.52128415300546,018.988114754098355
1769587906.004104,348.3955202102661,39,57,50,38.695,56.57,51.215,061.305,4.526284153005463,018.998114754098353
1769587906.066845,348.4583270549774,39,57,50,38.69,56.575,51.205,061.31,4.5312841530054655,019.008114754098358
1769587906.127249,348.51886534690857,39,57,51,38.685,56.58,51.2,061.315,4.536284153005461,019.013114754098353
1769587906.179759,348.5713872909546,39,57,50,38.685,56.585,51.19,061.315,4.5412841530054635,019.02311475409836
1769587906.230349,348.621933221817,39,57,50,38.685,56.59,51.18,061.315,4.546284153005466,019.033114754098357
1769587906.277515,348.6692752838135,39,57,50,38.685,56.595,51.17,061.315,4.5512841530054615,019.043114754098355
1769587906.3288589,348.7204632759094,39,57,51,38.685,56.6,51.165,061.315,4.556284153005464,019.048114754098357
1769587906.3860328,348.7776460647583,39,57,50,38.685,56.605,51.155,061.315,4.5612841530054595,019.058114754098355
1769587906.4373708,348.82907223701477,39,57,50,38.685,56.61,51.145,061.315,4.566284153005462,019.068114754098353
1769587906.4892,348.8809070587158,39,57,50,38.68,56.615,51.135,061.32,4.571284153005465,019.078114754098358
1769587906.5386481,348.93041014671326,39,57,50,38.68,56.62,51.125,061.32,4.57628415300546,019.088114754098356
1769587906.5851562,348.9768352508545,39,57,50,38.68,56.625,51.115,061.32,4.581284153005463,019.098114754098354
1769587906.634239,349.02579712867737,39,57,50,38.675,56.63,51.105,061.325,4.586284153005465,019.10811475409836
1769587906.6831841,349.074889421463,39,57,50,38.67,56.635,51.095,061.33,4.591284153005461,019.118114754098357
1769587906.7340648,349.1258051395416,39,57,50,38.665,56.64,51.085,061.335,4.596284153005463,019.128114754098355
1769587906.784399,349.1761112213135,39,57,50,38.665,56.645,51.075,061.335,4.601284153005466,019.138114754098353
1769587906.83608,349.2277853488922,39,57,50,38.66,56.65,51.065,061.34,4.606284153005461,019.14811475409836
1769587906.887237,349.2788541316986,39,57,51,38.655,56.655,51.06,061.345,4.611284153005464,019.153114754098354
1769587906.9373178,349.32894015312195,39,57,50,38.655,56.66,51.05,061.345,4.616284153005459,019.16311475409836
1769587906.9898381,349.3814642429352,39,57,50,38.655,56.665,51.04,061.345,4.621284153005462,019.173114754098357
1769587907.043941,349.43565917015076,39,57,51,38.655,56.67,51.035,061.345,4.626284153005464,019.17811475409836
1769587907.095758,349.48746705055237,39,57,50,38.655,56.675,51.025,061.345,4.63128415300546,019.188114754098358
1769587907.1477408,349.539347410202,39,57,50,38.65,56.68,51.015,061.35,4.636284153005462,019.198114754098356
1769587907.2004201,349.59209513664246,39,57,50,38.65,56.685,51.005,061.35,4.641284153005465,019.208114754098354
1769587907.206285,349.5978922843933,39,57,50,38.65,56.69,50.995,061.35,4.64628415300546,019.21811475409836
1769587907.2590148,349.6507411003113,39,57,50,38.645,56.695,50.985,061.355,4.651284153005463,019.228114754098357
1769587907.307714,349.69937205314636,39,57,50,38.64,56.7,50.975,061.36,4.6562841530054655,019.238114754098355
1769587907.3583958,349.7500672340393,39,57,50,38.64,56.705,50.965,061.36,4.661284153005461,019.248114754098353
1769587907.411509,349.8030982017517,39,57,50,38.64,56.71,50.955,061.36,4.6662841530054635,019.258114754098358
1769587907.4622478,349.85397028923035,39,57,50,38.64,56.715,50.945,061.36,4.671284153005466,019.268114754098356
1769587907.513174,349.9048571586609,39,57,50,38.635,56.72,50.935,061.365,4.6762841530054615,019.278114754098354
1769587907.563721,349.9553442001343,39,57,50,38.63,56.725,50.925,061.37,4.681284153005464,019.28811475409836
1769587907.61695,350.0085413455963,39,57,50,38.63,56.73,50.915,061.37,4.6862841530054595,019.298114754098357
1769587907.670721,350.06238317489624,39,57,50,38.63,56.735,50.905,061.37,4.691284153005462,019.308114754098355
1769587907.7215302,350.11325216293335,39,57,50,38.63,56.74,50.895,061.37,4.696284153005465,019.318114754098353
1769587907.774014,350.1657111644745,39,57,50,38.63,56.745,50.885,061.37,4.70128415300546,019.328114754098358
1769587907.829804,350.22141218185425,39,58,50,38.63,56.755,50.875,061.37,4.711284153005465,019.338114754098356
1769587907.893424,350.2849521636963,39,58,49,38.63,56.765,50.86,061.37,4.721284153005463,019.353114754098357
1769587907.9463942,350.3381142616272,39,58,49,38.625,56.775,50.845,061.375,4.731284153005461,019.368114754098357
1769587907.9963388,350.38802218437195,38,58,49,38.62,56.785,50.83,061.38,4.741284153005459,019.383114754098358
1769587908.054632,350.44614720344543,38,58,49,38.615,56.795,50.815,061.385,4.751284153005464,019.39811475409836
1769587908.114859,350.50639629364014,39,58,50,38.61,56.805,50.8,061.39,4.761284153005462,019.41311475409836
1769587908.1687691,350.5603404045105,39,57,50,38.61,56.81,50.79,061.39,4.766284153005465,019.423114754098357
1769587908.220124,350.61183428764343,39,57,50,38.61,56.815,50.78,061.39,4.77128415300546,019.433114754098355
1769587908.268138,350.6598172187805,39,58,50,38.61,56.825,50.77,061.39,4.7812841530054655,019.443114754098353
1769587908.317333,350.7090811729431,39,58,50,38.61,56.835,50.76,061.39,4.7912841530054635,019.453114754098358
1769587908.365639,350.7573301792145,39,58,49,38.61,56.845,50.745,061.39,4.8012841530054615,019.46811475409836
1769587908.4162738,350.8079402446747,38,58,49,38.605,56.855,50.73,061.395,4.8112841530054595,019.48311475409836
1769587908.466075,350.85777521133423,39,58,49,38.605,56.865,50.715,061.395,4.821284153005465,019.498114754098353
1769587908.521545,350.9131531715393,39,58,50,38.605,56.875,50.705,061.395,4.831284153005463,019.508114754098358
1769587908.5760908,350.9677731990814,39,58,49,38.605,56.885,50.69,061.395,4.841284153005461,019.52311475409836
1769587908.6261592,351.0177381038666,39,58,49,38.605,56.895,50.675,061.395,4.851284153005466,019.53811475409836
1769587908.677052,351.0687711238861,39,58,49,38.605,56.905,50.66,061.395,4.861284153005464,019.55311475409836
1769587908.7273002,351.1189823150635,39,58,49,38.605,56.915,50.645,061.395,4.871284153005462,019.568114754098353
1769587908.7856598,351.17721819877625,38,58,49,38.6,56.925,50.63,061.4,4.88128415300546,019.583114754098354
1769587908.844606,351.2362792491913,39,58,49,38.6,56.935,50.615,061.4,4.891284153005465,019.598114754098354
1769587908.896062,351.28781628608704,39,58,49,38.6,56.945,50.6,061.4,4.901284153005463,019.613114754098355
1769587908.943848,351.3355083465576,39,58,49,38.6,56.955,50.585,061.4,4.911284153005461,019.628114754098355
1769587908.990844,351.38256001472473,39,58,49,38.6,56.965,50.575,061.4,4.921284153005466,019.638114754098353
1769587909.038879,351.4305694103241,38,58,48,38.6,56.97,50.56,061.4,4.9262841530054615,019.653114754098354
1769587909.087987,351.4797010421753,38,58,48,38.6,56.975,50.545,061.4,4.931284153005464,019.668114754098355
1769587909.13745,351.52889013290405,38,58,48,38.595,56.985,50.53,061.405,4.941284153005462,019.683114754098355
1769587909.187728,351.5794093608856,38,59,48,38.59,57.0,50.51,061.41,4.956284153005463,019.703114754098358
1769587909.246352,351.63793325424194,39,58,49,38.59,57.01,50.5,061.41,4.966284153005461,019.713114754098356
1769587909.303327,351.6950521469116,39,58,48,38.59,57.02,50.485,061.41,4.976284153005466,019.728114754098357
1769587909.355857,351.7476541996002,38,59,48,38.585,57.035,50.47,061.415,4.991284153005459,019.743114754098357
1769587909.4069362,351.7986752986908,38,59,48,38.585,57.045,50.455,061.415,5.001284153005464,019.758114754098358
1769587909.457077,351.84877920150757,38,59,48,38.585,57.055,50.44,061.415,5.011284153005462,019.77311475409836
1769587909.509554,351.90125012397766,38,59,48,38.585,57.065,50.425,061.415,5.02128415300546,019.78811475409836
1769587909.5621278,351.95381140708923,38,59,48,38.585,57.075,50.41,061.415,5.0312841530054655,019.80311475409836
1769587909.6133919,352.0051062107086,38,58,48,38.585,57.08,50.395,061.415,5.036284153005461,019.818114754098353
1769587909.664753,352.0563750267029,38,59,47,38.58,57.095,50.37,061.42,5.0512841530054615,019.84311475409836
1769587909.7180831,352.10976004600525,38,59,47,38.58,57.105,50.35,061.42,5.0612841530054595,019.863114754098355
1769587909.771981,352.1636862754822,38,59,47,38.58,57.115,50.33,061.42,5.071284153005465,019.883114754098358
1769587909.8232598,352.2149052619934,38,59,47,38.575,57.13,50.31,061.425,5.086284153005465,019.903114754098354
1769587909.873322,352.2650361061096,37,59,46,38.565,57.145,50.285,061.435,5.101284153005466,019.92811475409836
1769587909.920584,352.3122932910919,37,59,47,38.56,57.155,50.265,061.44,5.111284153005464,019.948114754098356
1769587909.968587,352.36032938957214,38,59,47,38.56,57.165,50.245,061.44,5.121284153005462,019.96811475409836
1769587910.018743,352.41029620170593,38,59,47,38.56,57.175,50.225,061.44,5.13128415300546,019.988114754098355
1769587910.068788,352.46043705940247,38,59,47,38.555,57.19,50.205,061.445,5.14628415300546,020.008114754098358
1769587910.1198761,352.5115592479706,38,59,47,38.55,57.205,50.18,061.45,5.161284153005461,020.033114754098357
1769587910.1799731,352.5716691017151,38,59,47,38.55,57.215,50.16,061.45,5.171284153005466,020.05311475409836
1769587910.233814,352.6255249977112,37,59,47,38.545,57.225,50.14,061.455,5.181284153005464,020.073114754098356
1769587910.284926,352.6765282154083,37,59,46,38.54,57.235,50.115,061.46,5.191284153005462,020.098114754098354
1769587910.3352609,352.72697710990906,37,59,47,38.535,57.245,50.095,061.465,5.20128415300546,020.118114754098357
1769587910.3881721,352.779901266098,37,59,46,38.53,57.26,50.07,061.47,5.216284153005461,020.143114754098356
1769587910.439308,352.83084535598755,37,59,46,38.525,57.275,50.045,061.475,5.231284153005461,020.168114754098355
1769587910.4902022,352.8819110393524,37,60,46,38.52,57.295,50.02,061.48,5.251284153005464,020.193114754098353
1769587910.539387,352.9310510158539,37,60,46,38.515,57.31,49.995,061.485,5.266284153005465,020.21811475409836
1769587910.587884,352.97963213920593,37,60,45,38.51,57.325,49.965,061.49,5.2812841530054655,020.248114754098353
1769587910.637419,353.02910017967224,37,60,45,38.505,57.34,49.935,061.495,5.296284153005466,020.278114754098354
1769587910.691013,353.0825343132019,37,60,46,38.5,57.355,49.91,061.5,5.3112841530054595,020.30311475409836
1769587910.7474182,353.1390962600708,37,60,46,38.49,57.375,49.88,061.51,5.331284153005463,020.333114754098354
1769587910.80085,353.19255232810974,37,60,46,38.48,57.395,49.85,061.52,5.351284153005466,020.363114754098355
1769587910.80673,353.1984860897064,37,60,46,38.475,57.415,49.825,061.525,5.371284153005462,020.388114754098353
1769587910.856856,353.2486352920532,37,60,46,38.47,57.435,49.8,061.53,5.391284153005465,020.41311475409836
1769587910.9067361,353.2984001636505,37,60,46,38.465,57.455,49.775,061.535,5.411284153005461,020.438114754098358
1769587910.957849,353.34951400756836,37,60,45,38.46,57.475,49.745,061.54,5.431284153005464,020.46811475409836
1769587911.0091898,353.4009163379669,36,60,45,38.45,57.495,49.715,061.55,5.45128415300546,020.498114754098353
1769587911.060378,353.45199513435364,37,60,45,38.445,57.51,49.685,061.555,5.466284153005461,020.528114754098354
1769587911.115148,353.5068302154541,37,60,45,38.44,57.53,49.655,061.56,5.486284153005464,020.558114754098355
1769587911.167558,353.55926418304443,36,60,45,38.43,57.545,49.625,061.57,5.501284153005464,020.588114754098356
1769587911.214793,353.6064703464508,36,60,45,38.42,57.56,49.595,061.58,5.516284153005465,020.618114754098357
1769587911.264301,353.6559491157532,37,60,45,38.41,57.58,49.565,061.59,5.536284153005461,020.64811475409836
1769587911.314732,353.7064120769501,37,60,45,38.405,57.595,49.535,061.595,5.5512841530054615,020.67811475409836
1769587911.371477,353.76291608810425,37,60,45,38.4,57.61,49.505,061.6,5.566284153005462,020.708114754098354
1769587911.426644,353.81839513778687,36,60,45,38.39,57.63,49.475,061.61,5.586284153005465,020.738114754098355
1769587911.476948,353.8686420917511,36,60,45,38.375,57.65,49.44,061.625,5.606284153005461,020.77311475409836
1769587911.526641,353.9182593822479,37,60,45,38.37,57.665,49.41,061.63,5.621284153005462,020.80311475409836
1769587911.5766761,353.9683723449707,37,60,45,38.365,57.68,49.38,061.635,5.636284153005462,020.833114754098354
1769587911.628453,354.02004313468933,37,60,45,38.36,57.695,49.35,061.64,5.651284153005463,020.863114754098355
1769587911.683661,354.07518434524536,37,60,45,38.355,57.71,49.32,061.645,5.6662841530054635,020.893114754098356
1769587911.7443998,354.13600420951843,36,60,45,38.345,57.725,49.295,061.655,5.681284153005464,020.918114754098355
1769587911.801014,354.19274520874023,36,60,45,38.335,57.74,49.27,061.665,5.696284153005465,020.943114754098353
1769587911.805341,354.1971232891083,36,60,44,38.325,57.755,49.24,061.675,5.711284153005465,020.973114754098354
1769587911.857801,354.2493312358856,36,60,44,38.315,57.77,49.205,061.685,5.726284153005466,021.008114754098358
1769587911.906292,354.2979693412781,36,60,45,38.305,57.785,49.18,061.695,5.741284153005459,021.033114754098357
1769587911.95815,354.34984135627747,36,60,45,38.295,57.8,49.155,061.705,5.75628415300546,021.058114754098355
1769587912.0086532,354.40037727355957,36,60,45,38.285,57.815,49.13,061.715,5.77128415300546,021.083114754098354
1769587912.0590951,354.4507722854614,36,60,44,38.275,57.83,49.1,061.725,5.786284153005461,021.113114754098355
1769587912.118554,354.51013827323914,36,60,44,38.265,57.845,49.07,061.735,5.8012841530054615,021.143114754098356
1769587912.176641,354.56807017326355,36,60,45,38.255,57.86,49.045,061.745,5.816284153005462,021.168114754098355
1769587912.229408,354.6209251880646,36,60,45,38.245,57.875,49.02,061.755,5.831284153005463,021.193114754098353
1769587912.285582,354.6770701408386,36,60,44,38.24,57.89,48.99,061.76,5.846284153005463,021.223114754098354
1769587912.341376,354.7330553531647,36,61,44,38.23,57.91,48.96,061.77,5.866284153005459,021.253114754098355
1769587912.396107,354.787846326828,36,60,44,38.22,57.925,48.925,061.78,5.88128415300546,021.28811475409836
1769587912.454598,354.84629130363464,36,60,44,38.21,57.94,48.895,061.79,5.89628415300546,021.318114754098353
1769587912.5062668,354.8979902267456,36,61,44,38.2,57.96,48.865,061.8,5.9162841530054635,021.348114754098354
1769587912.559734,354.9513530731201,36,61,44,38.19,57.98,48.835,061.81,5.9362841530054595,021.378114754098355
1769587912.60948,355.00116205215454,36,60,44,38.18,57.995,48.8,061.82,5.95128415300546,021.41311475409836
1769587912.659359,355.05107140541077,36,60,44,38.17,58.01,48.765,061.83,5.966284153005461,021.448114754098356
1769587912.710871,355.10241413116455,36,60,44,38.16,58.025,48.73,061.84,5.981284153005461,021.48311475409836
1769587912.760329,355.15206122398376,36,61,44,38.15,58.045,48.695,061.85,6.001284153005464,021.518114754098356
1769587912.811371,355.2030191421509,36,61,44,38.14,58.065,48.66,061.86,6.02128415300546,021.55311475409836
1769587912.870027,355.2616591453552,36,61,44,38.13,58.085,48.625,061.87,6.0412841530054635,021.588114754098356
1769587912.923021,355.31476521492004,36,60,44,38.12,58.1,48.59,061.88,6.056284153005464,021.623114754098353
1769587912.971467,355.36315631866455,36,60,45,38.11,58.115,48.56,061.89,6.071284153005465,021.653114754098354
1769587913.020471,355.4122061729431,36,60,45,38.1,58.13,48.53,061.9,6.086284153005465,021.683114754098355
1769587913.070241,355.46191215515137,36,60,44,38.09,58.145,48.495,061.91,6.101284153005466,021.71811475409836
1769587913.120925,355.5126361846924,36,60,44,38.08,58.16,48.46,061.92,6.116284153005459,021.753114754098355
1769587913.176086,355.5677671432495,36,60,44,38.07,58.175,48.425,061.93,6.13128415300546,021.78811475409836
1769587913.224829,355.6165292263031,36,60,45,38.06,58.19,48.395,061.94,6.14628415300546,021.818114754098353
1769587913.274716,355.6663453578949,37,60,45,38.055,58.205,48.365,061.945,6.161284153005461,021.848114754098354
1769587913.3250592,355.7167932987213,37,60,45,38.05,58.22,48.335,061.95,6.1762841530054615,021.878114754098355
1769587913.377899,355.76959228515625,37,60,45,38.045,58.235,48.305,061.955,6.191284153005462,021.908114754098357
1769587913.4293911,355.82113003730774,37,60,45,38.04,58.25,48.275,061.96,6.206284153005463,021.938114754098358
1769587913.478959,355.8706612586975,37,60,45,38.03,58.27,48.245,061.97,6.226284153005466,021.96811475409836
1769587913.527445,355.91912508010864,37,60,45,38.02,58.285,48.215,061.98,6.241284153005459,021.998114754098353
1769587913.5788312,355.9704382419586,37,60,45,38.01,58.3,48.185,061.99,6.25628415300546,022.028114754098354
1769587913.6302478,356.0219740867615,37,60,45,38.0,58.315,48.155,062.0,6.27128415300546,022.058114754098355
1769587913.6833448,356.07495403289795,37,60,45,37.995,58.33,48.13,062.005,6.286284153005461,022.083114754098354
1769587913.735208,356.1268982887268,37,60,45,37.99,58.345,48.1,062.01,6.3012841530054615,022.113114754098355
1769587913.7895648,356.18128633499146,37,60,45,37.98,58.36,48.07,062.02,6.316284153005462,022.143114754098356
1769587913.839351,356.23106718063354,37,60,45,37.97,58.375,48.04,062.03,6.331284153005463,022.173114754098357
1769587913.890076,356.2818171977997,37,60,45,37.96,58.395,48.005,062.04,6.351284153005466,022.208114754098354
1769587913.941269,356.33266735076904,37,60,45,37.95,58.41,47.975,062.05,6.366284153005459,022.238114754098355
1769587913.992699,356.38440704345703,37,60,45,37.94,58.425,47.945,062.06,6.38128415300546,022.268114754098356
1769587914.0431411,356.43487215042114,37,60,45,37.93,58.44,47.915,062.07,6.39628415300546,022.298114754098357
1769587914.093795,356.4852821826935,37,60,46,37.92,58.455,47.89,062.08,6.411284153005461,022.323114754098356
1769587914.141081,356.53277802467346,37,60,45,37.91,58.47,47.86,062.09,6.4262841530054615,022.353114754098357
1769587914.192731,356.5842502117157,37,60,45,37.9,58.49,47.825,062.1,6.446284153005465,022.388114754098353
1769587914.244162,356.63587617874146,37,60,46,37.89,58.51,47.795,062.11,6.466284153005461,022.418114754098355
1769587914.295209,356.6868851184845,37,60,46,37.88,58.525,47.765,062.12,6.481284153005461,022.448114754098356
1769587914.350441,356.74214029312134,37,60,46,37.87,58.54,47.74,062.13,6.496284153005462,022.473114754098354
1769587914.3554518,356.74719309806824,37,60,45,37.86,58.555,47.71,062.14,6.511284153005462,022.503114754098355
1769587914.406455,356.79816913604736,37,60,45,37.85,58.57,47.68,062.15,6.526284153005463,022.533114754098357
1769587914.458441,356.8501682281494,37,60,46,37.84,58.585,47.655,062.16,6.5412841530054635,022.558114754098355
1769587914.511413,356.9030930995941,37,60,46,37.83,58.6,47.63,062.17,6.556284153005464,022.583114754098354
1769587914.564885,356.9565923213959,37,60,46,37.82,58.615,47.605,062.18,6.571284153005465,022.60811475409836
1769587914.619413,357.0110583305359,37,60,46,37.81,58.63,47.58,062.19,6.586284153005465,022.633114754098358
1769587914.6711922,357.06293416023254,37,60,46,37.8,58.645,47.555,062.2,6.601284153005466,022.658114754098357
1769587914.7218251,357.1135492324829,37,60,46,37.79,58.66,47.53,062.21,6.616284153005459,022.683114754098355
1769587914.773159,357.1648371219635,37,60,46,37.78,58.675,47.505,062.22,6.63128415300546,022.708114754098354
1769587914.82847,357.22013115882874,37,60,46,37.77,58.69,47.48,062.23,6.64628415300546,022.73311475409836
1769587914.882147,357.27382707595825,37,60,46,37.76,58.705,47.455,062.24,6.661284153005461,022.758114754098358
1769587914.9364579,357.3281321525574,37,60,46,37.75,58.72,47.43,062.25,6.6762841530054615,022.783114754098357
1769587914.9908621,357.38234424591064,37,60,46,37.74,58.735,47.405,062.26,6.691284153005462,022.808114754098355
1769587915.040898,357.43262004852295,37,59,46,37.73,58.745,47.38,062.27,6.70128415300546,022.833114754098354
1769587915.090604,357.48229813575745,37,60,46,37.72,58.76,47.355,062.28,6.716284153005461,022.85811475409836
1769587915.142476,357.5341281890869,37,60,46,37.71,58.775,47.33,062.29,6.731284153005461,022.883114754098358
1769587915.1952121,357.5869092941284,37,59,46,37.7,58.785,47.305,062.3,6.741284153005459,022.908114754098357
1769587915.2484128,357.640132188797,37,59,46,37.69,58.795,47.28,062.31,6.751284153005464,022.933114754098355
1769587915.3005729,357.69227719306946,37,59,46,37.68,58.805,47.255,062.32,6.761284153005462,022.958114754098354
1769587915.3061178,357.6978461742401,37,59,46,37.67,58.815,47.23,062.33,6.77128415300546,022.98311475409836
1769587915.356388,357.7480802536011,37,59,46,37.66,58.825,47.205,062.34,6.7812841530054655,023.008114754098358
1769587915.4062982,357.7979803085327,37,59,46,37.65,58.835,47.18,062.35,6.7912841530054635,023.033114754098357
1769587915.456526,357.84825825691223,37,59,46,37.64,58.845,47.155,062.36,6.8012841530054615,023.058114754098355
1769587915.507156,357.89884519577026,37,59,46,37.63,58.855,47.13,062.37,6.8112841530054595,023.083114754098354
1769587915.5595672,357.95111417770386,37,59,46,37.62,58.865,47.105,062.38,6.821284153005465,023.10811475409836
1769587915.622047,358.0133330821991,37,59,46,37.61,58.875,47.08,062.39,6.831284153005463,023.133114754098358
1769587915.675796,358.06747913360596,37,59,46,37.6,58.885,47.06,062.4,6.841284153005461,023.153114754098354
1769587915.7259421,358.1176791191101,37,59,47,37.59,58.895,47.045,062.41,6.851284153005466,023.168114754098355
1769587915.777398,358.16914105415344,37,59,47,37.58,58.905,47.03,062.42,6.861284153005464,023.183114754098355
1769587915.830275,358.22195410728455,37,59,46,37.57,58.915,47.01,062.43,6.871284153005462,023.203114754098358
1769587915.8815832,358.27331614494324,37,59,46,37.56,58.925,46.99,062.44,6.88128415300546,023.223114754098354
1769587915.9318569,358.3235373497009,37,59,46,37.55,58.935,46.965,062.45,6.891284153005465,023.248114754098353
1769587915.979656,358.3713412284851,37,59,46,37.54,58.945,46.94,062.46,6.901284153005463,023.27311475409836
1769587916.028506,358.42022228240967,37,59,47,37.53,58.955,46.925,062.47,6.911284153005461,023.28811475409836
1769587916.077327,358.4690523147583,37,59,47,37.52,58.965,46.91,062.48,6.921284153005466,023.30311475409836
1769587916.127388,358.5189549922943,37,59,47,37.51,58.975,46.895,062.49,6.931284153005464,023.318114754098353
1769587916.18108,358.57278418540955,37,59,46,37.5,58.985,46.875,062.5,6.941284153005462,023.338114754098356
1769587916.2316391,358.62334728240967,37,59,47,37.49,58.995,46.86,062.51,6.95128415300546,023.353114754098357
1769587916.279917,358.67161321640015,38,59,47,37.485,59.005,46.84,062.515,6.961284153005465,023.373114754098353
1769587916.3274748,358.7191872596741,38,59,47,37.48,59.015,46.825,062.52,6.971284153005463,023.388114754098353
1769587916.377264,358.7689070701599,38,59,47,37.475,59.025,46.81,062.525,6.981284153005461,023.403114754098354
1769587916.4341261,358.825804233551,37,59,47,37.465,59.035,46.795,062.535,6.991284153005459,023.418114754098355
1769587916.4851258,358.8767161369324,37,59,47,37.455,59.045,46.775,062.545,7.001284153005464,023.438114754098358
1769587916.536823,358.92852306365967,38,59,47,37.45,59.055,46.76,062.55,7.011284153005462,023.453114754098358
1769587916.586781,358.97846603393555,38,59,47,37.445,59.065,46.745,062.555,7.02128415300546,023.46811475409836
1769587916.640554,359.03219199180603,38,59,47,37.44,59.075,46.73,062.56,7.0312841530054655,023.48311475409836
1769587916.690872,359.08251118659973,38,59,47,37.435,59.085,46.715,062.565,7.0412841530054635,023.498114754098353
1769587916.7463858,359.13809418678284,38,59,47,37.43,59.095,46.7,062.57,7.0512841530054615,023.513114754098353
1769587916.7960992,359.1877760887146,38,59,47,37.425,59.105,46.685,062.575,7.0612841530054595,023.528114754098354
1769587916.844418,359.23613023757935,38,59,47,37.42,59.115,46.67,062.58,7.071284153005465,023.543114754098355
1769587916.8962402,359.28790831565857,38,59,48,37.415,59.125,46.66,062.585,7.081284153005463,023.55311475409836
1769587916.949776,359.34142422676086,38,59,47,37.41,59.135,46.645,062.59,7.091284153005461,023.568114754098353
1769587917.006857,359.3985731601715,38,59,47,37.405,59.145,46.63,062.595,7.101284153005466,023.583114754098354
1769587917.060596,359.452210187912,38,59,47,37.4,59.155,46.61,062.6,7.111284153005464,023.603114754098357
1769587917.114548,359.506046295166,38,59,47,37.395,59.165,46.595,062.605,7.121284153005462,023.618114754098357
1769587917.164275,359.55599427223206,38,59,47,37.39,59.175,46.58,062.61,7.13128415300546,023.633114754098358
1769587917.2132428,359.6049180030823,38,59,47,37.385,59.185,46.56,062.615,7.141284153005465,023.653114754098354
1769587917.261374,359.6531262397766,38,59,47,37.38,59.195,46.545,062.62,7.151284153005463,023.668114754098355
1769587917.310787,359.7024781703949,38,59,47,37.375,59.205,46.53,062.625,7.161284153005461,023.683114754098355
1769587917.364427,359.75583124160767,38,59,47,37.37,59.215,46.515,062.63,7.171284153005466,023.698114754098356
1769587917.41639,359.8081302642822,38,59,47,37.365,59.225,46.5,062.635,7.181284153005464,023.713114754098356
1769587917.466749,359.8584711551666,38,59,47,37.36,59.235,46.485,062.64,7.191284153005462,023.728114754098357
1769587917.518293,359.90986013412476,38,59,47,37.355,59.245,46.47,062.645,7.20128415300546,023.743114754098357
1769587917.570984,359.96261405944824,37,59,47,37.345,59.255,46.455,062.655,7.211284153005465,023.758114754098358
1769587917.626931,360.0185902118683,38,59,47,37.34,59.265,46.44,062.66,7.221284153005463,023.77311475409836
1769587917.67562,360.0673131942749,38,58,48,37.335,59.27,46.43,062.665,7.226284153005466,023.783114754098357
1769587917.7237818,360.115492105484,38,58,48,37.33,59.275,46.42,062.67,7.231284153005461,023.793114754098355
1769587917.771776,360.163476228714,38,58,48,37.325,59.28,46.41,062.675,7.236284153005464,023.80311475409836
1769587917.8223639,360.2140772342682,38,59,48,37.32,59.29,46.4,062.68,7.246284153005462,023.813114754098358
1769587917.87302,360.26473808288574,38,59,48,37.315,59.3,46.39,062.685,7.25628415300546,023.823114754098356
1769587917.924282,360.3159501552582,38,59,48,37.31,59.31,46.38,062.69,7.266284153005465,023.833114754098354
1769587917.977642,360.36929726600647,38,58,48,37.305,59.315,46.37,062.695,7.27128415300546,023.84311475409836
1769587918.034467,360.4260323047638,38,58,48,37.3,59.315,46.36,062.7,7.27128415300546,023.853114754098357
1769587918.084908,360.4766483306885,38,58,48,37.295,59.315,46.355,062.705,7.27128415300546,023.85811475409836
1769587918.135511,360.5272481441498,38,59,48,37.29,59.32,46.35,062.71,7.276284153005463,023.863114754098355
1769587918.182996,360.57466435432434,38,59,48,37.29,59.325,46.345,062.71,7.2812841530054655,023.868114754098357
1769587918.232105,360.62382221221924,38,58,48,37.29,59.325,46.34,062.71,7.2812841530054655,023.873114754098353
1769587918.281591,360.67331624031067,38,58,48,37.285,59.325,46.33,062.715,7.2812841530054655,023.883114754098358
1769587918.333888,360.72558426856995,38,58,48,37.28,59.33,46.32,062.72,7.286284153005461,023.893114754098356
1769587918.384953,360.7766971588135,38,58,48,37.275,59.335,46.31,062.725,7.2912841530054635,023.903114754098354
1769587918.436741,360.82841420173645,38,58,48,37.27,59.335,46.3,062.73,7.2912841530054635,023.91311475409836
1769587918.4884229,360.88013911247253,38,58,48,37.265,59.335,46.29,062.735,7.2912841530054635,023.923114754098357
1769587918.5386891,360.93039417266846,38,58,48,37.26,59.335,46.285,062.74,7.2912841530054635,023.92811475409836
1769587918.589878,360.9816040992737,38,58,48,37.26,59.335,46.28,062.74,7.2912841530054635,023.933114754098355
1769587918.6412039,361.03289318084717,38,58,48,37.255,59.335,46.275,062.745,7.2912841530054635,023.938114754098358
1769587918.697684,361.08928632736206,38,58,48,37.25,59.335,46.265,062.75,7.2912841530054635,023.948114754098356
1769587918.751005,361.1427299976349,38,58,48,37.245,59.335,46.26,062.755,7.2912841530054635,023.953114754098358
1769587918.807178,361.1988673210144,38,58,48,37.24,59.335,46.255,062.76,7.2912841530054635,023.958114754098354
1769587918.8565068,361.2482182979584,38,58,48,37.235,59.335,46.25,062.765,7.2912841530054635,023.963114754098356
1769587918.906036,361.2978181838989,39,58,48,37.235,59.335,46.245,062.765,7.2912841530054635,023.96811475409836
1769587918.955318,361.3470871448517,38,58,48,37.235,59.335,46.24,062.765,7.2912841530054635,023.973114754098354
1769587919.0049741,361.3967401981354,38,58,48,37.23,59.335,46.235,062.77,7.2912841530054635,023.978114754098357
1769587919.0570061,361.44870829582214,38,58,48,37.225,59.335,46.23,062.775,7.2912841530054635,023.98311475409836
1769587919.108908,361.5005931854248,38,58,48,37.22,59.335,46.225,062.78,7.2912841530054635,023.988114754098355
1769587919.1608908,361.5525622367859,38,58,48,37.215,59.335,46.22,062.785,7.2912841530054635,023.993114754098357
1769587919.2103539,361.6021041870117,38,58,48,37.215,59.335,46.22,062.785,7.2912841530054635,023.993114754098357
1769587919.2589161,361.65060925483704,38,58,48,37.215,59.335,46.22,062.785,7.2912841530054635,023.993114754098357
1769587919.307563,361.6992702484131,38,58,48,37.215,59.335,46.22,062.785,7.2912841530054635,023.993114754098357
1769587919.359112,361.7507631778717,38,58,48,37.215,59.33,46.22,062.785,7.286284153005461,023.993114754098357
1769587919.412134,361.8038282394409,38,58,48,37.21,59.33,46.215,062.79,7.286284153005461,023.998114754098353
1769587919.462694,361.8544523715973,38,58,48,37.205,59.33,46.215,062.795,7.286284153005461,023.998114754098353
1769587919.514553,361.90627932548523,38,58,48,37.205,59.325,46.215,062.795,7.2812841530054655,023.998114754098353
1769587919.565253,361.95689702033997,38,58,48,37.205,59.32,46.215,062.795,7.276284153005463,023.998114754098353
1769587919.620318,362.0119891166687,38,58,48,37.205,59.315,46.215,062.795,7.27128415300546,023.998114754098353
1769587919.671177,362.062922000885,38,58,48,37.205,59.31,46.215,062.795,7.266284153005465,023.998114754098353
1769587919.7192261,362.1109173297882,38,58,48,37.205,59.305,46.215,062.795,7.261284153005462,023.998114754098353
1769587919.766911,362.15863513946533,38,58,48,37.205,59.305,46.215,062.795,7.261284153005462,023.998114754098353
1769587919.8218381,362.2135512828827,38,58,48,37.205,59.3,46.22,062.795,7.25628415300546,023.993114754098357
1769587919.874214,362.26593017578125,38,58,48,37.205,59.295,46.225,062.795,7.251284153005464,023.988114754098355
1769587919.9262981,362.3179693222046,38,59,48,37.205,59.295,46.23,062.795,7.251284153005464,023.98311475409836
1769587919.978681,362.37037229537964,38,59,48,37.205,59.295,46.235,062.795,7.251284153005464,023.978114754098357
1769587920.0388548,362.4303390979767,38,59,48,37.21,59.295,46.245,062.79,7.251284153005464,023.96811475409836
1769587920.094773,362.48644828796387,38,59,48,37.215,59.295,46.25,062.785,7.251284153005464,023.963114754098356
1769587920.146689,362.5383093357086,38,59,48,37.215,59.295,46.255,062.785,7.251284153005464,023.958114754098354
1769587920.198911,362.59056520462036,38,59,48,37.215,59.295,46.26,062.785,7.251284153005464,023.953114754098358
1769587920.2535522,362.64516830444336,38,59,48,37.215,59.295,46.265,062.785,7.251284153005464,023.948114754098356
1769587920.3070989,362.69862508773804,38,59,48,37.215,59.295,46.27,062.785,7.251284153005464,023.943114754098353
1769587920.358625,362.7503271102905,38,59,47,37.215,59.295,46.27,062.785,7.251284153005464,023.943114754098353
1769587920.410479,362.80209732055664,38,59,47,37.22,59.295,46.27,062.78,7.251284153005464,023.943114754098353
1769587920.463298,362.85498118400574,38,58,48,37.225,59.29,46.28,062.775,7.246284153005462,023.933114754098355
1769587920.517937,362.9093642234802,38,59,48,37.23,59.29,46.285,062.77,7.246284153005462,023.92811475409836
1769587920.569077,362.9606862068176,38,59,47,37.235,59.29,46.29,062.765,7.246284153005462,023.923114754098357
1769587920.6238148,363.0154423713684,38,59,47,37.24,59.29,46.295,062.76,7.246284153005462,023.918114754098355
1769587920.677622,363.06932401657104,38,59,47,37.245,59.285,46.3,062.755,7.241284153005459,023.91311475409836
1769587920.726149,363.1177053451538,37,59,47,37.245,59.28,46.305,062.755,7.236284153005464,023.908114754098357
1769587920.77529,363.16695618629456,37,59,47,37.245,59.275,46.315,062.755,7.231284153005461,023.89811475409836
1769587920.829371,363.2210512161255,37,59,47,37.245,59.27,46.325,062.755,7.226284153005466,023.888114754098353
1769587920.8861692,363.2778432369232,37,59,47,37.245,59.265,46.33,062.755,7.221284153005463,023.883114754098358
1769587920.940476,363.3320381641388,37,59,47,37.245,59.26,46.335,062.755,7.216284153005461,023.878114754098355
1769587920.992987,363.3846101760864,38,59,47,37.25,59.255,46.34,062.75,7.211284153005465,023.873114754098353
1769587921.040962,363.4326682090759,38,59,47,37.255,59.25,46.345,062.745,7.206284153005463,023.868114754098357
1769587921.0896451,363.4812753200531,37,59,47,37.255,59.245,46.35,062.745,7.20128415300546,023.863114754098355
1769587921.141032,363.5326862335205,37,59,47,37.255,59.24,46.355,062.745,7.196284153005465,023.85811475409836
1769587921.1941068,363.58581614494324,37,59,47,37.255,59.235,46.365,062.745,7.191284153005462,023.848114754098354
1769587921.246173,363.6378962993622,37,59,46,37.26,59.23,46.37,062.74,7.1862841530054595,023.84311475409836
1769587921.295637,363.68735122680664,37,59,46,37.26,59.225,46.375,062.74,7.181284153005464,023.838114754098356
1769587921.343698,363.735404253006,37,59,46,37.26,59.22,46.38,062.74,7.1762841530054615,023.833114754098354
1769587921.392421,363.7841441631317,37,59,46,37.265,59.215,46.385,062.735,7.171284153005466,023.828114754098358
1769587921.441241,363.8329453468323,37,59,46,37.27,59.21,46.39,062.73,7.1662841530054635,023.823114754098356
1769587921.4905128,363.8822252750397,37,59,46,37.27,59.205,46.395,062.73,7.161284153005461,023.818114754098353
1769587921.5400069,363.93166637420654,37,60,46,37.27,59.205,46.4,062.73,7.161284153005461,023.813114754098358
1769587921.590713,363.9823532104492,37,60,46,37.27,59.205,46.405,062.73,7.161284153005461,023.808114754098355
1769587921.6436238,364.0352203845978,37,59,46,37.275,59.2,46.41,062.725,7.1562841530054655,023.80311475409836
1769587921.706244,364.09777212142944,37,60,46,37.28,59.2,46.415,062.72,7.1562841530054655,023.798114754098357
1769587921.758663,364.1503973007202,37,59,46,37.28,59.195,46.42,062.72,7.151284153005463,023.793114754098355
1769587921.8081841,364.19992423057556,37,59,46,37.28,59.19,46.425,062.72,7.14628415300546,023.78811475409836
1769587921.856506,364.2481563091278,37,60,46,37.28,59.19,46.43,062.72,7.14628415300546,023.783114754098357
1769587921.906622,364.2983121871948,37,60,46,37.28,59.19,46.435,062.72,7.14628415300546,023.778114754098354
1769587921.957995,364.34962940216064,37,60,46,37.285,59.19,46.44,062.715,7.14628415300546,023.77311475409836
1769587922.006975,364.3985722064972,36,60,45,37.285,59.19,46.44,062.715,7.14628415300546,023.77311475409836
1769587922.058512,364.45015716552734,36,60,45,37.285,59.19,46.445,062.715,7.14628415300546,023.768114754098356
1769587922.1116312,364.5032591819763,36,60,45,37.285,59.19,46.45,062.715,7.14628415300546,023.763114754098353
1769587922.163669,364.5551700592041,36,60,45,37.285,59.19,46.45,062.715,7.14628415300546,023.763114754098353
1769587922.215162,364.60681319236755,37,60,45,37.29,59.19,46.45,062.71,7.14628415300546,023.763114754098353
1769587922.268042,364.6596722602844,37,60,45,37.295,59.19,46.45,062.705,7.14628415300546,023.763114754098353
1769587922.3222961,364.7139813899994,36,60,45,37.295,59.19,46.455,062.705,7.14628415300546,023.758114754098358
1769587922.3748648,364.7665693759918,36,60,45,37.295,59.19,46.46,062.705,7.14628415300546,023.753114754098355
1769587922.424295,364.81594705581665,36,60,45,37.295,59.19,46.46,062.705,7.14628415300546,023.753114754098355
1769587922.4761589,364.8678162097931,36,60,45,37.295,59.19,46.46,062.705,7.14628415300546,023.753114754098355
1769587922.530347,364.9220061302185,36,60,45,37.295,59.19,46.465,062.705,7.14628415300546,023.748114754098353
1769587922.581664,364.9733781814575,36,60,45,37.295,59.185,46.47,062.705,7.141284153005465,023.743114754098357
1769587922.6310852,365.02279138565063,36,60,45,37.295,59.185,46.475,062.705,7.141284153005465,023.738114754098355
1769587922.690421,365.08187317848206,36,60,45,37.295,59.185,46.48,062.705,7.141284153005465,023.73311475409836
1769587922.754375,365.14579916000366,36,60,45,37.295,59.18,46.485,062.705,7.136284153005462,023.728114754098357
1769587922.806242,365.1979341506958,36,60,45,37.295,59.175,46.49,062.705,7.13128415300546,023.723114754098354
1769587922.856151,365.24785923957825,36,60,45,37.295,59.175,46.495,062.705,7.13128415300546,023.71811475409836
1769587922.907768,365.29917311668396,36,60,44,37.295,59.175,46.495,062.705,7.13128415300546,023.71811475409836
1769587922.960425,365.35214018821716,36,60,44,37.295,59.175,46.495,062.705,7.13128415300546,023.71811475409836
1769587923.0159118,365.40751004219055,36,60,44,37.295,59.17,46.495,062.705,7.126284153005464,023.71811475409836
1769587923.073152,365.46471405029297,36,60,44,37.295,59.165,46.495,062.705,7.121284153005462,023.71811475409836
1769587923.130649,365.5223481655121,36,60,44,37.295,59.16,46.495,062.705,7.116284153005459,023.71811475409836
1769587923.187438,365.57904529571533,36,60,44,37.295,59.16,46.495,062.705,7.116284153005459,023.71811475409836
1769587923.242953,365.63453006744385,36,60,44,37.295,59.16,46.49,062.705,7.116284153005459,023.723114754098354
1769587923.302482,365.6940121650696,36,60,44,37.295,59.16,46.485,062.705,7.116284153005459,023.728114754098357
1769587923.3575182,365.7492060661316,36,60,44,37.295,59.16,46.485,062.705,7.116284153005459,023.728114754098357
1769587923.407365,365.79902625083923,36,60,44,37.295,59.16,46.485,062.705,7.116284153005459,023.728114754098357
1769587923.456635,365.8482871055603,36,60,44,37.295,59.16,46.485,062.705,7.116284153005459,023.728114754098357
1769587923.505731,365.89743638038635,36,60,44,37.295,59.16,46.48,062.705,7.116284153005459,023.73311475409836
1769587923.5575511,365.94921112060547,36,60,44,37.29,59.16,46.475,062.71,7.116284153005459,023.738114754098355
1769587923.6154811,366.00691199302673,36,60,44,37.285,59.16,46.47,062.715,7.116284153005459,023.743114754098357
1769587923.6738539,366.0650863647461,36,60,44,37.28,59.16,46.465,062.72,7.116284153005459,023.748114754098353
1769587923.724417,366.1161231994629,36,60,44,37.275,59.16,46.46,062.725,7.116284153005459,023.753114754098355
1769587923.774706,366.16634821891785,36,60,44,37.27,59.16,46.455,062.73,7.116284153005459,023.758114754098358
1769587923.825956,366.2176752090454,36,60,44,37.265,59.16,46.45,062.735,7.116284153005459,023.763114754098353
1769587923.875582,366.26729226112366,36,60,44,37.26,59.16,46.445,062.74,7.116284153005459,023.768114754098356
1769587923.9242702,366.315993309021,36,60,44,37.255,59.16,46.44,062.745,7.116284153005459,023.77311475409836
1769587923.97524,366.36678814888,36,60,44,37.25,59.16,46.435,062.75,7.116284153005459,023.778114754098354
1769587924.0330062,366.4242990016937,35,60,44,37.24,59.16,46.43,062.76,7.116284153005459,023.783114754098357
1769587924.085974,366.47769927978516,35,60,44,37.23,59.16,46.425,062.77,7.116284153005459,023.78811475409836
1769587924.134922,366.52656412124634,35,60,44,37.22,59.16,46.42,062.78,7.116284153005459,023.793114754098355
1769587924.183483,366.5750172138214,35,60,44,37.21,59.16,46.415,062.79,7.116284153005459,023.798114754098357
1769587924.234847,366.6265699863434,35,60,44,37.2,59.16,46.41,062.8,7.116284153005459,023.80311475409836
1769587924.2858958,366.67751026153564,35,60,44,37.19,59.16,46.405,062.81,7.116284153005459,023.808114754098355
1769587924.336065,366.7277412414551,35,60,44,37.18,59.16,46.4,062.82,7.116284153005459,023.813114754098358
1769587924.384154,366.7758913040161,35,60,44,37.17,59.16,46.39,062.83,7.116284153005459,023.823114754098356
1769587924.432538,366.8242542743683,35,60,44,37.16,59.16,46.385,062.84,7.116284153005459,023.828114754098358
1769587924.4832692,366.8749749660492,35,60,44,37.15,59.16,46.38,062.85,7.116284153005459,023.833114754098354
1769587924.533362,366.9249482154846,35,60,44,37.14,59.16,46.37,062.86,7.116284153005459,023.84311475409836
1769587924.58092,366.9725823402405,35,60,44,37.13,59.16,46.36,062.87,7.116284153005459,023.853114754098357
1769587924.630296,367.02166724205017,35,60,44,37.12,59.16,46.35,062.88,7.116284153005459,023.863114754098355
1769587924.680047,367.07174134254456,35,60,44,37.11,59.16,46.345,062.89,7.116284153005459,023.868114754098357
1769587924.730874,367.122590303421,35,60,44,37.1,59.16,46.34,062.9,7.116284153005459,023.873114754098353
1769587924.782263,367.1739583015442,35,60,44,37.09,59.16,46.33,062.91,7.116284153005459,023.883114754098358
1769587924.83234,367.22399735450745,35,60,44,37.08,59.16,46.32,062.92,7.116284153005459,023.893114754098356
1769587924.883889,367.2755672931671,35,60,44,37.07,59.16,46.31,062.93,7.116284153005459,023.903114754098354
1769587924.934931,367.3266203403473,35,60,44,37.06,59.16,46.3,062.94,7.116284153005459,023.91311475409836
1769587924.987597,367.37921929359436,35,60,44,37.05,59.16,46.29,062.95,7.116284153005459,023.923114754098357
1769587925.0456161,367.43726325035095,35,60,44,37.04,59.16,46.28,062.96,7.116284153005459,023.933114754098355
1769587925.0963352,367.4880483150482,35,60,44,37.03,59.16,46.27,062.97,7.116284153005459,023.943114754098353
1769587925.147424,367.53911328315735,35,60,44,37.02,59.16,46.26,062.98,7.116284153005459,023.953114754098358
1769587925.1964002,367.58807134628296,35,60,44,37.01,59.16,46.25,062.99,7.116284153005459,023.963114754098356
1769587925.2478652,367.63954305648804,35,60,44,37.0,59.16,46.24,063.0,7.116284153005459,023.973114754098354
1769587925.301894,367.6934931278229,35,60,44,36.99,59.16,46.23,063.01,7.116284153005459,023.98311475409836
1769587925.355435,367.7471282482147,35,60,44,36.98,59.165,46.22,063.02,7.121284153005462,023.993114754098357
1769587925.406434,367.798109292984,35,60,44,36.97,59.165,46.21,063.03,7.121284153005462,024.003114754098355
1769587925.456606,367.8482491970062,35,60,44,36.96,59.165,46.2,063.04,7.121284153005462,024.013114754098353
1769587925.5088398,367.90046429634094,35,60,44,36.95,59.17,46.19,063.05,7.126284153005464,024.02311475409836
1769587925.560395,367.9520401954651,35,60,44,36.94,59.175,46.18,063.06,7.13128415300546,024.033114754098357
1769587925.615555,368.00721311569214,35,60,44,36.93,59.18,46.17,063.07,7.136284153005462,024.043114754098355
1769587925.666813,368.05850434303284,35,60,44,36.92,59.185,46.16,063.08,7.141284153005465,024.05311475409836
1769587925.719554,368.11083817481995,35,60,44,36.91,59.19,46.15,063.09,7.14628415300546,024.063114754098358
1769587925.774365,368.1660132408142,35,60,44,36.9,59.195,46.14,063.1,7.151284153005463,024.073114754098356
1769587925.8288739,368.2204873561859,35,60,44,36.89,59.2,46.13,063.11,7.1562841530054655,024.083114754098354
1769587925.8856802,368.27733516693115,35,60,44,36.88,59.205,46.12,063.12,7.161284153005461,024.09311475409836
1769587925.937362,368.3291063308716,35,60,44,36.87,59.21,46.11,063.13,7.1662841530054635,024.103114754098357
1769587925.988553,368.3802561759949,35,60,44,36.86,59.215,46.1,063.14,7.171284153005466,024.113114754098355
1769587926.03701,368.42867612838745,35,60,44,36.85,59.22,46.09,063.15,7.1762841530054615,024.123114754098353
1769587926.08796,368.4796371459961,35,60,44,36.84,59.225,46.075,063.16,7.181284153005464,024.138114754098353
1769587926.137414,368.52912425994873,35,60,44,36.83,59.23,46.06,063.17,7.1862841530054595,024.153114754098354
1769587926.186673,368.57830715179443,35,60,44,36.82,59.235,46.05,063.18,7.191284153005462,024.16311475409836
1769587926.237966,368.629545211792,36,60,45,36.815,59.24,46.045,063.185,7.196284153005465,024.168114754098355
1769587926.288369,368.68006706237793,36,60,45,36.81,59.245,46.04,063.19,7.20128415300546,024.173114754098357
1769587926.338412,368.7300531864166,35,60,45,36.8,59.25,46.035,063.2,7.206284153005463,024.17811475409836
1769587926.39116,368.78285026550293,35,60,45,36.79,59.255,46.025,063.21,7.211284153005465,024.188114754098358
1769587926.439764,368.8314862251282,35,60,45,36.78,59.26,46.015,063.22,7.216284153005461,024.198114754098356
1769587926.494251,368.885769367218,35,60,45,36.77,59.265,46.005,063.23,7.221284153005463,024.208114754098354
1769587926.559068,368.9505662918091,35,60,45,36.76,59.27,46.0,063.24,7.226284153005466,024.213114754098356
1769587926.615104,369.00664925575256,36,60,45,36.755,59.275,45.99,063.245,7.231284153005461,024.223114754098354
1769587926.665401,369.05707025527954,36,60,45,36.745,59.28,45.98,063.255,7.236284153005464,024.23311475409836
1769587926.715175,369.10692620277405,36,60,45,36.735,59.285,45.97,063.265,7.241284153005459,024.243114754098357
1769587926.763485,369.15519309043884,36,60,45,36.725,59.29,45.96,063.275,7.246284153005462,024.253114754098355
1769587926.817174,369.208859205246,36,60,45,36.72,59.295,45.95,063.28,7.251284153005464,024.263114754098353
1769587926.870141,369.26182222366333,36,60,45,36.715,59.3,45.94,063.285,7.25628415300546,024.27311475409836
1769587926.9198341,369.3115153312683,36,60,45,36.705,59.305,45.93,063.295,7.261284153005462,024.283114754098357
1769587926.9672372,369.3589403629303,36,59,45,36.695,59.305,45.92,063.305,7.261284153005462,024.293114754098355
1769587927.017184,369.408860206604,36,59,46,36.685,59.305,45.915,063.315,7.261284153005462,024.298114754098357
1769587927.0716429,369.4633102416992,36,59,45,36.675,59.305,45.905,063.325,7.261284153005462,024.308114754098355
1769587927.124028,369.5157103538513,36,59,46,36.665,59.305,45.9,063.335,7.261284153005462,024.313114754098358
1769587927.178046,369.56970024108887,36,59,46,36.655,59.305,45.895,063.345,7.261284153005462,024.318114754098353
1769587927.231641,369.62328338623047,36,59,45,36.645,59.305,45.885,063.355,7.261284153005462,024.328114754098358
1769587927.283309,369.67496514320374,36,59,46,36.635,59.305,45.875,063.365,7.261284153005462,024.338114754098356
1769587927.340859,369.73240423202515,36,59,46,36.625,59.305,45.87,063.375,7.261284153005462,024.34311475409836
1769587927.394441,369.7861270904541,36,59,46,36.615,59.305,45.865,063.385,7.261284153005462,024.348114754098354
1769587927.4494221,369.8411293029785,36,59,46,36.605,59.305,45.86,063.395,7.261284153005462,024.353114754098357
1769587927.4547641,369.8465242385864,36,59,46,36.595,59.305,45.855,063.405,7.261284153005462,024.35811475409836
1769587927.5056798,369.8973970413208,36,59,46,36.585,59.305,45.85,063.415,7.261284153005462,024.363114754098355
1769587927.5571918,369.94877433776855,36,59,46,36.575,59.305,45.845,063.425,7.261284153005462,024.368114754098357
1769587927.608454,369.9999930858612,36,59,46,36.565,59.305,45.84,063.435,7.261284153005462,024.373114754098353
1769587927.66356,370.05532717704773,36,59,46,36.555,59.305,45.835,063.445,7.261284153005462,024.378114754098355
1769587927.718202,370.1098701953888,36,59,46,36.545,59.305,45.83,063.455,7.261284153005462,024.383114754098358
1769587927.770508,370.1622471809387,36,59,46,36.535,59.305,45.825,063.465,7.261284153005462,024.388114754098353
1769587927.8210518,370.2127401828766,36,59,46,36.525,59.305,45.82,063.475,7.261284153005462,024.393114754098356
1769587927.8704388,370.2620961666107,36,59,46,36.515,59.305,45.815,063.485,7.261284153005462,024.39811475409836
1769587927.925683,370.3173360824585,36,59,46,36.51,59.305,45.81,063.49,7.261284153005462,024.403114754098354
1769587927.9817522,370.3732852935791,36,60,45,36.5,59.31,45.8,063.5,7.266284153005465,024.41311475409836
1769587928.0408058,370.432373046875,36,60,45,36.49,59.32,45.785,063.51,7.276284153005463,024.42811475409836
1769587928.099186,370.4907991886139,36,59,46,36.48,59.325,45.775,063.52,7.2812841530054655,024.438114754098358
1769587928.1058428,370.49751830101013,36,59,46,36.47,59.33,45.765,063.53,7.286284153005461,024.448114754098356
1769587928.16163,370.55322337150574,36,59,45,36.46,59.33,45.75,063.54,7.286284153005461,024.463114754098356
1769587928.2192981,370.61079931259155,36,59,46,36.45,59.33,45.74,063.55,7.286284153005461,024.473114754098354
1769587928.276032,370.6675372123718,36,59,46,36.44,59.33,45.73,063.56,7.286284153005461,024.48311475409836
1769587928.335906,370.7276031970978,36,59,45,36.43,59.335,45.715,063.57,7.2912841530054635,024.498114754098353
1769587928.390365,370.7820692062378,36,59,46,36.42,59.34,45.705,063.58,7.296284153005466,024.508114754098358
1769587928.442225,370.8338963985443,36,59,46,36.41,59.345,45.695,063.59,7.3012841530054615,024.518114754098356
1769587928.494334,370.8859531879425,36,60,45,36.4,59.35,45.68,063.6,7.306284153005464,024.533114754098357
1769587928.548,370.9396722316742,36,60,45,36.39,59.355,45.665,063.61,7.3112841530054595,024.548114754098357
1769587928.599006,370.9904582500458,36,59,46,36.38,59.36,45.655,063.62,7.316284153005462,024.558114754098355
1769587928.64989,371.0415072441101,37,59,46,36.375,59.365,45.645,063.625,7.321284153005465,024.568114754098353
1769587928.6559381,371.04774928092957,36,59,46,36.365,59.37,45.635,063.635,7.32628415300546,024.578114754098358
1769587928.705225,371.09696102142334,36,59,45,36.355,59.375,45.62,063.645,7.331284153005463,024.59311475409836
1769587928.7556129,371.147358417511,36,59,45,36.345,59.38,45.605,063.655,7.336284153005465,024.60811475409836
1769587928.804794,371.19652032852173,36,59,46,36.335,59.385,45.595,063.665,7.341284153005461,024.618114754098357
1769587928.855857,371.2475950717926,36,59,46,36.325,59.39,45.585,063.675,7.346284153005463,024.628114754098355
1769587928.90555,371.2972421646118,36,59,46,36.315,59.395,45.575,063.685,7.351284153005466,024.638114754098353
1769587928.9560199,371.34775018692017,36,59,46,36.305,59.4,45.565,063.695,7.356284153005461,024.64811475409836
1769587929.0067341,371.3983702659607,36,59,46,36.295,59.405,45.555,063.705,7.361284153005464,024.658114754098357
1769587929.055601,371.44730019569397,36,59,46,36.285,59.41,45.545,063.715,7.366284153005459,024.668114754098355
1769587929.10738,371.4990520477295,36,59,46,36.275,59.415,45.535,063.725,7.371284153005462,024.67811475409836
1769587929.168397,371.55993819236755,36,59,46,36.265,59.42,45.525,063.735,7.376284153005464,024.688114754098358
1769587929.2340322,371.62563610076904,36,59,46,36.25,59.425,45.515,063.75,7.38128415300546,024.698114754098356
1769587929.291517,371.6831443309784,36,59,45,36.24,59.43,45.5,063.76,7.386284153005462,024.713114754098356
1769587929.344945,371.7365801334381,36,59,45,36.23,59.435,45.485,063.77,7.391284153005465,024.728114754098357
1769587929.394484,371.7862162590027,36,59,46,36.22,59.44,45.475,063.78,7.39628415300546,024.738114754098355
1769587929.444227,371.83593702316284,36,59,45,36.21,59.445,45.46,063.79,7.401284153005463,024.753114754098355
1769587929.495405,371.8868021965027,36,60,45,36.2,59.455,45.445,063.8,7.411284153005461,024.768114754098356
1769587929.54511,371.936820268631,36,60,45,36.19,59.465,45.43,063.81,7.421284153005466,024.783114754098357
1769587929.599175,371.9908170700073,36,59,45,36.18,59.47,45.415,063.82,7.4262841530054615,024.798114754098357
1769587929.605053,371.99674439430237,36,59,46,36.17,59.475,45.405,063.83,7.431284153005464,024.808114754098355
1769587929.665547,372.0567853450775,36,59,45,36.16,59.48,45.39,063.84,7.4362841530054595,024.823114754098356
1769587929.7266,372.11822724342346,36,59,45,36.15,59.485,45.375,063.85,7.441284153005462,024.838114754098356
1769587929.782225,372.1739251613617,36,60,45,36.14,59.495,45.36,063.86,7.45128415300546,024.853114754098357
1769587929.8303769,372.2220952510834,36,59,46,36.13,59.5,45.35,063.87,7.456284153005463,024.863114754098355
1769587929.877203,372.2689542770386,37,59,47,36.125,59.505,45.345,063.875,7.461284153005465,024.868114754098357
1769587929.922997,372.3146390914917,37,59,47,36.12,59.51,45.34,063.88,7.466284153005461,024.873114754098353
1769587929.970602,372.3623139858246,36,59,46,36.11,59.515,45.33,063.89,7.471284153005463,024.883114754098358
1769587930.0205948,372.4122931957245,36,60,45,36.1,59.525,45.315,063.9,7.481284153005461,024.89811475409836
1769587930.0716212,372.46328806877136,36,59,46,36.09,59.53,45.305,063.91,7.486284153005464,024.908114754098357
1769587930.1240141,372.51573419570923,36,59,46,36.08,59.535,45.295,063.92,7.491284153005459,024.918114754098355
1769587930.1750941,372.5667231082916,36,60,45,36.07,59.545,45.28,063.93,7.501284153005464,024.933114754098355
1769587930.2359989,372.62749433517456,36,60,45,36.06,59.55,45.265,063.94,7.50628415300546,024.948114754098356
1769587930.293814,372.6854622364044,36,60,45,36.05,59.555,45.25,063.95,7.511284153005462,024.963114754098356
1769587930.347954,372.7396581172943,36,59,46,36.04,59.555,45.24,063.96,7.511284153005462,024.973114754098354
1769587930.3981261,372.78980922698975,36,59,46,36.03,59.555,45.23,063.97,7.511284153005462,024.98311475409836
1769587930.449754,372.84137320518494,36,60,45,36.02,59.56,45.215,063.98,7.516284153005465,024.998114754098353
1769587930.454721,372.84651923179626,36,60,46,36.01,59.565,45.205,063.99,7.52128415300546,025.008114754098358
1769587930.504663,372.89639019966125,36,60,46,36.0,59.57,45.195,064.0,7.526284153005463,025.018114754098356
1769587930.555601,372.94729232788086,36,60,45,35.99,59.575,45.18,064.00999999999999,7.5312841530054655,025.033114754098357
1769587930.60599,372.99763202667236,36,59,46,35.98,59.575,45.175,064.02000000000001,7.5312841530054655,025.03811475409836
1769587930.655859,373.04754424095154,36,60,45,35.97,59.58,45.165,064.03,7.536284153005461,025.048114754098357
1769587930.707714,373.099338054657,36,60,45,35.96,59.59,45.15,064.03999999999999,7.546284153005466,025.063114754098358
1769587930.7598479,373.15159821510315,36,60,45,35.95,59.595,45.135,064.05,7.5512841530054615,025.078114754098358
1769587930.811906,373.20349311828613,36,60,45,35.94,59.6,45.125,064.06,7.556284153005464,025.088114754098356
1769587930.866822,373.25850439071655,36,60,45,35.93,59.605,45.115,064.07,7.5612841530054595,025.098114754098354
1769587930.917969,373.3096272945404,36,60,45,35.92,59.61,45.105,064.08,7.566284153005462,025.10811475409836
1769587930.967741,373.3593542575836,36,60,45,35.915,59.615,45.095,064.08500000000001,7.571284153005465,025.118114754098357
1769587931.019972,373.41161608695984,36,60,45,35.91,59.62,45.085,064.09,7.57628415300546,025.128114754098355
1769587931.078479,373.4700663089752,36,60,45,35.905,59.625,45.075,064.095,7.581284153005463,025.138114754098353
1769587931.132388,373.5240421295166,36,60,45,35.9,59.63,45.065,064.1,7.586284153005465,025.14811475409836
1769587931.183881,373.57554030418396,36,60,45,35.895,59.635,45.055,064.10499999999999,7.591284153005461,025.158114754098357
1769587931.23549,373.6270852088928,36,60,45,35.885,59.64,45.045,064.11500000000001,7.596284153005463,025.168114754098355
1769587931.283189,373.67488837242126,36,60,45,35.875,59.645,45.035,064.125,7.601284153005466,025.17811475409836
1769587931.3308,373.7225081920624,36,60,45,35.87,59.65,45.025,064.13,7.606284153005461,025.188114754098358
1769587931.378747,373.77043628692627,36,60,45,35.865,59.655,45.015,064.13499999999999,7.611284153005464,025.198114754098356
1769587931.428434,373.8199851512909,36,60,44,35.86,59.66,45.0,064.14,7.616284153005459,025.213114754098356
1769587931.478656,373.8702902793884,36,61,44,35.855,59.67,44.99,064.14500000000001,7.626284153005464,025.223114754098354
1769587931.530404,373.9220871925354,35,61,44,35.845,59.68,44.98,064.155,7.636284153005462,025.23311475409836
1769587931.581198,373.9728021621704,35,61,44,35.835,59.69,44.97,064.16499999999999,7.64628415300546,025.243114754098357
1769587931.631637,374.0233302116394,36,60,44,35.83,59.695,44.96,064.17,7.651284153005463,025.253114754098355
1769587931.682268,374.0739550590515,36,60,44,35.825,59.7,44.95,064.175,7.6562841530054655,025.263114754098353
1769587931.7318149,374.1235022544861,36,61,44,35.82,59.71,44.94,064.18,7.6662841530054635,025.27311475409836
1769587931.781489,374.17315220832825,36,60,44,35.815,59.71,44.93,064.185,7.6662841530054635,025.283114754098357
1769587931.830933,374.2225253582001,36,61,44,35.81,59.715,44.92,064.19,7.671284153005466,025.293114754098355
1769587931.8800051,374.27173829078674,36,61,44,35.805,59.725,44.91,064.195,7.681284153005464,025.30311475409836
1769587931.930499,374.3220682144165,35,61,44,35.795,59.73,44.9,064.205,7.6862841530054595,025.313114754098358
1769587931.983232,374.37475419044495,35,61,43,35.785,59.74,44.885,064.215,7.696284153005465,025.328114754098358
1769587932.037907,374.42960000038147,35,61,43,35.775,59.75,44.87,064.225,7.706284153005463,025.34311475409836
1769587932.089,374.48066425323486,35,61,43,35.765,59.755,44.855,064.235,7.711284153005465,025.35811475409836
1769587932.141799,374.5334451198578,35,61,43,35.755,59.76,44.84,064.245,7.716284153005461,025.373114754098353
1769587932.194391,374.58604526519775,35,61,43,35.745,59.765,44.825,064.255,7.721284153005463,025.388114754098353
1769587932.24245,374.6341462135315,35,61,43,35.74,59.77,44.815,064.25999999999999,7.726284153005466,025.39811475409836
1769587932.2930748,374.68469405174255,35,61,43,35.735,59.775,44.805,064.265,7.731284153005461,025.408114754098357
1769587932.350441,374.74197030067444,35,61,43,35.73,59.78,44.795,064.27000000000001,7.736284153005464,025.418114754098355
1769587932.409038,374.8006851673126,35,61,43,35.725,59.785,44.785,064.275,7.741284153005459,025.42811475409836
1769587932.460334,374.8519983291626,35,61,43,35.715,59.79,44.775,064.285,7.746284153005462,025.438114754098358
1769587932.5113332,374.9029800891876,35,61,43,35.705,59.795,44.765,064.295,7.751284153005464,025.448114754098356
1769587932.561074,374.9527711868286,35,61,43,35.7,59.8,44.755,064.3,7.75628415300546,025.458114754098354
1769587932.613121,375.0048053264618,35,61,43,35.695,59.805,44.745,064.305,7.761284153005462,025.46811475409836
1769587932.6674838,375.05919313430786,35,61,43,35.69,59.81,44.735,064.31,7.766284153005465,025.478114754098357
1769587932.7183151,375.11001920700073,36,61,44,35.69,59.815,44.73,064.31,7.77128415300546,025.48311475409836
1769587932.766668,375.1583774089813,35,61,43,35.685,59.82,44.72,064.315,7.776284153005463,025.493114754098357
1769587932.8156538,375.2073483467102,35,61,43,35.68,59.825,44.71,064.32,7.7812841530054655,025.503114754098355
1769587932.8729799,375.2645933628082,35,61,43,35.675,59.83,44.7,064.325,7.786284153005461,025.513114754098353
1769587932.9297569,375.3214752674103,35,61,43,35.67,59.835,44.69,064.33,7.7912841530054635,025.52311475409836
1769587932.980267,375.37162017822266,35,61,43,35.665,59.84,44.68,064.33500000000001,7.796284153005466,025.533114754098357
1769587933.030567,375.42226099967957,35,61,43,35.66,59.845,44.67,064.34,7.8012841530054615,025.543114754098355
1769587933.080121,375.47183418273926,35,61,43,35.655,59.85,44.66,064.345,7.806284153005464,025.55311475409836
1769587933.1314812,375.52320528030396,35,61,43,35.65,59.855,44.655,064.35,7.8112841530054595,025.558114754098355
1769587933.1812859,375.5729100704193,35,61,43,35.645,59.86,44.65,064.35499999999999,7.816284153005462,025.563114754098358
1769587933.2349892,375.62670826911926,35,61,43,35.64,59.865,44.645,064.36,7.821284153005465,025.568114754098353
1769587933.286747,375.67805528640747,35,61,43,35.635,59.87,44.64,064.36500000000001,7.82628415300546,025.573114754098356
1769587933.337034,375.7287323474884,35,61,43,35.63,59.875,44.635,064.37,7.831284153005463,025.578114754098358
1769587933.386226,375.7779121398926,35,61,43,35.625,59.88,44.63,064.375,7.836284153005465,025.583114754098354
1769587933.4343622,375.82609724998474,35,61,43,35.62,59.885,44.625,064.38,7.841284153005461,025.588114754098356
1769587933.483844,375.875527381897,35,61,43,35.615,59.89,44.62,064.38499999999999,7.846284153005463,025.59311475409836
1769587933.535051,375.9267692565918,35,61,43,35.61,59.895,44.615,064.39,7.851284153005466,025.598114754098354
1769587933.587316,375.9789524078369,35,61,43,35.605,59.9,44.61,064.39500000000001,7.856284153005461,025.603114754098357
1769587933.647476,376.0391182899475,35,61,43,35.6,59.905,44.605,064.4,7.861284153005464,025.60811475409836
1769587933.702626,376.09433913230896,35,61,43,35.595,59.91,44.6,064.405,7.866284153005459,025.613114754098355
1769587933.755119,376.1467761993408,35,61,43,35.59,59.915,44.595,064.41,7.871284153005462,025.618114754098357
1769587933.80543,376.1971402168274,35,61,43,35.585,59.92,44.59,064.41499999999999,7.876284153005464,025.623114754098353
1769587933.8553421,376.24704122543335,35,61,43,35.58,59.925,44.585,064.42,7.88128415300546,025.628114754098355
1769587933.905621,376.29733419418335,35,61,43,35.575,59.93,44.58,064.425,7.886284153005462,025.633114754098358
1769587933.957649,376.34910917282104,35,61,43,35.57,59.935,44.575,064.43,7.891284153005465,025.638114754098353
1769587934.008341,376.4000492095947,35,61,43,35.565,59.94,44.57,064.435,7.89628415300546,025.643114754098356
1769587934.057647,376.4493761062622,35,61,43,35.56,59.945,44.565,064.44,7.901284153005463,025.64811475409836
1769587934.137265,376.5284070968628,35,61,43,35.555,59.95,44.56,064.445,7.9062841530054655,025.653114754098354
1769587934.202948,376.59460616111755,35,62,42,35.55,59.96,44.55,064.45,7.9162841530054635,025.66311475409836
1769587934.255317,376.6470603942871,35,62,42,35.55,59.97,44.54,064.45,7.9262841530054615,025.673114754098357
1769587934.305529,376.69725227355957,34,62,42,35.545,59.98,44.53,064.455,7.9362841530054595,025.683114754098355
1769587934.356101,376.74780011177063,35,61,42,35.545,59.985,44.52,064.455,7.941284153005462,025.693114754098353
1769587934.407563,376.7992582321167,35,61,43,35.545,59.99,44.515,064.455,7.946284153005465,025.698114754098356
1769587934.461208,376.8529121875763,35,61,43,35.545,59.995,44.51,064.455,7.95128415300546,025.703114754098358
1769587934.512179,376.9038453102112,35,61,43,35.545,60.0,44.505,064.455,7.956284153005463,025.708114754098354
1769587934.5655198,376.95721340179443,35,61,43,35.545,60.005,44.5,064.455,7.961284153005465,025.713114754098356
1769587934.619647,377.01128816604614,35,61,43,35.545,60.01,44.495,064.455,7.966284153005461,025.71811475409836
1769587934.672608,377.06433629989624,35,61,42,35.545,60.015,44.485,064.455,7.971284153005463,025.728114754098357
1769587934.724307,377.11597537994385,35,62,42,35.545,60.025,44.475,064.455,7.981284153005461,025.738114754098355
1769587934.775359,377.1670501232147,35,61,43,35.545,60.03,44.47,064.455,7.986284153005464,025.743114754098357
1769587934.827213,377.2188632488251,35,61,43,35.545,60.035,44.465,064.455,7.991284153005459,025.748114754098353
1769587934.8803809,377.2720420360565,35,62,42,35.545,60.045,44.455,064.455,8.001284153005464,025.758114754098358
1769587934.9324439,377.32411909103394,35,62,42,35.545,60.055,44.445,064.455,8.011284153005462,025.768114754098356
1769587934.988459,377.38010811805725,35,62,42,35.545,60.065,44.435,064.455,8.02128415300546,025.778114754098354
1769587935.0449789,377.4366283416748,35,62,42,35.545,60.075,44.425,064.455,8.031284153005465,025.78811475409836
1769587935.1028101,377.49427938461304,35,62,42,35.545,60.085,44.415,064.455,8.041284153005464,025.798114754098357
1769587935.158274,377.54998421669006,35,62,42,35.545,60.095,44.405,064.455,8.051284153005462,025.808114754098355
1769587935.21211,377.6036443710327,35,62,42,35.545,60.105,44.395,064.455,8.06128415300546,025.818114754098353
1769587935.272897,377.66452527046204,35,62,42,35.545,60.115,44.385,064.455,8.071284153005465,025.828114754098358
1769587935.33119,377.7225892543793,35,61,43,35.545,60.12,44.38,064.455,8.07628415300546,025.833114754098354
1769587935.384096,377.7757623195648,35,62,42,35.545,60.13,44.37,064.455,8.086284153005465,025.84311475409836
1769587935.433019,377.82462310791016,34,62,42,35.54,60.14,44.36,064.46000000000001,8.096284153005463,025.853114754098357
1769587935.481856,377.8735911846161,35,62,42,35.54,60.15,44.35,064.46000000000001,8.106284153005461,025.863114754098355
1769587935.529929,377.9216592311859,35,62,42,35.54,60.16,44.34,064.46000000000001,8.11628415300546,025.873114754098353
1769587935.5788102,377.9704110622406,35,62,42,35.54,60.17,44.33,064.46000000000001,8.126284153005464,025.883114754098358
1769587935.628033,378.0196621417999,35,62,42,35.54,60.18,44.32,064.46000000000001,8.136284153005462,025.893114754098356
1769587935.677427,378.0691373348236,35,62,42,35.54,60.19,44.31,064.46000000000001,8.14628415300546,025.903114754098354
1769587935.732728,378.12439727783203,35,62,42,35.54,60.2,44.3,064.46000000000001,8.156284153005465,025.91311475409836
1769587935.7829802,378.17471837997437,34,62,42,35.535,60.21,44.29,064.465,8.166284153005464,025.923114754098357
1769587935.831081,378.2228181362152,35,62,42,35.535,60.22,44.28,064.465,8.176284153005462,025.933114754098355
1769587935.87961,378.2713043689728,34,62,42,35.53,60.23,44.27,064.47,8.18628415300546,025.943114754098353
1769587935.934782,378.3264100551605,34,62,42,35.525,60.24,44.26,064.475,8.196284153005465,025.953114754098358
1769587935.988213,378.3799350261688,34,62,42,35.52,60.25,44.25,064.47999999999999,8.206284153005463,025.963114754098356
1769587936.039847,378.4315960407257,35,62,42,35.52,60.26,44.24,064.47999999999999,8.21628415300546,025.973114754098354
1769587936.088309,378.4800193309784,35,62,42,35.52,60.27,44.23,064.47999999999999,8.226284153005466,025.98311475409836
1769587936.138749,378.5304319858551,34,62,42,35.515,60.28,44.22,064.485,8.236284153005464,025.993114754098357
1769587936.1902258,378.5819263458252,35,62,42,35.515,60.29,44.21,064.485,8.246284153005462,026.003114754098355
1769587936.240226,378.631872177124,35,62,42,35.515,60.3,44.2,064.485,8.25628415300546,026.013114754098353
1769587936.292547,378.6842710971832,34,62,42,35.51,60.31,44.19,064.49000000000001,8.266284153005465,026.02311475409836
1769587936.345382,378.73679518699646,34,62,42,35.505,60.32,44.18,064.495,8.276284153005463,026.033114754098357
1769587936.395072,378.78678607940674,34,62,42,35.5,60.33,44.17,064.5,8.286284153005461,026.043114754098355
1769587936.443319,378.83503103256226,35,62,42,35.5,60.34,44.16,064.5,8.296284153005466,026.05311475409836
1769587936.491552,378.88329911231995,34,62,42,35.49,60.35,44.145,064.50999999999999,8.306284153005464,026.068114754098353
1769587936.542908,378.9346182346344,34,62,42,35.48,60.36,44.13,064.52000000000001,8.316284153005462,026.083114754098354
1769587936.594475,378.98585319519043,34,62,42,35.475,60.37,44.115,064.525,8.32628415300546,026.098114754098354
1769587936.6469572,379.0386691093445,35,62,42,35.475,60.38,44.1,064.525,8.336284153005465,026.113114754098355
1769587936.6985211,379.0901081562042,35,62,42,35.475,60.39,44.085,064.525,8.346284153005463,026.128114754098355
1769587936.750222,379.1418972015381,35,62,42,35.475,60.4,44.07,064.525,8.356284153005461,026.143114754098356
1769587936.8059368,379.19768810272217,35,62,42,35.475,60.41,44.055,064.525,8.36628415300546,026.158114754098357
1769587936.855032,379.2467939853668,35,62,42,35.47,60.42,44.04,064.53,8.376284153005464,026.173114754098357
1769587936.906819,379.2985143661499,35,62,42,35.465,60.43,44.025,064.535,8.386284153005462,026.188114754098358
1769587936.957623,379.3492012023926,35,62,42,35.46,60.44,44.01,064.53999999999999,8.39628415300546,026.203114754098358
1769587937.00815,379.39987301826477,35,62,42,35.455,60.45,43.995,064.545,8.406284153005465,026.21811475409836
1769587937.058233,379.4499261379242,35,62,42,35.45,60.46,43.98,064.55,8.416284153005464,026.23311475409836
1769587937.115011,379.5065541267395,35,62,42,35.445,60.47,43.965,064.555,8.426284153005462,026.248114754098353
1769587937.169387,379.56105518341064,35,62,42,35.44,60.48,43.95,064.56,8.43628415300546,026.263114754098353
1769587937.227233,379.6188471317291,35,62,42,35.435,60.495,43.935,064.565,8.45128415300546,026.278114754098354
1769587937.285723,379.6770303249359,35,61,42,35.43,60.505,43.915,064.57,8.461284153005465,026.298114754098357
1769587937.337227,379.7289490699768,35,61,43,35.425,60.515,43.905,064.575,8.471284153005463,026.308114754098355
1769587937.386451,379.77816438674927,35,61,43,35.42,60.525,43.89,064.58,8.481284153005461,026.323114754098356
1769587937.4389179,379.83055210113525,35,61,43,35.415,60.535,43.875,064.58500000000001,8.49128415300546,026.338114754098356
1769587937.4891798,379.8808660507202,35,61,43,35.41,60.545,43.865,064.59,8.501284153005464,026.348114754098354
1769587937.54251,379.93418431282043,35,62,42,35.405,60.56,43.845,064.595,8.516284153005465,026.368114754098357
1769587937.596416,379.98798632621765,35,62,42,35.4,60.575,43.825,064.6,8.531284153005465,026.388114754098353
1769587937.64923,380.04094910621643,35,62,42,35.395,60.59,43.805,064.60499999999999,8.546284153005466,026.408114754098357
1769587937.654461,380.0462431907654,35,62,42,35.39,60.605,43.785,064.61,8.56128415300546,026.42811475409836
1769587937.7055051,380.0972490310669,35,62,42,35.385,60.62,43.765,064.61500000000001,8.57628415300546,026.448114754098356
1769587937.7555578,380.1472420692444,35,62,42,35.38,60.635,43.745,064.62,8.59128415300546,026.46811475409836
1769587937.809123,380.2008430957794,35,62,42,35.375,60.65,43.725,064.625,8.606284153005461,026.488114754098355
1769587937.857399,380.24916315078735,35,62,42,35.37,60.665,43.705,064.63,8.621284153005462,026.508114754098358
1769587937.905395,380.2971451282501,35,62,42,35.365,60.68,43.685,064.63499999999999,8.636284153005462,026.528114754098354
1769587937.9542341,380.3459782600403,35,61,43,35.36,60.69,43.67,064.64,8.64628415300546,026.543114754098355
1769587938.005941,380.39761424064636,35,61,43,35.355,60.7,43.655,064.64500000000001,8.656284153005465,026.558114754098355
1769587938.0591428,380.4508013725281,35,61,43,35.35,60.71,43.64,064.65,8.666284153005464,026.573114754098356
1769587938.110404,380.5021221637726,35,62,43,35.345,60.725,43.625,064.655,8.681284153005464,026.588114754098356
1769587938.1612,380.552579164505,35,62,42,35.34,60.74,43.605,064.66,8.696284153005465,026.60811475409836
1769587938.211023,380.60269808769226,35,62,42,35.335,60.75,43.59,064.66499999999999,8.706284153005463,026.623114754098353
1769587938.261478,380.65318417549133,35,62,42,35.33,60.76,43.575,064.67,8.71628415300546,026.638114754098353
1769587938.311025,380.70275020599365,35,62,42,35.325,60.775,43.555,064.675,8.731284153005461,026.658114754098357
1769587938.3598132,380.7514853477478,35,62,42,35.32,60.79,43.535,064.68,8.746284153005462,026.67811475409836
1769587938.409025,380.8007171154022,35,62,42,35.315,60.805,43.52,064.685,8.761284153005462,026.693114754098353
1769587938.456754,380.84845423698425,35,62,42,35.31,60.82,43.5,064.69,8.776284153005463,026.713114754098356
1769587938.5056489,380.8972842693329,35,62,42,35.305,60.835,43.48,064.695,8.791284153005464,026.73311475409836
1769587938.55493,380.9466152191162,35,62,42,35.3,60.85,43.465,064.7,8.806284153005464,026.748114754098353
1769587938.60575,380.99748039245605,35,62,42,35.295,60.865,43.445,064.705,8.821284153005465,026.768114754098356
1769587938.6562681,381.047922372818,35,62,42,35.29,60.88,43.425,064.71000000000001,8.836284153005465,026.78811475409836
1769587938.713181,381.10478019714355,35,62,43,35.285,60.89,43.415,064.715,8.846284153005463,026.798114754098357
1769587938.767494,381.1590793132782,35,61,43,35.28,60.895,43.405,064.72,8.851284153005466,026.808114754098355
1769587938.819531,381.21121525764465,35,61,43,35.275,60.905,43.39,064.725,8.861284153005464,026.823114754098356
1769587938.869192,381.26082038879395,35,62,42,35.265,60.92,43.37,064.735,8.876284153005464,026.84311475409836
1769587938.917682,381.30933833122253,35,62,42,35.26,60.935,43.35,064.74000000000001,8.891284153005465,026.863114754098355
1769587938.9683871,381.3600172996521,35,62,42,35.255,60.95,43.335,064.745,8.906284153005465,026.878114754098355
1769587939.0259142,381.41753911972046,35,62,42,35.25,60.965,43.32,064.75,8.921284153005466,026.893114754098356
1769587939.078172,381.46985912323,35,62,42,35.245,60.98,43.3,064.755,8.93628415300546,026.91311475409836
1769587939.128764,381.5204133987427,35,62,42,35.24,60.995,43.28,064.75999999999999,8.95128415300546,026.933114754098355
1769587939.1848168,381.57646012306213,35,62,42,35.235,61.01,43.26,064.765,8.96628415300546,026.953114754098358
1769587939.238521,381.63022017478943,35,62,42,35.23,61.025,43.24,064.77000000000001,8.981284153005461,026.973114754098354
1769587939.291564,381.6832101345062,35,62,42,35.225,61.04,43.22,064.775,8.996284153005462,026.993114754098357
1769587939.342032,381.73370909690857,35,62,43,35.22,61.055,43.205,064.78,9.011284153005462,027.008114754098358
1769587939.39431,381.78604912757874,35,62,43,35.215,61.07,43.19,064.785,9.026284153005463,027.02311475409836
1769587939.444433,381.8361532688141,35,62,42,35.21,61.085,43.17,064.78999999999999,9.041284153005464,027.043114754098355
1769587939.4934962,381.885201215744,35,62,42,35.205,61.1,43.15,064.795,9.056284153005464,027.063114754098358
1769587939.544283,381.9359812736511,35,62,43,35.2,61.115,43.14,064.8,9.071284153005465,027.073114754098356
1769587939.595766,381.98741030693054,35,62,43,35.195,61.13,43.13,064.805,9.086284153005465,027.083114754098354
1769587939.646676,382.03837728500366,35,62,42,35.19,61.145,43.11,064.81,9.101284153005466,027.103114754098357
1769587939.699195,382.0908842086792,35,62,43,35.185,61.16,43.1,064.815,9.11628415300546,027.113114754098355
1769587939.70404,382.0957901477814,35,62,43,35.18,61.17,43.09,064.82,9.126284153005464,027.123114754098353
1769587939.757208,382.14886116981506,35,62,43,35.175,61.18,43.08,064.825,9.136284153005462,027.133114754098358
1769587939.810837,382.20252323150635,35,62,42,35.17,61.195,43.065,064.83,9.151284153005463,027.14811475409836
1769587939.865241,382.25695419311523,35,62,42,35.165,61.21,43.045,064.83500000000001,9.166284153005464,027.168114754098355
1769587939.913933,382.305593252182,35,62,43,35.16,61.225,43.035,064.84,9.181284153005464,027.17811475409836
1769587939.963131,382.35481429100037,35,62,43,35.155,61.24,43.025,064.845,9.196284153005465,027.188114754098358
1769587940.011909,382.4036362171173,36,61,43,35.155,61.245,43.015,064.845,9.20128415300546,027.198114754098356
1769587940.0609322,382.45263719558716,36,61,43,35.155,61.255,43.0,064.845,9.211284153005465,027.213114754098356
1769587940.11454,382.5062882900238,36,61,43,35.15,61.265,42.98,064.85,9.221284153005463,027.23311475409836
1769587940.1642308,382.55594420433044,36,62,43,35.145,61.28,42.96,064.85499999999999,9.236284153005464,027.253114754098355
1769587940.213904,382.60561418533325,36,61,43,35.145,61.29,42.945,064.85499999999999,9.246284153005462,027.268114754098356
1769587940.267283,382.6588931083679,36,61,43,35.145,61.295,42.935,064.85499999999999,9.251284153005464,027.278114754098354
1769587940.3174999,382.70921325683594,36,61,43,35.145,61.305,42.92,064.85499999999999,9.261284153005462,027.293114754098355
1769587940.3707561,382.76243710517883,36,62,43,35.145,61.32,42.905,064.85499999999999,9.276284153005463,027.308114754098355
1769587940.424835,382.8165202140808,36,62,43,35.145,61.33,42.895,064.85499999999999,9.286284153005461,027.318114754098353
1769587940.477327,382.86902117729187,36,61,43,35.145,61.335,42.885,064.85499999999999,9.291284153005464,027.328114754098358
1769587940.525079,382.9167711734772,36,61,43,35.145,61.34,42.875,064.85499999999999,9.296284153005466,027.338114754098356
1769587940.576464,382.96813225746155,35,62,43,35.14,61.355,42.86,064.86,9.31128415300546,027.353114754098357
1769587940.633098,383.0247302055359,36,62,43,35.14,61.37,42.845,064.86,9.32628415300546,027.368114754098357
1769587940.683404,383.0751402378082,35,62,43,35.135,61.38,42.835,064.86500000000001,9.336284153005465,027.378114754098355
1769587940.733959,383.12570118904114,35,62,43,35.13,61.39,42.82,064.87,9.346284153005463,027.393114754098356
1769587940.783138,383.1747682094574,35,62,43,35.125,61.4,42.805,064.875,9.356284153005461,027.408114754098357
1769587940.833537,383.2252552509308,35,62,43,35.12,61.41,42.795,064.88,9.36628415300546,027.418114754098355
1769587940.88526,383.276878118515,35,61,43,35.115,61.42,42.78,064.88499999999999,9.376284153005464,027.433114754098355
1769587940.9383008,383.3299353122711,36,62,43,35.115,61.43,42.77,064.88499999999999,9.386284153005462,027.443114754098353
1769587940.9898791,383.3815701007843,36,62,43,35.115,61.44,42.76,064.88499999999999,9.39628415300546,027.453114754098358
1769587941.04187,383.4335889816284,35,62,43,35.11,61.45,42.75,064.89,9.406284153005465,027.463114754098356
1769587941.09184,383.4835741519928,35,62,43,35.105,61.46,42.74,064.89500000000001,9.416284153005464,027.473114754098354
1769587941.141856,383.5335681438446,35,62,42,35.1,61.47,42.725,064.9,9.426284153005462,027.488114754098355
1769587941.191791,383.583505153656,35,62,43,35.095,61.48,42.715,064.905,9.43628415300546,027.498114754098353
1769587941.241377,383.63310718536377,35,62,42,35.09,61.49,42.7,064.91,9.446284153005465,027.513114754098353
1769587941.293042,383.6847081184387,35,62,42,35.085,61.5,42.685,064.91499999999999,9.456284153005463,027.528114754098354
1769587941.353478,383.7450602054596,35,62,42,35.08,61.51,42.67,064.92,9.46628415300546,027.543114754098355
1769587941.4124858,383.80413913726807,35,62,42,35.075,61.52,42.655,064.925,9.476284153005466,027.558114754098355
1769587941.4615839,383.85331320762634,35,62,42,35.07,61.53,42.64,064.93,9.486284153005464,027.573114754098356
1769587941.509716,383.9013662338257,35,62,42,35.065,61.54,42.625,064.935,9.496284153005462,027.588114754098356
1769587941.557018,383.94875717163086,35,62,42,35.06,61.55,42.61,064.94,9.50628415300546,027.603114754098357
1769587941.610802,384.0025112628937,35,62,42,35.055,61.56,42.595,064.945,9.516284153005465,027.618114754098357
1769587941.6636128,384.05521416664124,35,62,43,35.05,61.57,42.585,064.95,9.526284153005463,027.628114754098355
1769587941.7151349,384.10679721832275,35,62,42,35.045,61.58,42.575,064.955,9.536284153005461,027.638114754098353
1769587941.7654772,384.1572353839874,35,62,42,35.04,61.585,42.565,064.96000000000001,9.541284153005464,027.64811475409836
1769587941.819324,384.21092915534973,35,62,42,35.04,61.59,42.555,064.96000000000001,9.546284153005466,027.658114754098357
1769587941.8739588,384.2655792236328,35,62,43,35.04,61.595,42.55,064.96000000000001,9.551284153005462,027.66311475409836
1769587941.926781,384.3184320926666,35,62,42,35.035,61.605,42.54,064.965,9.56128415300546,027.673114754098357
1769587942.063165,384.45469903945923,35,62,42,35.03,61.615,42.53,064.97,9.571284153005465,027.683114754098355
1769587942.126524,384.51805806159973,35,62,42,35.025,61.62,42.52,064.975,9.57628415300546,027.693114754098353
1769587942.191518,384.58311128616333,35,62,42,35.02,61.63,42.51,064.97999999999999,9.586284153005465,027.703114754098358
1769587942.2452228,384.63686418533325,36,62,43,35.02,61.635,42.505,064.97999999999999,9.59128415300546,027.708114754098354
1769587942.299354,384.69086623191833,36,62,43,35.02,61.64,42.5,064.97999999999999,9.596284153005463,027.713114754098356
1769587942.355233,384.74692606925964,35,62,42,35.02,61.645,42.49,064.97999999999999,9.601284153005466,027.723114754098354
1769587942.407871,384.7995903491974,35,62,43,35.02,61.65,42.49,064.97999999999999,9.606284153005461,027.723114754098354
1769587942.4581592,384.8498902320862,35,62,43,35.02,61.655,42.49,064.97999999999999,9.611284153005464,027.723114754098354
1769587942.506078,384.89781308174133,35,61,43,35.02,61.655,42.49,064.97999999999999,9.611284153005464,027.723114754098354
1769587942.558481,384.95018911361694,36,62,43,35.025,61.66,42.49,064.975,9.61628415300546,027.723114754098354
1769587942.6099021,385.00151324272156,35,62,43,35.025,61.665,42.49,064.975,9.621284153005462,027.723114754098354
1769587942.663297,385.0549461841583,35,61,43,35.025,61.665,42.49,064.975,9.621284153005462,027.723114754098354
1769587942.718136,385.10980129241943,36,61,43,35.03,61.665,42.49,064.97,9.621284153005462,027.723114754098354
1769587942.7709491,385.1626601219177,35,62,43,35.03,61.67,42.49,064.97,9.626284153005464,027.723114754098354
1769587942.821326,385.2130432128906,35,62,42,35.03,61.675,42.485,064.97,9.63128415300546,027.728114754098357
1769587942.8694289,385.26113629341125,35,61,43,35.03,61.675,42.485,064.97,9.63128415300546,027.728114754098357
1769587942.922056,385.31375908851624,35,61,43,35.03,61.675,42.485,064.97,9.63128415300546,027.728114754098357
1769587942.974119,385.36579513549805,35,62,43,35.03,61.68,42.485,064.97,9.636284153005462,027.728114754098357
1769587943.022614,385.41433215141296,35,62,42,35.03,61.685,42.48,064.97,9.641284153005465,027.73311475409836
1769587943.072742,385.4644441604614,35,62,42,35.03,61.69,42.475,064.97,9.64628415300546,027.738114754098355
1769587943.123965,385.51559615135193,35,62,43,35.025,61.695,42.47,064.975,9.651284153005463,027.743114754098357
1769587943.172981,385.56466937065125,35,62,43,35.025,61.7,42.47,064.975,9.656284153005465,027.743114754098357
1769587943.2238421,385.61550116539,35,62,43,35.025,61.705,42.47,064.975,9.661284153005461,027.743114754098357
1769587943.275285,385.66700315475464,35,61,43,35.025,61.705,42.47,064.975,9.661284153005461,027.743114754098357
1769587943.326321,385.7180070877075,35,62,43,35.025,61.71,42.47,064.975,9.666284153005464,027.743114754098357
1769587943.383134,385.7747871875763,35,62,43,35.025,61.715,42.47,064.975,9.671284153005466,027.743114754098357
1769587943.437825,385.8295543193817,35,62,43,35.025,61.72,42.47,064.975,9.676284153005462,027.743114754098357
1769587943.485311,385.87700510025024,35,62,43,35.025,61.725,42.47,064.975,9.681284153005464,027.743114754098357
1769587943.5346298,385.9263732433319,35,62,42,35.025,61.73,42.465,064.975,9.68628415300546,027.748114754098353
1769587943.584405,385.9760901927948,35,62,42,35.025,61.735,42.46,064.975,9.691284153005462,027.753114754098355
1769587943.6350799,386.0267000198364,35,61,43,35.025,61.735,42.46,064.975,9.691284153005462,027.753114754098355
1769587943.686719,386.07828521728516,36,61,43,35.03,61.735,42.46,064.97,9.691284153005462,027.753114754098355
1769587943.736429,386.1281461715698,35,61,43,35.03,61.735,42.46,064.97,9.691284153005462,027.753114754098355
1769587943.7858088,386.1774241924286,35,62,43,35.03,61.74,42.46,064.97,9.696284153005465,027.753114754098355
1769587943.836101,386.22780537605286,35,61,43,35.03,61.74,42.46,064.97,9.696284153005465,027.753114754098355
1769587943.886011,386.2776560783386,35,62,43,35.03,61.745,42.46,064.97,9.70128415300546,027.753114754098355
1769587943.940584,386.3322570323944,35,61,43,35.03,61.745,42.46,064.97,9.70128415300546,027.753114754098355
1769587943.996326,386.3879883289337,36,61,43,35.035,61.745,42.46,064.965,9.70128415300546,027.753114754098355
1769587944.046902,386.43859815597534,36,61,43,35.04,61.745,42.46,064.96000000000001,9.70128415300546,027.753114754098355
1769587944.097565,386.48928117752075,36,61,44,35.045,61.745,42.465,064.955,9.70128415300546,027.748114754098353
1769587944.148841,386.5405261516571,36,61,44,35.05,61.745,42.47,064.95,9.70128415300546,027.743114754098357
1769587944.154098,386.5458800792694,36,61,44,35.055,61.745,42.475,064.945,9.70128415300546,027.738114754098355
1769587944.206041,386.5976541042328,36,61,44,35.06,61.745,42.48,064.94,9.70128415300546,027.73311475409836
1769587944.256905,386.6486110687256,36,61,44,35.065,61.745,42.485,064.935,9.70128415300546,027.728114754098357
1769587944.310308,386.7019672393799,36,61,44,35.07,61.745,42.49,064.93,9.70128415300546,027.723114754098354
1769587944.365933,386.75752115249634,36,61,44,35.075,61.745,42.495,064.925,9.70128415300546,027.71811475409836
1769587944.417323,386.80903816223145,36,61,44,35.08,61.745,42.5,064.92,9.70128415300546,027.713114754098356
1769587944.4710422,386.8627781867981,36,61,44,35.085,61.745,42.505,064.91499999999999,9.70128415300546,027.708114754098354
1769587944.518162,386.9098973274231,36,61,44,35.09,61.74,42.515,064.91,9.696284153005465,027.698114754098356
1769587944.5666869,386.9582152366638,36,61,44,35.095,61.735,42.525,064.905,9.691284153005462,027.688114754098358
1769587944.615697,387.0074062347412,36,61,44,35.105,61.73,42.535,064.89500000000001,9.68628415300546,027.67811475409836
1769587944.6664379,387.0581350326538,36,61,44,35.11,61.73,42.545,064.89,9.68628415300546,027.668114754098355
1769587944.7216241,387.1132321357727,36,60,44,35.115,61.725,42.55,064.88499999999999,9.681284153005464,027.66311475409836
1769587944.774912,387.16663813591003,37,60,45,35.125,61.72,42.56,064.875,9.676284153005462,027.653114754098354
1769587944.8271968,387.2188992500305,36,60,44,35.13,61.715,42.565,064.87,9.671284153005466,027.64811475409836
1769587944.8769522,387.2686343193054,36,60,45,35.135,61.71,42.575,064.86500000000001,9.666284153005464,027.638114754098353
1769587944.927988,387.31968116760254,37,60,45,35.145,61.705,42.585,064.85499999999999,9.661284153005461,027.628114754098355
1769587944.978751,387.37046813964844,37,60,45,35.155,61.7,42.6,064.845,9.656284153005465,027.613114754098355
1769587945.030593,387.42231035232544,37,60,45,35.165,61.69,42.615,064.83500000000001,9.64628415300546,027.598114754098354
1769587945.0884411,387.47968220710754,37,60,45,35.175,61.685,42.625,064.825,9.641284153005465,027.588114754098356
1769587945.1475542,387.5391993522644,37,60,45,35.185,61.68,42.635,064.815,9.636284153005462,027.578114754098358
1769587945.2035909,387.59526324272156,37,60,45,35.195,61.67,42.65,064.805,9.626284153005464,027.563114754098358
1769587945.256664,387.64839029312134,37,60,45,35.205,61.66,42.665,064.795,9.61628415300546,027.548114754098357
1769587945.307263,387.6989424228668,36,61,44,35.21,61.655,42.675,064.78999999999999,9.611284153005464,027.53811475409836
1769587945.3584168,387.7501130104065,36,61,44,35.215,61.65,42.685,064.785,9.606284153005461,027.528114754098354
1769587945.409806,387.80155324935913,37,60,45,35.225,61.64,42.7,064.775,9.596284153005463,027.513114754098353
1769587945.46149,387.8531651496887,37,60,45,35.235,61.63,42.715,064.765,9.586284153005465,027.498114754098353
1769587945.5179389,387.90956020355225,36,61,44,35.24,61.625,42.725,064.75999999999999,9.581284153005463,027.488114754098355
1769587945.575351,387.96702122688293,37,60,44,35.25,61.615,42.735,064.75,9.571284153005465,027.478114754098357
1769587945.6278899,388.0196180343628,37,60,45,35.26,61.61,42.745,064.74000000000001,9.566284153005462,027.46811475409836
1769587945.681003,388.07265305519104,37,60,45,35.27,61.6,42.76,064.72999999999999,9.556284153005464,027.453114754098358
1769587945.734408,388.12615418434143,37,60,45,35.285,61.59,42.775,064.715,9.546284153005466,027.438114754098358
1769587945.78661,388.17826318740845,37,60,45,35.295,61.58,42.79,064.705,9.536284153005461,027.423114754098357
1769587945.8398862,388.2315421104431,37,60,45,35.305,61.57,42.805,064.695,9.526284153005463,027.408114754098357
1769587945.8918898,388.2836072444916,37,61,44,35.315,61.565,42.815,064.685,9.52128415300546,027.39811475409836
1769587945.941708,388.3333570957184,36,61,44,35.32,61.56,42.825,064.68,9.516284153005465,027.388114754098353
1769587945.991937,388.38360714912415,36,61,44,35.325,61.555,42.835,064.675,9.511284153005462,027.378114754098355
1769587946.044439,388.4360992908478,36,61,44,35.33,61.55,42.845,064.67,9.50628415300546,027.368114754098357
1769587946.102339,388.4939842224121,36,61,44,35.34,61.545,42.855,064.66,9.501284153005464,027.35811475409836
1769587946.1625972,388.55422019958496,36,61,44,35.345,61.54,42.865,064.655,9.496284153005462,027.348114754098354
1769587946.215789,388.60745120048523,36,61,44,35.355,61.535,42.875,064.64500000000001,9.49128415300546,027.338114754098356
1769587946.26761,388.65931129455566,36,61,44,35.365,61.53,42.885,064.63499999999999,9.486284153005464,027.328114754098358
1769587946.317251,388.70893907546997,36,61,44,35.375,61.525,42.895,064.625,9.481284153005461,027.318114754098353
1769587946.366536,388.7581262588501,36,61,44,35.38,61.52,42.905,064.62,9.476284153005466,027.308114754098355
1769587946.4193542,388.8109562397003,36,61,44,35.385,61.515,42.915,064.61500000000001,9.471284153005463,027.298114754098357
1769587946.4758568,388.8675730228424,36,61,44,35.395,61.51,42.925,064.60499999999999,9.46628415300546,027.28811475409836
1769587946.524527,388.91618514060974,37,61,45,35.405,61.505,42.94,064.595,9.461284153005465,027.27311475409836
1769587946.5714781,388.9631712436676,37,61,44,35.415,61.5,42.95,064.58500000000001,9.456284153005463,027.263114754098353
1769587946.621464,389.0131583213806,36,61,44,35.425,61.495,42.96,064.575,9.45128415300546,027.253114754098355
1769587946.674767,389.0664210319519,37,61,44,35.44,61.49,42.97,064.56,9.446284153005465,027.243114754098357
1769587946.724101,389.1157591342926,36,61,44,35.45,61.485,42.98,064.55,9.441284153005462,027.23311475409836
1769587946.7728739,389.16457438468933,36,61,44,35.455,61.48,42.99,064.545,9.43628415300546,027.223114754098354
1769587946.8227682,389.21414017677307,36,61,44,35.465,61.475,43.0,064.535,9.431284153005464,027.213114754098356
1769587946.875063,389.2666382789612,36,61,44,35.475,61.47,43.01,064.525,9.426284153005462,027.203114754098358
1769587946.930572,389.3222200870514,36,61,44,35.485,61.465,43.02,064.515,9.421284153005466,027.193114754098353
1769587946.986416,389.37813925743103,37,61,44,35.495,61.46,43.03,064.505,9.416284153005464,027.183114754098355
1769587947.035392,389.42714619636536,36,61,44,35.5,61.455,43.04,064.5,9.411284153005461,027.173114754098357
1769587947.084894,389.4765932559967,36,61,44,35.505,61.45,43.05,064.495,9.406284153005465,027.16311475409836
1769587947.13522,389.52691316604614,36,61,44,35.51,61.445,43.06,064.49000000000001,9.401284153005463,027.153114754098354
1769587947.190666,389.5823211669922,36,61,44,35.515,61.44,43.07,064.485,9.39628415300546,027.143114754098356
1769587947.2412548,389.6329491138458,36,61,44,35.52,61.435,43.08,064.47999999999999,9.391284153005465,027.133114754098358
1769587947.290254,389.6819612979889,36,61,44,35.525,61.43,43.09,064.475,9.386284153005462,027.123114754098353
1769587947.342113,389.73374915122986,36,61,44,35.53,61.425,43.1,064.47,9.38128415300546,027.113114754098355
1769587947.39149,389.7832293510437,36,61,44,35.535,61.42,43.11,064.465,9.376284153005464,027.103114754098357
1769587947.439751,389.8315153121948,36,61,44,35.54,61.415,43.12,064.46000000000001,9.371284153005462,027.09311475409836
1769587947.485352,389.87707233428955,36,61,44,35.545,61.41,43.13,064.455,9.36628415300546,027.083114754098354
1769587947.533164,389.92477226257324,36,61,44,35.55,61.405,43.14,064.45,9.361284153005464,027.073114754098356
1769587947.584492,389.97616624832153,36,61,44,35.555,61.405,43.15,064.445,9.361284153005464,027.063114754098358
1769587947.635136,390.02684020996094,36,61,44,35.56,61.405,43.155,064.44,9.361284153005464,027.058114754098355
1769587947.6886241,390.08027029037476,36,61,44,35.565,61.405,43.16,064.435,9.361284153005464,027.05311475409836
1769587947.738307,390.12997817993164,36,61,44,35.57,61.405,43.165,064.43,9.361284153005464,027.048114754098357
1769587947.788506,390.18020820617676,36,61,44,35.575,61.405,43.17,064.425,9.361284153005464,027.043114754098355
1769587947.8376052,390.2293231487274,36,61,44,35.58,61.4,43.18,064.42,9.356284153005461,027.033114754098357
1769587947.886681,390.2783992290497,36,61,44,35.585,61.395,43.19,064.41499999999999,9.351284153005466,027.02311475409836
1769587947.939204,390.33091711997986,36,61,44,35.59,61.39,43.2,064.41,9.346284153005463,027.013114754098353
1769587947.988898,390.3805923461914,36,61,44,35.595,61.385,43.21,064.405,9.34128415300546,027.003114754098355
1769587948.038389,390.43007922172546,36,61,44,35.6,61.38,43.22,064.4,9.336284153005465,026.993114754098357
1769587948.0898838,390.4810061454773,36,61,44,35.605,61.375,43.23,064.39500000000001,9.331284153005463,026.98311475409836
1769587948.1441338,390.53586626052856,36,61,44,35.61,61.37,43.24,064.39,9.32628415300546,026.973114754098354
1769587948.194842,390.5865321159363,36,61,44,35.615,61.365,43.25,064.38499999999999,9.321284153005465,026.963114754098356
1769587948.246936,390.6386733055115,36,61,44,35.62,61.36,43.26,064.38,9.316284153005462,026.953114754098358
1769587948.295875,390.6876142024994,36,61,44,35.625,61.36,43.265,064.375,9.316284153005462,026.948114754098356
1769587948.3475468,390.73921632766724,36,61,44,35.63,61.36,43.27,064.37,9.316284153005462,026.943114754098353
1769587948.4066932,390.79829239845276,36,61,44,35.635,61.36,43.275,064.36500000000001,9.316284153005462,026.938114754098358
1769587948.457953,390.84963631629944,36,61,44,35.64,61.355,43.28,064.36,9.31128415300546,026.933114754098355
1769587948.5101151,390.9015853404999,36,61,44,35.645,61.35,43.29,064.35499999999999,9.306284153005464,026.923114754098357
1769587948.5591118,390.9508352279663,36,61,44,35.65,61.345,43.3,064.35,9.301284153005462,026.91311475409836
1769587948.6095202,391.0011751651764,36,61,44,35.655,61.34,43.31,064.345,9.296284153005466,026.903114754098354
1769587948.661684,391.0533113479614,36,61,44,35.66,61.335,43.32,064.34,9.291284153005464,026.893114754098356
1769587948.7138839,391.1056320667267,36,61,44,35.665,61.33,43.33,064.33500000000001,9.286284153005461,026.883114754098358
1769587948.7652,391.15687918663025,36,60,44,35.67,61.32,43.34,064.33,9.276284153005463,026.873114754098353
1769587948.814972,391.2066881656647,36,60,45,35.675,61.31,43.355,064.325,9.266284153005465,026.85811475409836
1769587948.862838,391.2545292377472,36,60,44,35.68,61.3,43.365,064.32,9.25628415300546,026.848114754098354
1769587948.9176152,391.30929017066956,36,60,45,35.685,61.29,43.38,064.315,9.246284153005462,026.833114754098354
1769587948.973103,391.36478424072266,36,60,45,35.69,61.28,43.395,064.31,9.236284153005464,026.818114754098353
1769587949.026141,391.417827129364,36,60,44,35.695,61.27,43.405,064.305,9.226284153005466,026.808114754098355
1769587949.079136,391.4707729816437,36,60,44,35.7,61.26,43.41,064.3,9.21628415300546,026.80311475409836
1769587949.1321979,391.5238993167877,36,60,45,35.705,61.255,43.42,064.295,9.211284153005465,026.793114754098355
1769587949.18401,391.57572412490845,36,60,45,35.71,61.25,43.43,064.28999999999999,9.206284153005463,026.783114754098357
1769587949.231648,391.62334728240967,36,60,45,35.715,61.24,43.445,064.285,9.196284153005465,026.768114754098356
1769587949.281024,391.67267513275146,36,60,45,35.72,61.23,43.46,064.28,9.18628415300546,026.753114754098355
1769587949.3297641,391.7214550971985,36,60,45,35.725,61.22,43.475,064.275,9.176284153005462,026.738114754098355
1769587949.3819141,391.7735981941223,36,60,45,35.73,61.21,43.49,064.27000000000001,9.166284153005464,026.723114754098354
1769587949.4337091,391.8254642486572,36,60,45,35.735,61.2,43.505,064.265,9.156284153005465,026.708114754098354
1769587949.482153,391.8738923072815,36,60,45,35.74,61.19,43.52,064.25999999999999,9.14628415300546,026.693114754098353
1769587949.5315561,391.92327332496643,36,60,45,35.745,61.18,43.535,064.255,9.136284153005462,026.67811475409836
1769587949.579427,391.9711182117462,36,60,45,35.75,61.17,43.55,064.25,9.126284153005464,026.66311475409836
1769587949.629219,392.020916223526,36,60,45,35.755,61.16,43.565,064.245,9.11628415300546,026.64811475409836
1769587949.680877,392.07254910469055,36,60,45,35.76,61.15,43.575,064.24000000000001,9.106284153005461,026.638114754098353
1769587949.7323258,392.1240141391754,36,60,45,35.765,61.14,43.585,064.235,9.096284153005463,026.628114754098355
1769587949.789576,392.1810722351074,36,60,45,35.77,61.13,43.6,064.22999999999999,9.086284153005465,026.613114754098355
1769587949.84719,392.2388081550598,36,60,45,35.775,61.12,43.615,064.225,9.07628415300546,026.598114754098354
1769587949.89907,392.2907793521881,36,60,45,35.78,61.11,43.625,064.22,9.066284153005462,026.588114754098356
1769587949.955101,392.34675312042236,36,60,45,35.785,61.1,43.635,064.215,9.056284153005464,026.578114754098358
1769587950.0040991,392.39589619636536,36,60,45,35.79,61.09,43.65,064.21000000000001,9.046284153005466,026.563114754098358
1769587950.0539362,392.44563031196594,36,60,45,35.795,61.08,43.66,064.205,9.036284153005461,026.55311475409836
1769587950.1042938,392.496031999588,37,60,46,35.805,61.07,43.675,064.195,9.026284153005463,026.53811475409836
1769587950.1545548,392.5462861061096,36,60,45,35.81,61.06,43.685,064.19,9.016284153005465,026.528114754098354
1769587950.2037592,392.595477104187,36,60,45,35.815,61.05,43.7,064.185,9.00628415300546,026.513114754098353
1769587950.255931,392.64751625061035,36,60,45,35.82,61.04,43.715,064.18,8.996284153005462,026.498114754098353
1769587950.30851,392.7001852989197,36,60,45,35.825,61.03,43.725,064.175,8.986284153005464,026.488114754098355
1769587950.3647192,392.75634026527405,36,60,45,35.83,61.02,43.735,064.17,8.976284153005466,026.478114754098357
1769587950.4130251,392.8047432899475,36,60,45,35.83,61.015,43.745,064.17,8.971284153005463,026.46811475409836
1769587950.462501,392.8542273044586,36,60,45,35.83,61.01,43.755,064.17,8.96628415300546,026.458114754098354
1769587950.5105011,392.9021780490875,36,60,45,35.83,61.005,43.765,064.17,8.961284153005465,026.448114754098356
1769587950.5574882,392.94918608665466,36,60,45,35.83,60.995,43.775,064.17,8.95128415300546,026.438114754098358
1769587950.6055338,392.9972701072693,36,60,45,35.83,60.99,43.785,064.17,8.946284153005465,026.42811475409836
1769587950.6548321,393.04651641845703,36,60,45,35.83,60.985,43.795,064.17,8.941284153005462,026.418114754098355
1769587950.7044768,393.0961573123932,36,60,45,35.83,60.98,43.805,064.17,8.93628415300546,026.408114754098357
1769587950.754426,393.1461572647095,36,60,45,35.83,60.97,43.815,064.17,8.926284153005462,026.39811475409836
1769587950.80531,393.19689440727234,36,60,45,35.83,60.96,43.825,064.17,8.916284153005464,026.388114754098353
1769587950.857646,393.24936032295227,36,60,45,35.83,60.955,43.835,064.17,8.911284153005461,026.378114754098355
1769587950.909184,393.30087018013,36,60,45,35.83,60.95,43.845,064.17,8.906284153005465,026.368114754098357
1769587950.960404,393.3521041870117,36,60,45,35.835,60.94,43.855,064.16499999999999,8.89628415300546,026.35811475409836
1769587951.011708,393.4033992290497,36,60,45,35.835,60.93,43.865,064.16499999999999,8.886284153005462,026.348114754098354
1769587951.063964,393.45560216903687,36,60,45,35.84,60.92,43.875,064.16,8.876284153005464,026.338114754098356
1769587951.1180868,393.5098123550415,36,60,45,35.845,60.91,43.885,064.155,8.86628415300546,026.328114754098358
1769587951.169152,393.56081223487854,36,60,45,35.85,60.9,43.895,064.15,8.856284153005461,026.318114754098353
1769587951.2181299,393.60984921455383,36,60,45,35.855,60.89,43.905,064.14500000000001,8.846284153005463,026.308114754098355
1769587951.265752,393.65745425224304,36,60,45,35.86,60.885,43.915,064.14,8.84128415300546,026.298114754098357
1769587951.318576,393.7101511955261,36,60,45,35.86,60.875,43.925,064.14,8.831284153005463,026.28811475409836
1769587951.373296,393.76453614234924,36,60,45,35.86,60.865,43.935,064.14,8.821284153005465,026.278114754098354
1769587951.4249,393.81657123565674,36,60,45,35.865,60.855,43.945,064.13499999999999,8.81128415300546,026.268114754098356
1769587951.478538,393.8702390193939,35,60,45,35.865,60.845,43.955,064.13499999999999,8.801284153005462,026.258114754098358
1769587951.529259,393.92098927497864,35,60,45,35.865,60.835,43.97,064.13499999999999,8.791284153005464,026.243114754098357
1769587951.5783749,393.97005224227905,36,60,45,35.87,60.825,43.98,064.13,8.781284153005465,026.23311475409836
1769587951.625729,394.0174720287323,36,60,45,35.875,60.815,43.995,064.125,8.77128415300546,026.21811475409836
1769587951.674007,394.0657181739807,35,60,45,35.875,60.805,44.01,064.125,8.761284153005462,026.203114754098358
1769587951.7246752,394.1163582801819,35,60,45,35.875,60.795,44.025,064.125,8.751284153005464,026.188114754098358
1769587951.775307,394.166944026947,36,60,45,35.88,60.785,44.04,064.12,8.74128415300546,026.173114754098357
1769587951.8277068,394.2194392681122,36,60,45,35.885,60.775,44.055,064.11500000000001,8.731284153005461,026.158114754098357
1769587951.878561,394.27025413513184,36,60,45,35.89,60.765,44.07,064.11,8.721284153005463,026.143114754098356
1769587951.930521,394.32215332984924,36,60,45,35.895,60.755,44.085,064.10499999999999,8.711284153005465,026.128114754098355
1769587951.983825,394.37550830841064,36,60,45,35.9,60.745,44.1,064.1,8.70128415300546,026.113114754098355
1769587952.0400052,394.4316580295563,35,60,45,35.9,60.735,44.11,064.1,8.691284153005462,026.103114754098357
1769587952.092916,394.48453307151794,36,60,45,35.905,60.725,44.125,064.095,8.681284153005464,026.088114754098356
1769587952.152349,394.5438883304596,35,60,45,35.905,60.715,44.14,064.095,8.671284153005466,026.073114754098356
1769587952.208383,394.60008239746094,36,60,45,35.91,60.705,44.155,064.09,8.661284153005461,026.058114754098355
1769587952.256722,394.6484651565552,36,60,45,35.915,60.695,44.165,064.08500000000001,8.651284153005463,026.048114754098357
1769587952.303512,394.6952292919159,36,60,45,35.92,60.685,44.18,064.08,8.641284153005465,026.033114754098357
1769587952.354408,394.7460741996765,35,60,45,35.92,60.675,44.195,064.08,8.63128415300546,026.018114754098356
1769587952.405749,394.7971613407135,35,60,45,35.92,60.665,44.21,064.08,8.621284153005462,026.003114754098355
1769587952.455283,394.8468143939972,36,60,45,35.925,60.655,44.225,064.075,8.611284153005464,025.988114754098355
1769587952.506357,394.8981120586395,36,60,45,35.925,60.645,44.235,064.075,8.601284153005466,025.978114754098357
1769587952.5566452,394.94834423065186,35,60,45,35.92,60.635,44.245,064.08,8.59128415300546,025.96811475409836
1769587952.6080692,394.99969935417175,35,60,45,35.92,60.625,44.26,064.08,8.581284153005463,025.953114754098358
1769587952.658401,395.0500512123108,35,60,45,35.92,60.615,44.27,064.08,8.571284153005465,025.943114754098353
1769587952.7086668,395.10035037994385,36,60,45,35.925,60.605,44.28,064.075,8.56128415300546,025.933114754098355
1769587952.763049,395.1547613143921,36,60,45,35.93,60.6,44.29,064.07,8.556284153005464,025.923114754098357
1769587952.814831,395.2065153121948,36,60,45,35.93,60.59,44.3,064.07,8.546284153005466,025.91311475409836
1769587952.867527,395.259268283844,35,60,45,35.93,60.58,44.31,064.07,8.536284153005461,025.903114754098354
1769587952.916088,395.3078200817108,35,60,45,35.93,60.575,44.32,064.07,8.531284153005465,025.893114754098356
1769587952.96676,395.3584442138672,35,60,45,35.925,60.57,44.33,064.075,8.526284153005463,025.883114754098358
1769587953.017417,395.4090943336487,35,60,45,35.925,60.56,44.34,064.075,8.516284153005465,025.873114754098353
1769587953.0648441,395.4565281867981,35,60,45,35.925,60.55,44.355,064.075,8.50628415300546,025.85811475409836
1769587953.114513,395.50597620010376,36,60,45,35.93,60.545,44.365,064.07,8.501284153005464,025.848114754098354
1769587953.165347,395.5570230484009,36,60,45,35.935,60.54,44.375,064.065,8.496284153005462,025.838114754098356
1769587953.215631,395.607271194458,35,60,45,35.935,60.53,44.385,064.065,8.486284153005464,025.828114754098358
1769587953.266401,395.6580011844635,35,60,45,35.935,60.52,44.4,064.065,8.476284153005466,025.813114754098358
1769587953.317473,395.70914030075073,35,60,44,35.935,60.51,44.41,064.065,8.46628415300546,025.80311475409836
1769587953.371961,395.76359605789185,35,60,45,35.935,60.5,44.42,064.065,8.456284153005463,025.793114754098355
1769587953.430372,395.8220512866974,35,60,45,35.935,60.49,44.43,064.065,8.446284153005465,025.783114754098357
1769587953.481452,395.8731200695038,36,60,45,35.94,60.48,44.44,064.06,8.43628415300546,025.77311475409836
1769587953.533709,395.9253342151642,36,60,45,35.945,60.475,44.45,064.055,8.431284153005464,025.763114754098353
1769587953.5863428,395.9779682159424,36,60,45,35.95,60.465,44.46,064.05,8.421284153005466,025.753114754098355
1769587953.642808,396.0344922542572,36,60,45,35.955,60.455,44.47,064.045,8.411284153005461,025.743114754098357
1769587953.694175,396.08591628074646,36,60,45,35.96,60.445,44.48,064.03999999999999,8.401284153005463,025.73311475409836
1769587953.7450361,396.13646626472473,35,60,45,35.96,60.435,44.49,064.03999999999999,8.391284153005465,025.723114754098354
1769587953.796044,396.1877682209015,35,60,45,35.96,60.425,44.505,064.03999999999999,8.38128415300546,025.708114754098354
1769587953.8461719,396.2378742694855,35,60,44,35.96,60.415,44.515,064.03999999999999,8.371284153005462,025.698114754098356
1769587953.89618,396.2878773212433,35,60,44,35.96,60.41,44.52,064.03999999999999,8.36628415300546,025.693114754098353
1769587953.945311,396.3370122909546,36,60,45,35.96,60.405,44.53,064.03999999999999,8.361284153005464,025.683114754098355
1769587953.99727,396.38894724845886,37,59,46,35.97,60.395,44.545,064.03,8.351284153005466,025.668114754098355
1769587954.048585,396.4402780532837,36,60,46,35.975,60.385,44.56,064.025,8.34128415300546,025.653114754098354
1769587954.104608,396.49621319770813,36,60,45,35.98,60.38,44.57,064.02000000000001,8.336284153005465,025.643114754098356
1769587954.156566,396.54829120635986,36,60,45,35.985,60.37,44.58,064.015,8.32628415300546,025.633114754098358
1769587954.209461,396.6012153625488,36,60,45,35.99,60.365,44.59,064.00999999999999,8.321284153005465,025.623114754098353
1769587954.260428,396.6521153450012,36,60,45,35.99,60.36,44.6,064.00999999999999,8.316284153005462,025.613114754098355
1769587954.311285,396.7029540538788,36,60,45,35.99,60.355,44.61,064.00999999999999,8.31128415300546,025.603114754098357
1769587954.3642051,396.7558650970459,36,60,45,35.99,60.35,44.615,064.00999999999999,8.306284153005464,025.598114754098354
1769587954.4156852,396.8073961734772,36,60,45,35.99,60.345,44.62,064.00999999999999,8.301284153005462,025.59311475409836
1769587954.466832,396.85852217674255,36,60,45,35.99,60.34,44.625,064.00999999999999,8.296284153005466,025.588114754098356
1769587954.518664,396.9103653430939,36,60,45,35.99,60.335,44.63,064.00999999999999,8.291284153005464,025.583114754098354
1769587954.567081,396.9586501121521,36,60,45,35.99,60.33,44.635,064.00999999999999,8.286284153005461,025.578114754098358
1769587954.617413,397.00908732414246,36,60,45,35.99,60.325,44.64,064.00999999999999,8.281284153005465,025.573114754098356
1769587954.669782,397.06138920783997,36,60,45,35.99,60.32,44.645,064.00999999999999,8.276284153005463,025.568114754098353
1769587954.7184808,397.1101801395416,36,60,45,35.99,60.315,44.65,064.00999999999999,8.27128415300546,025.563114754098358
1769587954.769156,397.1608512401581,36,60,45,35.99,60.31,44.655,064.00999999999999,8.266284153005465,025.558114754098355
1769587954.823422,397.21513319015503,36,60,45,35.99,60.305,44.66,064.00999999999999,8.261284153005462,025.55311475409836
1769587954.874779,397.2662672996521,36,60,45,35.99,60.3,44.665,064.00999999999999,8.25628415300546,025.548114754098357
1769587954.923002,397.31470823287964,36,60,45,35.99,60.295,44.67,064.00999999999999,8.251284153005464,025.543114754098355
1769587954.973505,397.3652322292328,36,60,45,35.99,60.29,44.675,064.00999999999999,8.246284153005462,025.53811475409836
1769587955.024941,397.4166362285614,36,60,44,35.99,60.29,44.675,064.00999999999999,8.246284153005462,025.53811475409836
1769587955.077321,397.4689431190491,36,60,44,35.985,60.29,44.67,064.015,8.246284153005462,025.543114754098355
1769587955.128644,397.5203592777252,36,60,44,35.985,60.29,44.67,064.015,8.246284153005462,025.543114754098355
1769587955.180875,397.5725312232971,36,60,44,35.985,60.29,44.665,064.015,8.246284153005462,025.548114754098357
1769587955.2362828,397.62797808647156,36,60,45,35.98,60.29,44.665,064.02000000000001,8.246284153005462,025.548114754098357
1769587955.291405,397.68301916122437,37,60,45,35.98,60.29,44.665,064.02000000000001,8.246284153005462,025.548114754098357
1769587955.344977,397.73665833473206,36,60,45,35.975,60.29,44.665,064.025,8.246284153005462,025.548114754098357
1769587955.396378,397.7880880832672,36,60,45,35.97,60.29,44.665,064.03,8.246284153005462,025.548114754098357
1769587955.445097,397.83683824539185,36,60,44,35.965,60.29,44.66,064.035,8.246284153005462,025.55311475409836
1769587955.492852,397.88454723358154,36,61,44,35.96,60.295,44.655,064.03999999999999,8.251284153005464,025.558114754098355
1769587955.5417118,397.933393239975,36,61,44,35.955,60.3,44.65,064.045,8.25628415300546,025.563114754098358
1769587955.592555,397.98419404029846,36,61,44,35.955,60.3,44.65,064.045,8.25628415300546,025.563114754098358
1769587955.644392,398.03608322143555,36,61,44,35.955,60.3,44.65,064.045,8.25628415300546,025.563114754098358
1769587955.69403,398.0857710838318,36,61,44,35.95,60.305,44.645,064.05,8.261284153005462,025.568114754098353
1769587955.74459,398.1363000869751,36,61,44,35.945,60.31,44.64,064.055,8.266284153005465,025.573114754098356
1769587955.7969038,398.1883862018585,36,61,44,35.945,60.31,44.64,064.055,8.266284153005465,025.573114754098356
1769587955.845425,398.23703122138977,36,61,44,35.94,60.315,44.64,064.06,8.27128415300546,025.573114754098356
1769587955.896409,398.2881531715393,36,61,44,35.935,60.32,44.635,064.065,8.276284153005463,025.578114754098358
1769587955.947766,398.33946418762207,36,61,44,35.93,60.325,44.63,064.07,8.281284153005465,025.583114754098354
1769587955.95412,398.3458333015442,36,61,44,35.925,60.33,44.625,064.075,8.286284153005461,025.588114754098356
1769587956.004501,398.39622831344604,36,61,44,35.92,60.335,44.62,064.08,8.291284153005464,025.59311475409836
1769587956.054649,398.44633531570435,36,60,44,35.915,60.335,44.615,064.08500000000001,8.291284153005464,025.598114754098354
1769587956.104533,398.4960250854492,36,61,44,35.91,60.335,44.615,064.09,8.291284153005464,025.598114754098354
1769587956.155627,398.54731130599976,36,61,44,35.91,60.335,44.615,064.09,8.291284153005464,025.598114754098354
1769587956.2081559,398.5998821258545,36,61,44,35.91,60.335,44.615,064.09,8.291284153005464,025.598114754098354
1769587956.260459,398.65213918685913,36,61,44,35.91,60.335,44.615,064.09,8.291284153005464,025.598114754098354
1769587956.3138728,398.7055251598358,36,61,44,35.91,60.335,44.615,064.09,8.291284153005464,025.598114754098354
1769587956.365837,398.75757908821106,36,61,44,35.91,60.335,44.615,064.09,8.291284153005464,025.598114754098354
1769587956.41646,398.80817222595215,36,61,44,35.91,60.335,44.615,064.09,8.291284153005464,025.598114754098354
1769587956.4656498,398.85733222961426,36,61,43,35.91,60.335,44.61,064.09,8.291284153005464,025.603114754098357
1769587956.516217,398.9079432487488,36,61,43,35.91,60.335,44.605,064.09,8.291284153005464,025.60811475409836
1769587956.568067,398.959721326828,36,61,44,35.91,60.335,44.605,064.09,8.291284153005464,025.60811475409836
1769587956.620826,399.01240825653076,36,61,44,35.91,60.335,44.605,064.09,8.291284153005464,025.60811475409836
1769587956.671102,399.0626952648163,36,61,44,35.91,60.335,44.605,064.09,8.291284153005464,025.60811475409836
1769587956.7222579,399.1140034198761,36,61,44,35.905,60.335,44.6,064.095,8.291284153005464,025.613114754098355
1769587956.772147,399.16383624076843,36,61,44,35.9,60.335,44.6,064.1,8.291284153005464,025.613114754098355
1769587956.823443,399.2151851654053,36,61,44,35.9,60.335,44.6,064.1,8.291284153005464,025.613114754098355
1769587956.874034,399.2657883167267,36,61,44,35.895,60.335,44.6,064.10499999999999,8.291284153005464,025.613114754098355
1769587956.9228091,399.3145201206207,36,61,44,35.895,60.335,44.6,064.10499999999999,8.291284153005464,025.613114754098355
1769587956.978789,399.3704493045807,36,61,43,35.895,60.335,44.595,064.10499999999999,8.291284153005464,025.618114754098357
1769587957.0322628,399.42398738861084,36,61,43,35.895,60.335,44.59,064.10499999999999,8.291284153005464,025.623114754098353
1769587957.0831091,399.4746742248535,36,61,43,35.895,60.335,44.585,064.10499999999999,8.291284153005464,025.628114754098355
1769587957.136339,399.5279932022095,36,61,44,35.895,60.335,44.585,064.10499999999999,8.291284153005464,025.628114754098355
1769587957.193034,399.5847282409668,36,61,44,35.89,60.335,44.585,064.11,8.291284153005464,025.628114754098355
1769587957.249016,399.64066219329834,36,61,43,35.89,60.335,44.58,064.11,8.291284153005464,025.633114754098358
1769587957.303937,399.6956832408905,36,61,43,35.89,60.335,44.575,064.11,8.291284153005464,025.638114754098353
1769587957.353887,399.7456352710724,36,61,43,35.89,60.335,44.57,064.11,8.291284153005464,025.643114754098356
1769587957.403796,399.79554629325867,36,61,44,35.89,60.335,44.57,064.11,8.291284153005464,025.643114754098356
1769587957.453248,399.8449761867523,36,61,44,35.89,60.335,44.57,064.11,8.291284153005464,025.643114754098356
1769587957.505383,399.8970241546631,36,61,44,35.89,60.335,44.57,064.11,8.291284153005464,025.643114754098356
1769587957.561229,399.95284509658813,36,61,44,35.89,60.335,44.57,064.11,8.291284153005464,025.643114754098356
1769587957.612223,400.00391602516174,36,61,44,35.89,60.335,44.57,064.11,8.291284153005464,025.643114754098356
1769587957.6623712,400.0541203022003,36,61,44,35.89,60.335,44.57,064.11,8.291284153005464,025.643114754098356
1769587957.7133079,400.1047763824463,36,61,43,35.89,60.335,44.565,064.11,8.291284153005464,025.64811475409836
1769587957.766826,400.15846824645996,36,61,43,35.89,60.335,44.56,064.11,8.291284153005464,025.653114754098354
1769587957.8218849,400.2135832309723,36,61,43,35.89,60.335,44.555,064.11,8.291284153005464,025.658114754098357
1769587957.8743339,400.26605129241943,36,61,43,35.89,60.335,44.55,064.11,8.291284153005464,025.66311475409836
1769587957.925653,400.31740522384644,36,61,43,35.89,60.335,44.545,064.11,8.291284153005464,025.668114754098355
1769587957.97332,400.3650600910187,36,61,43,35.89,60.335,44.54,064.11,8.291284153005464,025.673114754098357
1769587958.022878,400.414635181427,36,61,43,35.89,60.335,44.535,064.11,8.291284153005464,025.67811475409836
1769587958.071077,400.46280908584595,36,61,43,35.89,60.335,44.53,064.11,8.291284153005464,025.683114754098355
1769587958.122974,400.5146632194519,36,61,43,35.89,60.335,44.525,064.11,8.291284153005464,025.688114754098358
1769587958.174672,400.5661540031433,36,61,43,35.89,60.335,44.52,064.11,8.291284153005464,025.693114754098353
1769587958.2241652,400.61588621139526,36,61,43,35.89,60.335,44.515,064.11,8.291284153005464,025.698114754098356
1769587958.2797,400.67128229141235,36,61,43,35.89,60.335,44.51,064.11,8.291284153005464,025.703114754098358
1769587958.3350022,400.7266843318939,36,62,43,35.89,60.34,44.505,064.11,8.296284153005466,025.708114754098354
1769587958.3878558,400.7795672416687,36,62,43,35.89,60.345,44.5,064.11,8.301284153005462,025.713114754098356
1769587958.4382238,400.82996916770935,36,62,42,35.89,60.35,44.49,064.11,8.306284153005464,025.723114754098354
1769587958.487343,400.8790431022644,36,62,42,35.89,60.355,44.48,064.11,8.31128415300546,025.73311475409836
1769587958.535938,400.9276661872864,36,62,42,35.89,60.36,44.47,064.11,8.316284153005462,025.743114754098357
1769587958.584773,400.9764893054962,36,62,43,35.89,60.365,44.465,064.11,8.321284153005465,025.748114754098353
1769587958.6350899,401.02671909332275,36,62,43,35.89,60.37,44.46,064.11,8.32628415300546,025.753114754098355
1769587958.687041,401.0787091255188,36,62,43,35.89,60.375,44.455,064.11,8.331284153005463,025.758114754098358
1769587958.739414,401.1310603618622,36,62,43,35.89,60.38,44.45,064.11,8.336284153005465,025.763114754098353
1769587958.790306,401.1820101737976,36,62,43,35.89,60.385,44.445,064.11,8.34128415300546,025.768114754098356
1769587958.838752,401.2304491996765,36,62,42,35.89,60.39,44.435,064.11,8.346284153005463,025.778114754098354
1769587958.888372,401.28005933761597,36,62,43,35.89,60.395,44.43,064.11,8.351284153005466,025.783114754098357
1769587958.9392152,401.3309371471405,36,61,43,35.89,60.395,44.425,064.11,8.351284153005466,025.78811475409836
1769587958.9882822,401.37990403175354,36,61,43,35.89,60.4,44.42,064.11,8.356284153005461,025.793114754098355
1769587959.041589,401.43327832221985,36,62,42,35.89,60.41,44.405,064.11,8.36628415300546,025.808114754098355
1769587959.09475,401.4862132072449,36,62,43,35.89,60.42,44.4,064.11,8.376284153005464,025.813114754098358
1769587959.146739,401.538476228714,36,62,43,35.89,60.43,44.39,064.11,8.386284153005462,025.823114754098356
1769587959.199966,401.59169006347656,36,62,43,35.89,60.44,44.38,064.11,8.39628415300546,025.833114754098354
1769587959.2543302,401.64607429504395,36,62,43,35.89,60.45,44.375,064.11,8.406284153005465,025.838114754098356
1769587959.306342,401.69804525375366,36,62,43,35.89,60.46,44.37,064.11,8.416284153005464,025.84311475409836
1769587959.3571541,401.74891424179077,36,62,43,35.89,60.47,44.36,064.11,8.426284153005462,025.853114754098357
1769587959.405278,401.79695534706116,36,62,43,35.89,60.48,44.35,064.11,8.43628415300546,025.863114754098355
1769587959.457016,401.84869027137756,36,61,43,35.89,60.485,44.34,064.11,8.441284153005462,025.873114754098353
1769587959.512789,401.90448021888733,37,61,43,35.895,60.49,44.33,064.10499999999999,8.446284153005465,025.883114754098358
1769587959.564671,401.9563593864441,37,61,44,35.9,60.495,44.325,064.1,8.45128415300546,025.888114754098353
1769587959.6157892,402.0074942111969,36,61,43,35.9,60.5,44.315,064.1,8.456284153005463,025.89811475409836
1769587959.668067,402.0596799850464,36,61,43,35.9,60.505,44.305,064.1,8.461284153005465,025.908114754098357
1769587959.718893,402.1106014251709,36,61,43,35.9,60.51,44.295,064.1,8.46628415300546,025.918114754098355
1769587959.77001,402.161740064621,36,61,43,35.9,60.515,44.285,064.1,8.471284153005463,025.92811475409836
1769587959.8207302,402.212375164032,37,61,43,35.905,60.52,44.275,064.095,8.476284153005466,025.938114754098358
1769587959.87168,402.2633993625641,37,61,44,35.91,60.525,44.27,064.09,8.481284153005461,025.943114754098353
1769587959.9209862,402.3126473426819,37,61,43,35.915,60.53,44.26,064.08500000000001,8.486284153005464,025.953114754098358
1769587959.973811,402.36544823646545,37,61,43,35.92,60.535,44.25,064.08,8.49128415300546,025.963114754098356
1769587960.025097,402.41681718826294,37,61,44,35.925,60.54,44.245,064.075,8.496284153005462,025.96811475409836
1769587960.075381,402.46708512306213,37,61,44,35.93,60.545,44.24,064.07,8.501284153005464,025.973114754098354
1769587960.125922,402.51765298843384,37,61,44,35.935,60.55,44.235,064.065,8.50628415300546,025.978114754098357
1769587960.1742332,402.5659341812134,37,61,44,35.94,60.555,44.23,064.06,8.511284153005462,025.98311475409836
1769587960.224722,402.61644315719604,37,61,44,35.945,60.56,44.225,064.055,8.516284153005465,025.988114754098355
1769587960.274215,402.6658880710602,37,61,44,35.95,60.565,44.22,064.05,8.52128415300546,025.993114754098357
1769587960.323811,402.7155351638794,37,61,44,35.95,60.57,44.21,064.05,8.526284153005463,026.003114754098355
1769587960.374292,402.7659740447998,37,61,44,35.955,60.575,44.205,064.045,8.531284153005465,026.008114754098358
1769587960.423892,402.81565523147583,37,61,44,35.96,60.58,44.2,064.03999999999999,8.536284153005461,026.013114754098353
1769587960.473473,402.8649489879608,37,61,44,35.965,60.585,44.195,064.035,8.541284153005464,026.018114754098356
1769587960.525007,402.9167354106903,37,61,44,35.97,60.59,44.19,064.03,8.546284153005466,026.02311475409836
1769587960.57478,402.9664902687073,38,61,45,35.98,60.595,44.19,064.02000000000001,8.551284153005462,026.02311475409836
1769587960.6244988,403.0161871910095,37,61,45,35.985,60.6,44.19,064.015,8.556284153005464,026.02311475409836
1769587960.6739688,403.06566405296326,37,61,44,35.99,60.605,44.185,064.00999999999999,8.56128415300546,026.028114754098354
1769587960.72585,403.1175580024719,37,61,44,35.995,60.61,44.18,064.005,8.566284153005462,026.033114754098357
1769587960.7757728,403.167462348938,37,61,44,36.0,60.615,44.175,064.0,8.571284153005465,026.03811475409836
1769587960.825925,403.2176241874695,37,61,44,36.005,60.62,44.17,063.995,8.57628415300546,026.043114754098355
1769587960.876549,403.26813316345215,37,61,44,36.01,60.625,44.165,063.99,8.581284153005463,026.048114754098357
1769587960.9273422,403.31907320022583,38,60,46,36.02,60.625,44.17,063.98,8.581284153005463,026.043114754098355
1769587960.977412,403.3691053390503,39,60,46,36.035,60.625,44.175,063.965,8.581284153005463,026.03811475409836
1769587961.026695,403.41837430000305,38,61,45,36.045,60.63,44.175,063.955,8.586284153005465,026.03811475409836
1769587961.074107,403.4657962322235,38,61,45,36.055,60.635,44.175,063.945,8.59128415300546,026.03811475409836
1769587961.124108,403.5157980918884,38,61,45,36.065,60.64,44.175,063.935,8.596284153005463,026.03811475409836
1769587961.174985,403.5666871070862,38,61,45,36.075,60.645,44.175,063.925,8.601284153005466,026.03811475409836
1769587961.226891,403.6185841560364,38,60,45,36.085,60.645,44.175,063.915,8.601284153005466,026.03811475409836
1769587961.279228,403.67083525657654,39,60,46,36.1,60.645,44.18,063.9,8.601284153005466,026.033114754098357
1769587961.3282309,403.71995425224304,39,60,46,36.115,60.645,44.185,063.885,8.601284153005466,026.028114754098354
1769587961.3799648,403.77163314819336,39,60,46,36.13,60.645,44.19,063.87,8.601284153005466,026.02311475409836
1769587961.430352,403.8221151828766,39,60,46,36.145,60.645,44.195,063.855,8.601284153005466,026.018114754098356
1769587961.479743,403.8714351654053,39,60,46,36.16,60.645,44.2,063.84,8.601284153005466,026.013114754098353
1769587961.534183,403.9258451461792,39,60,46,36.175,60.645,44.205,063.825,8.601284153005466,026.008114754098358
1769587961.5855029,403.9772243499756,39,60,46,36.19,60.645,44.21,063.81,8.601284153005466,026.003114754098355
1769587961.635251,404.02700328826904,39,60,46,36.205,60.645,44.215,063.795,8.601284153005466,025.998114754098353
1769587961.6851132,404.07659912109375,39,60,46,36.225,60.645,44.22,063.775,8.601284153005466,025.993114754098357
1769587961.7343402,404.1260013580322,39,61,45,36.245,60.65,44.22,063.755,8.606284153005461,025.993114754098357
1769587961.787425,404.17916226387024,39,61,45,36.26,60.655,44.22,063.74,8.611284153005464,025.993114754098357
1769587961.839939,404.2315971851349,39,60,46,36.275,60.655,44.225,063.725,8.611284153005464,025.988114754098355
1769587961.887149,404.27876830101013,39,60,46,36.295,60.655,44.23,063.705,8.611284153005464,025.98311475409836
1769587961.936759,404.328485250473,39,60,46,36.315,60.655,44.235,063.685,8.611284153005464,025.978114754098357
1769587961.985152,404.3768661022186,39,60,46,36.33,60.655,44.24,063.67,8.611284153005464,025.973114754098354
1769587962.034497,404.4262351989746,39,60,46,36.345,60.655,44.245,063.655,8.611284153005464,025.96811475409836
1769587962.084013,404.47561717033386,39,60,46,36.36,60.655,44.25,063.64,8.611284153005464,025.963114754098356
1769587962.1374831,404.52922534942627,39,60,46,36.375,60.655,44.255,063.625,8.611284153005464,025.958114754098354
1769587962.186283,404.5777802467346,39,60,46,36.39,60.655,44.26,063.61,8.611284153005464,025.953114754098358
1769587962.2353358,404.62699818611145,39,60,46,36.41,60.655,44.265,063.59,8.611284153005464,025.948114754098356
1769587962.284787,404.67652320861816,39,60,46,36.425,60.655,44.27,063.575,8.611284153005464,025.943114754098353
1769587962.333426,404.7251284122467,40,60,46,36.45,60.655,44.275,063.55,8.611284153005464,025.938114754098358
1769587962.3837361,404.77544236183167,39,60,46,36.465,60.655,44.28,063.535,8.611284153005464,025.933114754098355
1769587962.434138,404.82574915885925,40,60,46,36.485,60.655,44.285,063.515,8.611284153005464,025.92811475409836
1769587962.483989,404.8757002353668,39,60,46,36.5,60.655,44.29,063.5,8.611284153005464,025.923114754098357
1769587962.533887,404.9256110191345,39,61,46,36.52,60.66,44.295,063.48,8.61628415300546,025.918114754098355
1769587962.584058,404.9757571220398,39,60,46,36.54,60.66,44.3,063.46,8.61628415300546,025.91311475409836
1769587962.6353018,405.0270311832428,40,60,46,36.56,60.66,44.305,063.44,8.61628415300546,025.908114754098357
1769587962.685168,405.0766592025757,40,60,46,36.58,60.66,44.31,063.42,8.61628415300546,025.903114754098354
1769587962.736358,405.12806725502014,39,60,46,36.6,60.66,44.315,063.4,8.61628415300546,025.89811475409836
1769587962.786593,405.1782851219177,40,60,46,36.625,60.66,44.32,063.375,8.61628415300546,025.893114754098356
1769587962.838763,405.23037910461426,39,61,46,36.645,60.665,44.325,063.355,8.621284153005462,025.888114754098353
1769587962.88924,405.28094124794006,40,60,46,36.665,60.665,44.33,063.335,8.621284153005462,025.883114754098358
1769587962.9423099,405.3339681625366,40,60,46,36.685,60.665,44.335,063.315,8.621284153005462,025.878114754098355
1769587962.9938712,405.38558626174927,40,60,47,36.705,60.665,44.345,063.295,8.621284153005462,025.868114754098357
1769587963.0435798,405.43523836135864,40,60,46,36.73,60.665,44.35,063.27,8.621284153005462,025.863114754098355
1769587963.096867,405.48855924606323,40,60,46,36.755,60.665,44.355,063.245,8.621284153005462,025.85811475409836
1769587963.1478431,405.5395042896271,40,60,46,36.78,60.665,44.36,063.22,8.621284153005462,025.853114754098357
1769587963.152975,405.5447690486908,40,60,46,36.805,60.665,44.365,063.195,8.621284153005462,025.848114754098354
1769587963.204798,405.596440076828,40,60,46,36.83,60.665,44.37,063.17,8.621284153005462,025.84311475409836
1769587963.257854,405.64950823783875,40,60,46,36.85,60.665,44.375,063.15,8.621284153005462,025.838114754098356
1769587963.312032,405.70370721817017,40,60,46,36.87,60.665,44.38,063.13,8.621284153005462,025.833114754098354
1769587963.367476,405.7591772079468,40,60,46,36.895,60.665,44.385,063.105,8.621284153005462,025.828114754098358
1769587963.417595,405.8092911243439,41,60,47,36.925,60.665,44.395,063.075,8.621284153005462,025.818114754098353
1769587963.464023,405.85572624206543,41,60,47,36.955,60.665,44.41,063.045,8.621284153005462,025.80311475409836
1769587963.5122619,405.9039852619171,41,60,47,36.985,60.665,44.42,063.015,8.621284153005462,025.793114754098355
1769587963.568097,405.9597041606903,41,60,47,37.015,60.665,44.43,062.985,8.621284153005462,025.783114754098357
1769587963.6229088,406.0143051147461,41,60,47,37.04,60.665,44.44,062.96,8.621284153005462,025.77311475409836
1769587963.671989,406.0636579990387,41,60,47,37.065,60.665,44.45,062.935,8.621284153005462,025.763114754098353
1769587963.718533,406.1099741458893,41,60,47,37.09,60.665,44.46,062.91,8.621284153005462,025.753114754098355
1769587963.76831,406.1600413322449,41,60,47,37.115,60.665,44.47,062.885,8.621284153005462,025.743114754098357
1769587963.818339,406.2100203037262,41,60,47,37.14,60.665,44.48,062.86,8.621284153005462,025.73311475409836
1769587963.867826,406.2595272064209,41,60,47,37.17,60.665,44.49,062.83,8.621284153005462,025.723114754098354
1769587963.92014,406.3118221759796,41,60,48,37.2,60.665,44.505,062.8,8.621284153005462,025.708114754098354
1769587963.97633,406.3680193424225,41,60,48,37.23,60.665,44.525,062.77,8.621284153005462,025.688114754098358
1769587964.030431,406.42212200164795,41,60,48,37.26,60.665,44.545,062.74,8.621284153005462,025.668114754098355
1769587964.080705,406.472323179245,41,60,48,37.285,60.665,44.56,062.715,8.621284153005462,025.653114754098354
1769587964.130312,406.52199721336365,41,60,48,37.305,60.67,44.57,062.695,8.626284153005464,025.643114754098356
1769587964.1816509,406.57330107688904,41,60,47,37.33,60.67,44.575,062.67,8.626284153005464,025.638114754098353
1769587964.2320518,406.6237733364105,41,60,47,37.355,60.67,44.585,062.645,8.626284153005464,025.628114754098355
1769587964.28067,406.6723551750183,41,60,48,37.38,60.67,44.6,062.62,8.626284153005464,025.613114754098355
1769587964.330676,406.7223610877991,41,60,47,37.405,60.67,44.61,062.595,8.626284153005464,025.603114754098357
1769587964.380833,406.77243423461914,41,60,47,37.43,60.67,44.62,062.57,8.626284153005464,025.59311475409836
1769587964.4314399,406.8231611251831,41,60,47,37.455,60.67,44.63,062.545,8.626284153005464,025.583114754098354
1769587964.4828658,406.8745701313019,41,60,47,37.48,60.67,44.64,062.52,8.626284153005464,025.573114754098356
1769587964.5328588,406.92457032203674,41,60,47,37.505,60.67,44.65,062.495,8.626284153005464,025.563114754098358
1769587964.580323,406.97209334373474,41,60,47,37.53,60.67,44.66,062.47,8.626284153005464,025.55311475409836
1769587964.6294458,407.0211362838745,41,60,47,37.555,60.67,44.67,062.445,8.626284153005464,025.543114754098355
1769587964.678441,407.07010412216187,41,60,47,37.58,60.67,44.68,062.42,8.626284153005464,025.533114754098357
1769587964.727308,407.1190152168274,41,60,47,37.605,60.67,44.69,062.395,8.626284153005464,025.52311475409836
1769587964.7773209,407.16907811164856,41,60,47,37.63,60.67,44.7,062.37,8.626284153005464,025.513114754098353
1769587964.824474,407.21621227264404,41,60,47,37.655,60.67,44.71,062.345,8.626284153005464,025.503114754098355
1769587964.877572,407.26915097236633,41,60,46,37.68,60.67,44.715,062.32,8.626284153005464,025.498114754098353
1769587964.931061,407.3226842880249,41,60,46,37.705,60.67,44.72,062.295,8.626284153005464,025.493114754098357
1769587964.980969,407.3726830482483,40,61,46,37.725,60.675,44.725,062.275,8.63128415300546,025.488114754098355
1769587965.032203,407.4239571094513,40,61,46,37.745,60.68,44.73,062.255,8.636284153005462,025.48311475409836
1769587965.0812778,407.4729301929474,40,61,46,37.765,60.685,44.735,062.235,8.641284153005465,025.478114754098357
1769587965.129909,407.5216293334961,40,61,46,37.785,60.69,44.745,062.215,8.64628415300546,025.46811475409836
1769587965.180942,407.57272124290466,41,61,46,37.81,60.695,44.755,062.19,8.651284153005463,025.458114754098354
1769587965.232139,407.62381625175476,40,61,46,37.83,60.7,44.765,062.17,8.656284153005465,025.448114754098356
1769587965.285963,407.67761516571045,40,61,46,37.85,60.705,44.775,062.15,8.661284153005461,025.438114754098358
1769587965.339062,407.73073530197144,40,61,46,37.87,60.71,44.78,062.13,8.666284153005464,025.433114754098355
1769587965.393513,407.7852101325989,40,60,46,37.885,60.71,44.785,062.115,8.666284153005464,025.42811475409836
1769587965.442786,407.834495306015,40,61,46,37.905,60.715,44.79,062.095,8.671284153005466,025.423114754098357
1769587965.492658,407.884330034256,40,61,45,37.925,60.72,44.79,062.075,8.676284153005462,025.423114754098357
1769587965.548448,407.9400751590729,40,61,45,37.945,60.725,44.795,062.055,8.681284153005464,025.418114754098355
1769587965.6030688,407.994784116745,40,61,45,37.965,60.725,44.8,062.035,8.681284153005464,025.41311475409836
1769587965.6526341,408.0443823337555,40,61,45,37.985,60.725,44.805,062.015,8.681284153005464,025.408114754098357
1769587965.7033741,408.0951371192932,40,62,44,38.005,60.73,44.805,061.995,8.68628415300546,025.408114754098357
1769587965.753528,408.1451482772827,40,62,44,38.025,60.735,44.805,061.975,8.691284153005462,025.408114754098357
1769587965.803414,408.19515109062195,40,61,45,38.045,60.735,44.81,061.955,8.691284153005462,025.403114754098354
1769587965.854801,408.2464671134949,40,61,45,38.065,60.735,44.815,061.935,8.691284153005462,025.39811475409836
1769587965.9097931,408.3013823032379,40,61,45,38.085,60.735,44.82,061.915,8.691284153005462,025.393114754098356
1769587965.9598012,408.3515000343323,40,62,44,38.105,60.74,44.82,061.895,8.696284153005465,025.393114754098356
1769587966.009654,408.4013340473175,40,62,44,38.125,60.745,44.82,061.875,8.70128415300546,025.393114754098356
1769587966.060241,408.4518892765045,40,62,44,38.145,60.75,44.82,061.855,8.706284153005463,025.393114754098356
1769587966.110006,408.50175309181213,40,62,44,38.165,60.755,44.82,061.835,8.711284153005465,025.393114754098356
1769587966.159509,408.55122923851013,40,62,45,38.185,60.76,44.825,061.815,8.71628415300546,025.388114754098353
1769587966.209551,408.60126423835754,40,61,45,38.205,60.765,44.83,061.795,8.721284153005463,025.383114754098358
1769587966.2603,408.6519911289215,40,62,45,38.225,60.77,44.835,061.775,8.726284153005466,025.378114754098355
1769587966.314888,408.7065143585205,40,62,44,38.245,60.775,44.835,061.755,8.731284153005461,025.378114754098355
1769587966.3711119,408.762814283371,40,61,45,38.265,60.775,44.84,061.735,8.731284153005461,025.373114754098353
1769587966.421814,408.8134710788727,40,62,44,38.285,60.78,44.84,061.715,8.736284153005464,025.373114754098353
1769587966.4702358,408.8619272708893,40,62,44,38.305,60.785,44.84,061.695,8.74128415300546,025.373114754098353
1769587966.522371,408.9139850139618,40,62,45,38.325,60.79,44.845,061.675,8.746284153005462,025.368114754098357
1769587966.575726,408.9674141407013,40,62,44,38.345,60.795,44.845,061.655,8.751284153005464,025.368114754098357
1769587966.625518,409.01720809936523,40,62,44,38.365,60.8,44.85,061.635,8.75628415300546,025.363114754098355
1769587966.675772,409.06748700141907,40,62,45,38.385,60.805,44.86,061.615,8.761284153005462,025.353114754098357
1769587966.725667,409.11737608909607,40,62,44,38.405,60.81,44.86,061.595,8.766284153005465,025.353114754098357
1769587966.775978,409.1676433086395,40,62,44,38.425,60.815,44.86,061.575,8.77128415300546,025.353114754098357
1769587966.826586,409.21820425987244,40,62,45,38.445,60.82,44.865,061.555,8.776284153005463,025.348114754098354
1769587966.8754492,409.26716923713684,41,61,45,38.47,60.82,44.87,061.53,8.776284153005463,025.34311475409836
1769587966.926751,409.3184871673584,40,61,45,38.49,60.82,44.875,061.51,8.776284153005463,025.338114754098356
1769587966.974207,409.36581921577454,40,62,45,38.51,60.825,44.88,061.49,8.781284153005465,025.333114754098354
1769587967.024288,409.41600728034973,40,61,45,38.53,60.825,44.885,061.47,8.781284153005465,025.328114754098358
1769587967.0745568,409.46625304222107,40,61,45,38.55,60.825,44.89,061.45,8.781284153005465,025.323114754098356
1769587967.125935,409.51754331588745,40,61,45,38.57,60.825,44.9,061.43,8.781284153005465,025.313114754098358
1769587967.180421,409.5721023082733,40,61,45,38.59,60.825,44.91,061.41,8.781284153005465,025.30311475409836
1769587967.2326558,409.62439227104187,40,61,45,38.61,60.825,44.92,061.39,8.781284153005465,025.293114754098355
1769587967.282561,409.6741991043091,40,61,45,38.63,60.825,44.925,061.37,8.781284153005465,025.28811475409836
1769587967.334687,409.72635531425476,40,61,45,38.65,60.825,44.93,061.35,8.781284153005465,025.283114754098357
1769587967.38499,409.77673721313477,40,61,45,38.67,60.825,44.94,061.33,8.781284153005465,025.27311475409836
1769587967.433407,409.82510018348694,40,61,45,38.69,60.825,44.95,061.31,8.781284153005465,025.263114754098353
1769587967.481538,409.87326836586,40,61,45,38.71,60.825,44.96,061.29,8.781284153005465,025.253114754098355
1769587967.526741,409.9184181690216,40,61,45,38.73,60.825,44.965,061.27,8.781284153005465,025.248114754098353
1769587967.5738199,409.96542525291443,40,61,45,38.75,60.825,44.97,061.25,8.781284153005465,025.243114754098357
1769587967.6212852,410.01287722587585,40,61,45,38.77,60.825,44.975,061.23,8.781284153005465,025.238114754098355
1769587967.669052,410.0608263015747,41,61,45,38.795,60.825,44.98,061.205,8.781284153005465,025.23311475409836
1769587967.71903,410.1107063293457,40,61,45,38.815,60.825,44.985,061.185,8.781284153005465,025.228114754098357
1769587967.770751,410.1624209880829,40,61,45,38.835,60.825,44.99,061.165,8.781284153005465,025.223114754098354
1769587967.818938,410.21063327789307,40,61,45,38.855,60.825,45.0,061.145,8.781284153005465,025.213114754098356
1769587967.8685389,410.2602150440216,40,61,45,38.875,60.825,45.01,061.125,8.781284153005465,025.203114754098358
1769587967.9204009,410.31190037727356,41,61,46,38.9,60.825,45.025,061.1,8.781284153005465,025.188114754098358
1769587967.97581,410.36744809150696,41,61,46,38.925,60.825,45.04,061.075,8.781284153005465,025.173114754098357
1769587968.029917,410.42160725593567,40,61,46,38.945,60.825,45.055,061.055,8.781284153005465,025.158114754098357
1769587968.078909,410.4706151485443,40,61,45,38.965,60.825,45.065,061.035,8.781284153005465,025.14811475409836
1769587968.1244469,410.51609539985657,40,61,45,38.985,60.825,45.075,061.015,8.781284153005465,025.138114754098353
1769587968.173621,410.5652072429657,40,61,46,39.005,60.825,45.09,060.995,8.781284153005465,025.123114754098353
1769587968.227133,410.61883902549744,41,61,46,39.03,60.825,45.105,060.97,8.781284153005465,025.10811475409836
1769587968.2776132,410.6692931652069,41,61,46,39.055,60.825,45.12,060.945,8.781284153005465,025.09311475409836
1769587968.330368,410.72209429740906,41,61,46,39.08,60.825,45.135,060.92,8.781284153005465,025.078114754098358
1769587968.379442,410.7711160182953,41,60,46,39.105,60.82,45.15,060.895,8.776284153005463,025.063114754098358
1769587968.434179,410.82578110694885,41,61,46,39.13,60.815,45.165,060.87,8.77128415300546,025.048114754098357
1769587968.4859,410.8776502609253,41,61,46,39.155,60.81,45.18,060.845,8.766284153005465,025.033114754098357
1769587968.5361102,410.92779421806335,41,60,46,39.18,60.8,45.2,060.82,8.75628415300546,025.013114754098353
1769587968.586432,410.9780421257019,41,61,46,39.205,60.795,45.22,060.795,8.751284153005464,024.993114754098357
1769587968.633078,411.02476739883423,41,60,46,39.23,60.785,45.24,060.77,8.74128415300546,024.973114754098354
1769587968.681961,411.0736391544342,41,60,46,39.255,60.775,45.255,060.745,8.731284153005461,024.958114754098354
1769587968.733878,411.1255102157593,41,60,46,39.28,60.765,45.27,060.72,8.721284153005463,024.943114754098353
1769587968.78455,411.1762282848358,41,60,46,39.305,60.755,45.285,060.695,8.711284153005465,024.92811475409836
1769587968.835168,411.2268753051758,41,60,47,39.33,60.745,45.305,060.67,8.70128415300546,024.908114754098357
1769587968.884383,411.27608132362366,41,60,47,39.355,60.735,45.325,060.645,8.691284153005462,024.888114754098353
1769587968.935518,411.32723212242126,41,60,47,39.38,60.725,45.35,060.62,8.681284153005464,024.863114754098355
1769587968.9896069,411.38124322891235,41,60,47,39.405,60.715,45.37,060.595,8.671284153005466,024.84311475409836
1769587969.042805,411.43451714515686,41,60,47,39.43,60.71,45.39,060.57,8.666284153005464,024.823114754098356
1769587969.092256,411.483971118927,41,60,47,39.455,60.705,45.41,060.545,8.661284153005461,024.80311475409836
1769587969.1386309,411.5303542613983,41,60,47,39.48,60.695,45.435,060.52,8.651284153005463,024.778114754098354
1769587969.188511,411.5802192687988,41,60,47,39.505,60.685,45.455,060.495,8.641284153005465,024.758114754098358
1769587969.2392828,411.63090419769287,41,60,47,39.53,60.675,45.475,060.47,8.63128415300546,024.738114754098355
1769587969.291685,411.68334126472473,41,60,47,39.555,60.665,45.495,060.445,8.621284153005462,024.71811475409836
1769587969.341888,411.73361825942993,41,60,47,39.58,60.655,45.515,060.42,8.611284153005464,024.698114754098356
1769587969.394973,411.78660321235657,41,60,47,39.605,60.645,45.535,060.395,8.601284153005466,024.67811475409836
1769587969.452089,411.8437271118164,41,60,47,39.63,60.635,45.555,060.37,8.59128415300546,024.658114754098357
1769587969.5046,411.8963372707367,42,60,47,39.66,60.625,45.575,060.34,8.581284153005463,024.638114754098353
1769587969.5539489,411.9455952644348,41,60,47,39.685,60.62,45.595,060.315,8.57628415300546,024.618114754098357
1769587969.604308,411.9960181713104,41,60,47,39.705,60.615,45.615,060.295,8.571284153005465,024.598114754098354
1769587969.654297,412.04602217674255,41,60,47,39.725,60.61,45.63,060.275,8.566284153005462,024.583114754098354
1769587969.706075,412.0977921485901,41,60,47,39.75,60.605,45.65,060.25,8.56128415300546,024.563114754098358
1769587969.7577422,412.1494462490082,41,60,47,39.775,60.6,45.67,060.225,8.556284153005464,024.543114754098355
1769587969.809613,412.2013032436371,41,60,47,39.8,60.595,45.69,060.2,8.551284153005462,024.52311475409836
1769587969.8604128,412.25211334228516,41,60,47,39.825,60.59,45.71,060.175,8.546284153005466,024.503114754098355
1769587969.908968,412.30067205429077,41,60,47,39.845,60.585,45.73,060.155,8.541284153005464,024.48311475409836
1769587969.958223,412.3496513366699,41,60,47,39.865,60.58,45.745,060.135,8.536284153005461,024.46811475409836
1769587970.007294,412.39895033836365,41,60,47,39.885,60.575,45.765,060.115,8.531284153005465,024.448114754098356
1769587970.059413,412.45108914375305,41,60,46,39.905,60.57,45.78,060.095,8.526284153005463,024.433114754098355
1769587970.112108,412.50370717048645,41,60,46,39.925,60.565,45.79,060.075,8.52128415300546,024.423114754098357
1769587970.162019,412.553738117218,41,60,47,39.945,60.56,45.805,060.055,8.516284153005465,024.408114754098357
1769587970.214657,412.60638427734375,42,60,47,39.97,60.555,45.82,060.03,8.511284153005462,024.393114754098356
1769587970.2666528,412.6583831310272,41,60,47,39.99,60.55,45.835,060.01,8.50628415300546,024.378114754098355
1769587970.319456,412.71112608909607,41,60,47,40.01,60.545,45.85,059.99,8.501284153005464,024.363114754098355
1769587970.37301,412.76464319229126,41,60,47,40.03,60.54,45.865,059.97,8.496284153005462,024.348114754098354
1769587970.427242,412.81891202926636,41,60,47,40.05,60.535,45.88,059.95,8.49128415300546,024.333114754098354
1769587970.4756732,412.86744022369385,41,60,47,40.07,60.53,45.895,059.93,8.486284153005464,024.318114754098353
1769587970.523509,412.91520833969116,41,60,46,40.09,60.525,45.905,059.91,8.481284153005461,024.308114754098355
1769587970.5717251,412.9634780883789,41,60,46,40.11,60.52,45.915,059.89,8.476284153005466,024.298114754098357
1769587970.617013,413.0087032318115,41,60,46,40.13,60.515,45.925,059.87,8.471284153005463,024.28811475409836
1769587970.663502,413.0551962852478,41,60,47,40.145,60.51,45.935,059.855,8.46628415300546,024.278114754098354
1769587970.710402,413.10211420059204,41,60,47,40.165,60.505,45.945,059.835,8.461284153005465,024.268114754098356
1769587970.756445,413.1481771469116,41,60,47,40.185,60.5,45.96,059.815,8.456284153005463,024.253114754098355
1769587970.806832,413.1984751224518,41,60,47,40.205,60.495,45.975,059.795,8.45128415300546,024.238114754098355
1769587970.860273,413.2518961429596,41,60,47,40.225,60.49,45.99,059.775,8.446284153005465,024.223114754098354
1769587970.907934,413.2996201515198,41,60,46,40.245,60.485,46.0,059.755,8.441284153005462,024.213114754098356
1769587970.955261,413.34688925743103,41,60,46,40.265,60.48,46.01,059.735,8.43628415300546,024.203114754098358
1769587971.003488,413.3952193260193,41,60,47,40.28,60.48,46.015,059.72,8.43628415300546,024.198114754098356
1769587971.053511,413.44520807266235,42,60,47,40.295,60.48,46.02,059.705,8.43628415300546,024.193114754098353
1769587971.103393,413.495108127594,42,60,47,40.315,60.475,46.03,059.685,8.431284153005464,024.183114754098355
1769587971.1527522,413.5444612503052,41,60,47,40.33,60.47,46.04,059.67,8.426284153005462,024.173114754098357
1769587971.203954,413.59566736221313,41,60,47,40.345,60.465,46.05,059.655,8.421284153005466,024.16311475409836
1769587971.2531059,413.64487409591675,41,60,47,40.36,60.46,46.06,059.64,8.416284153005464,024.153114754098354
1769587971.303647,413.69513511657715,41,60,47,40.375,60.46,46.07,059.625,8.416284153005464,024.143114754098356
1769587971.354696,413.7463471889496,42,60,47,40.39,60.46,46.075,059.61,8.416284153005464,024.138114754098353
1769587971.409515,413.80123114585876,41,60,47,40.4,60.46,46.08,059.6,8.416284153005464,024.133114754098358
1769587971.4617999,413.85353231430054,41,60,47,40.41,60.46,46.085,059.59,8.416284153005464,024.128114754098355
1769587971.514654,413.9062993526459,42,60,47,40.425,60.46,46.09,059.575,8.416284153005464,024.123114754098353
1769587971.568349,413.96000623703003,42,60,48,40.44,60.46,46.1,059.56,8.416284153005464,024.113114754098355
1769587971.6218581,414.0135712623596,42,60,48,40.455,60.46,46.11,059.545,8.416284153005464,024.103114754098357
1769587971.673594,414.0653381347656,41,60,47,40.465,60.46,46.115,059.535,8.416284153005464,024.098114754098354
1769587971.725292,414.11691212654114,42,60,47,40.48,60.46,46.12,059.52,8.416284153005464,024.09311475409836
1769587971.777758,414.16947627067566,42,60,47,40.495,60.46,46.125,059.505,8.416284153005464,024.088114754098356
1769587971.828164,414.2198803424835,42,60,47,40.51,60.455,46.135,059.49,8.411284153005461,024.078114754098358
1769587971.879637,414.2713222503662,42,60,47,40.525,60.45,46.145,059.475,8.406284153005465,024.068114754098353
1769587971.927517,414.31921100616455,42,60,48,40.54,60.45,46.155,059.46,8.406284153005465,024.058114754098355
1769587971.977299,414.3690114021301,42,60,48,40.555,60.45,46.165,059.445,8.406284153005465,024.048114754098357
1769587972.025106,414.41679430007935,42,60,48,40.57,60.45,46.175,059.43,8.406284153005465,024.03811475409836
1769587972.074264,414.46591114997864,42,60,48,40.585,60.45,46.185,059.415,8.406284153005465,024.028114754098354
1769587972.124011,414.5157754421234,42,60,48,40.6,60.45,46.195,059.4,8.406284153005465,024.018114754098356
1769587972.1765199,414.5681862831116,42,60,48,40.615,60.45,46.205,059.385,8.406284153005465,024.008114754098358
1769587972.2362921,414.62801218032837,42,60,48,40.63,60.45,46.215,059.37,8.406284153005465,023.998114754098353
1769587972.289877,414.6813771724701,42,60,48,40.645,60.45,46.225,059.355,8.406284153005465,023.988114754098355
1769587972.34574,414.73733139038086,42,60,48,40.66,60.45,46.235,059.34,8.406284153005465,023.978114754098357
1769587972.40153,414.79324221611023,42,59,48,40.675,60.445,46.245,059.325,8.401284153005463,023.96811475409836
1769587972.456519,414.84819507598877,42,59,48,40.685,60.44,46.255,059.315,8.39628415300546,023.958114754098354
1769587972.5076249,414.899334192276,42,60,48,40.7,60.44,46.265,059.3,8.39628415300546,023.948114754098356
1769587972.560524,414.95227432250977,42,59,48,40.71,60.435,46.275,059.29,8.391284153005465,023.938114754098358
1769587972.609649,415.0013711452484,42,59,48,40.725,60.43,46.285,059.275,8.386284153005462,023.92811475409836
1769587972.6588721,415.05056619644165,42,59,48,40.74,60.42,46.295,059.26,8.376284153005464,023.918114754098355
1769587972.709505,415.1012282371521,42,59,48,40.755,60.415,46.305,059.245,8.371284153005462,023.908114754098357
1769587972.758986,415.1507272720337,42,59,48,40.765,60.41,46.315,059.235,8.36628415300546,023.89811475409836
1769587972.807861,415.1995840072632,42,59,48,40.775,60.405,46.325,059.225,8.361284153005464,023.888114754098353
1769587972.8595772,415.251314163208,42,59,48,40.79,60.4,46.335,059.21,8.356284153005461,023.878114754098355
1769587972.909267,415.30096220970154,42,59,48,40.8,60.395,46.345,059.2,8.351284153005466,023.868114754098357
1769587972.9587572,415.3504431247711,42,59,48,40.815,60.385,46.355,059.185,8.34128415300546,023.85811475409836
1769587973.005742,415.39748525619507,42,59,48,40.825,60.38,46.365,059.175,8.336284153005465,023.848114754098354
1769587973.053951,415.44564414024353,42,59,48,40.835,60.375,46.375,059.165,8.331284153005463,023.838114754098356
1769587973.106009,415.497709274292,43,59,49,40.85,60.37,46.385,059.15,8.32628415300546,023.828114754098358
1769587973.155663,415.5473301410675,43,59,49,40.865,60.365,46.4,059.135,8.321284153005465,023.813114754098358
1769587973.208735,415.6004092693329,42,59,48,40.875,60.36,46.41,059.125,8.316284153005462,023.80311475409836
1769587973.260252,415.651816368103,42,59,49,40.885,60.355,46.425,059.115,8.31128415300546,023.78811475409836
1769587973.3120482,415.70377230644226,42,59,49,40.895,60.35,46.44,059.105,8.306284153005464,023.77311475409836
1769587973.360544,415.75225019454956,43,59,49,40.91,60.345,46.455,059.09,8.301284153005462,023.758114754098358
1769587973.4062421,415.79793214797974,43,59,49,40.925,60.34,46.47,059.075,8.296284153005466,023.743114754098357
1769587973.454468,415.8459861278534,42,59,49,40.935,60.335,46.485,059.065,8.291284153005464,023.728114754098357
1769587973.503826,415.895544052124,43,59,49,40.95,60.33,46.5,059.05,8.286284153005461,023.713114754098356
1769587973.552923,415.9446814060211,43,59,49,40.96,60.325,46.51,059.04,8.281284153005465,023.703114754098358
1769587973.6021771,415.9939091205597,42,59,49,40.965,60.32,46.52,059.035,8.276284153005463,023.693114754098353
1769587973.655442,416.0470552444458,42,59,49,40.97,60.315,46.53,059.03,8.27128415300546,023.683114754098355
1769587973.7082958,416.10002613067627,42,59,48,40.975,60.31,46.535,059.025,8.266284153005465,023.67811475409836
1769587973.757304,416.1489601135254,42,59,49,40.98,60.305,46.545,059.02,8.261284153005462,023.668114754098355
1769587973.8071449,416.19883823394775,43,59,49,40.99,60.3,46.555,059.01,8.25628415300546,023.658114754098357
1769587973.858969,416.2505052089691,42,59,49,40.995,60.295,46.565,059.005,8.251284153005464,023.64811475409836
1769587973.922993,416.3146941661835,42,59,49,41.0,60.29,46.575,059.0,8.246284153005462,023.638114754098353
1769587974.03897,416.4306252002716,43,59,49,41.01,60.285,46.585,058.99,8.24128415300546,023.628114754098355
1769587974.118479,416.51003527641296,42,59,49,41.015,60.28,46.595,058.985,8.236284153005464,023.618114754098357
1769587974.172863,416.56445813179016,42,59,49,41.02,60.275,46.6,058.98,8.231284153005461,023.613114754098355
1769587974.227425,416.6190881729126,42,59,49,41.025,60.27,46.605,058.975,8.226284153005466,023.60811475409836
1769587974.28618,416.6775622367859,42,59,49,41.03,60.265,46.61,058.97,8.221284153005463,023.603114754098357
1769587974.349579,416.7412612438202,43,59,49,41.04,60.26,46.615,058.96,8.21628415300546,023.598114754098354
1769587974.418046,416.80969429016113,43,59,50,41.05,60.255,46.625,058.95,8.211284153005465,023.588114754098356
1769587974.4886441,416.87962913513184,43,58,50,41.06,60.245,46.64,058.94,8.20128415300546,023.573114754098356
1769587974.553251,416.94495725631714,43,58,50,41.07,60.235,46.655,058.93,8.191284153005462,023.558114754098355
1769587974.607605,416.99932622909546,43,59,49,41.08,60.23,46.66,058.92,8.18628415300546,023.55311475409836
1769587974.655403,417.0470972061157,43,59,49,41.09,60.225,46.67,058.91,8.181284153005464,023.543114754098355
1769587974.70532,417.0970151424408,43,59,49,41.1,60.22,46.68,058.9,8.176284153005462,023.533114754098357
1769587974.756661,417.148246049881,43,59,50,41.11,60.215,46.695,058.89,8.171284153005466,023.518114754098356
1769587974.815514,417.2071113586426,43,59,50,41.12,60.21,46.71,058.88,8.166284153005464,023.503114754098355
1769587974.898292,417.2895133495331,43,59,50,41.13,60.205,46.725,058.87,8.161284153005461,023.488114754098355
1769587974.9631958,417.3541650772095,43,59,50,41.14,60.2,46.74,058.86,8.156284153005465,023.473114754098354
1769587975.02383,417.4153971672058,43,58,50,41.15,60.19,46.755,058.85,8.14628415300546,023.458114754098354
1769587975.0909572,417.4824740886688,43,59,50,41.16,60.185,46.77,058.84,8.141284153005465,023.443114754098353
1769587975.152732,417.5443432331085,43,58,50,41.17,60.175,46.785,058.83,8.13128415300546,023.42811475409836
1769587975.225167,417.6165933609009,43,58,50,41.18,60.165,46.8,058.82,8.121284153005462,023.41311475409836
1769587975.292671,417.6839973926544,43,58,50,41.19,60.155,46.815,058.81,8.111284153005464,023.39811475409836
1769587975.354958,417.7465262413025,43,58,50,41.2,60.145,46.835,058.8,8.101284153005466,023.378114754098355
1769587975.4169579,417.8085753917694,43,58,50,41.21,60.135,46.855,058.79,8.09128415300546,023.35811475409836
1769587975.473175,417.864862203598,43,58,50,41.225,60.12,46.875,058.775,8.07628415300546,023.338114754098356
1769587975.524321,417.91604137420654,43,58,50,41.24,60.105,46.895,058.76,8.06128415300546,023.318114754098353
1769587975.574538,417.96621108055115,43,58,50,41.255,60.09,46.915,058.745,8.046284153005466,023.298114754098357
1769587975.622613,418.014324426651,43,58,50,41.27,60.075,46.935,058.73,8.031284153005465,023.278114754098354
1769587975.676406,418.0680911540985,43,58,51,41.28,60.06,46.96,058.72,8.016284153005465,023.253114754098355
1769587975.737925,418.1294322013855,44,58,51,41.3,60.045,46.985,058.7,8.001284153005464,023.228114754098357
1769587975.8047092,418.19635128974915,44,58,51,41.32,60.03,47.01,058.68,7.986284153005464,023.203114754098358
1769587975.867,418.2586212158203,44,58,51,41.34,60.015,47.035,058.66,7.971284153005463,023.17811475409836
1769587975.9296682,418.32130098342896,44,58,51,41.36,60.005,47.06,058.64,7.961284153005465,023.153114754098354
1769587976.019396,418.41093730926514,44,58,51,41.38,59.99,47.085,058.62,7.946284153005465,023.128114754098355
1769587976.075297,418.46694827079773,44,58,51,41.4,59.975,47.115,058.6,7.931284153005464,023.098114754098354
1769587976.131453,418.52282905578613,44,58,51,41.42,59.96,47.145,058.58,7.9162841530054635,023.068114754098353
1769587976.1852002,418.5769441127777,44,58,51,41.44,59.945,47.175,058.56,7.901284153005463,023.03811475409836
1769587976.2448409,418.6361594200134,44,58,51,41.46,59.93,47.205,058.54,7.886284153005462,023.008114754098358
1769587976.312664,418.7041699886322,44,58,51,41.48,59.91,47.24,058.52,7.866284153005459,022.973114754098354
1769587976.379947,418.77150535583496,44,58,51,41.5,59.89,47.275,058.5,7.846284153005463,022.938114754098358
1769587976.451391,418.8429009914398,44,58,51,41.52,59.875,47.305,058.48,7.831284153005463,022.908114754098357
1769587976.517675,418.90932607650757,44,58,51,41.54,59.86,47.335,058.46,7.816284153005462,022.878114754098355
1769587976.592033,418.98362016677856,44,58,51,41.56,59.845,47.365,058.44,7.8012841530054615,022.848114754098354
1769587976.81808,419.2073452472687,44,58,51,41.58,59.825,47.4,058.42,7.7812841530054655,022.813114754098358
1769587977.0027058,419.3919291496277,44,58,51,41.6,59.805,47.435,058.4,7.761284153005462,022.778114754098354
1769587977.217717,419.60888504981995,44,58,51,41.62,59.785,47.47,058.38,7.741284153005459,022.743114754098357
1769587977.3861618,419.7776870727539,44,58,51,41.64,59.765,47.505,058.36,7.721284153005463,022.708114754098354
1769587977.49348,419.8848912715912,44,58,51,41.66,59.745,47.535,058.34,7.70128415300546,022.67811475409836
1769587977.7782772,420.16965413093567,44,58,51,41.68,59.73,47.565,058.32,7.6862841530054595,022.64811475409836
1769587977.903254,420.293936252594,44,58,51,41.7,59.71,47.595,058.3,7.6662841530054635,022.618114754098357
1769587978.065259,420.45682525634766,43,58,51,41.715,59.69,47.63,058.285,7.64628415300546,022.583114754098354
1769587978.148674,420.54003834724426,43,58,50,41.73,59.675,47.655,058.27,7.63128415300546,022.558114754098355
1769587978.2357278,420.627179145813,43,58,50,41.745,59.655,47.685,058.255,7.611284153005464,022.528114754098354
1769587978.398129,420.78893208503723,43,58,50,41.76,59.635,47.715,058.24,7.591284153005461,022.498114754098353
1769587978.5012631,420.89278841018677,44,58,51,41.78,59.615,47.745,058.22,7.571284153005465,022.46811475409836
1769587978.594149,420.9851322174072,44,58,51,41.8,59.595,47.78,058.2,7.5512841530054615,022.433114754098355
1769587978.707377,421.0989372730255,43,58,50,41.815,59.575,47.81,058.185,7.5312841530054655,022.403114754098354
1769587978.808227,421.1992733478546,43,58,50,41.83,59.555,47.835,058.17,7.511284153005462,022.378114754098355
1769587978.91824,421.3097903728485,43,58,50,41.845,59.535,47.865,058.155,7.491284153005459,022.348114754098354
1769587979.01816,421.4097263813019,43,58,50,41.86,59.515,47.895,058.14,7.471284153005463,022.318114754098353
1769587979.099115,421.4906301498413,43,58,50,41.875,59.495,47.92,058.125,7.45128415300546,022.293114754098355
1769587979.157741,421.54928827285767,43,58,50,41.885,59.48,47.945,058.115,7.4362841530054595,022.268114754098356
1769587979.2248268,421.61638617515564,43,58,50,41.9,59.465,47.97,058.1,7.421284153005466,022.243114754098357
1769587979.411594,421.80269742012024,43,59,50,41.915,59.45,47.995,058.085,7.4062841530054655,022.21811475409836
1769587979.486458,421.877286195755,43,58,50,41.93,59.435,48.02,058.07,7.391284153005465,022.193114754098353
1769587979.564391,421.95605421066284,43,59,49,41.945,59.425,48.04,058.055,7.38128415300546,022.173114754098357
1769587979.638954,422.03063917160034,42,59,49,41.955,59.415,48.06,058.045,7.371284153005462,022.153114754098354
1769587979.7142131,422.105140209198,42,59,49,41.965,59.405,48.08,058.035,7.361284153005464,022.133114754098358
1769587979.827893,422.2192442417145,43,59,49,41.98,59.395,48.1,058.02,7.351284153005466,022.113114754098355
1769587979.993973,422.3819751739502,43,58,50,41.995,59.38,48.125,058.005,7.336284153005465,022.088114754098356
1769587980.227072,422.6180591583252,43,59,49,42.01,59.37,48.145,057.99,7.32628415300546,022.068114754098353
1769587980.430859,422.82236313819885,43,59,49,42.025,59.36,48.165,057.975,7.316284153005462,022.048114754098357
1769587980.5719948,422.96277713775635,43,59,50,42.04,59.35,48.19,057.96,7.306284153005464,022.02311475409836
1769587980.733195,423.1245892047882,42,59,49,42.05,59.34,48.21,057.95,7.296284153005466,022.003114754098355
1769587980.904809,423.29565811157227,42,59,49,42.06,59.33,48.23,057.94,7.286284153005461,021.98311475409836
1769587981.037345,423.428795337677,43,59,49,42.075,59.32,48.25,057.925,7.276284153005463,021.963114754098356
1769587981.293893,423.6847732067108,43,58,50,42.09,59.305,48.275,057.91,7.261284153005462,021.938114754098358
1769587981.4960902,423.8871421813965,42,59,49,42.095,59.295,48.295,057.905,7.251284153005464,021.918114754098355
1769587981.5057049,423.89672923088074,42,59,49,42.105,59.285,48.315,057.895,7.241284153005459,021.89811475409836
1769587981.695534,424.08659505844116,42,59,49,42.115,59.275,48.335,057.885,7.231284153005461,021.878114754098355
1769587981.905078,424.2956051826477,42,59,49,42.125,59.265,48.355,057.875,7.221284153005463,021.85811475409836
1769587982.0556679,424.4469692707062,42,59,49,42.135,59.255,48.375,057.865,7.211284153005465,021.838114754098356
1769587982.1741161,424.56554317474365,42,59,49,42.14,59.245,48.39,057.86,7.20128415300546,021.823114754098356
1769587982.301554,424.69085121154785,42,59,49,42.145,59.235,48.405,057.855,7.191284153005462,021.808114754098355
1769587982.522421,424.91345715522766,42,59,49,42.155,59.225,48.42,057.845,7.181284153005464,021.793114754098355
1769587982.762762,425.15419697761536,42,59,49,42.165,59.215,48.44,057.835,7.171284153005466,021.77311475409836
1769587982.8734221,425.2632882595062,43,59,50,42.18,59.205,48.465,057.82,7.161284153005461,021.748114754098353
1769587982.9521248,425.34361124038696,42,59,49,42.19,59.195,48.48,057.81,7.151284153005463,021.73311475409836
1769587983.03652,425.42755103111267,42,59,49,42.195,59.185,48.495,057.805,7.141284153005465,021.71811475409836
1769587983.182223,425.57365918159485,42,59,49,42.2,59.175,48.51,057.8,7.13128415300546,021.703114754098358
1769587983.3227048,425.7132611274719,42,59,49,42.205,59.165,48.525,057.795,7.121284153005462,021.688114754098358
1769587983.484918,425.87470722198486,42,59,49,42.21,59.16,48.54,057.79,7.116284153005459,021.673114754098357
1769587983.655665,426.04576110839844,42,59,49,42.215,59.15,48.555,057.785,7.106284153005461,021.658114754098357
1769587983.8140821,426.183265209198,42,59,49,42.22,59.14,48.57,057.78,7.096284153005463,021.643114754098356
1769587983.992567,426.3839671611786,42,59,49,42.225,59.135,48.585,057.775,7.091284153005461,021.628114754098355
1769587984.101409,426.49284315109253,42,59,49,42.23,59.125,48.6,057.77,7.081284153005463,021.613114754098355
1769587984.354929,426.7463381290436,42,59,49,42.235,59.12,48.615,057.765,7.07628415300546,021.598114754098354
1769587984.5319092,426.9223041534424,42,59,49,42.24,59.115,48.63,057.76,7.071284153005465,021.583114754098354
1769587984.65208,427.04296135902405,42,59,49,42.245,59.11,48.645,057.755,7.066284153005462,021.568114754098353
1769587984.781705,427.1729402542114,42,59,49,42.25,59.105,48.66,057.75,7.0612841530054595,021.55311475409836
1769587984.980188,427.3686180114746,42,59,49,42.255,59.1,48.67,057.745,7.056284153005464,021.543114754098355
1769587985.211381,427.6026203632355,42,59,49,42.26,59.095,48.68,057.74,7.0512841530054615,021.533114754098357
1769587985.322808,427.7142012119293,42,59,49,42.265,59.09,48.69,057.735,7.046284153005466,021.52311475409836
1769587985.457057,427.8484580516815,42,59,49,42.27,59.085,48.7,057.73,7.0412841530054635,021.513114754098353
1769587985.5797389,427.97122716903687,43,59,50,42.28,59.08,48.715,057.72,7.036284153005461,021.498114754098353
1769587985.7116249,428.1009941101074,43,59,50,42.29,59.075,48.73,057.71,7.0312841530054655,021.48311475409836
1769587985.900162,428.2913873195648,42,59,49,42.295,59.07,48.74,057.705,7.026284153005463,021.473114754098354
1769587985.988663,428.38011622428894,42,59,49,42.3,59.065,48.75,057.7,7.02128415300546,021.463114754098356
1769587986.119405,428.51085019111633,42,59,49,42.305,59.06,48.76,057.695,7.016284153005465,021.453114754098358
1769587986.320837,428.71215534210205,42,59,49,42.31,59.055,48.77,057.69,7.011284153005462,021.443114754098353
1769587986.501346,428.89259815216064,42,59,49,42.315,59.05,48.78,057.685,7.00628415300546,021.433114754098355
1769587986.6523259,429.0437602996826,43,59,49,42.325,59.045,48.79,057.675,7.001284153005464,021.423114754098357
1769587986.831794,429.2230341434479,42,59,49,42.33,59.04,48.8,057.67,6.996284153005462,021.41311475409836
1769587987.1123462,429.50365114212036,42,59,49,42.33,59.035,48.81,057.67,6.991284153005459,021.403114754098354
1769587987.245769,429.63709330558777,42,59,49,42.335,59.03,48.82,057.665,6.986284153005464,021.393114754098356
1769587987.2613041,429.65150213241577,43,58,50,42.345,59.02,48.835,057.655,6.976284153005466,021.378114754098355
1769587987.3724291,429.76363801956177,43,58,50,42.355,59.01,48.85,057.645,6.966284153005461,021.363114754098355
1769587987.61242,429.98503518104553,43,59,49,42.365,59.005,48.86,057.635,6.961284153005465,021.353114754098357
1769587987.754476,430.1456162929535,43,59,49,42.375,59.0,48.87,057.625,6.956284153005463,021.34311475409836
1769587987.9121778,430.30240511894226,43,59,50,42.385,58.995,48.885,057.615,6.95128415300546,021.328114754098358
1769587988.055289,430.4467282295227,43,59,50,42.395,58.99,48.9,057.605,6.946284153005465,021.313114754098358
1769587988.143126,430.5344502925873,43,59,50,42.405,58.985,48.915,057.595,6.941284153005462,021.298114754098357
1769587988.244917,430.6364221572876,43,58,50,42.415,58.975,48.93,057.585,6.931284153005464,021.283114754098357
1769587988.325523,430.71690821647644,43,58,50,42.425,58.965,48.945,057.575,6.921284153005466,021.268114754098356
1769587988.410846,430.8011882305145,43,58,50,42.435,58.955,48.965,057.565,6.911284153005461,021.248114754098353
1769587988.5186932,430.90898633003235,43,58,50,42.445,58.945,48.985,057.555,6.901284153005463,021.228114754098357
1769587988.652698,431.04419207572937,43,58,50,42.455,58.935,49.0,057.545,6.891284153005465,021.213114754098356
1769587988.738281,431.1297142505646,43,58,50,42.46,58.925,49.015,057.54,6.88128415300546,021.198114754098356
1769587988.862664,431.2540762424469,43,58,50,42.47,58.915,49.03,057.53,6.871284153005462,021.183114754098355
1769587988.953025,431.3446500301361,43,58,50,42.48,58.905,49.045,057.52,6.861284153005464,021.168114754098355
1769587989.1657531,431.54497933387756,43,58,50,42.49,58.895,49.06,057.51,6.851284153005466,021.153114754098354
1769587989.315774,431.70727705955505,43,58,50,42.5,58.885,49.075,057.5,6.841284153005461,021.138114754098353
1769587989.483266,431.8747913837433,43,58,50,42.51,58.875,49.09,057.49,6.831284153005463,021.123114754098353
1769587989.6602292,432.0516233444214,43,58,50,42.52,58.865,49.11,057.48,6.821284153005465,021.103114754098357
1769587989.773029,432.16216015815735,43,58,50,42.53,58.855,49.13,057.47,6.8112841530054595,021.083114754098354
1769587989.855107,432.246000289917,43,58,50,42.54,58.845,49.15,057.46,6.8012841530054615,021.063114754098358
1769587989.9562519,432.347763299942,43,58,50,42.55,58.835,49.165,057.45,6.7912841530054635,021.048114754098357
1769587990.056549,432.4474444389343,43,58,50,42.56,58.825,49.18,057.44,6.7812841530054655,021.033114754098357
1769587990.156606,432.54801416397095,43,58,51,42.57,58.815,49.2,057.43,6.77128415300546,021.013114754098353
1769587990.361105,432.7496693134308,43,58,51,42.58,58.805,49.22,057.42,6.761284153005462,020.993114754098357
1769587990.453853,432.84522223472595,43,58,51,42.59,58.795,49.24,057.41,6.751284153005464,020.973114754098354
1769587990.553907,432.94524025917053,43,58,51,42.6,58.785,49.265,057.4,6.741284153005459,020.948114754098356
1769587990.651993,433.0434031486511,43,58,51,42.61,58.775,49.29,057.39,6.731284153005461,020.923114754098357
1769587990.7348711,433.12570214271545,43,58,50,42.62,58.765,49.305,057.38,6.721284153005463,020.908114754098357
1769587990.842308,433.2337532043457,43,58,51,42.625,58.755,49.325,057.375,6.711284153005465,020.888114754098353
1769587991.0632918,433.45475220680237,43,58,51,42.63,58.745,49.345,057.37,6.70128415300546,020.868114754098357
1769587991.164788,433.5563111305237,43,58,51,42.64,58.735,49.365,057.36,6.691284153005462,020.848114754098354
1769587991.230779,433.6224031448364,43,58,51,42.65,58.725,49.385,057.35,6.681284153005464,020.828114754098358
1769587991.298253,433.6893312931061,43,58,51,42.66,58.715,49.405,057.34,6.671284153005466,020.808114754098355
1769587991.3810391,433.7725040912628,43,58,51,42.67,58.705,49.425,057.33,6.661284153005461,020.78811475409836
1769587991.463393,433.85464119911194,43,58,51,42.675,58.695,49.445,057.325,6.651284153005463,020.768114754098356
1769587991.569607,433.94994831085205,43,58,51,42.685,58.685,49.465,057.315,6.641284153005465,020.748114754098353
1769587991.67536,434.0667312145233,43,58,51,42.695,58.675,49.485,057.305,6.63128415300546,020.728114754098357
1769587991.9116569,434.30133509635925,43,58,51,42.7,58.665,49.505,057.3,6.621284153005462,020.708114754098354
1769587992.140864,434.5322561264038,43,58,51,42.705,58.655,49.52,057.295,6.611284153005464,020.693114754098353
1769587992.231018,434.62235713005066,43,58,51,42.71,58.645,49.535,057.29,6.601284153005466,020.67811475409836
1769587992.331239,434.7209541797638,43,58,51,42.72,58.635,49.555,057.28,6.591284153005461,020.658114754098357
1769587992.44768,434.83885526657104,43,58,51,42.725,58.625,49.575,057.275,6.581284153005463,020.638114754098353
1769587992.572282,434.96227526664734,43,58,51,42.73,58.615,49.595,057.27,6.571284153005465,020.618114754098357
1769587992.777451,435.1684432029724,43,58,51,42.735,58.605,49.615,057.265,6.5612841530054595,020.598114754098354
1769587992.906993,435.296932220459,43,58,51,42.74,58.595,49.635,057.26,6.5512841530054615,020.578114754098358
1769587992.988805,435.37960600852966,43,58,51,42.745,58.585,49.65,057.255,6.5412841530054635,020.563114754098358
1769587993.227106,435.6185483932495,43,58,51,42.75,58.575,49.665,057.25,6.5312841530054655,020.548114754098357
1769587993.301994,435.6931834220886,43,57,51,42.755,58.56,49.68,057.245,6.516284153005465,020.533114754098357
1769587993.362735,435.75437331199646,43,57,51,42.76,58.545,49.695,057.24,6.501284153005464,020.518114754098356
1769587993.4292119,435.820698261261,43,58,51,42.765,58.535,49.71,057.235,6.491284153005459,020.503114754098355
1769587993.505482,435.896977186203,43,57,52,42.77,58.52,49.73,057.23,6.476284153005466,020.48311475409836
1769587993.594244,435.9854962825775,43,57,52,42.775,58.505,49.75,057.225,6.461284153005465,020.463114754098356
1769587993.6814332,436.07285928726196,43,57,52,42.78,58.49,49.77,057.22,6.446284153005465,020.443114754098353
1769587993.7443929,436.13604617118835,43,57,51,42.785,58.475,49.785,057.215,6.431284153005464,020.42811475409836
1769587993.806518,436.1980154514313,43,57,52,42.79,58.465,49.805,057.21,6.421284153005466,020.408114754098357
1769587993.8635662,436.2552652359009,43,57,52,42.795,58.455,49.825,057.205,6.411284153005461,020.388114754098353
1769587993.9247448,436.3163902759552,43,57,52,42.8,58.44,49.845,057.2,6.39628415300546,020.368114754098357
1769587993.9863229,436.37700510025024,43,57,52,42.805,58.43,49.865,057.195,6.386284153005462,020.348114754098354
1769587994.048361,436.43955516815186,43,57,51,42.81,58.42,49.88,057.19,6.376284153005464,020.333114754098354
1769587994.1156101,436.5071861743927,43,57,51,42.815,58.41,49.895,057.185,6.366284153005459,020.318114754098353
1769587994.181718,436.5728693008423,43,57,52,42.82,58.4,49.915,057.18,6.356284153005461,020.298114754098357
1769587994.243011,436.63447618484497,43,57,52,42.825,58.39,49.935,057.175,6.346284153005463,020.278114754098354
1769587994.303152,436.6947510242462,43,57,52,42.83,58.38,49.955,057.17,6.336284153005465,020.258114754098358
1769587994.362921,436.7542231082916,43,57,52,42.835,58.37,49.975,057.165,6.32628415300546,020.238114754098355
1769587994.427518,436.8190371990204,43,57,52,42.84,58.36,49.995,057.16,6.316284153005462,020.21811475409836
1769587994.494209,436.8858370780945,43,57,52,42.845,58.35,50.015,057.155,6.306284153005464,020.198114754098356
1769587994.5632708,436.95402812957764,43,57,51,42.85,58.34,50.03,057.15,6.296284153005466,020.183114754098355
1769587994.638588,437.03015398979187,42,57,52,42.85,58.33,50.05,057.15,6.286284153005461,020.16311475409836
1769587994.780363,437.17111706733704,43,57,52,42.85,58.32,50.065,057.15,6.276284153005463,020.14811475409836
1769587994.85602,437.2473201751709,43,57,52,42.85,58.31,50.08,057.15,6.266284153005465,020.133114754098358
1769587994.9153962,437.307076215744,43,57,52,42.855,58.3,50.1,057.145,6.25628415300546,020.113114754098355
1769587994.973635,437.36530923843384,42,57,51,42.855,58.29,50.11,057.145,6.246284153005462,020.103114754098357
1769587995.030323,437.42199325561523,43,57,52,42.86,58.28,50.125,057.14,6.236284153005464,020.088114754098356
1769587995.091746,437.48304319381714,43,57,52,42.86,58.27,50.14,057.14,6.226284153005466,020.073114754098356
1769587995.159383,437.55099534988403,42,57,52,42.855,58.26,50.155,057.145,6.216284153005461,020.058114754098355
1769587995.2266061,437.61822628974915,43,57,52,42.86,58.25,50.17,057.14,6.206284153005463,020.043114754098355
1769587995.29776,437.689325094223,42,57,52,42.855,58.24,50.185,057.145,6.196284153005465,020.028114754098354
1769587995.359862,437.7514503002167,42,57,52,42.85,58.23,50.2,057.15,6.1862841530054595,020.013114754098353
1769587995.423507,437.8150451183319,43,57,52,42.855,58.22,50.215,057.145,6.1762841530054615,019.998114754098353
1769587995.485493,437.8768503665924,43,57,52,42.86,58.21,50.23,057.14,6.1662841530054635,019.98311475409836
1769587995.542604,437.934317111969,42,57,51,42.86,58.2,50.245,057.14,6.1562841530054655,019.96811475409836
1769587995.5943701,437.9860453605652,42,58,51,42.86,58.195,50.255,057.14,6.151284153005463,019.958114754098354
1769587995.6459289,438.03748202323914,42,58,51,42.855,58.19,50.265,057.145,6.14628415300546,019.948114754098356
1769587995.651407,438.0431454181671,42,58,51,42.855,58.185,50.275,057.145,6.141284153005465,019.938114754098358
1769587995.7044458,438.0958821773529,42,58,51,42.855,58.18,50.285,057.145,6.136284153005462,019.92811475409836
1769587995.762126,438.15380120277405,42,58,51,42.85,58.175,50.295,057.15,6.13128415300546,019.918114754098355
1769587995.821586,438.2132363319397,42,57,51,42.85,58.165,50.305,057.15,6.121284153005462,019.908114754098357
1769587995.8761442,438.2678110599518,42,57,51,42.85,58.155,50.315,057.15,6.111284153005464,019.89811475409836
1769587995.929645,438.32139110565186,42,57,51,42.85,58.145,50.325,057.15,6.101284153005466,019.888114754098353
1769587995.982039,438.37373638153076,42,57,51,42.85,58.135,50.335,057.15,6.091284153005461,019.878114754098355
1769587996.036819,438.4284510612488,42,57,52,42.845,58.125,50.35,057.155,6.081284153005463,019.863114754098355
1769587996.0934231,438.485000371933,42,57,51,42.84,58.115,50.355,057.16,6.071284153005465,019.85811475409836
1769587996.161036,438.55258536338806,42,58,51,42.835,58.115,50.36,057.165,6.071284153005465,019.853114754098357
1769587996.230869,438.622394323349,42,58,51,42.83,58.115,50.365,057.17,6.071284153005465,019.848114754098354
1769587996.290096,438.6817693710327,42,57,51,42.825,58.105,50.375,057.175,6.0612841530054595,019.838114754098356
1769587996.3694022,438.76092433929443,42,58,51,42.82,58.1,50.385,057.18,6.056284153005464,019.828114754098358
1769587996.4869719,438.87846517562866,42,58,51,42.815,58.095,50.395,057.185,6.0512841530054615,019.818114754098353
1769587996.5959198,438.9870262145996,42,58,51,42.81,58.09,50.4,057.19,6.046284153005466,019.813114754098358
1769587996.670859,439.06244826316833,42,58,51,42.805,58.085,50.405,057.195,6.0412841530054635,019.808114754098355
1769587996.733502,439.12430214881897,42,57,51,42.8,58.075,50.41,057.2,6.0312841530054655,019.80311475409836
1769587996.7923782,439.18392610549927,42,57,51,42.795,58.065,50.415,057.205,6.02128415300546,019.798114754098357
1769587996.848716,439.2403793334961,42,57,51,42.79,58.06,50.42,057.21,6.016284153005465,019.793114754098355
1769587996.903588,439.29522037506104,42,57,51,42.785,58.05,50.425,057.215,6.00628415300546,019.78811475409836
1769587996.970282,439.3618412017822,42,57,51,42.78,58.045,50.43,057.22,6.001284153005464,019.783114754098357
1769587997.027956,439.4196572303772,42,57,52,42.775,58.04,50.44,057.225,5.996284153005462,019.77311475409836
1769587997.082033,439.4737401008606,42,57,51,42.77,58.035,50.445,057.23,5.991284153005459,019.768114754098356
1769587997.134399,439.52610516548157,42,57,51,42.765,58.03,50.45,057.235,5.986284153005464,019.763114754098353
1769587997.186501,439.57806634902954,42,57,51,42.76,58.025,50.455,057.24,5.981284153005461,019.758114754098358
1769587997.245742,439.63717126846313,42,57,51,42.755,58.02,50.46,057.245,5.976284153005466,019.753114754098355
1769587997.25142,439.64304518699646,42,57,51,42.75,58.015,50.465,057.25,5.971284153005463,019.748114754098353
1769587997.315991,439.70761227607727,42,57,51,42.745,58.01,50.47,057.255,5.966284153005461,019.743114754098357
1769587997.3785222,439.77004528045654,42,57,52,42.74,58.005,50.48,057.26,5.961284153005465,019.73311475409836
1769587997.461474,439.85238814353943,42,57,51,42.735,58.0,50.48,057.265,5.956284153005463,019.73311475409836
1769587997.566256,439.9577491283417,42,57,51,42.725,57.995,50.48,057.275,5.95128415300546,019.73311475409836
1769587997.642923,440.03345918655396,42,57,52,42.715,57.99,50.485,057.285,5.946284153005465,019.728114754098357
1769587997.7230961,440.1145930290222,42,57,52,42.705,57.985,50.49,057.295,5.941284153005462,019.723114754098354
1769587997.790376,440.18194937705994,42,57,52,42.695,57.98,50.495,057.305,5.9362841530054595,019.71811475409836
1769587997.887477,440.27877616882324,42,57,52,42.685,57.975,50.5,057.315,5.931284153005464,019.713114754098356
1769587997.952586,440.34340715408325,42,57,52,42.675,57.97,50.505,057.325,5.9262841530054615,019.708114754098354
1769587998.0089521,440.40043020248413,42,57,52,42.665,57.965,50.51,057.335,5.921284153005466,019.703114754098358
1769587998.062946,440.4545772075653,42,57,52,42.655,57.96,50.515,057.345,5.9162841530054635,019.698114754098356
1769587998.11971,440.5113673210144,43,57,52,42.65,57.955,50.52,057.35,5.911284153005461,019.693114754098353
1769587998.174867,440.56651520729065,43,57,52,42.645,57.95,50.525,057.355,5.9062841530054655,019.688114754098358
1769587998.2316082,440.62327218055725,42,57,52,42.635,57.945,50.53,057.365,5.901284153005463,019.683114754098355
1769587998.285057,440.6767861843109,43,57,52,42.63,57.94,50.535,057.37,5.89628415300546,019.67811475409836
1769587998.3403652,440.73197627067566,42,57,52,42.62,57.935,50.54,057.38,5.891284153005465,019.673114754098357
1769587998.3939352,440.7856523990631,42,57,52,42.61,57.93,50.545,057.39,5.886284153005462,019.668114754098355
1769587998.446364,440.8378040790558,42,57,52,42.6,57.925,50.55,057.4,5.88128415300546,019.66311475409836
1769587998.503167,440.89476203918457,43,57,53,42.595,57.92,50.56,057.405,5.876284153005464,019.653114754098354
1769587998.558978,440.95063400268555,42,57,52,42.585,57.915,50.565,057.415,5.871284153005462,019.64811475409836
1769587998.618073,441.00974011421204,42,57,52,42.575,57.91,50.57,057.425,5.866284153005459,019.643114754098356
1769587998.672409,441.0641212463379,42,57,52,42.565,57.905,50.575,057.435,5.861284153005464,019.638114754098353
1769587998.726507,441.11814618110657,42,57,52,42.555,57.9,50.58,057.445,5.856284153005461,019.633114754098358
1769587998.786912,441.1784782409668,42,57,52,42.545,57.895,50.585,057.455,5.851284153005466,019.628114754098355
1769587998.843555,441.23484802246094,42,57,52,42.54,57.89,50.59,057.46,5.846284153005463,019.623114754098353
1769587998.898845,441.2904350757599,42,57,52,42.535,57.885,50.6,057.465,5.841284153005461,019.613114754098355
1769587998.952014,441.34353017807007,42,57,52,42.53,57.88,50.61,057.47,5.836284153005465,019.603114754098357
1769587999.004213,441.39585423469543,42,57,52,42.525,57.875,50.62,057.475,5.831284153005463,019.59311475409836
1769587999.05511,441.44678926467896,42,57,52,42.515,57.87,50.625,057.485,5.82628415300546,019.588114754098356
1769587999.1083992,441.50011229515076,42,57,52,42.505,57.865,50.63,057.495,5.821284153005465,019.583114754098354
1769587999.163527,441.5551390647888,42,57,52,42.5,57.86,50.64,057.5,5.816284153005462,019.573114754098356
1769587999.222327,441.61385440826416,42,57,51,42.495,57.855,50.645,057.505,5.8112841530054595,019.568114754098353
1769587999.275101,441.66680908203125,42,57,52,42.49,57.85,50.655,057.51,5.806284153005464,019.558114754098355
1769587999.327744,441.7194492816925,42,57,52,42.485,57.845,50.665,057.515,5.8012841530054615,019.548114754098357
1769587999.381105,441.7727701663971,42,57,52,42.48,57.84,50.675,057.52,5.796284153005466,019.53811475409836
1769587999.4350898,441.8267331123352,42,57,52,42.475,57.835,50.685,057.525,5.7912841530054635,019.528114754098354
1769587999.490853,441.8824770450592,42,57,52,42.47,57.83,50.695,057.53,5.786284153005461,019.518114754098356
1769587999.547888,441.9395351409912,42,57,52,42.465,57.82,50.705,057.535,5.776284153005463,019.508114754098358
1769587999.6043,441.99588203430176,42,57,52,42.46,57.815,50.715,057.54,5.77128415300546,019.498114754098353
1769587999.656954,442.0484573841095,43,57,53,42.46,57.805,50.735,057.54,5.761284153005462,019.478114754098357
1769587999.7196999,442.1111662387848,42,57,52,42.46,57.795,50.75,057.54,5.751284153005464,019.463114754098356
1769587999.776476,442.168160200119,42,57,52,42.46,57.785,50.765,057.54,5.741284153005459,019.448114754098356
1769587999.830497,442.222225189209,42,57,52,42.455,57.775,50.78,057.545,5.731284153005461,019.433114754098355
1769587999.881654,442.2733371257782,42,57,52,42.45,57.77,50.79,057.55,5.726284153005466,019.423114754098357
1769587999.937958,442.3296194076538,42,57,52,42.445,57.76,50.805,057.555,5.716284153005461,019.408114754098357
1769587999.994142,442.3858160972595,42,57,52,42.44,57.75,50.82,057.56,5.706284153005463,019.393114754098356
1769588000.049031,442.44066619873047,42,57,52,42.435,57.74,50.83,057.565,5.696284153005465,019.383114754098358
1769588000.110667,442.502316236496,42,57,52,42.435,57.73,50.845,057.565,5.6862841530054595,019.368114754098357
1769588000.165803,442.5574462413788,42,57,52,42.435,57.72,50.86,057.565,5.6762841530054615,019.353114754098357
1769588000.2181609,442.60983419418335,42,57,52,42.43,57.71,50.875,057.57,5.6662841530054635,019.338114754098356
1769588000.270907,442.6626012325287,42,57,52,42.425,57.705,50.885,057.575,5.661284153005461,019.328114754098358
1769588000.3232589,442.7149193286896,42,57,52,42.425,57.695,50.9,057.575,5.651284153005463,019.313114754098358
1769588000.373603,442.7652962207794,42,57,52,42.425,57.685,50.915,057.575,5.641284153005465,019.298114754098357
1769588000.427093,442.8188133239746,42,57,52,42.425,57.675,50.93,057.575,5.63128415300546,019.283114754098357
1769588000.476893,442.8684632778168,43,57,53,42.43,57.665,50.95,057.57,5.621284153005462,019.263114754098353
1769588000.5270898,442.9187681674957,43,57,53,42.435,57.655,50.97,057.565,5.611284153005464,019.243114754098357
1769588000.579127,442.9708070755005,43,57,53,42.44,57.645,50.99,057.56,5.601284153005466,019.223114754098354
1769588000.630052,443.02173018455505,43,57,53,42.445,57.635,51.01,057.555,5.591284153005461,019.203114754098358
1769588000.682886,443.0745873451233,43,57,53,42.45,57.625,51.03,057.55,5.581284153005463,019.183114754098355
1769588000.735477,443.12712502479553,43,57,53,42.455,57.615,51.05,057.545,5.571284153005465,019.16311475409836
1769588000.792327,443.1837682723999,43,57,53,42.455,57.605,51.065,057.545,5.5612841530054595,019.14811475409836
1769588000.8484101,443.2401211261749,43,57,53,42.46,57.595,51.085,057.54,5.5512841530054615,019.128114754098355
1769588000.9017339,443.2935280799866,43,57,53,42.465,57.585,51.105,057.535,5.5412841530054635,019.10811475409836
1769588000.951604,443.3432192802429,43,57,53,42.47,57.575,51.125,057.53,5.5312841530054655,019.088114754098356
1769588001.001666,443.3933732509613,43,57,53,42.475,57.565,51.145,057.525,5.52128415300546,019.068114754098353
1769588001.054873,443.4465272426605,43,57,53,42.48,57.555,51.165,057.52,5.511284153005462,019.048114754098357
1769588001.107509,443.4992051124573,43,57,53,42.485,57.545,51.185,057.515,5.501284153005464,019.028114754098354
1769588001.1658921,443.55755639076233,43,57,53,42.49,57.535,51.205,057.51,5.491284153005459,019.008114754098358
1769588001.217815,443.6095402240753,43,57,53,42.495,57.525,51.225,057.505,5.481284153005461,018.988114754098355
1769588001.271443,443.6631700992584,43,57,53,42.5,57.515,51.245,057.5,5.471284153005463,018.96811475409836
1769588001.321297,443.7130162715912,43,57,53,42.505,57.505,51.265,057.495,5.461284153005465,018.948114754098356
1769588001.373725,443.7653682231903,43,57,53,42.51,57.495,51.285,057.49,5.45128415300546,018.92811475409836
1769588001.42571,443.81732726097107,43,57,52,42.515,57.485,51.3,057.485,5.441284153005462,018.91311475409836
1769588001.480256,443.8717911243439,43,57,52,42.52,57.475,51.315,057.48,5.431284153005464,018.89811475409836
1769588001.531363,443.92304730415344,43,57,52,42.525,57.465,51.33,057.475,5.421284153005466,018.883114754098358
1769588001.584503,443.9761793613434,43,57,52,42.53,57.455,51.345,057.47,5.411284153005461,018.868114754098357
1769588001.642845,444.03441524505615,43,57,52,42.535,57.445,51.36,057.465,5.401284153005463,018.853114754098357
1769588001.700334,444.0917570590973,43,57,53,42.54,57.435,51.38,057.46,5.391284153005465,018.833114754098354
1769588001.7507021,444.14242029190063,43,57,52,42.54,57.425,51.39,057.46,5.38128415300546,018.823114754098356
1769588001.801264,444.19285225868225,42,57,52,42.535,57.415,51.4,057.465,5.371284153005462,018.813114754098358
1769588001.85317,444.2449052333832,43,57,52,42.54,57.405,51.415,057.46,5.361284153005464,018.798114754098357
1769588001.904056,444.29575514793396,43,57,52,42.545,57.395,51.43,057.455,5.351284153005466,018.783114754098357
1769588001.958635,444.35031032562256,42,57,52,42.545,57.385,51.445,057.455,5.341284153005461,018.768114754098356
1769588002.008426,444.399973154068,42,57,52,42.545,57.375,51.46,057.455,5.331284153005463,018.753114754098355
1769588002.0603678,444.4520471096039,43,57,52,42.55,57.365,51.475,057.45,5.321284153005465,018.738114754098355
1769588002.11201,444.50358510017395,42,57,52,42.545,57.355,51.49,057.455,5.3112841530054595,018.723114754098354
1769588002.169892,444.5615122318268,42,57,51,42.545,57.345,51.5,057.455,5.3012841530054615,018.713114754098356
1769588002.229391,444.62059211730957,42,57,51,42.545,57.335,51.51,057.455,5.2912841530054635,018.703114754098358
1769588002.283231,444.6747672557831,43,57,52,42.55,57.325,51.525,057.45,5.2812841530054655,018.688114754098358
1769588002.336454,444.7279613018036,42,57,51,42.545,57.32,51.53,057.455,5.276284153005463,018.683114754098355
1769588002.400108,444.79169631004333,42,57,51,42.54,57.315,51.535,057.46,5.27128415300546,018.67811475409836
1769588002.4823308,444.8730642795563,42,57,51,42.535,57.305,51.545,057.465,5.261284153005462,018.668114754098355
1769588002.572072,444.9635760784149,42,57,51,42.53,57.295,51.555,057.47,5.251284153005464,018.658114754098357
1769588002.642035,445.03340125083923,42,57,51,42.525,57.285,51.56,057.475,5.241284153005459,018.653114754098354
1769588002.6990778,445.0907824039459,42,57,52,42.52,57.275,51.57,057.48,5.231284153005461,018.643114754098356
1769588002.754407,445.14609837532043,43,57,52,42.52,57.265,51.58,057.48,5.221284153005463,018.633114754098358
1769588002.814053,445.2057583332062,42,57,51,42.515,57.26,51.585,057.485,5.216284153005461,018.628114754098355
1769588002.881784,445.27338910102844,42,58,51,42.51,57.26,51.59,057.49,5.216284153005461,018.623114754098353
1769588002.965406,445.3564910888672,42,58,51,42.505,57.26,51.595,057.495,5.216284153005461,018.618114754098357
1769588003.0704918,445.4621434211731,42,58,51,42.5,57.26,51.6,057.5,5.216284153005461,018.613114754098355
1769588003.206602,445.5964312553406,42,58,51,42.495,57.26,51.605,057.505,5.216284153005461,018.60811475409836
1769588003.291708,445.68291306495667,42,58,51,42.49,57.26,51.61,057.51,5.216284153005461,018.603114754098357
1769588003.400445,445.79156827926636,42,58,51,42.485,57.26,51.615,057.515,5.216284153005461,018.598114754098354
1769588003.518183,445.90953826904297,42,58,51,42.48,57.26,51.62,057.52,5.216284153005461,018.59311475409836
1769588003.604981,445.99656224250793,42,58,51,42.475,57.26,51.625,057.525,5.216284153005461,018.588114754098356
1769588003.6893702,446.0805833339691,42,58,51,42.47,57.26,51.63,057.53,5.216284153005461,018.583114754098354
1769588003.774849,446.1662263870239,42,58,51,42.465,57.26,51.635,057.535,5.216284153005461,018.578114754098358
1769588003.87825,446.2691252231598,42,58,50,42.46,57.26,51.635,057.54,5.216284153005461,018.578114754098358
1769588004.0018072,446.39340329170227,41,58,50,42.45,57.26,51.635,057.55,5.216284153005461,018.578114754098358
1769588004.107193,446.49839901924133,41,58,50,42.44,57.26,51.635,057.56,5.216284153005461,018.578114754098358
1769588004.2012749,446.59282207489014,41,58,50,42.43,57.26,51.635,057.57,5.216284153005461,018.578114754098358
1769588004.3486762,446.7401993274689,41,58,50,42.42,57.26,51.635,057.58,5.216284153005461,018.578114754098358
1769588004.4929762,446.88445806503296,41,58,50,42.41,57.26,51.63,057.59,5.216284153005461,018.583114754098354
1769588004.573618,446.9652433395386,41,58,50,42.4,57.26,51.625,057.6,5.216284153005461,018.588114754098356
1769588004.6487381,447.0403220653534,41,58,50,42.39,57.26,51.62,057.61,5.216284153005461,018.59311475409836
1769588004.712279,447.10387134552,41,58,50,42.38,57.26,51.615,057.62,5.216284153005461,018.598114754098354
1769588004.792752,447.18415904045105,41,58,50,42.37,57.26,51.61,057.63,5.216284153005461,018.603114754098357
1769588004.856586,447.24824237823486,41,58,50,42.36,57.26,51.61,057.64,5.216284153005461,018.603114754098357
1769588004.914369,447.3060202598572,41,58,50,42.35,57.26,51.605,057.65,5.216284153005461,018.60811475409836
1769588004.974029,447.3657331466675,41,58,50,42.34,57.26,51.6,057.66,5.216284153005461,018.613114754098355
1769588005.037163,447.42880725860596,41,58,50,42.33,57.26,51.595,057.67,5.216284153005461,018.618114754098357
1769588005.1034791,447.49517726898193,41,58,50,42.32,57.26,51.59,057.68,5.216284153005461,018.623114754098353
1769588005.162278,447.5538671016693,41,58,50,42.31,57.26,51.585,057.69,5.216284153005461,018.628114754098355
1769588005.227542,447.61914706230164,41,58,50,42.3,57.26,51.58,057.7,5.216284153005461,018.633114754098358
1769588005.292874,447.6842544078827,42,58,50,42.295,57.26,51.575,057.705,5.216284153005461,018.638114754098353
1769588005.357334,447.7485861778259,41,58,50,42.285,57.26,51.57,057.715,5.216284153005461,018.643114754098356
1769588005.424278,447.8156774044037,41,58,50,42.275,57.26,51.565,057.725,5.216284153005461,018.64811475409836
1769588005.490272,447.8818392753601,41,58,50,42.265,57.26,51.56,057.735,5.216284153005461,018.653114754098354
1769588005.5535822,447.9450261592865,41,58,50,42.255,57.26,51.555,057.745,5.216284153005461,018.658114754098357
1769588005.612653,448.0041892528534,41,58,50,42.245,57.26,51.55,057.755,5.216284153005461,018.66311475409836
1769588005.677238,448.06893014907837,41,58,51,42.235,57.26,51.55,057.765,5.216284153005461,018.66311475409836
