timestamp,elapsed_sec,CC,RC,SC,CC_avg,RC_avg,SC_avg,ΔCC,ΔRC,ΔSC
1769577111.249862,0.4990196228027344,63,57,57,,,,,,
1769577111.323147,0.5723037719726562,63,57,57,,,,,,
1769577111.384581,0.6332197189331055,63,57,57,,,,,,
1769577111.472984,0.7220747470855713,63,57,57,,,,,,
1769577111.530001,0.7793858051300049,63,57,57,,,,,,
1769577111.613375,0.8626797199249268,63,57,57,,,,,,
1769577111.663723,0.9130916595458984,63,57,57,,,,,,
1769577111.710995,0.9602878093719482,63,57,57,,,,,,
1769577111.75674,1.006117820739746,63,57,57,,,,,,
1769577111.8162801,1.0655946731567383,63,56,58,,,,,,
1769577111.860802,1.1100997924804688,64,56,58,,,,,,
1769577111.9055629,1.1549198627471924,63,56,58,,,,,,
1769577111.9551702,1.2044806480407715,63,56,58,,,,,,
1769577112.006243,1.2555179595947266,63,56,58,,,,,,
1769577112.056235,1.3056409358978271,64,56,58,,,,,,
1769577112.104455,1.3538355827331543,64,56,58,,,,,,
1769577112.154305,1.4035966396331787,64,56,58,,,,,,
1769577112.205249,1.454427719116211,64,56,59,,,,,,
1769577112.255511,1.5049188137054443,64,56,58,,,,,,
1769577112.305326,1.5547058582305908,64,56,58,,,,,,
1769577112.35476,1.603921890258789,64,56,58,,,,,,
1769577112.4039512,1.6532537937164307,64,56,58,,,,,,
1769577112.457362,1.7064208984375,64,56,58,,,,,,
1769577112.5062048,1.7555489540100098,64,56,58,,,,,,
1769577112.555896,1.805203914642334,64,56,58,,,,,,
1769577112.6062012,1.8552608489990234,64,56,58,,,,,,
1769577112.656311,1.9056599140167236,64,57,58,,,,,,
1769577112.705832,1.955082893371582,64,56,58,,,,,,
1769577112.754611,2.0039587020874023,64,56,59,,,,,,
1769577112.8057752,2.055121898651123,64,56,58,,,,,,
1769577112.85474,2.103886842727661,64,56,58,,,,,,
1769577112.904154,2.1535186767578125,64,56,58,,,,,,
1769577112.9552681,2.2046499252319336,65,56,59,,,,,,
1769577113.004715,2.2539358139038086,65,55,60,,,,,,
1769577113.054997,2.3042969703674316,65,56,59,,,,,,
1769577113.104815,2.3541738986968994,64,56,58,,,,,,
1769577113.157307,2.406418800354004,64,56,58,,,,,,
1769577113.216257,2.465388774871826,64,56,58,,,,,,
1769577113.259611,2.509009838104248,64,56,58,,,,,,
1769577113.3049998,2.554377794265747,64,56,58,,,,,,
1769577113.354765,2.6039607524871826,64,56,58,,,,,,
1769577113.404345,2.6536169052124023,64,56,58,,,,,,
1769577113.455314,2.7046618461608887,64,56,58,,,,,,
1769577113.5045938,2.753889799118042,64,56,58,,,,,,
1769577113.5544908,2.8038558959960938,64,56,58,,,,,,
1769577113.604395,2.8535518646240234,65,56,59,,,,,,
1769577113.656777,2.9058988094329834,65,55,60,,,,,,
1769577113.710848,2.960084915161133,64,56,59,,,,,,
1769577113.753855,3.0032358169555664,64,56,58,,,,,,
1769577113.804561,3.0539157390594482,64,56,58,,,,,,
1769577113.855875,3.1051409244537354,64,56,58,,,,,,
1769577113.905198,3.1544408798217773,64,56,58,,,,,,
1769577113.9559,3.2052717208862305,64,56,58,,,,,,
1769577114.005028,3.254328727722168,64,56,58,,,,,,
1769577114.055306,3.304572820663452,64,56,58,,,,,,
1769577114.108483,3.357595920562744,64,56,59,,,,,,
1769577114.171818,3.4209389686584473,64,56,59,,,,,,
1769577114.2148101,3.4641737937927246,64,56,59,,,,,,
1769577114.255309,3.5046608448028564,64,56,59,,,,,,
1769577114.304045,3.553417921066284,64,56,58,,,,,,
1769577114.35603,3.6050448417663574,64,56,59,,,,,,
1769577114.4043012,3.653632640838623,64,56,58,,,,,,
1769577114.455343,3.7046477794647217,64,56,58,,,,,,
1769577114.5043788,3.753664016723633,64,56,58,,,,,,
1769577114.555975,3.8052937984466553,64,56,58,,,,,,
1769577114.606754,3.8560397624969482,64,56,59,,,,,,
1769577114.655943,3.905172824859619,64,56,59,,,,,,
1769577114.705549,3.9546637535095215,64,56,59,,,,,,
1769577114.7566788,4.005788803100586,64,56,59,,,,,,
1769577114.805085,4.054403781890869,64,56,59,,,,,,
1769577114.856693,4.105921745300293,64,56,58,,,,,,
1769577114.903733,4.153081655502319,64,56,58,,,,,,
1769577114.95548,4.204753875732422,64,56,59,,,,,,
1769577115.004263,4.25360369682312,66,55,61,,,,,,
1769577115.0556211,4.304975748062134,66,55,60,,,,,,
1769577115.106071,4.355118751525879,65,55,60,,,,,,
1769577115.154853,4.404209852218628,65,55,59,,,,,,
1769577115.20602,4.455187797546387,65,55,60,,,,,,
1769577115.2554848,4.504706621170044,65,55,60,,,,,,
1769577115.305203,4.554541826248169,66,55,60,,,,,,
1769577115.355114,4.604437828063965,66,55,61,,,,,,
1769577115.404742,4.6540257930755615,66,55,61,,,,,,
1769577115.455412,4.704777956008911,66,55,61,,,,,,
1769577115.50578,4.755011796951294,66,55,61,,,,,,
1769577115.554878,4.8042638301849365,66,55,61,,,,,,
1769577115.606254,4.855247735977173,66,55,61,,,,,,
1769577115.653429,4.902795791625977,66,55,61,,,,,,
1769577115.706749,4.956044673919678,66,55,61,,,,,,
1769577115.755182,5.004552841186523,66,55,61,,,,,,
1769577115.806058,5.055395841598511,66,55,61,,,,,,
1769577115.855076,5.104331731796265,66,55,61,,,,,,
1769577115.9049642,5.154294729232788,66,55,61,,,,,,
1769577115.957977,5.206892728805542,66,54,62,,,,,,
1769577116.013164,5.262456655502319,66,54,62,,,,,,
1769577116.054903,5.30421781539917,67,54,62,,,,,,
1769577116.108146,5.357071876525879,67,54,62,,,,,,
1769577116.160866,5.410282850265503,67,54,62,,,,,,
1769577116.205208,5.4543538093566895,67,54,62,,,,,,
1769577116.2566028,5.505692958831787,67,54,62,,,,,,
1769577116.315073,5.564204692840576,67,54,62,,,,,,
1769577116.3564491,5.605850696563721,67,54,62,,,,,,
1769577116.404325,5.653686761856079,67,54,63,,,,,,
1769577116.459042,5.70789361000061,68,54,63,,,,,,
1769577116.5062442,5.7555577754974365,68,54,63,,,,,,
1769577116.554516,5.803861856460571,67,54,63,,,,,,
1769577116.6075819,5.856319904327393,67,54,62,,,,,,
1769577116.662949,5.912107706069946,67,54,63,,,,,,
1769577116.705065,5.954405784606934,67,54,63,,,,,,
1769577116.7550669,6.004397630691528,67,54,63,,,,,,
1769577116.8051121,6.054251670837402,68,54,63,,,,,,
1769577116.85373,6.103104591369629,67,54,63,,,,,,
1769577116.9053261,6.154592752456665,67,54,63,,,,,,
1769577116.957845,6.207021713256836,67,54,63,,,,,,
1769577117.0038998,6.253271818161011,68,53,64,,,,,,
1769577117.0555708,6.304679870605469,68,53,64,,,,,,
1769577117.1044009,6.353764772415161,69,53,65,,,,,,
1769577117.155345,6.404691934585571,68,53,65,,,,,,
1769577117.2046661,6.453736782073975,68,53,64,,,,,,
1769577117.254358,6.503682613372803,69,53,65,,,,,,
1769577117.305407,6.5546839237213135,68,53,64,,,,,,
1769577117.3556962,6.604893922805786,68,53,64,,,,,,
1769577117.404277,6.65341591835022,68,53,64,,,,,,
1769577117.4569101,6.705882787704468,68,53,65,,,,,,
1769577117.507964,6.757239818572998,68,53,65,,,,,,
1769577117.554155,6.803314924240112,68,53,65,,,,,,
1769577117.6045032,6.853737831115723,69,53,65,,,,,,
1769577117.656323,6.905468940734863,69,53,65,,,,,,
1769577117.705567,6.95491099357605,69,53,65,,,,,,
1769577117.755318,7.004590749740601,69,53,65,,,,,,
1769577117.806592,7.05571985244751,69,53,65,,,,,,
1769577117.856231,7.105531930923462,69,52,66,,,,,,
1769577117.904023,7.153246879577637,69,52,66,,,,,,
1769577117.9565902,7.20551872253418,69,52,66,,,,,,
1769577118.004399,7.253697633743286,69,52,66,,,,,,
1769577118.057805,7.306877851486206,69,52,66,,,,,,
1769577118.114343,7.363703727722168,70,52,67,,,,,,
1769577118.1580071,7.4072089195251465,69,52,67,,,,,,
1769577118.204198,7.453505754470825,69,52,67,,,,,,
1769577118.255094,7.504297971725464,69,52,66,,,,,,
1769577118.305671,7.554786682128906,69,52,67,,,,,,
1769577118.3556008,7.604946851730347,70,52,67,,,,,,
1769577118.4044611,7.653828859329224,70,52,67,,,,,,
1769577118.455714,7.704924821853638,70,52,67,,,,,,
1769577118.503762,7.753077745437622,70,52,67,,,,,,
1769577118.5580301,7.807109832763672,70,52,68,,,,,,
1769577118.604471,7.853876829147339,70,52,68,,,,,,
1769577118.655329,7.904617786407471,70,52,67,,,,,,
1769577118.706753,7.955911874771118,70,52,68,,,,,,
1769577118.754476,8.003833770751953,70,52,68,,,,,,
1769577118.805831,8.055094718933105,70,51,68,,,,,,
1769577118.855235,8.104497909545898,70,51,68,,,,,,
1769577118.9046059,8.153810739517212,70,51,68,,,,,,
1769577118.955421,8.204548835754395,70,51,69,,,,,,
1769577119.003663,8.253063917160034,70,51,69,,,,,,
1769577119.056066,8.3051598072052,70,51,69,,,,,,
1769577119.105609,8.35483980178833,70,51,69,,,,,,
1769577119.1542022,8.403450727462769,70,51,69,,,,,,
1769577119.205526,8.454726934432983,70,51,69,,,,,,
1769577119.2543979,8.503691673278809,70,51,69,,,,,,
1769577119.304476,8.553800821304321,71,51,69,,,,,,
1769577119.355975,8.605320930480957,71,51,69,,,,,,
1769577119.404673,8.653921604156494,70,51,69,,,,,,
1769577119.456991,8.705797910690308,70,51,69,,,,,,
1769577119.506971,8.756282806396484,70,51,69,,,,,,
1769577119.555295,8.804628849029541,71,51,70,,,,,,
1769577119.605741,8.854919910430908,71,51,69,,,,,,
1769577119.654177,8.90356993675232,70,51,69,,,,,,
1769577119.704104,8.953385829925537,70,51,69,,,,,,
1769577119.755902,9.005128860473633,70,51,69,,,,,,
1769577119.8057039,9.055026769638062,70,51,69,,,,,,
1769577119.8555331,9.104772806167603,71,51,70,,,,,,
1769577119.906523,9.155898809432983,70,51,70,,,,,,
1769577119.9534888,9.202889919281006,70,51,69,,,,,,
1769577120.005407,9.254761934280396,70,51,69,,,,,,
1769577120.054631,9.30390977859497,70,51,69,,,,,,
1769577120.1054761,9.354796648025513,70,51,69,,,,,,
1769577120.154519,9.40382695198059,70,51,69,,,,,,
1769577120.205557,9.454884767532349,71,51,70,,,,,,
1769577120.2563431,9.505589008331299,71,51,70,,,,,,
1769577120.304666,9.554073810577393,70,51,69,,,,,,
1769577120.354049,9.603296756744385,70,51,69,,,,,,
1769577120.405094,9.654447793960571,70,51,70,,,,,,
1769577120.455484,9.704810857772827,70,51,70,,,,,,
1769577120.506034,9.755196809768677,70,51,70,,,,,,
1769577120.554263,9.803642749786377,70,51,70,,,,,,
1769577120.6058261,9.855088710784912,71,50,71,,,,,,
1769577120.65376,9.903088808059692,71,50,71,,,,,,
1769577120.7047071,9.954081773757935,70,51,70,,,,,,
1769577120.7564979,10.00572681427002,70,51,70,,,,,,
1769577120.805841,10.055129766464233,70,51,70,,,,,,
1769577120.855252,10.10457968711853,70,51,70,,,,,,
1769577120.9056268,10.154847860336304,70,51,70,,,,,,
1769577120.954955,10.204059839248657,70,51,70,,,,,,
1769577121.005376,10.254597902297974,70,51,70,,,,,,
1769577121.054875,10.304192781448364,70,51,70,,,,,,
1769577121.106373,10.355438709259033,70,51,70,,,,,,
1769577121.1536388,10.402998685836792,70,51,70,,,,,,
1769577121.205709,10.455050945281982,70,51,69,,,,,,
1769577121.254453,10.503751754760742,70,51,69,,,,,,
1769577121.3046558,10.554015874862671,70,51,70,,,,,,
1769577121.355923,10.605254888534546,70,51,70,,,,,,
1769577121.40491,10.654187679290771,71,50,71,,,,,,
1769577121.4553301,10.704627990722656,70,51,70,,,,,,
1769577121.505558,10.75479769706726,70,51,70,,,,,,
1769577121.554187,10.803507804870605,71,50,71,,,,,,
1769577121.6067572,10.856048822402954,70,51,70,,,,,,
1769577121.6538072,10.90322470664978,70,51,70,,,,,,
1769577121.7053142,10.9545259475708,70,51,70,,,,,,
1769577121.753792,11.003150701522827,70,51,70,,,,,,
1769577121.805163,11.05445671081543,71,50,71,,,,,,
1769577121.8555121,11.104873895645142,71,50,71,,,,,,
1769577121.906993,11.156106948852539,71,50,72,,,,,,
1769577121.975818,11.225104808807373,71,50,71,,,,,,
1769577122.024523,11.273132801055908,71,50,71,,,,,,
1769577122.0678651,11.317143678665161,71,50,72,,,,,,
1769577122.1158469,11.365211725234985,71,50,72,,,,,,
1769577122.1605709,11.409948825836182,71,50,72,,,,,,
1769577122.2046232,11.454006671905518,71,50,72,,,,,,
1769577122.2569861,11.505746841430664,71,50,72,,,,,,
1769577122.325679,11.574995994567871,71,50,71,,,,,,
1769577122.37254,11.621890783309937,71,50,71,,,,,,
1769577122.416217,11.665571689605713,70,50,71,,,,,,
1769577122.459769,11.709044933319092,70,50,71,,,,,,
1769577122.503395,11.752709865570068,70,50,71,,,,,,
1769577122.554744,11.80407977104187,70,50,71,,,,,,
1769577122.604256,11.853644609451294,70,51,70,,,,,,
1769577122.656817,11.905897855758667,70,51,70,,,,,,
1769577122.719599,11.968838930130005,70,50,71,,,,,,
1769577122.7612958,12.010556936264038,70,50,71,,,,,,
1769577122.804706,12.05408000946045,70,51,70,,,,,,
1769577122.855233,12.104516744613647,70,51,69,,,,,,
1769577122.9055748,12.154789686203003,70,51,70,,,,,,
1769577122.9557838,12.205078601837158,70,50,71,,,,,,
1769577123.00432,12.253621578216553,71,50,71,,,,,,
1769577123.0552478,12.304441690444946,71,50,71,,,,,,
1769577123.106134,12.355461835861206,70,51,70,,,,,,
1769577123.156607,12.405638933181763,70,51,70,,,,,,
1769577123.204213,12.453571796417236,70,51,69,,,,,,
1769577123.255948,12.505170822143555,69,51,69,,,,,,
1769577123.3050098,12.554375886917114,69,51,69,,,,,,
1769577123.359156,12.608189821243286,70,51,69,,,,,,
1769577123.41697,12.666214942932129,70,51,69,,,,,,
1769577123.459488,12.708756923675537,70,51,69,,,,,,
1769577123.510855,12.759803771972656,70,51,69,,,,,,
1769577123.573872,12.823117733001709,70,51,70,,,,,,
1769577123.6178508,12.867082834243774,70,51,70,,,,,,
1769577123.6576629,12.906866788864136,70,51,70,,,,,,
1769577123.7065,12.955787658691406,70,51,70,,,,,,
1769577123.754207,13.003585815429688,69,51,69,,,,,,
1769577123.80582,13.055127620697021,69,51,68,,,,,,
1769577123.85953,13.108779668807983,69,52,68,,,,,,
1769577123.9122372,13.160990953445435,69,52,68,,,,,,
1769577123.967885,13.216786861419678,69,51,68,,,,,,
1769577124.026239,13.275065660476685,70,51,69,,,,,,
1769577124.085155,13.334254741668701,69,51,69,,,,,,
1769577124.1505558,13.399755716323853,69,51,68,,,,,,
1769577124.204531,13.45392894744873,69,51,69,,,,,,
1769577124.2591062,13.508509874343872,69,51,69,,,,,,
1769577124.315274,13.56447172164917,69,51,69,,,,,,
1769577124.376426,13.62483263015747,69,51,68,,,,,,
1769577124.434583,13.683782815933228,69,52,68,,,,,,
1769577124.4873931,13.736759662628174,69,51,68,,,,,,
1769577124.540003,13.789273738861084,69,51,68,,,,,,
1769577124.5912588,13.840531826019287,69,51,69,,,,,,
1769577124.6396558,13.889011859893799,69,51,69,,,,,,
1769577124.6901178,13.939469814300537,69,52,68,,,,,,
1769577124.7416818,13.990993738174438,69,51,68,,,,,,
1769577124.794613,14.043858766555786,69,51,68,,,,,,
1769577124.847945,14.097356796264648,69,51,68,,,,,,
1769577124.9021912,14.151505947113037,69,51,68,,,,,,
1769577124.954862,14.204257726669312,69,51,68,,,,,,
1769577125.0043101,14.253718614578247,68,52,68,,,,,,
1769577125.056103,14.30546259880066,68,51,68,,,,,,
1769577125.1104472,14.359619855880737,69,51,68,,,,,,
1769577125.1636422,14.412877798080444,69,51,69,,,,,,
1769577125.2135522,14.46284794807434,69,51,69,,,,,,
1769577125.257084,14.506364822387695,69,51,69,,,,,,
1769577125.30582,14.554961919784546,69,51,69,,,,,,
1769577125.355242,14.604586839675903,69,51,69,,,,,,
1769577125.404858,14.654247760772705,69,51,69,,,,,,
1769577125.455241,14.704511880874634,69,51,69,,,,,,
1769577125.5053382,14.754685878753662,69,51,69,,,,,,
1769577125.556093,14.805250644683838,69,51,69,,,,,,
1769577125.6040032,14.853281736373901,69,51,69,,,,,,
1769577125.6551669,14.904504776000977,69,51,69,,,,,,
1769577125.704227,14.953447818756104,69,51,69,,,,,,
1769577125.755466,15.004807949066162,69,51,69,,,,,,
1769577125.8058949,15.054884672164917,69,51,69,,,,,,
1769577125.8545148,15.103893995285034,69,51,69,,,,,,
1769577125.906663,15.155955791473389,69,51,69,,,,,,
1769577125.9544299,15.203798770904541,69,51,69,,,,,,
1769577126.0042508,15.253614664077759,68,51,68,,,,,,
1769577126.0567172,15.305899620056152,68,51,68,,,,,,
1769577126.103769,15.353074789047241,69,51,69,,,,,,
1769577126.15612,15.405389785766602,69,51,69,,,,,,
1769577126.2054772,15.454707860946655,68,51,68,,,,,,
1769577126.2543738,15.503736734390259,68,51,69,,,,,,
1769577126.306987,15.556083917617798,69,51,69,,,,,,
1769577126.354563,15.603837966918945,69,51,69,,,,,,
1769577126.406573,15.655877828598022,68,51,69,,,,,,
1769577126.454549,15.703890800476074,69,51,69,,,,,,
1769577126.5244968,15.773714780807495,69,51,70,,,,,,
1769577126.567918,15.817174673080444,69,51,70,,,,,,
1769577126.610931,15.860325813293457,69,51,70,,,,,,
1769577126.653776,15.90314769744873,69,51,70,,,,,,
1769577126.7038279,15.95315670967102,69,51,70,,,,,,
1769577126.756201,16.00523281097412,69,51,69,,,,,,
1769577126.804725,16.054056882858276,69,51,70,,,,,,
1769577126.855179,16.10452365875244,69,51,70,,,,,,
1769577126.904641,16.153892755508423,69,51,70,,,,,,
1769577126.954953,16.20430278778076,68,51,69,,,,,,
1769577127.0078888,16.256871938705444,68,51,69,,,,,,
1769577127.064458,16.313748836517334,69,51,70,,,,,,
1769577127.108713,16.35797381401062,69,51,70,,,,,,
1769577127.1544378,16.40379786491394,69,51,70,,,,,,
1769577127.203823,16.453190803527832,69,50,71,,,,,,
1769577127.256456,16.505504608154297,70,50,71,,,,,,
1769577127.3036952,16.553082704544067,69,50,71,,,,,,
1769577127.353927,16.603291749954224,69,50,71,,,,,,
1769577127.403716,16.653037786483765,70,50,71,,,,,,
1769577127.454844,16.704251766204834,69,50,71,,,,,,
1769577127.504083,16.75316095352173,69,50,71,,,,,,
1769577127.553201,16.80260467529297,70,50,71,,,,,,
1769577127.604299,16.853493690490723,70,50,71,,,,,,
1769577127.65359,16.902973890304565,70,50,71,,,,,,
1769577127.7045991,16.95384669303894,69,50,71,,,,,,
1769577127.75707,17.006420850753784,69,50,71,,,,,,
1769577127.805814,17.05510401725769,69,50,71,,,,,,
1769577127.8548238,17.104216814041138,69,50,71,,,,,,
1769577127.905638,17.155001878738403,69,50,71,,,,,,
1769577127.9576042,17.20686173439026,69,51,71,,,,,,
1769577128.0092921,17.258639812469482,69,51,70,,,,,,
1769577128.062131,17.311477661132812,69,51,70,,,,,,
1769577128.112608,17.361926794052124,69,51,70,,,,,,
1769577128.1694899,17.418569803237915,69,51,70,,,,,,
1769577128.280423,17.529695987701416,69,51,71,,,,,,
1769577128.3501801,17.599130868911743,69,51,70,,,,,,
1769577128.432968,17.682373762130737,68,51,69,,,,,,
1769577128.492245,17.741493701934814,68,51,68,,,,,,
1769577128.548991,17.798260927200317,67,52,68,,,,,,
1769577128.555758,17.805113792419434,67,52,67,,,,,,
1769577128.645748,17.89474081993103,68,51,69,,,,,,
1769577128.710253,17.959608793258667,68,51,69,,,,,,
1769577128.7679172,18.017319917678833,68,51,69,,,,,,
1769577128.835349,18.08412480354309,68,51,69,,,,,,
1769577128.932441,18.181840896606445,68,51,68,,,,,,
1769577128.9821131,18.231459856033325,68,51,68,,,,,,
1769577129.031447,18.280739784240723,67,52,68,,,,,,
1769577129.081245,18.33052682876587,67,52,67,,,,,,
1769577129.13147,18.380736589431763,67,52,67,,,,,,
1769577129.178211,18.427493810653687,66,52,66,,,,,,
1769577129.22643,18.47578477859497,66,53,65,,,,,,
1769577129.274328,18.523538827896118,66,53,65,,,,,,
1769577129.323851,18.57317280769348,66,52,66,,,,,,
1769577129.3750138,18.6243577003479,66,52,66,,,,,,
1769577129.4253628,18.674738883972168,66,52,66,,,,,,
1769577129.4771478,18.72644281387329,66,53,65,,,,,,
1769577129.527261,18.77652359008789,66,52,66,,,,,,
1769577129.572973,18.822210788726807,66,53,65,,,,,,
1769577129.619744,18.869091749191284,66,53,65,,,,,,
1769577129.667687,18.917064905166626,65,53,64,,,,,,
1769577129.718973,18.968238830566406,64,53,64,,,,,,
1769577129.771216,19.02048373222351,64,53,64,,,,,,
1769577129.8170109,19.06631875038147,64,54,63,,,,,,
1769577129.861471,19.110864877700806,65,53,64,,,,,,
1769577129.904607,19.154010772705078,66,53,65,,,,,,
1769577129.9542751,19.203600883483887,65,53,64,,,,,,
1769577130.0053298,19.254374742507935,64,53,64,,,,,,
1769577130.055425,19.304828882217407,65,53,64,,,,,,
1769577130.104419,19.353808879852295,65,53,64,,,,,,
1769577130.154767,19.404003858566284,64,53,64,,,,,,
1769577130.204625,19.453921794891357,65,53,64,,,,,,
1769577130.253506,19.50290584564209,65,53,64,,,,,,
1769577130.30336,19.552672624588013,64,53,64,,,,,,
1769577130.3536708,19.603071928024292,64,53,64,,,,,,
1769577130.404585,19.653977870941162,64,53,64,,,,,,
1769577130.454602,19.703966856002808,64,54,63,,,,,,
1769577130.504868,19.754204750061035,64,54,63,,,,,,
1769577130.555115,19.804253816604614,65,54,63,,,,,,
1769577130.604258,19.85362482070923,64,54,63,,,,,,
1769577130.654521,19.903790712356567,64,54,63,,,,,,
1769577130.704001,19.953396797180176,64,54,63,,,,,,
1769577130.7534342,20.002731800079346,64,54,63,,,,,,
1769577130.804755,20.054139852523804,64,54,62,,,,,,
1769577130.854285,20.103689908981323,64,54,62,,,,,,
1769577130.904567,20.153960943222046,64,54,63,,,,,,
1769577130.955331,20.204429626464844,64,54,63,,,,,,
1769577131.004941,20.254287719726562,64,54,62,68.465,51.28,68.535,1.736276595744684,02.714680851063825,5.8594680851063785
1769577131.053567,20.302886724472046,63,54,62,68.43,51.295,68.495,1.7012765957446874,02.6996808510638246,5.8194680851063865
1769577131.103952,20.353044986724854,64,54,62,68.4,51.31,68.455,1.6712765957446862,02.684680851063824,5.77946808510638
1769577131.155089,20.404337882995605,64,54,63,68.37,51.325,68.42,1.641276595744685,02.6696808510638235,5.744468085106384
1769577131.204032,20.453094720840454,64,54,62,68.34,51.34,68.38,1.611276595744684,02.654680851063823,5.704468085106377
1769577131.253679,20.502773761749268,63,54,62,68.305,51.355,68.34,1.5762765957446874,02.6396808510638294,5.664468085106385
1769577131.304536,20.553776741027832,63,54,62,68.27,51.37,68.3,1.5412765957446766,02.624680851063829,5.624468085106379
1769577131.3535192,20.602853775024414,64,54,63,68.24,51.385,68.265,1.5112765957446754,02.6096808510638283,5.5894680851063825
1769577131.404822,20.653812885284424,63,54,62,68.205,51.4,68.225,1.4762765957446788,02.5946808510638277,5.549468085106376
1769577131.4719412,20.721174716949463,63,54,62,68.17,51.415,68.185,1.4412765957446823,02.579680851063827,5.509468085106384
1769577131.591188,20.84038472175598,63,54,62,68.135,51.43,68.15,1.4062765957446857,02.5646808510638266,5.474468085106388
1769577131.64498,20.894218921661377,63,54,62,68.1,51.445,68.115,1.3712765957446749,02.549680851063826,5.439468085106377
1769577131.6967292,20.945952653884888,63,54,62,68.065,51.46,68.075,1.3362765957446783,02.5346808510638255,5.399468085106385
1769577131.809908,21.059075832366943,63,54,63,68.03,51.475,68.04,1.3012765957446817,02.519680851063825,5.364468085106388
1769577131.868171,21.117299795150757,63,54,62,67.99,51.495,67.995,1.2612765957446754,02.499680851063829,5.3194680851063865
1769577131.925853,21.175068855285645,63,54,62,67.955,51.51,67.955,1.2262765957446788,02.4846808510638283,5.27946808510638
1769577131.9740531,21.2232027053833,63,54,62,67.92,51.525,67.915,1.1912765957446823,02.4696808510638277,5.239468085106388
1769577132.026003,21.27525281906128,63,54,62,67.88,51.545,67.87,1.151276595744676,02.4496808510638246,5.1944680851063865
1769577132.0724301,21.321679830551147,63,54,62,67.845,51.56,67.83,1.1162765957446794,02.434680851063824,5.15446808510638
1769577132.121004,21.370237827301025,63,54,63,67.81,51.575,67.795,1.0812765957446828,02.4196808510638235,5.119468085106384
1769577132.175483,21.424652814865112,63,54,63,67.775,51.59,67.76,1.0462765957446862,02.404680851063823,5.084468085106387
1769577132.2290182,21.47804594039917,64,54,63,67.745,51.605,67.725,1.016276595744685,02.3896808510638294,5.049468085106376
1769577132.289985,21.53578281402588,63,54,63,67.705,51.625,67.685,0.9762765957446788,02.3696808510638263,5.009468085106384
1769577132.3457458,21.594908952713013,63,54,63,67.665,51.645,67.645,0.9362765957446868,02.349680851063823,4.969468085106378
1769577132.3977118,21.646973848342896,64,54,63,67.63,51.665,67.6,0.901276595744676,02.329680851063827,4.924468085106376
1769577132.449265,21.698575735092163,63,54,63,67.59,51.685,67.56,0.861276595744684,02.309680851063824,4.884468085106384
1769577132.505001,21.754225730895996,63,54,63,67.55,51.705,67.52,0.8212765957446777,02.289680851063828,4.844468085106378
1769577132.563741,21.812944889068604,63,54,63,67.51,51.725,67.475,0.7812765957446857,02.269680851063825,4.799468085106376
1769577132.6288168,21.87809681892395,63,54,63,67.47,51.745,67.43,0.7412765957446794,02.249680851063829,4.754468085106389
1769577132.686877,21.936049938201904,63,54,62,67.43,51.765,67.38,0.7012765957446874,02.2296808510638257,4.704468085106377
1769577132.736613,21.98579978942871,63,54,62,67.39,51.785,67.33,0.6612765957446811,02.2096808510638297,4.65446808510638
1769577132.7852821,22.034448862075806,63,54,63,67.35,51.805,67.285,0.6212765957446749,02.1896808510638266,4.6094680851063785
1769577132.845529,22.094823837280273,63,54,63,67.31,51.825,67.245,0.5812765957446828,02.1696808510638235,4.5694680851063865
1769577132.910329,22.15952467918396,63,54,63,67.27,51.845,67.205,0.5412765957446766,02.1496808510638274,4.52946808510638
1769577132.970025,22.219273805618286,63,54,63,67.235,51.865,67.165,0.50627659574468,02.1296808510638243,4.489468085106388
1769577133.018202,22.26744771003723,63,54,63,67.2,51.885,67.125,0.4712765957446834,02.1096808510638283,4.449468085106382
1769577133.06744,22.31672191619873,63,54,63,67.165,51.905,67.085,0.4362765957446868,02.089680851063825,4.409468085106376
1769577133.1195872,22.368492603302002,63,54,63,67.13,51.925,67.045,0.401276595744676,02.069680851063829,4.369468085106384
1769577133.17939,22.428608655929565,63,54,62,67.095,51.94,67.005,0.3662765957446794,02.0546808510638286,4.329468085106377
1769577133.236018,22.48531484603882,63,54,62,67.06,51.955,66.965,0.3312765957446828,02.039680851063828,4.289468085106385
1769577133.291782,22.541083812713623,63,54,62,67.025,51.975,66.92,0.29627659574468623,02.019680851063825,4.244468085106384
1769577133.3453062,22.594456672668457,63,54,62,66.99,51.995,66.875,0.26127659574467543,01.9996808510638289,4.199468085106382
1769577133.3939562,22.643247842788696,63,54,62,66.955,52.01,66.835,0.22627659574467884,01.9846808510638283,4.159468085106376
1769577133.472219,22.721263885498047,63,54,63,66.92,52.025,66.805,0.19127659574468225,01.9696808510638277,4.129468085106389
1769577133.520895,22.770166635513306,63,54,63,66.885,52.04,66.77,0.15627659574468566,01.9546808510638272,4.094468085106378
1769577133.578399,22.827117681503296,63,54,63,66.85,52.06,66.73,0.12127659574467486,01.934680851063824,4.054468085106386
1769577133.630848,22.879976987838745,63,54,63,66.81,52.08,66.69,0.08127659574468282,01.914680851063828,4.01446808510638
1769577133.6779132,22.9272677898407,63,54,62,66.77,52.1,66.645,0.04127659574467657,01.894680851063825,3.969468085106378
1769577133.727962,22.97707772254944,63,54,63,66.735,52.115,66.61,0.00627659574467998,01.8796808510638243,3.9344680851063814
1769577133.780054,23.029186725616455,64,53,63,66.705,52.125,66.575,00.023723404255321157,01.8696808510638263,3.8994680851063848
1769577133.8776479,23.12688159942627,63,54,63,66.67,52.14,66.545,00.058723404255317746,01.8546808510638257,3.8694680851063836
1769577134.050547,23.29971194267273,64,54,63,66.645,52.155,66.515,00.08372340425532343,01.8396808510638252,3.8394680851063825
1769577134.118381,23.36761975288391,63,54,62,66.615,52.17,66.48,00.11372340425532457,01.8246808510638246,3.804468085106386
1769577134.187571,23.436023712158203,63,54,62,66.58,52.185,66.445,00.14872340425532116,01.809680851063824,3.769468085106375
1769577134.2577019,23.506151914596558,63,54,62,66.545,52.2,66.41,00.18372340425531775,01.7946808510638235,3.7344680851063785
1769577134.341446,23.590645790100098,63,54,62,66.51,52.215,66.375,00.21872340425531434,01.779680851063823,3.699468085106382
1769577134.415315,23.66389775276184,63,54,62,66.475,52.23,66.34,00.25372340425532514,01.7646808510638294,3.6644680851063853
1769577134.473788,23.72293782234192,63,54,62,66.44,52.245,66.3,00.2887234042553217,01.7496808510638289,3.624468085106379
1769577134.542686,23.791329622268677,63,54,62,66.405,52.26,66.26,00.3237234042553183,01.7346808510638283,3.584468085106387
1769577134.670549,23.91982078552246,63,54,62,66.37,52.275,66.22,00.3587234042553149,01.7196808510638277,3.544468085106381
1769577134.7283251,23.977510929107666,63,54,62,66.335,52.29,66.18,00.3937234042553257,01.7046808510638272,3.5044680851063887
1769577134.775763,24.02497887611389,63,54,61,66.305,52.305,66.14,00.42372340425531263,01.6896808510638266,3.4644680851063825
1769577134.824918,24.074137687683105,63,54,62,66.275,52.32,66.11,00.45372340425531377,01.674680851063826,3.4344680851063814
1769577134.871888,24.121230840682983,63,54,62,66.245,52.33,66.08,00.4837234042553149,01.664680851063828,3.40446808510638
1769577134.9237351,24.17293381690979,62,54,61,66.21,52.34,66.045,00.5187234042553257,01.654680851063823,3.3694680851063836
1769577134.9743528,24.22359561920166,62,54,61,66.175,52.355,66.01,00.5537234042553223,01.6396808510638294,3.334468085106387
1769577135.025072,24.27431559562683,63,54,62,66.14,52.37,65.975,00.5887234042553189,01.6246808510638289,3.2994680851063762
1769577135.0713248,24.320619583129883,63,54,62,66.11,52.385,65.94,00.61872340425532,01.6096808510638283,3.2644680851063796
1769577135.117717,24.366934776306152,63,54,62,66.08,52.4,65.91,00.6487234042553212,01.5946808510638277,3.2344680851063785
1769577135.1685178,24.417738914489746,63,54,62,66.05,52.415,65.875,00.6787234042553223,01.5796808510638272,3.199468085106382
1769577135.2171378,24.466424703598022,62,54,61,66.015,52.43,65.835,00.7137234042553189,01.5646808510638266,3.1594680851063757
1769577135.2669382,24.516191959381104,62,54,62,65.98,52.445,65.8,00.7487234042553155,01.549680851063826,3.124468085106379
1769577135.3182578,24.567482709884644,63,54,62,65.95,52.46,65.77,00.7787234042553166,01.5346808510638255,3.094468085106378
1769577135.371923,24.62113881111145,63,54,62,65.92,52.47,65.74,00.8087234042553177,01.5246808510638274,3.064468085106377
1769577135.425251,24.67447781562805,63,54,62,65.89,52.485,65.71,00.8387234042553189,01.5096808510638269,3.0344680851063757
1769577135.4786339,24.727929830551147,63,54,62,65.86,52.5,65.68,00.86872340425532,01.4946808510638263,3.0044680851063887
1769577135.532872,24.782033920288086,63,54,61,65.83,52.515,65.64,00.8987234042553212,01.4796808510638257,2.9644680851063825
1769577135.5868402,24.835754871368408,63,54,61,65.8,52.53,65.6,00.9287234042553223,01.4646808510638252,2.9244680851063762
1769577135.6376379,24.886720657348633,62,54,61,65.765,52.54,65.565,00.9637234042553189,01.4546808510638272,2.8894680851063796
1769577135.691187,24.94036293029785,62,54,61,65.73,52.555,65.53,00.9987234042553155,01.4396808510638266,2.854468085106383
1769577135.747406,24.996601819992065,62,55,61,65.695,52.575,65.495,01.0337234042553263,01.4196808510638235,2.8194680851063865
1769577135.7971451,25.046352863311768,62,55,61,65.66,52.595,65.46,01.0687234042553229,01.3996808510638274,2.7844680851063757
1769577135.8454568,25.0946307182312,62,54,61,65.625,52.61,65.425,01.1037234042553195,01.3846808510638269,2.749468085106379
1769577135.889914,25.139123916625977,62,54,61,65.59,52.625,65.39,01.138723404255316,01.3696808510638263,2.7144680851063825
1769577135.936648,25.18584966659546,62,54,61,65.56,52.635,65.355,01.1687234042553172,01.3596808510638283,2.679468085106386
1769577135.985326,25.23457980155945,62,54,62,65.53,52.65,65.325,01.1987234042553183,01.3446808510638277,2.6494680851063848
1769577136.0358772,25.285157918930054,62,54,61,65.495,52.665,65.29,01.233723404255315,01.3296808510638272,2.614468085106388
1769577136.195858,25.444517850875854,62,54,61,65.46,52.68,65.25,01.2687234042553257,01.3146808510638266,2.574468085106382
1769577136.303968,25.553170919418335,62,54,62,65.425,52.695,65.215,01.3037234042553223,01.299680851063826,2.5394680851063853
1769577136.355176,25.604395627975464,62,54,61,65.39,52.71,65.175,01.3387234042553189,01.2846808510638255,2.499468085106379
1769577136.40451,25.65328884124756,62,54,62,65.355,52.725,65.14,01.3737234042553155,01.269680851063825,2.4644680851063825
1769577136.4846468,25.733810901641846,62,54,61,65.32,52.74,65.1,01.4087234042553263,01.2546808510638243,2.4244680851063762
1769577136.558126,25.806673765182495,62,55,61,65.285,52.76,65.06,01.4437234042553229,01.2346808510638283,2.384468085106384
1769577136.6043892,25.85329270362854,62,55,60,65.25,52.78,65.015,01.4787234042553195,01.2146808510638252,2.3394680851063825
1769577136.6544142,25.903273820877075,61,55,60,65.21,52.8,64.97,01.5187234042553257,01.1946808510638292,2.294468085106381
1769577136.7056708,25.95488166809082,61,55,60,65.17,52.82,64.925,01.5587234042553177,01.174680851063826,2.249468085106379
1769577136.754296,26.00360679626465,61,55,60,65.13,52.84,64.88,01.598723404255324,01.154680851063823,2.2044680851063774
1769577136.803487,26.052841901779175,61,55,60,65.09,52.86,64.835,01.638723404255316,01.1346808510638269,2.1594680851063757
1769577136.854293,26.103630781173706,61,55,60,65.05,52.88,64.79,01.6787234042553223,01.1146808510638238,2.114468085106388
1769577136.904352,26.15352487564087,61,55,60,65.01,52.9,64.745,01.7187234042553143,01.0946808510638277,2.0694680851063865
1769577136.954828,26.20367693901062,61,55,60,64.97,52.92,64.7,01.7587234042553206,01.0746808510638246,2.0244680851063848
1769577137.003246,26.252569675445557,61,55,60,64.93,52.94,64.655,01.7987234042553126,01.0546808510638286,1.979468085106383
1769577137.054807,26.304083824157715,61,55,60,64.89,52.96,64.61,01.8387234042553189,01.0346808510638255,1.9344680851063814
1769577137.107491,26.35589575767517,61,55,59,64.85,52.98,64.56,01.8787234042553251,01.0146808510638294,1.8844680851063842
1769577137.158124,26.407392024993896,60,56,58,64.81,53.005,64.51,01.9187234042553172,00.9896808510638238,1.834468085106387
1769577137.2051148,26.454265832901,60,56,58,64.77,53.03,64.46,01.9587234042553234,00.9646808510638252,1.7844680851063757
1769577137.2554219,26.50459861755371,59,56,57,64.72,53.055,64.4,02.0087234042553206,00.9396808510638266,1.7244680851063876
1769577137.306009,26.555171728134155,59,56,57,64.67,53.08,64.34,02.0587234042553177,00.914680851063828,1.6644680851063853
1769577137.369269,26.618468761444092,60,56,58,64.63,53.105,64.29,02.098723404255324,00.8896808510638294,1.6144680851063882
1769577137.429004,26.677334785461426,60,56,57,64.59,53.13,64.23,02.138723404255316,00.8646808510638238,1.554468085106386
1769577137.4904408,26.73970890045166,59,57,57,64.54,53.16,64.17,02.188723404255313,00.8346808510638297,1.4944680851063836
1769577137.544807,26.79300570487976,59,57,57,64.49,53.19,64.11,02.2387234042553246,00.8046808510638286,1.4344680851063814
1769577137.596928,26.846166610717773,59,57,57,64.445,53.22,64.05,02.2837234042553263,00.7746808510638274,1.374468085106379
1769577137.648372,26.897594690322876,59,57,57,64.395,53.25,63.99,02.3337234042553234,00.7446808510638263,1.314468085106384
1769577137.653717,26.902297735214233,59,57,57,64.345,53.28,63.925,02.3837234042553206,00.7146808510638252,1.249468085106379
1769577137.70497,26.953930854797363,58,57,56,64.29,53.31,63.855,02.438723404255313,00.684680851063824,1.1794680851063788
1769577137.7584069,27.007587671279907,58,57,55,64.235,53.34,63.78,02.49372340425532,00.6546808510638229,1.104468085106383
1769577137.8205209,27.06971788406372,58,58,55,64.18,53.375,63.705,02.5487234042553126,00.6196808510638263,1.0294680851063802
1769577137.875085,27.12416386604309,58,57,56,64.125,53.405,63.635,02.6037234042553195,00.5896808510638252,0.9594680851063799
1769577137.973324,27.22248673439026,58,57,55,64.07,53.435,63.565,02.6587234042553263,00.559680851063824,0.8894680851063796
1769577138.027529,27.27676486968994,57,58,54,64.01,53.47,63.485,02.7187234042553143,00.5246808510638274,0.8094680851063814
1769577138.075872,27.324532985687256,58,58,55,63.955,53.505,63.41,02.773723404255321,00.48968085106382375,0.7344680851063785
1769577138.1201532,27.369382858276367,58,58,55,63.9,53.54,63.335,02.828723404255321,00.45468085106382716,0.6594680851063828
1769577138.166446,27.41564393043518,57,58,54,63.845,53.575,63.26,02.8837234042553206,00.41968085106382347,0.5844680851063799
1769577138.2124841,27.461814641952515,57,58,54,63.79,53.61,63.185,02.9387234042553203,00.3846808510638269,0.5094680851063842
1769577138.261861,27.51095485687256,57,58,54,63.73,53.645,63.105,02.9987234042553226,00.3496808510638232,0.4294680851063788
1769577138.310061,27.55933690071106,57,58,54,63.67,53.68,63.025,03.0587234042553177,00.3146808510638266,0.3494680851063805
1769577138.360972,27.609484672546387,57,58,55,63.61,53.715,62.95,03.11872340425532,00.2796808510638229,0.27446808510638476
1769577138.4207768,27.669992923736572,58,58,55,63.555,53.755,62.87,03.1737234042553197,00.23968085106382375,0.19446808510637936
1769577138.477207,27.72640371322632,57,58,54,63.49,53.795,62.785,03.2387234042553175,00.1996808510638246,0.10946808510637851
1769577138.5321548,27.781375885009766,57,58,54,63.43,53.835,62.7,03.2987234042553197,00.15968085106382546,0.024468085106384763
1769577138.586499,27.834438800811768,57,59,53,63.37,53.88,62.61,03.358723404255322,00.11468085106382375,00.06553191489361865
1769577138.63763,27.8864688873291,56,58,53,63.3,53.92,62.52,03.4287234042553223,00.0746808510638246,00.15553191489361495
1769577138.687764,27.93706178665161,57,58,53,63.24,53.96,62.43,03.4887234042553175,00.03468085106382546,00.24553191489361836
1769577138.7449348,27.99333095550537,56,59,53,63.175,54.005,62.34,03.5537234042553223,0.010319148936176248,00.33553191489361467
1769577138.7951,28.043860912322998,56,59,53,63.105,54.05,62.25,03.6237234042553226,0.05531914893617085,00.4255319148936181
1769577138.840692,28.08995771408081,56,59,53,63.035,54.095,62.16,03.693723404255323,0.10031914893617255,00.5155319148936215
1769577138.88624,28.135533809661865,56,59,53,62.965,54.14,62.07,03.763723404255316,0.14531914893617426,00.6055319148936178
1769577138.9339468,28.182835817337036,56,59,53,62.9,54.185,61.98,03.828723404255321,0.19031914893617596,00.6955319148936212
1769577138.980649,28.22995376586914,56,59,53,62.835,54.23,61.89,03.8937234042553186,0.23531914893617056,00.7855319148936175
1769577139.029712,28.278748750686646,56,59,53,62.77,54.275,61.8,03.9587234042553163,0.28031914893617227,00.8755319148936209
1769577139.0785122,28.327776670455933,56,59,53,62.705,54.32,61.71,04.023723404255321,0.325319148936174,00.9655319148936172
1769577139.1289878,28.377519845962524,56,59,53,62.64,54.365,61.62,04.088723404255319,0.3703191489361757,01.0555319148936206
1769577139.182881,28.431978940963745,56,59,53,62.575,54.405,61.53,04.153723404255317,0.4103191489361748,01.145531914893617
1769577139.2319958,28.481299877166748,56,59,53,62.51,54.445,61.445,04.218723404255321,0.450319148936174,01.2305319148936178
1769577139.277725,28.52664089202881,55,59,52,62.44,54.485,61.355,04.288723404255322,0.4903191489361731,01.3205319148936212
1769577139.323791,28.5729558467865,56,59,53,62.375,54.525,61.27,04.3537234042553195,0.5303191489361723,01.405531914893615
1769577139.3739111,28.623000860214233,55,59,53,62.305,54.565,61.185,04.42372340425532,0.5703191489361714,01.4905319148936158
1769577139.423693,28.672937870025635,55,59,52,62.235,54.605,61.09,04.49372340425532,0.6103191489361706,01.5855319148936147
1769577139.471976,28.72129464149475,55,59,52,62.165,54.645,61.0,04.56372340425532,0.6503191489361768,01.675531914893618
1769577139.521047,28.76937174797058,55,59,52,62.1,54.685,60.915,04.628723404255318,0.690319148936176,01.760531914893619
1769577139.5653539,28.81456160545349,55,59,52,62.035,54.725,60.835,04.693723404255323,0.7303191489361751,01.8405319148936172
1769577139.6121442,28.86104393005371,55,59,52,61.975,54.76,60.755,04.753723404255318,0.7653191489361717,01.9205319148936155
1769577139.65788,28.906409978866577,55,59,52,61.915,54.795,60.68,04.81372340425532,0.8003191489361754,01.9955319148936184
1769577139.70475,28.95343780517578,55,59,52,61.85,54.835,60.595,04.878723404255318,0.8403191489361745,02.080531914893619
1769577139.758228,29.00463581085205,55,59,52,61.785,54.875,60.51,04.943723404255323,0.8803191489361737,02.16553191489362
1769577139.80576,29.055059909820557,55,59,52,61.72,54.915,60.425,05.008723404255321,0.9203191489361728,02.250531914893621
1769577139.854492,29.103347778320312,55,59,52,61.655,54.955,60.34,05.073723404255318,0.960319148936172,02.3355319148936147
1769577139.904265,29.153249740600586,55,59,52,61.59,54.995,60.26,05.138723404255316,1.0003191489361711,02.41553191489362
1769577139.9540548,29.2029869556427,54,59,52,61.52,55.035,60.18,05.208723404255316,1.0403191489361703,02.4955319148936184
1769577140.00459,29.253350734710693,54,59,52,61.455,55.07,60.1,05.273723404255321,1.075319148936174,02.5755319148936167
1769577140.0576088,29.30692768096924,54,59,52,61.39,55.105,60.025,05.338723404255319,1.1103191489361706,02.6505319148936195
1769577140.1126652,29.361154794692993,55,59,52,61.33,55.14,59.95,05.398723404255321,1.1453191489361743,02.7255319148936152
1769577140.168682,29.4179368019104,55,59,52,61.275,55.175,59.88,05.453723404255321,1.1803191489361708,02.7955319148936155
1769577140.225121,29.473476886749268,54,59,52,61.215,55.205,59.815,05.513723404255316,1.210319148936172,02.8605319148936204
1769577140.282076,29.53066086769104,54,59,52,61.155,55.235,59.75,05.573723404255318,1.2403191489361731,02.925531914893618
1769577140.33533,29.584584951400757,54,59,52,61.095,55.27,59.68,05.633723404255321,1.2753191489361768,02.9955319148936184
1769577140.385956,29.635190725326538,54,59,52,61.035,55.305,59.61,05.693723404255323,1.3103191489361734,03.0655319148936186
1769577140.4351501,29.684425830841064,54,59,52,60.975,55.34,59.54,05.753723404255318,1.345319148936177,03.135531914893619
1769577140.486071,29.735291719436646,54,59,52,60.915,55.37,59.475,05.81372340425532,1.3753191489361711,03.2005319148936167
1769577140.5322099,29.78137493133545,54,59,52,60.855,55.405,59.405,05.873723404255323,1.4103191489361748,03.270531914893617
1769577140.577495,29.826233863830566,54,59,52,60.795,55.435,59.34,05.933723404255318,1.440319148936176,03.3355319148936147
1769577140.6197782,29.86906385421753,54,59,52,60.735,55.465,59.275,05.99372340425532,1.470319148936177,03.4005319148936195
1769577140.6639419,29.913030862808228,54,59,51,60.68,55.495,59.21,06.04872340425532,1.5003191489361711,03.4655319148936172
1769577140.708846,29.957740783691406,54,59,51,60.63,55.525,59.145,06.098723404255317,1.5303191489361723,03.530531914893615
1769577140.754059,30.00339674949646,53,60,51,60.575,55.56,59.08,06.153723404255317,1.565319148936176,03.59553191489362
1769577140.804599,30.053796768188477,54,59,51,60.525,55.585,59.02,06.203723404255321,1.5903191489361745,03.655531914893615
1769577140.853868,30.103105783462524,54,59,52,60.47,55.615,58.96,06.258723404255321,1.6203191489361757,03.7155319148936172
1769577140.907253,30.15533685684204,54,59,52,60.41,55.645,58.895,06.318723404255323,1.6503191489361768,03.780531914893615
1769577140.964499,30.213767766952515,53,60,51,60.35,55.68,58.83,06.378723404255318,1.6853191489361734,03.84553191489362
1769577141.00716,30.255762815475464,53,60,51,60.295,55.715,58.765,06.433723404255318,1.720319148936177,03.9105319148936175
1769577141.0543082,30.3036208152771,53,60,51,60.235,55.75,58.7,06.49372340425532,1.7553191489361737,03.9755319148936152
1769577141.10407,30.353105783462524,53,60,51,60.175,55.785,58.635,06.553723404255322,1.7903191489361703,04.04053191489362
1769577141.15503,30.403563022613525,53,60,51,60.12,55.82,58.57,06.608723404255322,1.825319148936174,04.105531914893618
1769577141.2037818,30.453052759170532,53,60,51,60.06,55.855,58.505,06.668723404255317,1.8603191489361706,04.1705319148936155
1769577141.254807,30.50373888015747,53,60,51,60.0,55.89,58.44,06.7287234042553195,1.8953191489361743,04.23553191489362
1769577141.305572,30.55464482307434,53,60,51,59.945,55.925,58.375,06.783723404255319,1.9303191489361708,04.300531914893618
1769577141.3539279,30.603269815444946,53,60,50,59.89,55.96,58.305,06.838723404255319,1.9653191489361745,04.370531914893618
1769577141.40309,30.65237283706665,53,59,52,59.835,55.99,58.245,06.893723404255319,1.9953191489361757,04.430531914893621
1769577141.4571059,30.704840898513794,53,59,51,59.78,56.015,58.185,06.948723404255318,2.0203191489361743,04.490531914893616
1769577141.503089,30.752275943756104,52,60,51,59.72,56.045,58.125,07.008723404255321,2.0503191489361754,04.550531914893618
1769577141.552948,30.80216073989868,53,59,51,59.66,56.07,58.065,07.068723404255323,2.075319148936174,04.61053191489362
1769577141.604424,30.8536217212677,53,60,51,59.605,56.1,58.005,07.123723404255323,2.105319148936175,04.6705319148936155
1769577141.6538,30.902830839157104,52,60,51,59.545,56.13,57.945,07.183723404255318,2.1353191489361762,04.730531914893618
1769577141.70789,30.95417594909668,52,60,51,59.485,56.16,57.885,07.24372340425532,2.1653191489361703,04.79053191489362
1769577141.753302,31.002627849578857,52,60,51,59.425,56.19,57.825,07.303723404255322,2.1953191489361714,04.850531914893615
1769577141.8051789,31.05439066886902,52,60,51,59.365,56.22,57.77,07.3637234042553175,2.2253191489361726,04.905531914893615
1769577141.856905,31.105934858322144,52,60,51,59.305,56.25,57.715,07.42372340425532,2.2553191489361737,04.960531914893615
1769577141.9038022,31.15315079689026,52,60,51,59.245,56.28,57.655,07.483723404255322,2.285319148936175,05.020531914893617
1769577141.953643,31.202892780303955,52,60,51,59.185,56.31,57.595,07.543723404255317,2.315319148936176,05.080531914893619
1769577142.0055318,31.25475263595581,52,60,51,59.125,56.34,57.54,07.6037234042553195,2.345319148936177,05.135531914893619
1769577142.064289,31.313538789749146,52,60,51,59.07,56.37,57.485,07.658723404255319,2.375319148936171,05.190531914893619
1769577142.112118,31.36145782470703,52,60,51,59.01,56.4,57.43,07.718723404255321,2.4053191489361723,05.245531914893618
1769577142.165809,31.413413763046265,52,60,51,58.95,56.43,57.37,07.778723404255317,2.4353191489361734,05.305531914893621
1769577142.2185001,31.46719264984131,52,60,51,58.89,56.46,57.315,07.838723404255319,2.4653191489361745,05.36053191489362
1769577142.27022,31.51935076713562,52,60,51,58.835,56.49,57.26,07.893723404255319,2.4953191489361757,05.41553191489362
1769577142.3251462,31.574321746826172,52,59,51,58.78,56.515,57.205,07.948723404255318,2.5203191489361743,05.47053191489362
1769577142.381846,31.63106083869934,52,59,51,58.72,56.54,57.145,08.00872340425532,2.545319148936173,05.530531914893615
1769577142.429893,31.679039001464844,52,60,51,58.665,56.57,57.09,08.06372340425532,2.575319148936174,05.585531914893615
1769577142.474473,31.723665714263916,52,60,51,58.61,56.6,57.035,08.11872340425532,2.605319148936175,05.6405319148936215
1769577142.518783,31.768046855926514,52,59,51,58.555,56.625,56.98,08.17372340425532,2.6303191489361737,05.695531914893621
1769577142.56284,31.811683654785156,52,60,51,58.5,56.655,56.925,08.22872340425532,2.660319148936175,05.750531914893621
1769577142.605433,31.854780912399292,52,60,51,58.445,56.685,56.87,08.28372340425532,2.690319148936176,05.805531914893621
1769577142.65249,31.901824712753296,52,59,51,58.39,56.71,56.81,08.338723404255319,2.7153191489361745,05.865531914893616
1769577142.7028701,31.952171802520752,52,59,51,58.335,56.735,56.755,08.393723404255319,2.740319148936173,05.9205319148936155
1769577142.754324,32.003522634506226,52,59,51,58.28,56.76,56.7,08.448723404255318,2.7653191489361717,05.975531914893615
1769577142.8031518,32.05231165885925,52,59,51,58.225,56.785,56.645,08.503723404255318,2.7903191489361703,06.030531914893615
1769577142.855874,32.10485768318176,52,59,51,58.17,56.81,56.59,08.558723404255318,2.815319148936176,06.085531914893615
1769577142.914471,32.16367983818054,52,59,51,58.115,56.835,56.535,08.613723404255317,2.8403191489361745,06.1405319148936215
1769577142.956146,32.20533561706543,52,59,51,58.06,56.86,56.475,08.668723404255317,2.865319148936173,06.200531914893617
1769577143.003909,32.25325965881348,52,59,51,58.005,56.885,56.415,08.723723404255317,2.8903191489361717,06.260531914893619
1769577143.054966,32.304088830947876,52,59,51,57.945,56.91,56.355,08.78372340425532,2.9153191489361703,06.320531914893621
1769577143.1029592,32.35225963592529,51,59,51,57.885,56.935,56.295,08.843723404255321,2.940319148936176,06.380531914893616
1769577143.1564958,32.40546679496765,51,59,51,57.825,56.96,56.235,08.903723404255317,2.9653191489361745,06.440531914893619
1769577143.203549,32.452802658081055,52,59,51,57.765,56.985,56.175,08.963723404255319,2.990319148936173,06.500531914893621
1769577143.2537642,32.50301384925842,51,59,51,57.705,57.01,56.115,09.023723404255321,3.0153191489361717,06.560531914893616
1769577143.3044639,32.55376577377319,51,59,51,57.645,57.035,56.055,09.083723404255316,3.0403191489361703,06.620531914893618
1769577143.355576,32.604580879211426,51,59,51,57.585,57.06,55.995,09.143723404255319,3.065319148936176,06.680531914893621
1769577143.404344,32.65360164642334,51,59,51,57.525,57.085,55.935,09.20372340425532,3.0903191489361745,06.740531914893616
1769577143.453331,32.70254182815552,51,60,51,57.465,57.115,55.88,09.263723404255316,3.1203191489361757,06.7955319148936155
1769577143.504034,32.75329089164734,51,60,50,57.405,57.145,55.82,09.323723404255318,3.150319148936177,06.855531914893618
1769577143.555242,32.80453681945801,51,60,50,57.345,57.175,55.755,09.38372340425532,3.180319148936171,06.9205319148936155
1769577143.604717,32.85389685630798,50,60,50,57.28,57.205,55.69,09.448723404255318,3.210319148936172,06.98553191489362
1769577143.653939,32.9032928943634,50,60,50,57.215,57.235,55.625,09.513723404255316,3.240319148936173,07.050531914893618
1769577143.704663,32.95315480232239,50,60,50,57.15,57.265,55.56,09.57872340425532,3.2703191489361743,07.115531914893616
1769577143.755429,33.00468468666077,50,60,50,57.085,57.295,55.495,09.643723404255319,3.3003191489361754,07.180531914893621
1769577143.813132,33.06239080429077,50,60,50,57.02,57.325,55.43,09.708723404255316,3.3303191489361765,07.245531914893618
1769577143.873408,33.122657775878906,50,60,50,56.955,57.355,55.365,09.773723404255321,3.3603191489361706,07.310531914893616
1769577143.922548,33.17176675796509,50,60,50,56.89,57.385,55.305,09.838723404255319,3.3903191489361717,07.370531914893618
1769577143.97195,33.22118878364563,50,60,50,56.825,57.415,55.245,09.903723404255317,3.420319148936173,07.430531914893621
1769577144.026756,33.276039838790894,50,60,49,56.76,57.445,55.18,09.968723404255321,3.450319148936174,07.495531914893618
1769577144.0819662,33.331230878829956,50,60,49,56.695,57.475,55.115,010.03372340425532,3.480319148936175,07.560531914893616
1769577144.144171,33.39228081703186,49,61,49,56.625,57.51,55.05,010.10372340425532,3.5153191489361717,07.625531914893621
1769577144.203274,33.45146179199219,49,61,48,56.555,57.545,54.975,010.17372340425532,3.5503191489361754,07.700531914893617
1769577144.260086,33.50934886932373,49,61,48,56.485,57.58,54.9,010.24372340425532,3.585319148936172,07.7755319148936195
1769577144.317198,33.56647777557373,49,61,48,56.415,57.615,54.825,010.31372340425532,3.6203191489361757,07.850531914893615
1769577144.373852,33.62314486503601,50,60,49,56.35,57.645,54.755,010.378723404255318,3.650319148936177,07.9205319148936155
1769577144.427079,33.676273822784424,50,61,49,56.285,57.68,54.69,010.443723404255323,3.6853191489361734,07.98553191489362
1769577144.484014,33.73303484916687,49,61,48,56.215,57.715,54.615,010.513723404255316,3.720319148936177,08.060531914893616
1769577144.533012,33.78222060203552,49,61,48,56.14,57.755,54.54,010.588723404255319,3.7603191489361762,08.135531914893619
1769577144.578583,33.827632904052734,49,61,48,56.07,57.79,54.465,010.65872340425532,3.795319148936173,08.210531914893615
1769577144.6225579,33.87151575088501,49,61,48,55.995,57.825,54.39,010.733723404255322,3.8303191489361765,08.285531914893618
1769577144.668121,33.91730880737305,49,61,49,55.925,57.86,54.325,010.803723404255322,3.865319148936173,08.350531914893615
1769577144.7124019,33.961617946624756,49,61,48,55.855,57.895,54.255,010.873723404255323,3.900319148936177,08.420531914893616
1769577144.755855,34.00513982772827,49,62,47,55.785,57.935,54.18,010.943723404255323,3.940319148936176,08.495531914893618
1769577144.803793,34.05298566818237,49,61,48,55.715,57.97,54.11,011.013723404255316,3.9753191489361726,08.565531914893619
1769577144.856144,34.1048367023468,49,61,48,55.645,58.005,54.04,011.083723404255316,4.010319148936176,08.635531914893619
1769577144.903092,34.15244388580322,48,62,47,55.57,58.045,53.965,011.15872340425532,4.050319148936175,08.710531914893615
1769577144.953221,34.20254588127136,48,62,47,55.495,58.085,53.89,011.233723404255322,4.0903191489361745,08.785531914893618
1769577145.012267,34.26152586936951,48,62,47,55.42,58.125,53.815,011.308723404255318,4.130319148936174,08.86053191489362
1769577145.072962,34.32182765007019,48,62,47,55.345,58.165,53.74,011.38372340425532,4.170319148936173,08.935531914893616
1769577145.1430662,34.39215064048767,48,62,47,55.27,58.205,53.67,011.458723404255316,4.210319148936172,09.005531914893616
1769577145.204155,34.4534068107605,48,62,47,55.195,58.245,53.595,011.53372340425532,4.250319148936171,09.08053191489362
1769577145.254482,34.50348687171936,48,62,47,55.12,58.285,53.52,011.608723404255322,4.29031914893617,09.155531914893615
1769577145.303637,34.55293369293213,48,62,47,55.05,58.325,53.45,011.678723404255322,4.3303191489361765,09.225531914893615
1769577145.354357,34.60368466377258,48,62,47,54.98,58.365,53.38,011.748723404255323,4.370319148936176,09.295531914893616
1769577145.411087,34.66009187698364,48,62,46,54.905,58.405,53.3,011.823723404255318,4.410319148936175,09.375531914893621
1769577145.477338,34.72590684890747,48,62,46,54.83,58.445,53.22,011.898723404255321,4.450319148936174,09.45553191489362
1769577145.530617,34.77969264984131,48,62,46,54.755,58.485,53.14,011.973723404255317,4.490319148936173,09.535531914893618
1769577145.577091,34.826212882995605,48,62,46,54.68,58.525,53.06,012.04872340425532,4.530319148936172,09.615531914893616
1769577145.621645,34.870970726013184,47,62,46,54.605,58.565,52.985,012.123723404255323,4.570319148936171,09.690531914893619
1769577145.6719942,34.92127585411072,47,62,46,54.53,58.605,52.905,012.198723404255318,4.610319148936171,09.770531914893617
1769577145.725012,34.97431969642639,48,62,46,54.455,58.645,52.825,012.273723404255321,4.650319148936177,09.850531914893615
1769577145.7803268,35.02955174446106,48,62,47,54.38,58.685,52.75,012.348723404255317,4.690319148936176,09.925531914893618
1769577145.829194,35.07839775085449,48,62,46,54.305,58.725,52.67,012.42372340425532,4.730319148936175,010.005531914893616
1769577145.8769312,35.12611198425293,47,62,46,54.225,58.765,52.59,012.503723404255318,4.770319148936174,010.085531914893615
1769577145.924213,35.17349457740784,47,62,46,54.145,58.805,52.515,012.583723404255316,4.810319148936173,010.160531914893618
1769577145.9740129,35.222808837890625,47,62,46,54.065,58.845,52.44,012.663723404255322,4.8503191489361726,010.23553191489362
1769577146.028571,35.27697682380676,47,62,46,53.99,58.885,52.365,012.738723404255317,4.890319148936172,010.310531914893616
1769577146.0895832,35.33881974220276,47,62,46,53.915,58.925,52.29,012.81372340425532,4.930319148936171,010.385531914893619
1769577146.140068,35.38898587226868,47,62,46,53.84,58.96,52.215,012.888723404255316,4.9653191489361745,010.460531914893615
1769577146.187278,35.436407804489136,47,62,46,53.765,58.995,52.14,012.963723404255319,5.000319148936171,010.535531914893618
1769577146.235494,35.48417568206787,48,62,47,53.695,59.035,52.07,013.03372340425532,5.04031914893617,010.605531914893618
1769577146.2865942,35.535849809646606,47,62,46,53.62,59.075,51.995,013.108723404255322,5.0803191489361765,010.68053191489362
1769577146.3428102,35.59209656715393,47,62,46,53.545,59.115,51.92,013.183723404255318,5.120319148936176,010.755531914893616
1769577146.404774,35.65400171279907,47,62,46,53.47,59.155,51.84,013.25872340425532,5.160319148936175,010.835531914893615
1769577146.4578009,35.70708870887756,47,62,46,53.395,59.195,51.765,013.333723404255316,5.200319148936174,010.910531914893618
1769577146.513661,35.76290464401245,48,62,47,53.325,59.235,51.695,013.403723404255317,5.240319148936173,010.980531914893618
1769577146.596278,35.84530687332153,48,62,47,53.255,59.275,51.62,013.473723404255317,5.280319148936172,011.05553191489362
1769577146.723097,35.972280740737915,48,62,47,53.185,59.315,51.55,013.543723404255317,5.320319148936171,011.125531914893621
1769577146.790333,36.039591789245605,47,62,47,53.11,59.355,51.475,013.61872340425532,5.360319148936171,011.200531914893617
1769577146.8396642,36.088711738586426,47,62,47,53.035,59.395,51.405,013.693723404255323,5.400319148936177,011.270531914893617
1769577146.8854442,36.13470482826233,48,62,47,52.965,59.43,51.335,013.763723404255316,5.435319148936173,011.340531914893617
1769577146.932296,36.1815128326416,48,62,47,52.895,59.465,51.27,013.833723404255316,5.470319148936177,011.405531914893615
1769577146.9807858,36.22989082336426,48,62,47,52.83,59.5,51.205,013.898723404255321,5.505319148936174,011.47053191489362
1769577147.0285618,36.27778196334839,48,62,47,52.765,59.535,51.14,013.963723404255319,5.54031914893617,011.535531914893618
1769577147.0773351,36.326544761657715,47,62,47,52.695,59.57,51.075,014.03372340425532,5.575319148936174,011.600531914893615
1769577147.125182,36.37438488006592,48,62,47,52.63,59.605,51.01,014.098723404255317,5.610319148936171,011.66553191489362
1769577147.170964,36.42024087905884,48,62,47,52.565,59.64,50.945,014.163723404255322,5.645319148936174,011.730531914893618
1769577147.218195,36.46738791465759,48,62,47,52.5,59.675,50.88,014.22872340425532,5.680319148936171,011.795531914893616
1769577147.265353,36.51414775848389,48,62,47,52.435,59.71,50.815,014.293723404255317,5.7153191489361745,011.86053191489362
1769577147.311244,36.56043577194214,48,62,47,52.37,59.745,50.75,014.358723404255322,5.750319148936171,011.925531914893618
1769577147.361061,36.6101438999176,48,61,47,52.305,59.775,50.685,014.42372340425532,5.780319148936172,011.990531914893616
1769577147.4107342,36.6599338054657,47,61,47,52.235,59.805,50.625,014.49372340425532,5.810319148936173,012.050531914893618
1769577147.458359,36.70723581314087,47,61,47,52.17,59.83,50.57,014.558723404255318,5.835319148936172,012.105531914893618
1769577147.502935,36.75213575363159,47,61,47,52.105,59.855,50.515,014.623723404255323,5.860319148936171,012.160531914893618
1769577147.5541,36.803271770477295,48,61,47,52.05,59.88,50.465,014.678723404255322,5.885319148936176,012.210531914893615
1769577147.602614,36.85190677642822,48,61,47,51.995,59.905,50.415,014.733723404255322,5.910319148936175,012.260531914893619
1769577147.655518,36.90473985671997,47,61,47,51.93,59.93,50.36,014.79872340425532,5.935319148936173,012.315531914893619
1769577147.705568,36.95471167564392,48,61,47,51.87,59.955,50.31,014.858723404255322,5.960319148936172,012.365531914893616
1769577147.7522728,37.001619815826416,48,61,47,51.815,59.975,50.26,014.913723404255322,5.980319148936175,012.41553191489362
1769577147.805147,37.054221630096436,48,61,47,51.76,59.995,50.21,014.968723404255321,6.000319148936171,012.465531914893617
1769577147.852892,37.10216188430786,48,61,47,51.705,60.015,50.16,015.023723404255321,6.020319148936174,012.515531914893621
1769577147.904276,37.15353488922119,48,61,47,51.65,60.035,50.11,015.07872340425532,6.04031914893617,012.565531914893619
1769577147.95484,37.20405983924866,48,61,48,51.595,60.055,50.065,015.13372340425532,6.060319148936173,012.61053191489362
1769577148.0042582,37.25355863571167,48,61,48,51.545,60.075,50.025,015.183723404255318,6.0803191489361765,012.65053191489362
1769577148.0534039,37.30261468887329,48,61,48,51.495,60.095,49.99,015.233723404255322,6.1003191489361726,012.685531914893616
1769577148.104646,37.35373592376709,48,61,47,51.445,60.11,49.95,015.28372340425532,6.115319148936173,012.725531914893615
1769577148.1536891,37.40298867225647,48,61,47,51.395,60.13,49.905,015.333723404255316,6.135319148936176,012.770531914893617
1769577148.204293,37.453518867492676,48,61,47,51.345,60.15,49.865,015.38372340425532,6.155319148936172,012.810531914893616
1769577148.2542121,37.50342869758606,48,61,47,51.3,60.165,49.83,015.428723404255322,6.170319148936173,012.84553191489362
1769577148.3031628,37.552430868148804,48,62,47,51.25,60.185,49.79,015.47872340425532,6.190319148936176,012.885531914893619
1769577148.353027,37.60232090950012,48,61,47,51.2,60.2,49.75,015.528723404255317,6.2053191489361765,012.925531914893618
1769577148.4048362,37.654093742370605,48,61,47,51.155,60.215,49.715,015.573723404255318,6.220319148936177,012.960531914893615
1769577148.452524,37.701809883117676,48,61,47,51.11,60.23,49.68,015.61872340425532,6.235319148936171,012.995531914893618
1769577148.5027242,37.752036809921265,48,61,48,51.065,60.245,49.65,015.663723404255322,6.250319148936171,013.02553191489362
1769577148.554904,37.804163694381714,48,61,47,51.02,60.26,49.615,015.708723404255316,6.265319148936172,013.060531914893616
1769577148.602984,37.852314710617065,48,61,47,50.975,60.275,49.575,015.753723404255318,6.280319148936172,013.100531914893615
1769577148.654262,37.90351366996765,48,62,47,50.925,60.295,49.535,015.803723404255322,6.300319148936175,013.140531914893621
1769577148.7049081,37.95410680770874,47,62,46,50.875,60.315,49.495,015.85372340425532,6.320319148936171,013.18053191489362
1769577148.753016,38.00225281715393,47,62,46,50.825,60.335,49.455,015.903723404255317,6.3403191489361745,013.22053191489362
1769577148.804117,38.05324864387512,48,62,47,50.78,60.35,49.425,015.948723404255318,6.355319148936175,013.250531914893621
1769577148.853856,38.10295391082764,47,62,46,50.735,60.37,49.39,015.99372340425532,6.375319148936171,013.285531914893618
1769577148.9032488,38.1525456905365,47,62,46,50.685,60.39,49.355,016.043723404255317,6.395319148936174,013.320531914893621
1769577148.953544,38.20262575149536,48,62,46,50.645,60.405,49.32,016.083723404255316,6.410319148936175,013.355531914893618
1769577149.003443,38.252766847610474,48,62,47,50.605,60.42,49.29,016.123723404255323,6.425319148936175,013.385531914893619
1769577149.0545971,38.30381488800049,47,62,46,50.56,60.435,49.255,016.168723404255317,6.440319148936176,013.420531914893616
1769577149.1041229,38.35332989692688,47,62,46,50.515,60.45,49.22,016.21372340425532,6.4553191489361765,013.45553191489362
1769577149.153236,38.401946783065796,47,62,46,50.47,60.465,49.185,016.25872340425532,6.470319148936177,013.490531914893616
1769577149.206452,38.455336809158325,47,63,46,50.425,60.485,49.15,016.303723404255322,6.490319148936173,013.52553191489362
1769577149.2525811,38.501776695251465,47,63,46,50.38,60.505,49.115,016.348723404255317,6.510319148936176,013.560531914893616
1769577149.30417,38.55320763587952,47,62,46,50.335,60.52,49.08,016.39372340425532,6.525319148936177,013.59553191489362
1769577149.353699,38.60295867919922,47,62,46,50.29,60.535,49.045,016.43872340425532,6.54031914893617,013.630531914893616
1769577149.404601,38.653931617736816,47,63,46,50.245,60.555,49.01,016.483723404255322,6.560319148936173,013.66553191489362
1769577149.4540958,38.70308780670166,47,63,45,50.2,60.575,48.97,016.528723404255317,6.5803191489361765,013.70553191489362
1769577149.502492,38.75178861618042,47,63,45,50.16,60.595,48.935,016.568723404255323,6.6003191489361726,013.740531914893616
1769577149.555017,38.8039288520813,47,63,45,50.115,60.615,48.895,016.613723404255317,6.620319148936176,013.780531914893615
1769577149.604564,38.85355067253113,47,63,45,50.075,60.635,48.855,016.653723404255317,6.640319148936172,013.820531914893621
1769577149.6538298,38.90290975570679,47,63,45,50.035,60.655,48.82,016.693723404255323,6.660319148936175,013.855531914893618
1769577149.703134,38.952340841293335,47,62,46,49.995,60.67,48.79,016.733723404255322,6.675319148936175,013.885531914893619
1769577149.753269,39.002569913864136,47,63,46,49.955,60.69,48.76,016.77372340425532,6.695319148936171,013.91553191489362
1769577149.803628,39.05262589454651,46,63,44,49.91,60.71,48.72,016.818723404255323,6.7153191489361745,013.95553191489362
1769577149.853654,39.102412700653076,46,64,44,49.865,60.735,48.68,016.863723404255317,6.740319148936173,013.995531914893618
1769577149.904955,39.15418291091919,46,64,44,49.82,60.76,48.64,016.90872340425532,6.765319148936172,014.035531914893618
1769577149.952894,39.202189683914185,46,64,44,49.775,60.785,48.6,016.95372340425532,6.79031914893617,014.075531914893617
1769577150.003762,39.253073930740356,46,63,44,49.73,60.805,48.56,016.998723404255323,6.810319148936173,014.115531914893616
1769577150.054796,39.303693771362305,47,63,45,49.69,60.825,48.525,017.03872340425532,6.8303191489361765,014.15053191489362
1769577150.10296,39.35223865509033,46,63,45,49.645,60.845,48.49,017.083723404255316,6.8503191489361726,014.185531914893616
1769577150.154111,39.403164863586426,46,63,44,49.6,60.865,48.45,017.128723404255318,6.870319148936176,014.225531914893615
1769577150.203615,39.45277166366577,46,63,44,49.56,60.885,48.41,017.168723404255317,6.890319148936172,014.265531914893621
1769577150.2544231,39.5030517578125,46,64,44,49.52,60.91,48.37,017.208723404255316,6.91531914893617,014.30553191489362
1769577150.303756,39.553019762039185,46,64,44,49.48,60.935,48.33,017.248723404255323,6.940319148936176,014.34553191489362
1769577150.353863,39.60306167602539,46,64,44,49.435,60.96,48.29,017.293723404255317,6.9653191489361745,014.385531914893619
1769577150.405013,39.65428376197815,46,64,44,49.39,60.985,48.25,017.33872340425532,6.990319148936173,014.425531914893618
1769577150.454724,39.70382285118103,46,64,44,49.35,61.01,48.21,017.378723404255318,7.015319148936172,014.465531914893617
1769577150.503354,39.752673625946045,46,64,44,49.31,61.035,48.17,017.418723404255317,7.04031914893617,014.505531914893616
1769577150.555734,39.80470395088196,46,64,44,49.27,61.06,48.13,017.458723404255316,7.065319148936176,014.545531914893616
1769577150.6096158,39.85888075828552,46,64,44,49.23,61.085,48.09,017.498723404255323,7.0903191489361745,014.585531914893615
1769577150.65309,39.90237069129944,46,64,44,49.19,61.11,48.05,017.53872340425532,7.115319148936173,014.625531914893621
1769577150.704628,39.95384073257446,46,64,44,49.15,61.135,48.01,017.57872340425532,7.140319148936172,014.66553191489362
1769577150.754368,40.003663778305054,46,64,44,49.11,61.16,47.97,017.61872340425532,7.16531914893617,014.70553191489362
1769577150.8040671,40.05328679084778,46,64,44,49.07,61.185,47.93,017.65872340425532,7.190319148936176,014.745531914893618
1769577150.8540092,40.103166818618774,45,64,43,49.025,61.21,47.885,017.70372340425532,7.2153191489361745,014.79053191489362
1769577150.903162,40.15246891975403,45,64,43,48.98,61.235,47.845,017.748723404255323,7.240319148936173,014.83053191489362
1769577150.953135,40.202449798583984,46,64,44,48.94,61.26,47.81,017.78872340425532,7.265319148936172,014.865531914893616
1769577151.005152,40.254334926605225,46,64,44,48.905,61.28,47.775,017.82372340425532,7.285319148936175,014.90053191489362
1769577151.0541692,40.30343174934387,45,64,44,48.86,61.305,47.74,017.86872340425532,7.310319148936173,014.935531914893616
1769577151.103213,40.35248160362244,45,64,43,48.815,61.33,47.695,017.91372340425532,7.335319148936172,014.980531914893618
1769577151.156825,40.40578770637512,45,64,43,48.77,61.355,47.65,017.958723404255316,7.360319148936171,015.02553191489362
1769577151.220753,40.46990180015564,45,64,43,48.73,61.375,47.61,017.998723404255323,7.380319148936174,015.065531914893619
1769577151.264767,40.51401662826538,45,64,43,48.69,61.395,47.57,018.03872340425532,7.400319148936177,015.105531914893618
1769577151.308228,40.55732178688049,45,64,44,48.65,61.415,47.535,018.07872340425532,7.420319148936173,015.140531914893621
1769577151.3537228,40.603022813797,45,64,44,48.61,61.435,47.5,018.11872340425532,7.440319148936176,015.175531914893618
1769577151.404574,40.653621673583984,45,64,44,48.57,61.455,47.465,018.15872340425532,7.460319148936172,015.210531914893615
1769577151.454324,40.70357394218445,46,64,44,48.535,61.475,47.43,018.193723404255323,7.480319148936175,015.245531914893618
1769577151.5038679,40.75313377380371,45,64,44,48.495,61.495,47.395,018.233723404255322,7.500319148936171,015.280531914893615
1769577151.554008,40.80322265625,45,64,44,48.455,61.515,47.36,018.27372340425532,7.520319148936174,015.315531914893619
1769577151.6040099,40.853174686431885,45,64,44,48.415,61.535,47.33,018.31372340425532,7.54031914893617,015.34553191489362
1769577151.6541052,40.903374671936035,45,64,44,48.375,61.56,47.29,018.35372340425532,7.565319148936176,015.385531914893619
1769577151.704095,40.95330190658569,45,64,43,48.335,61.585,47.25,018.39372340425532,7.5903191489361745,015.425531914893618
1769577151.753664,41.00295567512512,45,64,43,48.3,61.605,47.21,018.428723404255322,7.610319148936171,015.465531914893617
1769577151.803276,41.05252766609192,45,64,44,48.26,61.63,47.175,018.46872340425532,7.635319148936176,015.500531914893621
1769577151.852951,41.10227084159851,45,64,44,48.22,61.65,47.14,018.50872340425532,7.655319148936172,015.535531914893618
1769577151.903718,41.15271186828613,45,64,44,48.185,61.67,47.105,018.543723404255317,7.675319148936175,015.570531914893621
1769577151.952422,41.2017138004303,46,63,44,48.155,61.685,47.07,018.57372340425532,7.690319148936176,015.605531914893618
1769577152.004383,41.25342679023743,45,64,44,48.12,61.705,47.035,018.608723404255322,7.710319148936172,015.640531914893621
1769577152.05323,41.30246877670288,45,64,44,48.085,61.725,47.0,018.64372340425532,7.730319148936175,015.675531914893618
1769577152.103924,41.35262894630432,45,64,44,48.05,61.745,46.965,018.678723404255322,7.750319148936171,015.710531914893615
1769577152.1580749,41.40646195411682,45,64,44,48.015,61.765,46.93,018.71372340425532,7.770319148936174,015.745531914893618
1769577152.2056131,41.45488476753235,45,64,44,47.98,61.785,46.895,018.748723404255323,7.79031914893617,015.780531914893615
1769577152.254213,41.50331974029541,45,64,44,47.945,61.805,46.86,018.78372340425532,7.810319148936173,015.815531914893619
1769577152.303178,41.55246686935425,46,63,44,47.915,61.82,46.825,018.81372340425532,7.825319148936174,015.850531914893615
1769577152.35368,41.60300874710083,45,64,44,47.88,61.84,46.79,018.848723404255317,7.845319148936177,015.885531914893619
1769577152.403757,41.652862787246704,45,64,44,47.845,61.86,46.755,018.88372340425532,7.865319148936173,015.920531914893616
1769577152.452985,41.702335834503174,45,64,44,47.81,61.88,46.72,018.918723404255317,7.885319148936176,015.95553191489362
1769577152.5053818,41.754586696624756,45,64,44,47.775,61.9,46.685,018.95372340425532,7.905319148936172,015.990531914893616
1769577152.553545,41.802865743637085,45,64,43,47.74,61.925,46.645,018.988723404255317,7.930319148936171,016.030531914893615
1769577152.6035159,41.852805852890015,45,64,43,47.705,61.95,46.605,019.02372340425532,7.9553191489361765,016.07053191489362
1769577152.653831,41.90290880203247,45,64,44,47.67,61.97,46.57,019.058723404255318,7.9753191489361726,016.105531914893618
1769577152.7029371,41.9521918296814,45,64,43,47.635,61.99,46.53,019.09372340425532,7.995319148936176,016.145531914893617
1769577152.754171,42.003212690353394,45,64,44,47.6,62.015,46.495,019.128723404255318,8.020319148936174,016.18053191489362
1769577152.8040168,42.053194999694824,45,64,43,47.565,62.035,46.455,019.16372340425532,8.04031914893617,016.22053191489362
1769577152.8533509,42.102622985839844,45,64,43,47.53,62.055,46.415,019.19872340425532,8.060319148936173,016.26053191489362
1769577152.902993,42.15220284461975,45,64,43,47.495,62.08,46.375,019.233723404255322,8.085319148936172,016.300531914893618
1769577152.954626,42.20389986038208,44,64,43,47.455,62.105,46.335,019.27372340425532,8.11031914893617,016.340531914893617
1769577153.0031328,42.252405643463135,44,64,43,47.415,62.13,46.295,019.31372340425532,8.135319148936176,016.380531914893616
1769577153.0538769,42.303101778030396,44,64,43,47.375,62.155,46.255,019.35372340425532,8.160319148936175,016.420531914893616
1769577153.104046,42.3531608581543,44,64,43,47.335,62.18,46.215,019.39372340425532,8.185319148936173,016.460531914893615
1769577153.153758,42.40305161476135,45,64,43,47.3,62.205,46.175,019.428723404255322,8.210319148936172,016.50053191489362
1769577153.203626,42.45292687416077,45,64,43,47.265,62.23,46.135,019.46372340425532,8.23531914893617,016.54053191489362
1769577153.2531898,42.502410888671875,44,64,43,47.225,62.255,46.095,019.503723404255318,8.260319148936176,016.58053191489362
1769577153.303624,42.55290174484253,44,65,42,47.185,62.285,46.05,019.543723404255317,8.29031914893617,016.62553191489362
1769577153.3527858,42.60206484794617,44,65,42,47.15,62.315,46.005,019.57872340425532,8.320319148936171,016.670531914893616
1769577153.405704,42.654231786727905,44,65,42,47.115,62.345,45.96,019.613723404255317,8.350319148936173,016.715531914893617
1769577153.4671848,42.71643280982971,44,65,42,47.075,62.375,45.915,019.653723404255317,8.380319148936174,016.76053191489362
1769577153.5101771,42.75949168205261,44,65,42,47.04,62.405,45.87,019.68872340425532,8.410319148936175,016.80553191489362
1769577153.553547,42.802754640579224,44,65,42,47.005,62.435,45.825,019.723723404255317,8.440319148936176,016.850531914893615
1769577153.604644,42.85389471054077,43,65,42,46.965,62.465,45.78,019.763723404255316,8.470319148936177,016.895531914893617
1769577153.653087,42.90229082107544,44,65,42,46.93,62.495,45.735,019.79872340425532,8.500319148936171,016.94053191489362
1769577153.7031438,42.95237374305725,44,65,42,46.895,62.52,45.69,019.833723404255316,8.525319148936177,016.98553191489362
1769577153.754234,43.00327777862549,44,65,42,46.86,62.545,45.65,019.86872340425532,8.550319148936175,017.02553191489362
1769577153.8041642,43.05285286903381,43,65,42,46.82,62.57,45.61,019.90872340425532,8.575319148936174,017.06553191489362
1769577153.857686,43.10385084152222,43,65,41,46.785,62.595,45.565,019.943723404255323,8.600319148936173,017.11053191489362
1769577153.909857,43.159114837646484,43,65,42,46.75,62.62,45.525,019.97872340425532,8.625319148936171,017.15053191489362
1769577153.953133,43.20178771018982,43,65,42,46.715,62.645,45.485,020.013723404255316,8.650319148936177,017.19053191489362
1769577154.00672,43.2537579536438,43,65,42,46.68,62.67,45.445,020.04872340425532,8.675319148936175,017.230531914893618
1769577154.058837,43.308164834976196,43,65,42,46.645,62.695,45.405,020.083723404255316,8.700319148936174,017.270531914893617
1769577154.1034582,43.35280179977417,43,65,42,46.61,62.72,45.365,020.11872340425532,8.725319148936173,017.310531914893616
1769577154.1547441,43.40362596511841,43,65,41,46.575,62.745,45.32,020.153723404255317,8.750319148936171,017.355531914893618
1769577154.20343,43.452422857284546,43,65,41,46.54,62.77,45.275,020.18872340425532,8.775319148936177,017.40053191489362
1769577154.2536561,43.50291585922241,43,65,41,46.505,62.795,45.235,020.223723404255317,8.800319148936175,017.44053191489362
1769577154.304301,43.553473711013794,43,66,41,46.47,62.825,45.195,020.25872340425532,8.830319148936177,017.480531914893618
1769577154.353339,43.602664947509766,43,66,41,46.44,62.85,45.155,020.28872340425532,8.855319148936175,017.520531914893617
1769577154.4041321,43.653228759765625,43,66,41,46.41,62.875,45.12,020.318723404255323,8.880319148936174,017.55553191489362
1769577154.454154,43.703465938568115,43,65,41,46.38,62.895,45.085,020.348723404255317,8.900319148936177,017.590531914893617
1769577154.503958,43.75300884246826,42,66,41,46.345,62.92,45.05,020.38372340425532,8.925319148936175,017.62553191489362
1769577154.5544121,43.80303883552551,42,66,41,46.305,62.95,45.01,020.42372340425532,8.955319148936177,017.66553191489362
1769577154.603269,43.85251975059509,42,66,41,46.265,62.975,44.97,020.46372340425532,8.980319148936175,017.70553191489362
1769577154.654284,43.90336894989014,42,66,41,46.23,63.0,44.935,020.498723404255323,9.005319148936174,017.740531914893616
1769577154.70233,43.95160388946533,42,66,41,46.195,63.025,44.9,020.53372340425532,9.030319148936172,017.77553191489362
1769577154.754134,44.003397703170776,42,66,41,46.16,63.05,44.865,020.568723404255323,9.05531914893617,017.810531914893616
1769577154.802167,44.05145192146301,43,66,41,46.13,63.075,44.83,020.598723404255317,9.080319148936177,017.84553191489362
1769577154.853605,44.102890968322754,42,66,41,46.095,63.1,44.79,020.63372340425532,9.105319148936175,017.88553191489362
1769577154.902522,44.15184998512268,42,66,41,46.06,63.125,44.755,020.668723404255317,9.130319148936174,017.920531914893616
1769577154.953465,44.202733755111694,42,66,41,46.025,63.145,44.725,020.70372340425532,9.150319148936177,017.950531914893617
1769577155.003028,44.25231695175171,42,66,41,45.99,63.17,44.69,020.738723404255317,9.175319148936175,017.98553191489362
1769577155.057236,44.30327868461609,42,66,41,45.955,63.195,44.655,020.77372340425532,9.200319148936174,018.020531914893617
1769577155.117461,44.36669588088989,42,66,40,45.925,63.215,44.62,020.803723404255322,9.220319148936177,018.05553191489362
1769577155.160304,44.40956783294678,42,66,40,45.895,63.235,44.585,020.833723404255316,9.240319148936173,018.090531914893617
1769577155.205894,44.45410084724426,42,66,40,45.865,63.255,44.55,020.863723404255317,9.260319148936176,018.12553191489362
1769577155.254674,44.503554821014404,42,66,40,45.835,63.275,44.515,020.89372340425532,9.280319148936172,018.160531914893618
1769577155.304281,44.553231716156006,42,66,40,45.805,63.295,44.48,020.92372340425532,9.300319148936175,018.19553191489362
1769577155.354157,44.603272914886475,42,66,40,45.775,63.315,44.445,020.95372340425532,9.320319148936171,018.230531914893618
1769577155.40331,44.65259289741516,42,66,40,45.745,63.335,44.41,020.983723404255322,9.340319148936175,018.26553191489362
1769577155.453682,44.7024028301239,42,66,40,45.715,63.355,44.375,021.013723404255316,9.36031914893617,018.300531914893618
1769577155.50338,44.75232481956482,41,66,40,45.68,63.375,44.34,021.04872340425532,9.380319148936174,018.335531914893615
1769577155.554207,44.803364753723145,42,66,40,45.65,63.395,44.31,021.07872340425532,9.400319148936177,018.365531914893616
1769577155.604088,44.85270977020264,42,66,40,45.62,63.415,44.28,021.108723404255322,9.420319148936173,018.395531914893617
1769577155.65436,44.90359568595886,41,66,40,45.585,63.435,44.25,021.14372340425532,9.440319148936176,018.425531914893618
1769577155.704118,44.952786922454834,41,66,40,45.55,63.455,44.22,021.178723404255322,9.460319148936172,018.45553191489362
1769577155.753978,45.00316596031189,41,66,40,45.52,63.475,44.19,021.208723404255316,9.480319148936175,018.48553191489362
1769577155.8033621,45.052626848220825,42,66,40,45.495,63.495,44.16,021.233723404255322,9.500319148936171,018.51553191489362
1769577155.8569422,45.10370373725891,42,66,40,45.465,63.515,44.13,021.263723404255316,9.520319148936174,018.545531914893616
1769577155.908233,45.157536029815674,41,66,40,45.43,63.535,44.095,021.29872340425532,9.54031914893617,018.58053191489362
1769577155.955128,45.203741788864136,41,66,40,45.395,63.555,44.065,021.333723404255316,9.560319148936173,018.61053191489362
1769577156.005018,45.254061698913574,41,66,40,45.365,63.575,44.035,021.363723404255317,9.580319148936177,018.64053191489362
1769577156.0532968,45.30215287208557,41,66,40,45.335,63.595,44.005,021.39372340425532,9.600319148936173,018.670531914893616
1769577156.1038918,45.35313677787781,41,66,40,45.305,63.615,43.975,021.42372340425532,9.620319148936176,018.700531914893617
1769577156.1542132,45.4032187461853,41,66,40,45.275,63.635,43.945,021.45372340425532,9.640319148936172,018.730531914893618
1769577156.203893,45.45309591293335,41,66,40,45.245,63.655,43.915,021.483723404255322,9.660319148936175,018.76053191489362
1769577156.253155,45.50238585472107,41,66,40,45.215,63.675,43.885,021.513723404255316,9.68031914893617,018.79053191489362
1769577156.303154,45.55223870277405,41,66,40,45.185,63.695,43.855,021.543723404255317,9.700319148936174,018.82053191489362
1769577156.352968,45.60179781913757,41,66,40,45.15,63.715,43.82,021.57872340425532,9.720319148936177,018.855531914893618
1769577156.4033868,45.652604818344116,41,66,40,45.12,63.735,43.79,021.608723404255322,9.740319148936173,018.88553191489362
1769577156.45694,45.703107833862305,41,67,39,45.09,63.76,43.755,021.638723404255316,9.765319148936172,018.920531914893616
1769577156.50367,45.75253081321716,41,67,39,45.06,63.785,43.72,021.668723404255317,9.79031914893617,018.95553191489362
1769577156.5542662,45.80319571495056,41,67,39,45.03,63.81,43.685,021.69872340425532,9.815319148936176,018.990531914893616
1769577156.602875,45.85168385505676,41,67,39,44.995,63.835,43.645,021.733723404255322,9.840319148936175,019.030531914893615
1769577156.652995,45.90223169326782,41,67,39,44.96,63.86,43.605,021.76872340425532,9.865319148936173,019.07053191489362
1769577156.705142,45.95436382293701,41,67,40,44.925,63.885,43.57,021.803723404255322,9.890319148936172,019.105531914893618
1769577156.75398,46.00265073776245,41,66,40,44.895,63.905,43.535,021.833723404255316,9.910319148936175,019.14053191489362
1769577156.802664,46.051931858062744,42,66,40,44.87,63.925,43.5,021.858723404255322,9.93031914893617,019.175531914893618
1769577156.854526,46.10380578041077,41,67,40,44.835,63.95,43.465,021.89372340425532,9.955319148936177,019.210531914893615
1769577156.9024482,46.15157675743103,41,67,39,44.8,63.975,43.425,021.928723404255322,9.980319148936175,019.25053191489362
1769577156.954432,46.20347189903259,41,67,39,44.765,64.0,43.385,021.96372340425532,10.005319148936174,019.29053191489362
1769577157.0040152,46.252999782562256,41,67,39,44.73,64.025,43.345,021.998723404255323,10.03031914893618,019.33053191489362
1769577157.0543091,46.30286478996277,41,67,39,44.7,64.05,43.305,022.028723404255317,10.05531914893617,019.37053191489362
1769577157.102411,46.3516628742218,42,66,40,44.67,64.07,43.27,022.058723404255318,10.075319148936167,019.405531914893615
1769577157.15588,46.40472674369812,42,66,40,44.64,64.09,43.235,022.08872340425532,10.095319148936177,019.44053191489362
1769577157.214296,46.46352171897888,41,67,40,44.605,64.115,43.2,022.123723404255323,10.120319148936169,019.475531914893615
1769577157.257182,46.505807876586914,41,67,39,44.57,64.14,43.16,022.15872340425532,10.145319148936174,019.51553191489362
1769577157.303264,46.55251097679138,41,67,39,44.535,64.165,43.12,022.193723404255323,10.17031914893618,019.55553191489362
1769577157.352853,46.602041721343994,41,67,39,44.5,64.195,43.08,022.22872340425532,10.200319148936167,019.59553191489362
1769577157.403855,46.65304660797119,41,67,39,44.47,64.225,43.04,022.25872340425532,10.230319148936168,019.63553191489362
1769577157.453712,46.7029869556427,42,66,40,44.445,64.25,43.005,022.28372340425532,10.255319148936174,019.670531914893616
1769577157.5028229,46.75181269645691,42,66,40,44.42,64.275,42.97,022.308723404255318,10.28031914893618,019.70553191489362
1769577157.554199,46.80328965187073,42,66,40,44.39,64.3,42.935,022.33872340425532,10.30531914893617,019.740531914893616
1769577157.6041129,46.85275483131409,42,66,40,44.36,64.325,42.9,022.36872340425532,10.330319148936177,019.77553191489362
1769577157.6531332,46.90237379074097,41,67,40,44.33,64.355,42.865,022.39872340425532,10.360319148936178,019.810531914893616
1769577157.707409,46.954699754714966,41,67,40,44.295,64.385,42.83,022.433723404255318,10.390319148936179,019.84553191489362
1769577157.7579572,47.00682878494263,42,67,40,44.265,64.415,42.795,022.46372340425532,10.42031914893618,019.880531914893616
1769577157.804085,47.05278277397156,42,67,40,44.235,64.445,42.76,022.49372340425532,10.450319148936167,019.91553191489362
1769577157.854576,47.103386878967285,42,66,40,44.205,64.47,42.725,022.52372340425532,10.475319148936173,019.950531914893617
1769577157.90507,47.153849840164185,42,66,40,44.175,64.495,42.69,022.553723404255322,10.500319148936178,019.98553191489362
1769577157.9536881,47.202608823776245,42,66,40,44.145,64.52,42.65,022.583723404255316,10.52531914893617,020.02553191489362
1769577158.004077,47.25273275375366,42,66,40,44.115,64.545,42.61,022.613723404255317,10.550319148936175,020.06553191489362
1769577158.052769,47.302048683166504,42,67,40,44.085,64.575,42.57,022.64372340425532,10.580319148936177,020.105531914893618
1769577158.103412,47.352229833602905,42,66,40,44.055,64.6,42.535,022.67372340425532,10.605319148936168,020.14053191489362
1769577158.1533482,47.40262293815613,42,66,40,44.025,64.625,42.5,022.70372340425532,10.630319148936174,020.175531914893618
1769577158.203318,47.45249366760254,42,66,40,43.995,64.65,42.465,022.733723404255322,10.65531914893618,020.210531914893615
1769577158.2568388,47.50337266921997,42,66,40,43.965,64.675,42.43,022.763723404255316,10.68031914893617,020.24553191489362
1769577158.3028622,47.552109718322754,42,66,40,43.935,64.695,42.395,022.793723404255317,10.700319148936167,020.280531914893615
1769577158.356247,47.604352712631226,42,66,40,43.905,64.72,42.36,022.82372340425532,10.725319148936173,020.31553191489362
1769577158.403973,47.652809858322144,42,66,40,43.875,64.745,42.325,022.85372340425532,10.750319148936178,020.350531914893615
1769577158.45372,47.70238471031189,42,66,40,43.845,64.77,42.29,022.88372340425532,10.77531914893617,020.38553191489362
1769577158.503099,47.7522509098053,42,66,40,43.815,64.795,42.25,022.91372340425532,10.800319148936175,020.425531914893618
1769577158.553566,47.802767753601074,42,66,40,43.785,64.82,42.215,022.943723404255323,10.825319148936167,020.460531914893615
1769577158.604022,47.853121757507324,42,66,40,43.755,64.845,42.18,022.973723404255317,10.850319148936173,020.49553191489362
1769577158.654133,47.902992725372314,42,66,40,43.725,64.865,42.145,023.003723404255318,10.870319148936169,020.530531914893615
1769577158.702803,47.95203375816345,42,66,40,43.7,64.885,42.115,023.028723404255317,10.890319148936179,020.560531914893616
1769577158.755786,48.0043888092041,42,66,40,43.675,64.905,42.085,023.053723404255322,10.910319148936175,020.590531914893617
1769577158.8219562,48.07122588157654,42,66,40,43.645,64.925,42.05,023.083723404255316,10.93031914893617,020.62553191489362
1769577158.866234,48.115466833114624,42,66,40,43.62,64.945,42.02,023.108723404255322,10.950319148936167,020.655531914893615
1769577158.9115222,48.16077899932861,42,66,40,43.595,64.965,41.99,023.13372340425532,10.970319148936177,020.685531914893616
1769577158.956865,48.205591678619385,42,66,40,43.565,64.985,41.96,023.16372340425532,10.990319148936173,020.715531914893617
1769577159.0033312,48.252089738845825,42,66,40,43.535,65.005,41.925,023.193723404255323,11.01031914893617,020.75053191489362
1769577159.0530381,48.30234169960022,42,66,40,43.51,65.025,41.895,023.21872340425532,11.03031914893618,020.780531914893615
1769577159.103521,48.3527557849884,42,66,40,43.485,65.045,41.865,023.24372340425532,11.050319148936175,020.810531914893616
1769577159.153286,48.40258264541626,42,67,40,43.46,65.07,41.835,023.26872340425532,11.075319148936167,020.840531914893617
1769577159.203638,48.4522659778595,42,67,40,43.435,65.09,41.805,023.293723404255317,11.095319148936177,020.87053191489362
1769577159.254276,48.50319576263428,42,67,40,43.41,65.11,41.775,023.318723404255323,11.115319148936173,020.90053191489362
1769577159.3031502,48.552302837371826,42,66,40,43.385,65.13,41.745,023.34372340425532,11.13531914893617,020.93053191489362
1769577159.353736,48.60297083854675,42,66,40,43.36,65.15,41.715,023.36872340425532,11.15531914893618,020.960531914893615
1769577159.403136,48.65186882019043,41,66,40,43.33,65.165,41.685,023.39872340425532,11.17031914893618,020.990531914893616
1769577159.452424,48.70174169540405,41,66,40,43.3,65.18,41.66,023.428723404255322,11.18531914893618,021.01553191489362
1769577159.5061781,48.751619815826416,42,66,40,43.275,65.195,41.635,023.45372340425532,11.200319148936167,021.04053191489362
1769577159.55337,48.80220866203308,41,67,40,43.245,65.215,41.61,023.483723404255322,11.220319148936177,021.06553191489362
1769577159.605504,48.85294795036316,41,67,40,43.215,65.235,41.585,023.513723404255316,11.240319148936173,021.090531914893617
1769577159.653327,48.902587890625,41,67,40,43.185,65.255,41.56,023.543723404255317,11.26031914893617,021.115531914893616
1769577159.7043672,48.95354866981506,41,67,40,43.155,65.28,41.53,023.57372340425532,11.285319148936175,021.145531914893617
1769577159.7525918,49.00190591812134,41,67,40,43.125,65.3,41.5,023.60372340425532,11.30531914893617,021.175531914893618
1769577159.803531,49.05276870727539,41,67,40,43.1,65.32,41.48,023.628723404255318,11.325319148936167,021.19553191489362
1769577159.855131,49.10426878929138,41,67,40,43.075,65.335,41.46,023.653723404255317,11.340319148936167,021.215531914893617
1769577159.906008,49.1552357673645,41,67,40,43.05,65.35,41.44,023.678723404255322,11.355319148936168,021.23553191489362
1769577159.9537432,49.20298480987549,41,67,40,43.025,65.365,41.42,023.70372340425532,11.370319148936169,021.255531914893616
1769577160.002462,49.25175666809082,41,67,40,43.0,65.385,41.4,023.72872340425532,11.390319148936179,021.27553191489362
1769577160.053876,49.30312180519104,41,66,40,42.97,65.4,41.375,023.75872340425532,11.40531914893618,021.300531914893618
1769577160.1043782,49.35340070724487,41,66,40,42.945,65.415,41.35,023.78372340425532,11.42031914893618,021.325531914893617
1769577160.1524851,49.4017858505249,41,66,40,42.92,65.43,41.33,023.808723404255318,11.43531914893618,021.34553191489362
1769577160.2044559,49.453725814819336,41,66,40,42.895,65.445,41.31,023.833723404255316,11.450319148936167,021.365531914893616
1769577160.2526898,49.50197458267212,41,66,40,42.87,65.455,41.29,023.858723404255322,11.460319148936172,021.38553191489362
1769577160.303311,49.552536725997925,41,66,40,42.845,65.465,41.27,023.88372340425532,11.470319148936177,021.405531914893615
1769577160.3542159,49.60320281982422,41,66,40,42.82,65.475,41.25,023.90872340425532,11.480319148936168,021.425531914893618
1769577160.402719,49.65193581581116,41,66,40,42.795,65.485,41.23,023.933723404255318,11.490319148936173,021.44553191489362
1769577160.453911,49.70302963256836,42,67,40,42.775,65.5,41.21,023.95372340425532,11.505319148936174,021.465531914893617
1769577160.50299,49.75226068496704,42,67,40,42.755,65.515,41.19,023.973723404255317,11.520319148936174,021.48553191489362
1769577160.552501,49.80180478096008,41,66,40,42.73,65.525,41.17,023.998723404255323,11.53031914893618,021.505531914893616
1769577160.6054149,49.85459566116333,41,66,40,42.705,65.535,41.15,024.02372340425532,11.54031914893617,021.52553191489362
1769577160.65286,49.90211081504822,41,66,40,42.68,65.545,41.13,024.04872340425532,11.550319148936175,021.545531914893616
1769577160.7042718,49.95350384712219,41,66,40,42.655,65.555,41.11,024.07372340425532,11.56031914893618,021.56553191489362
1769577160.7533782,50.002673864364624,42,66,40,42.635,65.565,41.09,024.09372340425532,11.570319148936171,021.585531914893615
1769577160.804374,50.0536048412323,41,67,40,42.61,65.58,41.07,024.11872340425532,11.585319148936172,021.605531914893618
1769577160.8539572,50.10305380821228,41,66,40,42.59,65.59,41.055,024.138723404255316,11.595319148936177,021.62053191489362
1769577160.903432,50.15263485908508,42,66,40,42.575,65.6,41.04,024.153723404255317,11.605319148936168,021.63553191489362
1769577160.9542341,50.20347595214844,41,66,40,42.55,65.61,41.02,024.178723404255322,11.615319148936173,021.655531914893615
1769577161.0032651,50.25253081321716,41,66,40,42.525,65.62,41.0,024.20372340425532,11.625319148936178,021.675531914893618
1769577161.053337,50.302592754364014,42,66,40,42.51,65.63,40.98,024.21872340425532,11.63531914893617,021.69553191489362
1769577161.102221,50.3514928817749,42,66,40,42.495,65.64,40.965,024.233723404255322,11.645319148936174,021.710531914893615
1769577161.153673,50.40289378166199,41,66,40,42.475,65.65,40.95,024.253723404255318,11.65531914893618,021.725531914893615
1769577161.2039402,50.45307803153992,42,66,40,42.46,65.66,40.935,024.26872340425532,11.66531914893617,021.740531914893616
1769577161.252259,50.50149464607239,42,66,40,42.445,65.67,40.92,024.28372340425532,11.675319148936175,021.755531914893616
1769577161.302903,50.5521936416626,41,66,40,42.425,65.68,40.9,024.303723404255322,11.68531914893618,021.77553191489362
1769577161.3540008,50.60318470001221,42,66,40,42.41,65.69,40.88,024.318723404255323,11.695319148936171,021.795531914893616
1769577161.403127,50.652368783950806,42,66,40,42.395,65.7,40.86,024.333723404255316,11.705319148936177,021.81553191489362
1769577161.4530702,50.70233178138733,42,66,40,42.375,65.71,40.84,024.35372340425532,11.715319148936167,021.835531914893615
1769577161.503743,50.75299787521362,42,66,40,42.36,65.72,40.82,024.36872340425532,11.725319148936173,021.855531914893618
1769577161.552381,50.80163097381592,42,66,40,42.345,65.73,40.8,024.38372340425532,11.735319148936178,021.87553191489362
1769577161.602211,50.85148596763611,42,66,40,42.33,65.74,40.78,024.39872340425532,11.745319148936169,021.895531914893617
1769577161.653018,50.90230178833008,42,66,40,42.315,65.75,40.76,024.41372340425532,11.755319148936174,021.91553191489362
1769577161.707158,50.95579791069031,42,66,40,42.3,65.76,40.745,024.428723404255322,11.765319148936179,021.93053191489362
1769577161.7557418,51.004947900772095,42,66,40,42.285,65.77,40.73,024.443723404255323,11.77531914893617,021.94553191489362
1769577161.8030348,51.05218482017517,42,66,40,42.27,65.78,40.71,024.458723404255316,11.785319148936175,021.965531914893617
1769577161.852252,51.10156965255737,42,66,40,42.255,65.79,40.69,024.473723404255317,11.79531914893618,021.98553191489362
1769577161.902391,51.15153479576111,42,66,40,42.24,65.8,40.67,024.488723404255317,11.80531914893617,022.005531914893616
1769577161.9548879,51.20388674736023,42,66,40,42.22,65.815,40.65,024.50872340425532,11.820319148936171,022.02553191489362
1769577162.002837,51.252097606658936,42,66,40,42.205,65.825,40.63,024.52372340425532,11.830319148936177,022.045531914893616
1769577162.053534,51.30283069610596,42,66,40,42.19,65.835,40.61,024.53872340425532,11.840319148936167,022.06553191489362
1769577162.106019,51.35485577583313,41,66,40,42.17,65.845,40.59,024.558723404255318,11.850319148936173,022.085531914893615
1769577162.1630569,51.41222095489502,41,66,40,42.15,65.855,40.57,024.57872340425532,11.860319148936178,022.105531914893618
1769577162.206103,51.45533895492554,42,66,40,42.135,65.865,40.55,024.59372340425532,11.870319148936169,022.12553191489362
1769577162.252617,51.501895904541016,42,66,40,42.12,65.875,40.53,024.608723404255322,11.880319148936174,022.145531914893617
1769577162.303481,51.55277967453003,41,66,40,42.095,65.89,40.51,024.63372340425532,11.895319148936174,022.16553191489362
1769577162.352824,51.60209083557129,42,66,40,42.08,65.9,40.49,024.64872340425532,11.90531914893618,022.185531914893616
1769577162.403241,51.65242075920105,41,66,40,42.06,65.91,40.47,024.668723404255317,11.91531914893617,022.20553191489362
1769577162.4542952,51.7035448551178,41,66,40,42.04,65.92,40.45,024.68872340425532,11.925319148936175,022.225531914893615
1769577162.503596,51.752787828445435,42,66,40,42.025,65.93,40.43,024.70372340425532,11.93531914893618,022.24553191489362
1769577162.552499,51.80164098739624,42,66,40,42.01,65.94,40.415,024.71872340425532,11.945319148936171,022.26053191489362
1769577162.605431,51.854246854782104,42,66,40,41.995,65.95,40.4,024.733723404255322,11.955319148936177,022.27553191489362
1769577162.662328,51.91129660606384,42,66,40,41.98,65.96,40.38,024.748723404255323,11.965319148936167,022.295531914893616
1769577162.7059462,51.955137729644775,42,66,40,41.965,65.97,40.365,024.763723404255316,11.975319148936173,022.310531914893616
1769577162.753197,52.00247383117676,42,66,40,41.95,65.98,40.345,024.778723404255317,11.985319148936178,022.33053191489362
1769577162.802903,52.05213689804077,42,66,40,41.935,65.99,40.33,024.793723404255317,11.995319148936169,022.34553191489362
1769577162.853707,52.10297870635986,42,66,40,41.92,66.0,40.315,024.808723404255318,12.005319148936174,022.36053191489362
1769577162.9022038,52.15147876739502,42,66,40,41.905,66.01,40.3,024.82372340425532,12.015319148936179,022.37553191489362
1769577162.954454,52.20364475250244,42,66,40,41.895,66.02,40.285,024.833723404255316,12.02531914893617,022.39053191489362
1769577163.003407,52.25199365615845,42,66,40,41.885,66.03,40.27,024.84372340425532,12.035319148936175,022.405531914893615
1769577163.052428,52.301522970199585,42,66,40,41.875,66.04,40.255,024.85372340425532,12.04531914893618,022.420531914893616
1769577163.102766,52.35204195976257,42,66,41,41.865,66.05,40.245,024.863723404255317,12.05531914893617,022.43053191489362
1769577163.152192,52.40146565437317,42,66,41,41.85,66.06,40.235,024.878723404255318,12.065319148936176,022.44053191489362
1769577163.205602,52.4526526927948,42,66,41,41.835,66.07,40.225,024.89372340425532,12.075319148936167,022.450531914893617
1769577163.252973,52.501991748809814,42,66,40,41.825,66.08,40.21,024.903723404255317,12.085319148936172,022.465531914893617
1769577163.303075,52.551944971084595,42,66,40,41.815,66.085,40.2,024.91372340425532,12.090319148936167,022.475531914893615
1769577163.35458,52.60354280471802,42,66,40,41.805,66.09,40.19,024.92372340425532,12.095319148936177,022.48553191489362
1769577163.402616,52.651352643966675,42,66,40,41.795,66.095,40.18,024.933723404255318,12.100319148936173,022.49553191489362
1769577163.4552279,52.70437669754028,42,66,40,41.785,66.1,40.17,024.943723404255323,12.105319148936168,022.505531914893616
1769577163.502301,52.75151062011719,42,66,41,41.775,66.105,40.165,024.95372340425532,12.110319148936178,022.51053191489362
1769577163.556184,52.802361726760864,42,66,41,41.765,66.11,40.16,024.96372340425532,12.115319148936173,022.51553191489362
1769577163.603868,52.85308480262756,42,66,40,41.76,66.115,40.15,024.96872340425532,12.120319148936169,022.52553191489362
1769577163.65331,52.90251588821411,42,66,40,41.75,66.12,40.14,024.97872340425532,12.125319148936178,022.535531914893618
1769577163.706516,52.953204870224,42,66,40,41.74,66.125,40.13,024.988723404255317,12.130319148936174,022.545531914893616
1769577163.7540538,53.0027756690979,42,66,40,41.73,66.13,40.12,024.998723404255323,12.13531914893617,022.55553191489362
1769577163.8028328,53.05201268196106,42,66,41,41.725,66.135,40.115,025.003723404255318,12.140319148936179,022.560531914893616
1769577163.8532171,53.10242199897766,42,66,41,41.72,66.14,40.115,025.00872340425532,12.145319148936174,022.560531914893616
1769577163.903348,53.15251088142395,42,66,41,41.715,66.145,40.11,025.013723404255316,12.15031914893617,022.56553191489362
1769577163.953716,53.20227670669556,42,66,41,41.71,66.15,40.105,025.01872340425532,12.15531914893618,022.57053191489362
1769577164.0039291,53.25281381607056,42,66,41,41.705,66.155,40.1,025.02372340425532,12.160319148936175,022.575531914893617
1769577164.053223,53.302488803863525,42,66,41,41.7,66.16,40.095,025.028723404255317,12.16531914893617,022.58053191489362
1769577164.102907,53.35195183753967,42,66,40,41.695,66.165,40.085,025.03372340425532,12.17031914893618,022.590531914893617
1769577164.153645,53.402862787246704,42,66,41,41.69,66.17,40.085,025.03872340425532,12.175319148936175,022.590531914893617
1769577164.20457,53.453234910964966,42,66,41,41.685,66.175,40.085,025.043723404255317,12.18031914893617,022.590531914893617
1769577164.253549,53.50283861160278,42,66,41,41.68,66.18,40.085,025.04872340425532,12.18531914893618,022.590531914893617
1769577164.303526,53.55276274681091,42,66,41,41.675,66.18,40.085,025.053723404255322,12.18531914893618,022.590531914893617
1769577164.3567,53.60372567176819,42,66,41,41.67,66.18,40.085,025.058723404255318,12.18531914893618,022.590531914893617
1769577164.4029949,53.652342796325684,42,66,41,41.665,66.18,40.085,025.06372340425532,12.18531914893618,022.590531914893617
1769577164.4529111,53.702143907547,42,66,41,41.66,66.185,40.085,025.068723404255323,12.190319148936176,022.590531914893617
1769577164.502979,53.75210189819336,41,66,40,41.655,66.185,40.08,025.07372340425532,12.190319148936176,022.59553191489362
1769577164.553471,53.80268692970276,41,66,40,41.65,66.185,40.075,025.07872340425532,12.190319148936176,022.600531914893615
1769577164.6030452,53.851940870285034,42,66,40,41.65,66.185,40.07,025.07872340425532,12.190319148936176,022.605531914893618
1769577164.653995,53.90317368507385,42,65,41,41.65,66.18,40.07,025.07872340425532,12.18531914893618,022.605531914893618
1769577164.702166,53.95148682594299,42,65,41,41.65,66.175,40.07,025.07872340425532,12.18031914893617,022.605531914893618
1769577164.752068,54.00131893157959,42,66,41,41.65,66.175,40.07,025.07872340425532,12.18031914893617,022.605531914893618
1769577164.803209,54.0518536567688,42,66,41,41.645,66.175,40.07,025.083723404255316,12.18031914893617,022.605531914893618
1769577164.8543491,54.10348582267761,42,66,41,41.645,66.175,40.07,025.083723404255316,12.18031914893617,022.605531914893618
1769577164.9036002,54.15281581878662,41,66,40,41.64,66.175,40.065,025.08872340425532,12.18031914893617,022.61053191489362
1769577164.952842,54.20211982727051,42,66,40,41.64,66.175,40.06,025.08872340425532,12.18031914893617,022.615531914893616
1769577165.002223,54.25150966644287,42,66,41,41.64,66.175,40.06,025.08872340425532,12.18031914893617,022.615531914893616
1769577165.0556312,54.302626609802246,42,66,41,41.64,66.175,40.06,025.08872340425532,12.18031914893617,022.615531914893616
1769577165.103383,54.35260796546936,41,66,40,41.635,66.175,40.06,025.09372340425532,12.18031914893617,022.615531914893616
1769577165.153277,54.40250873565674,42,66,40,41.635,66.175,40.06,025.09372340425532,12.18031914893617,022.615531914893616
1769577165.20319,54.45243978500366,41,66,40,41.63,66.175,40.06,025.098723404255317,12.18031914893617,022.615531914893616
1769577165.25336,54.50206971168518,41,66,40,41.625,66.175,40.06,025.10372340425532,12.18031914893617,022.615531914893616
1769577165.302727,54.55198884010315,41,66,40,41.62,66.175,40.06,025.108723404255322,12.18031914893617,022.615531914893616
1769577165.353329,54.602619886398315,42,66,40,41.62,66.175,40.06,025.108723404255322,12.18031914893617,022.615531914893616
1769577165.403543,54.652734994888306,41,66,40,41.615,66.175,40.06,025.113723404255317,12.18031914893617,022.615531914893616
1769577165.45316,54.70209980010986,41,66,40,41.61,66.175,40.06,025.11872340425532,12.18031914893617,022.615531914893616
1769577165.502267,54.751582860946655,41,66,40,41.61,66.175,40.06,025.11872340425532,12.18031914893617,022.615531914893616
1769577165.553597,54.802860736846924,41,66,40,41.605,66.175,40.06,025.123723404255323,12.18031914893617,022.615531914893616
1769577165.603744,54.85262370109558,41,66,40,41.6,66.175,40.06,025.128723404255318,12.18031914893617,022.615531914893616
1769577165.653485,54.90270376205444,41,66,40,41.6,66.175,40.06,025.128723404255318,12.18031914893617,022.615531914893616
1769577165.7044039,54.95301675796509,41,66,40,41.6,66.175,40.06,025.128723404255318,12.18031914893617,022.615531914893616
1769577165.75178,55.001086950302124,41,66,40,41.6,66.175,40.06,025.128723404255318,12.18031914893617,022.615531914893616
1769577165.8039649,55.053154706954956,41,66,40,41.595,66.175,40.06,025.13372340425532,12.18031914893617,022.615531914893616
1769577165.8536808,55.10222268104553,41,66,40,41.59,66.175,40.06,025.138723404255316,12.18031914893617,022.615531914893616
1769577165.9029171,55.15219974517822,41,66,40,41.59,66.175,40.06,025.138723404255316,12.18031914893617,022.615531914893616
1769577165.9525518,55.201448917388916,41,66,40,41.59,66.175,40.06,025.138723404255316,12.18031914893617,022.615531914893616
1769577166.004684,55.2539427280426,41,66,40,41.59,66.175,40.06,025.138723404255316,12.18031914893617,022.615531914893616
1769577166.0528152,55.3020076751709,41,66,40,41.59,66.175,40.06,025.138723404255316,12.18031914893617,022.615531914893616
1769577166.103189,55.35224390029907,41,66,40,41.59,66.175,40.06,025.138723404255316,12.18031914893617,022.615531914893616
1769577166.1543071,55.40301966667175,41,66,40,41.59,66.175,40.06,025.138723404255316,12.18031914893617,022.615531914893616
1769577166.203472,55.452138900756836,41,66,40,41.59,66.175,40.06,025.138723404255316,12.18031914893617,022.615531914893616
1769577166.252773,55.502065896987915,41,66,40,41.59,66.175,40.06,025.138723404255316,12.18031914893617,022.615531914893616
1769577166.3070989,55.55307173728943,41,66,40,41.59,66.175,40.06,025.138723404255316,12.18031914893617,022.615531914893616
1769577166.373455,55.62185978889465,41,66,40,41.59,66.175,40.06,025.138723404255316,12.18031914893617,022.615531914893616
1769577166.418446,55.66734075546265,41,66,40,41.59,66.175,40.06,025.138723404255316,12.18031914893617,022.615531914893616
1769577166.4631848,55.711944818496704,41,66,40,41.59,66.17,40.065,025.138723404255316,12.175319148936175,022.61053191489362
1769577166.5131788,55.76232290267944,41,66,40,41.59,66.165,40.07,025.138723404255316,12.17031914893618,022.605531914893618
1769577166.564129,55.81342697143555,41,66,40,41.59,66.16,40.075,025.138723404255316,12.16531914893617,022.600531914893615
1769577166.608433,55.857611656188965,41,66,40,41.59,66.155,40.08,025.138723404255316,12.160319148936175,022.59553191489362
1769577166.652983,55.90204071998596,41,66,40,41.59,66.15,40.085,025.138723404255316,12.15531914893618,022.590531914893617
1769577166.703302,55.952287912368774,41,66,40,41.59,66.145,40.085,025.138723404255316,12.15031914893617,022.590531914893617
1769577166.753564,56.002742767333984,41,66,40,41.59,66.145,40.085,025.138723404255316,12.15031914893617,022.590531914893617
1769577166.8033228,56.05253076553345,41,66,40,41.585,66.145,40.085,025.14372340425532,12.15031914893617,022.590531914893617
1769577166.853892,56.103134870529175,41,66,40,41.585,66.14,40.085,025.14372340425532,12.145319148936174,022.590531914893617
1769577166.9030762,56.15234088897705,41,66,40,41.585,66.135,40.09,025.14372340425532,12.140319148936179,022.585531914893615
1769577166.9530082,56.202194929122925,41,66,40,41.585,66.13,40.095,025.14372340425532,12.13531914893617,022.58053191489362
1769577167.0027578,56.251911878585815,41,66,40,41.585,66.125,40.1,025.14372340425532,12.130319148936174,022.575531914893617
1769577167.052904,56.302186012268066,41,66,40,41.585,66.12,40.105,025.14372340425532,12.125319148936178,022.57053191489362
1769577167.104185,56.35343384742737,41,66,40,41.58,66.12,40.105,025.14872340425532,12.125319148936178,022.57053191489362
1769577167.153156,56.40226888656616,41,66,40,41.575,66.12,40.105,025.153723404255317,12.125319148936178,022.57053191489362
1769577167.203104,56.45230579376221,41,66,40,41.575,66.115,40.105,025.153723404255317,12.120319148936169,022.57053191489362
1769577167.253163,56.502418756484985,41,66,40,41.575,66.11,40.11,025.153723404255317,12.115319148936173,022.56553191489362
1769577167.302079,56.55134963989258,41,66,40,41.575,66.105,40.115,025.153723404255317,12.110319148936178,022.560531914893616
1769577167.3539672,56.60306668281555,41,66,40,41.575,66.1,40.12,025.153723404255317,12.105319148936168,022.55553191489362
1769577167.402873,56.652156829833984,41,66,41,41.575,66.095,40.13,025.153723404255317,12.100319148936173,022.545531914893616
1769577167.453133,56.701743841171265,41,66,41,41.57,66.095,40.135,025.15872340425532,12.100319148936173,022.54053191489362
1769577167.502243,56.751503705978394,41,65,41,41.565,66.09,40.14,025.16372340425532,12.095319148936177,022.535531914893618
1769577167.552425,56.80167865753174,41,66,41,41.56,66.09,40.145,025.168723404255317,12.095319148936177,022.530531914893615
1769577167.604349,56.853625774383545,41,66,41,41.555,66.09,40.15,025.17372340425532,12.095319148936177,022.52553191489362
1769577167.652509,56.90169668197632,41,65,41,41.555,66.08,40.155,025.17372340425532,12.085319148936172,022.520531914893617
1769577167.702662,56.95182991027832,41,66,41,41.555,66.075,40.16,025.17372340425532,12.080319148936177,022.51553191489362
1769577167.7518651,57.00115084648132,42,65,41,41.555,66.065,40.165,025.17372340425532,12.070319148936171,022.51053191489362
1769577167.80405,57.053321838378906,42,65,41,41.555,66.055,40.17,025.17372340425532,12.06031914893618,022.505531914893616
1769577167.854798,57.10387682914734,41,65,41,41.55,66.05,40.175,025.178723404255322,12.05531914893617,022.50053191489362
1769577167.9022179,57.15152978897095,41,65,41,41.545,66.045,40.18,025.183723404255318,12.050319148936175,022.49553191489362
1769577167.9544399,57.20369362831116,41,65,41,41.54,66.04,40.185,025.18872340425532,12.04531914893618,022.490531914893616
1769577168.0024068,57.25161671638489,42,65,41,41.54,66.035,40.19,025.18872340425532,12.04031914893617,022.48553191489362
1769577168.052064,57.301313638687134,42,65,41,41.54,66.025,40.195,025.18872340425532,12.03031914893618,022.480531914893618
1769577168.103528,57.35272479057312,42,65,41,41.54,66.02,40.2,025.18872340425532,12.02531914893617,022.475531914893615
1769577168.1521568,57.40138483047485,42,65,41,41.54,66.015,40.205,025.18872340425532,12.020319148936174,022.47053191489362
1769577168.2025359,57.4517776966095,42,65,42,41.54,66.01,40.215,025.18872340425532,12.015319148936179,022.460531914893615
1769577168.252873,57.50212287902832,42,65,42,41.54,66.005,40.225,025.18872340425532,12.01031914893617,022.450531914893617
1769577168.3016808,57.55098080635071,42,65,42,41.54,66.0,40.235,025.18872340425532,12.005319148936174,022.44053191489362
1769577168.354086,57.60325884819031,42,65,41,41.54,65.995,40.24,025.18872340425532,12.000319148936178,022.435531914893616
1769577168.403064,57.652315855026245,42,65,41,41.54,65.99,40.245,025.18872340425532,11.995319148936169,022.43053191489362
1769577168.453171,57.702414751052856,42,65,42,41.54,65.985,40.255,025.18872340425532,11.990319148936173,022.420531914893616
1769577168.502926,57.75202679634094,42,65,42,41.54,65.98,40.265,025.18872340425532,11.985319148936178,022.410531914893618
1769577168.552924,57.80214476585388,42,65,42,41.54,65.975,40.275,025.18872340425532,11.980319148936168,022.40053191489362
1769577168.6027951,57.85182785987854,42,65,41,41.54,65.97,40.28,025.18872340425532,11.975319148936173,022.395531914893617
1769577168.6528692,57.90198564529419,42,65,42,41.54,65.965,40.29,025.18872340425532,11.970319148936177,022.38553191489362
1769577168.702683,57.9519476890564,42,65,42,41.54,65.96,40.3,025.18872340425532,11.965319148936167,022.37553191489362
1769577168.754227,58.00339889526367,42,65,42,41.54,65.955,40.31,025.18872340425532,11.960319148936172,022.365531914893616
1769577168.803901,58.053043842315674,42,65,42,41.54,65.95,40.32,025.18872340425532,11.955319148936177,022.355531914893618
1769577168.852899,58.102234840393066,42,65,42,41.54,65.945,40.33,025.18872340425532,11.950319148936167,022.34553191489362
1769577168.902262,58.15145659446716,42,65,42,41.54,65.94,40.34,025.18872340425532,11.945319148936171,022.335531914893615
1769577168.9538481,58.203046798706055,42,65,42,41.54,65.935,40.35,025.18872340425532,11.940319148936176,022.325531914893617
1769577169.003841,58.253063917160034,42,65,42,41.54,65.93,40.36,025.18872340425532,11.93531914893618,022.31553191489362
1769577169.05335,58.30256795883179,42,65,42,41.54,65.925,40.37,025.18872340425532,11.93031914893617,022.30553191489362
1769577169.103106,58.35238289833069,42,64,42,41.54,65.915,40.38,025.18872340425532,11.92031914893618,022.295531914893616
1769577169.152183,58.40148091316223,41,65,41,41.535,65.905,40.385,025.193723404255323,11.910319148936175,022.29053191489362
1769577169.2034419,58.45265984535217,41,65,41,41.53,65.895,40.39,025.19872340425532,11.90031914893617,022.285531914893618
1769577169.253896,58.50315284729004,42,65,42,41.53,65.885,40.4,025.19872340425532,11.890319148936179,022.27553191489362
1769577169.302751,58.551883697509766,42,65,42,41.53,65.88,40.41,025.19872340425532,11.88531914893617,022.26553191489362
1769577169.3518422,58.6011106967926,42,65,42,41.53,65.875,40.42,025.19872340425532,11.880319148936174,022.255531914893616
1769577169.402692,58.65179371833801,42,65,42,41.535,65.87,40.43,025.193723404255323,11.875319148936178,022.24553191489362
1769577169.452596,58.701897859573364,41,65,42,41.535,65.865,40.44,025.193723404255323,11.870319148936169,022.23553191489362
1769577169.5031528,58.7523558139801,41,65,42,41.53,65.86,40.45,025.19872340425532,11.865319148936173,022.225531914893615
1769577169.553175,58.80237174034119,42,64,42,41.535,65.845,40.46,025.193723404255323,11.850319148936173,022.215531914893617
1769577169.603737,58.85296368598938,41,65,41,41.535,65.835,40.465,025.193723404255323,11.840319148936167,022.210531914893615
1769577169.6521878,58.90148377418518,41,65,42,41.535,65.825,40.475,025.193723404255323,11.830319148936177,022.200531914893617
1769577169.702684,58.951950788497925,41,65,41,41.535,65.815,40.48,025.193723404255323,11.820319148936171,022.19553191489362
1769577169.754168,59.003294944763184,41,65,41,41.535,65.805,40.485,025.193723404255323,11.81031914893618,022.19053191489362
1769577169.8017862,59.051002740859985,41,65,41,41.535,65.795,40.49,025.193723404255323,11.800319148936175,022.185531914893616
1769577169.853568,59.10285186767578,41,65,41,41.535,65.785,40.495,025.193723404255323,11.79031914893617,022.18053191489362
1769577169.903296,59.15253663063049,41,65,42,41.535,65.775,40.505,025.193723404255323,11.78031914893618,022.170531914893616
1769577169.9541261,59.20330476760864,41,65,42,41.535,65.765,40.515,025.193723404255323,11.770319148936174,022.160531914893618
1769577170.003604,59.252882957458496,42,65,42,41.54,65.755,40.525,025.18872340425532,11.76031914893617,022.15053191489362
1769577170.052864,59.30215501785278,41,65,41,41.54,65.75,40.53,025.18872340425532,11.755319148936174,022.145531914893617
1769577170.102838,59.35212182998657,41,65,41,41.54,65.745,40.535,025.18872340425532,11.750319148936178,022.14053191489362
1769577170.153206,59.40234971046448,42,64,42,41.545,65.735,40.545,025.183723404255318,11.740319148936173,022.130531914893616
1769577170.203414,59.45267200469971,42,64,42,41.55,65.725,40.555,025.178723404255322,11.730319148936168,022.12053191489362
1769577170.257309,59.50651979446411,42,64,42,41.555,65.715,40.565,025.17372340425532,11.720319148936177,022.11053191489362
1769577170.3061278,59.555309772491455,42,64,42,41.56,65.705,40.575,025.168723404255317,11.710319148936172,022.100531914893615
1769577170.353626,59.60278296470642,42,64,42,41.565,65.695,40.585,025.16372340425532,11.700319148936167,022.090531914893617
1769577170.4027572,59.65202474594116,42,64,42,41.57,65.685,40.595,025.15872340425532,11.690319148936176,022.08053191489362
1769577170.452968,59.70219373703003,42,64,42,41.57,65.67,40.605,025.15872340425532,11.675319148936175,022.07053191489362
1769577170.504544,59.753697633743286,42,64,42,41.57,65.655,40.615,025.15872340425532,11.660319148936175,022.060531914893616
1769577170.552259,59.8015558719635,42,64,42,41.575,65.645,40.625,025.153723404255317,11.65031914893617,022.050531914893618
1769577170.602676,59.85172986984253,42,64,42,41.58,65.635,40.635,025.14872340425532,11.640319148936179,022.04053191489362
1769577170.653651,59.902817726135254,42,64,42,41.585,65.625,40.645,025.14372340425532,11.630319148936174,022.030531914893615
1769577170.702653,59.95181679725647,42,64,42,41.59,65.615,40.655,025.138723404255316,11.620319148936169,022.020531914893617
1769577170.753768,60.002872705459595,42,64,42,41.59,65.605,40.665,025.138723404255316,11.610319148936178,022.01053191489362
1769577170.80294,60.05221772193909,42,64,42,41.595,65.59,40.675,025.13372340425532,11.595319148936177,022.00053191489362
1769577170.8530781,60.10228776931763,42,64,42,41.6,65.58,40.685,025.128723404255318,11.585319148936172,021.990531914893616
1769577170.901623,60.15091371536255,42,64,43,41.6,65.57,40.7,025.128723404255318,11.575319148936167,021.975531914893615
1769577170.952578,60.20168972015381,42,64,42,41.605,65.56,40.71,025.123723404255323,11.565319148936176,021.965531914893617
1769577171.002694,60.25200891494751,42,64,42,41.61,65.55,40.72,025.11872340425532,11.55531914893617,021.95553191489362
1769577171.0523388,60.301623821258545,42,64,43,41.61,65.54,40.735,025.11872340425532,11.54531914893618,021.94053191489362
1769577171.103734,60.352930784225464,42,64,42,41.61,65.53,40.745,025.11872340425532,11.535319148936175,021.93053191489362
1769577171.153095,60.40238165855408,42,64,42,41.615,65.52,40.755,025.113723404255317,11.52531914893617,021.920531914893616
1769577171.2039318,60.4529709815979,42,64,43,41.615,65.51,40.77,025.113723404255317,11.515319148936179,021.905531914893615
1769577171.252765,60.50204372406006,42,64,43,41.615,65.5,40.785,025.113723404255317,11.505319148936174,021.89053191489362
1769577171.301719,60.55103278160095,42,64,43,41.62,65.49,40.8,025.108723404255322,11.495319148936169,021.87553191489362
1769577171.355296,60.60405397415161,42,64,43,41.62,65.48,40.815,025.108723404255322,11.485319148936178,021.86053191489362
1769577171.4022179,60.65148973464966,42,64,43,41.62,65.47,40.83,025.108723404255322,11.475319148936173,021.84553191489362
1769577171.452568,60.701764822006226,42,64,43,41.62,65.46,40.845,025.108723404255322,11.465319148936167,021.83053191489362
1769577171.502547,60.75181794166565,42,64,43,41.62,65.45,40.86,025.108723404255322,11.455319148936177,021.81553191489362
1769577171.554402,60.80351376533508,42,64,43,41.62,65.44,40.875,025.108723404255322,11.445319148936171,021.800531914893618
1769577171.60337,60.852394819259644,41,64,43,41.615,65.43,40.89,025.113723404255317,11.43531914893618,021.785531914893618
1769577171.652927,60.90214991569519,41,64,43,41.61,65.42,40.905,025.11872340425532,11.425319148936175,021.770531914893617
1769577171.7034419,60.95258975028992,42,64,43,41.61,65.41,40.92,025.11872340425532,11.41531914893617,021.755531914893616
1769577171.7529442,61.00223469734192,41,64,43,41.605,65.4,40.935,025.123723404255323,11.40531914893618,021.740531914893616
1769577171.801843,61.051060914993286,41,64,43,41.6,65.39,40.95,025.128723404255318,11.395319148936174,021.725531914893615
1769577171.857158,61.10640001296997,41,64,43,41.595,65.38,40.965,025.13372340425532,11.38531914893617,021.710531914893615
1769577171.9018502,61.15110468864441,41,63,43,41.59,65.365,40.98,025.138723404255316,11.370319148936169,021.69553191489362
1769577171.953331,61.20257377624512,41,64,43,41.585,65.355,40.995,025.14372340425532,11.360319148936178,021.68053191489362
1769577172.004477,61.2536346912384,41,64,43,41.58,65.345,41.01,025.14872340425532,11.350319148936173,021.66553191489362
1769577172.052823,61.301997661590576,41,64,42,41.575,65.335,41.02,025.153723404255317,11.340319148936167,021.655531914893615
1769577172.1038048,61.35305976867676,41,64,42,41.575,65.325,41.03,025.153723404255317,11.330319148936177,021.645531914893617
1769577172.1533492,61.402549743652344,41,64,43,41.575,65.315,41.045,025.153723404255317,11.320319148936171,021.630531914893616
1769577172.2027252,61.45147490501404,41,64,43,41.57,65.305,41.06,025.15872340425532,11.31031914893618,021.615531914893616
1769577172.253248,61.502466678619385,41,63,43,41.565,65.29,41.075,025.16372340425532,11.29531914893618,021.600531914893615
1769577172.3031821,61.552456855773926,42,63,43,41.57,65.275,41.09,025.15872340425532,11.28031914893618,021.585531914893615
1769577172.3536088,61.60287165641785,41,63,43,41.565,65.26,41.105,025.16372340425532,11.265319148936179,021.57053191489362
1769577172.4017339,61.651012659072876,41,63,43,41.565,65.245,41.12,025.16372340425532,11.250319148936178,021.55553191489362
1769577172.4523678,61.701632022857666,41,63,43,41.565,65.23,41.135,025.16372340425532,11.235319148936178,021.54053191489362
1769577172.501914,61.75115084648132,41,63,43,41.56,65.215,41.15,025.168723404255317,11.220319148936177,021.52553191489362
1769577172.5521522,61.80143165588379,42,63,43,41.56,65.2,41.165,025.168723404255317,11.205319148936177,021.51053191489362
1769577172.60373,61.852964878082275,42,63,43,41.56,65.185,41.18,025.168723404255317,11.190319148936176,021.49553191489362
1769577172.652519,61.901824712753296,42,63,43,41.56,65.17,41.195,025.168723404255317,11.175319148936175,021.480531914893618
1769577172.702537,61.95167374610901,42,63,43,41.56,65.155,41.21,025.168723404255317,11.160319148936175,021.465531914893617
1769577172.752589,62.001824617385864,41,63,43,41.555,65.14,41.225,025.17372340425532,11.145319148936174,021.450531914893617
1769577172.80193,62.05121874809265,41,63,43,41.55,65.125,41.24,025.178723404255322,11.130319148936174,021.435531914893616
1769577172.852439,62.10170578956604,41,63,43,41.545,65.11,41.255,025.183723404255318,11.115319148936173,021.420531914893616
1769577172.9035368,62.15269470214844,41,63,43,41.54,65.095,41.27,025.18872340425532,11.100319148936173,021.405531914893615
1769577172.9532852,62.202571630477905,42,63,43,41.54,65.08,41.285,025.18872340425532,11.085319148936172,021.39053191489362
1769577173.0037,62.25281262397766,42,63,44,41.54,65.065,41.305,025.18872340425532,11.070319148936171,021.37053191489362
1769577173.0528262,62.30201077461243,42,63,44,41.54,65.05,41.325,025.18872340425532,11.05531914893617,021.350531914893615
1769577173.103373,62.352598667144775,42,63,44,41.54,65.035,41.34,025.18872340425532,11.04031914893617,021.335531914893615
1769577173.1526961,62.401864767074585,42,63,44,41.54,65.02,41.355,025.18872340425532,11.02531914893617,021.32053191489362
1769577173.206604,62.45569682121277,42,63,44,41.54,65.005,41.37,025.18872340425532,11.01031914893617,021.30553191489362
1769577173.256258,62.50547194480896,42,63,44,41.54,64.99,41.39,025.18872340425532,10.995319148936169,021.285531914893618
1769577173.3036249,62.55283880233765,42,63,44,41.54,64.975,41.41,025.18872340425532,10.980319148936168,021.26553191489362
1769577173.3556638,62.60478973388672,42,63,44,41.54,64.96,41.43,025.18872340425532,10.965319148936167,021.24553191489362
1769577173.404379,62.653586864471436,42,63,44,41.54,64.945,41.45,025.18872340425532,10.950319148936167,021.225531914893615
1769577173.452853,62.702122926712036,42,63,44,41.54,64.93,41.47,025.18872340425532,10.93531914893618,021.20553191489362
1769577173.502526,62.75166893005371,42,63,44,41.54,64.915,41.485,025.18872340425532,10.92031914893618,021.19053191489362
1769577173.551755,62.80103874206543,42,63,44,41.54,64.9,41.5,025.18872340425532,10.90531914893618,021.175531914893618
1769577173.603383,62.852437019348145,42,62,44,41.54,64.88,41.52,025.18872340425532,10.88531914893617,021.155531914893615
1769577173.652779,62.902060747146606,42,62,44,41.54,64.86,41.54,025.18872340425532,10.865319148936173,021.13553191489362
1769577173.7028449,62.952107667922974,42,62,44,41.54,64.84,41.56,025.18872340425532,10.845319148936177,021.115531914893616
1769577173.7536662,63.00268077850342,42,62,44,41.54,64.82,41.58,025.18872340425532,10.825319148936167,021.09553191489362
1769577173.802986,63.05226278305054,42,62,44,41.54,64.8,41.595,025.18872340425532,10.80531914893617,021.08053191489362
1769577173.853417,63.10242199897766,42,62,45,41.54,64.78,41.615,025.18872340425532,10.785319148936175,021.060531914893616
1769577173.9029582,63.15223979949951,42,62,44,41.54,64.76,41.63,025.18872340425532,10.765319148936179,021.045531914893616
1769577173.952255,63.20153594017029,42,62,44,41.54,64.74,41.645,025.18872340425532,10.745319148936169,021.030531914893615
1769577174.00376,63.25295877456665,42,62,44,41.54,64.72,41.66,025.18872340425532,10.725319148936173,021.01553191489362
1769577174.055218,63.30431079864502,42,62,45,41.54,64.7,41.68,025.18872340425532,10.705319148936177,020.99553191489362
1769577174.105379,63.354548931121826,42,62,45,41.54,64.68,41.705,025.18872340425532,10.68531914893618,020.97053191489362
1769577174.1520278,63.40126895904541,42,62,45,41.54,64.66,41.725,025.18872340425532,10.66531914893617,020.950531914893617
1769577174.203766,63.4530029296875,42,62,45,41.54,64.64,41.745,025.18872340425532,10.645319148936174,020.93053191489362
1769577174.252039,63.501219749450684,42,62,45,41.54,64.62,41.765,025.18872340425532,10.625319148936178,020.910531914893618
1769577174.303361,63.55249381065369,42,62,45,41.54,64.6,41.785,025.18872340425532,10.605319148936168,020.89053191489362
1769577174.353887,63.603086709976196,42,62,45,41.54,64.58,41.805,025.18872340425532,10.585319148936172,020.87053191489362
1769577174.404889,63.65413188934326,42,61,46,41.54,64.555,41.83,025.18872340425532,10.56031914893618,020.84553191489362
1769577174.4525492,63.701764822006226,42,61,46,41.54,64.53,41.855,025.18872340425532,10.535319148936175,020.82053191489362
1769577174.501683,63.750972747802734,42,61,46,41.545,64.505,41.885,025.183723404255318,10.51031914893617,020.79053191489362
1769577174.5516229,63.80091381072998,42,61,46,41.55,64.48,41.915,025.178723404255322,10.485319148936178,020.76053191489362
1769577174.6021209,63.85142469406128,42,61,46,41.55,64.455,41.945,025.178723404255322,10.460319148936172,020.730531914893618
1769577174.653484,63.90264391899109,42,61,46,41.55,64.435,41.97,025.178723404255322,10.440319148936176,020.70553191489362
1769577174.70152,63.95084071159363,43,61,46,41.555,64.415,41.995,025.17372340425532,10.42031914893618,020.68053191489362
1769577174.7530198,64.00211977958679,43,61,46,41.56,64.39,42.02,025.168723404255317,10.395319148936174,020.655531914893615
1769577174.8028271,64.0520749092102,43,61,46,41.565,64.365,42.045,025.16372340425532,10.370319148936169,020.630531914893616
1769577174.853211,64.102454662323,43,61,47,41.57,64.34,42.075,025.15872340425532,10.345319148936177,020.600531914893615
1769577174.9030201,64.15225076675415,43,61,47,41.58,64.315,42.11,025.14872340425532,10.320319148936171,020.56553191489362
1769577174.9530292,64.20226573944092,43,61,47,41.585,64.29,42.145,025.14372340425532,10.29531914893618,020.530531914893615
1769577175.0035179,64.25260186195374,43,60,47,41.59,64.26,42.175,025.138723404255316,10.265319148936179,020.50053191489362
1769577175.0529122,64.30213356018066,43,60,47,41.595,64.23,42.205,025.13372340425532,10.235319148936178,020.47053191489362
1769577175.1032362,64.35248589515686,43,60,47,41.605,64.2,42.24,025.123723404255323,10.205319148936177,020.435531914893616
1769577175.1529589,64.40220284461975,43,60,48,41.61,64.17,42.28,025.11872340425532,10.175319148936175,020.395531914893617
1769577175.201748,64.45100474357605,44,60,48,41.625,64.14,42.32,025.10372340425532,10.145319148936174,020.355531914893618
1769577175.251734,64.50102400779724,43,60,48,41.635,64.11,42.36,025.09372340425532,10.115319148936173,020.31553191489362
1769577175.302489,64.55173683166504,43,60,48,41.645,64.08,42.4,025.083723404255316,10.085319148936172,020.27553191489362
1769577175.3536131,64.60282588005066,43,60,48,41.65,64.05,42.44,025.07872340425532,10.05531914893617,020.23553191489362
1769577175.402817,64.65208983421326,43,60,48,41.66,64.02,42.48,025.068723404255323,10.02531914893617,020.19553191489362
1769577175.4528441,64.70208382606506,43,60,48,41.67,63.99,42.52,025.058723404255318,9.995319148936176,020.155531914893615
1769577175.503196,64.75229287147522,43,60,48,41.68,63.96,42.56,025.04872340425532,9.965319148936175,020.115531914893616
1769577175.552768,64.80207991600037,44,60,48,41.695,63.93,42.6,025.03372340425532,9.935319148936173,020.075531914893617
1769577175.603523,64.85280990600586,44,60,48,41.71,63.9,42.64,025.01872340425532,9.905319148936172,020.035531914893618
1769577175.6527429,64.90189170837402,43,60,48,41.72,63.87,42.68,025.00872340425532,9.875319148936171,019.99553191489362
1769577175.7015822,64.95083284378052,43,60,48,41.73,63.84,42.72,024.998723404255323,9.845319148936177,019.95553191489362
1769577175.752806,65.00207471847534,44,60,48,41.745,63.81,42.76,024.983723404255322,9.815319148936176,019.91553191489362
1769577175.8020952,65.05129384994507,44,60,48,41.76,63.78,42.8,024.96872340425532,9.785319148936175,019.87553191489362
1769577175.852737,65.10198664665222,44,60,48,41.775,63.75,42.84,024.95372340425532,9.755319148936174,019.835531914893615
1769577175.902497,65.15179586410522,44,60,49,41.79,63.72,42.885,024.93872340425532,9.725319148936173,019.79053191489362
1769577175.9551842,65.20434880256653,44,59,49,41.805,63.685,42.93,024.92372340425532,9.690319148936176,019.74553191489362
1769577176.006902,65.25615692138672,43,60,48,41.815,63.655,42.97,024.91372340425532,9.660319148936175,019.70553191489362
1769577176.0559769,65.30511474609375,43,60,48,41.825,63.625,43.01,024.903723404255317,9.630319148936174,019.66553191489362
1769577176.104011,65.353266954422,44,59,49,41.84,63.59,43.055,024.888723404255316,9.595319148936177,019.62053191489362
1769577176.152958,65.40216565132141,44,59,49,41.855,63.555,43.1,024.873723404255323,9.560319148936173,019.575531914893617
1769577176.201917,65.45112180709839,44,59,49,41.87,63.52,43.145,024.858723404255322,9.525319148936177,019.530531914893615
1769577176.2528691,65.50207161903381,44,59,49,41.885,63.485,43.19,024.84372340425532,9.490319148936173,019.48553191489362
1769577176.30323,65.55242776870728,44,59,49,41.9,63.45,43.235,024.82872340425532,9.455319148936177,019.44053191489362
1769577176.353909,65.60310888290405,44,59,49,41.915,63.415,43.28,024.81372340425532,9.420319148936173,019.395531914893617
1769577176.402397,65.65165901184082,44,59,50,41.93,63.38,43.33,024.79872340425532,9.385319148936176,019.34553191489362
1769577176.452906,65.70214676856995,44,59,50,41.945,63.345,43.38,024.78372340425532,9.350319148936173,019.295531914893616
1769577176.5034392,65.75270080566406,44,59,50,41.96,63.31,43.43,024.76872340425532,9.315319148936176,019.24553191489362
1769577176.55169,65.80093789100647,45,59,50,41.98,63.275,43.48,024.748723404255323,9.280319148936172,019.19553191489362
1769577176.602253,65.85149693489075,45,59,50,42.0,63.24,43.53,024.72872340425532,9.245319148936176,019.145531914893617
1769577176.6529942,65.90222477912903,45,59,50,42.02,63.205,43.58,024.708723404255316,9.210319148936172,019.09553191489362
1769577176.7030559,65.9522807598114,44,59,50,42.035,63.17,43.63,024.693723404255323,9.175319148936175,019.045531914893616
1769577176.752416,66.00171279907227,45,59,50,42.055,63.135,43.68,024.67372340425532,9.140319148936172,018.99553191489362
1769577176.80283,66.05205392837524,45,59,50,42.075,63.1,43.73,024.653723404255317,9.105319148936175,018.94553191489362
1769577176.8533309,66.10258984565735,45,59,50,42.095,63.065,43.78,024.63372340425532,9.070319148936171,018.895531914893617
1769577176.902645,66.15185475349426,45,58,51,42.115,63.025,43.835,024.613723404255317,9.030319148936172,018.840531914893617
1769577176.952715,66.20191979408264,45,58,51,42.135,62.985,43.89,024.59372340425532,8.990319148936173,018.785531914893618
1769577177.0027032,66.25194072723389,45,58,51,42.155,62.945,43.945,024.57372340425532,8.950319148936174,018.730531914893618
1769577177.051775,66.30107188224792,45,58,51,42.175,62.905,44.0,024.553723404255322,8.910319148936175,018.675531914893618
1769577177.1035829,66.35282373428345,45,58,51,42.195,62.865,44.055,024.53372340425532,8.870319148936176,018.62053191489362
1769577177.152488,66.40179586410522,45,58,51,42.215,62.825,44.11,024.513723404255316,8.830319148936177,018.56553191489362
1769577177.203072,66.45228862762451,45,58,51,42.235,62.785,44.165,024.49372340425532,8.79031914893617,018.51053191489362
1769577177.2546759,66.50391483306885,45,58,51,42.255,62.745,44.22,024.473723404255317,8.750319148936171,018.45553191489362
1769577177.3031301,66.55237197875977,45,58,51,42.275,62.705,44.275,024.45372340425532,8.710319148936172,018.40053191489362
1769577177.352204,66.60137963294983,45,58,51,42.295,62.665,44.33,024.433723404255318,8.670319148936173,018.34553191489362
1769577177.402551,66.65184688568115,45,58,51,42.315,62.625,44.38,024.41372340425532,8.630319148936174,018.295531914893616
1769577177.451892,66.70116472244263,45,58,51,42.335,62.585,44.43,024.39372340425532,8.590319148936175,018.24553191489362
1769577177.50251,66.75180268287659,45,58,51,42.355,62.55,44.48,024.373723404255323,8.55531914893617,018.19553191489362
1769577177.552643,66.80182766914368,45,58,51,42.375,62.51,44.53,024.35372340425532,8.515319148936172,018.145531914893617
1769577177.602955,66.85223865509033,45,58,52,42.395,62.47,44.585,024.333723404255316,8.475319148936173,018.090531914893617
1769577177.652599,66.90184879302979,45,58,52,42.415,62.435,44.64,024.31372340425532,8.440319148936176,018.035531914893618
1769577177.702826,66.9520537853241,45,58,52,42.435,62.395,44.695,024.293723404255317,8.400319148936177,017.980531914893618
1769577177.7521951,67.0014579296112,46,58,52,42.455,62.36,44.75,024.27372340425532,8.365319148936173,017.925531914893618
1769577177.8022451,67.05142402648926,45,58,52,42.47,62.325,44.805,024.25872340425532,8.330319148936177,017.87053191489362
1769577177.8534982,67.1027557849884,45,58,52,42.49,62.29,44.86,024.238723404255317,8.295319148936173,017.81553191489362
1769577177.9026382,67.1519386768341,46,58,52,42.515,62.255,44.915,024.21372340425532,8.260319148936176,017.76053191489362
1769577177.952482,67.2017617225647,46,58,52,42.54,62.22,44.97,024.18872340425532,8.225319148936173,017.70553191489362
1769577178.0022972,67.25155782699585,46,58,52,42.56,62.185,45.025,024.168723404255317,8.190319148936176,017.65053191489362
1769577178.051868,67.30114483833313,45,58,51,42.575,62.15,45.075,024.153723404255317,8.155319148936172,017.600531914893615
1769577178.104212,67.35325789451599,45,58,51,42.59,62.115,45.125,024.138723404255316,8.120319148936176,017.550531914893618
1769577178.154443,67.40370583534241,45,58,51,42.605,62.08,45.175,024.123723404255323,8.085319148936172,017.50053191489362
1769577178.201698,67.45095562934875,46,58,52,42.625,62.045,45.225,024.10372340425532,8.050319148936175,017.450531914893617
1769577178.252655,67.50194668769836,45,58,51,42.64,62.01,45.27,024.08872340425532,8.015319148936172,017.405531914893615
1769577178.301513,67.55076789855957,46,58,52,42.66,61.975,45.32,024.068723404255323,7.980319148936175,017.355531914893618
1769577178.353106,67.60232496261597,46,58,52,42.68,61.94,45.375,024.04872340425532,7.945319148936171,017.300531914893618
1769577178.401471,67.65077185630798,45,58,52,42.695,61.905,45.43,024.03372340425532,7.910319148936175,017.24553191489362
1769577178.452229,67.70113277435303,46,58,52,42.715,61.87,45.48,024.013723404255316,7.875319148936171,017.19553191489362
1769577178.5016189,67.75090885162354,46,58,52,42.735,61.835,45.53,023.99372340425532,7.8403191489361745,017.145531914893617
1769577178.551517,67.80080890655518,46,58,52,42.755,61.8,45.58,023.973723404255317,7.805319148936171,017.09553191489362
1769577178.6020749,67.85105776786804,46,58,52,42.775,61.765,45.635,023.95372340425532,7.770319148936174,017.04053191489362
1769577178.651444,67.90073275566101,45,58,52,42.79,61.73,45.685,023.93872340425532,7.735319148936171,016.990531914893616
1769577178.70238,67.9516270160675,45,58,51,42.805,61.695,45.73,023.92372340425532,7.700319148936174,016.94553191489362
1769577178.753075,68.00230479240417,45,58,51,42.82,61.66,45.775,023.90872340425532,7.66531914893617,016.90053191489362
1769577178.801663,68.05094385147095,45,58,50,42.835,61.625,45.815,023.89372340425532,7.630319148936174,016.86053191489362
1769577178.853634,68.1025927066803,45,58,51,42.85,61.59,45.86,023.878723404255318,7.595319148936177,016.81553191489362
1769577178.9027,68.1519558429718,45,58,51,42.865,61.555,45.905,023.863723404255317,7.560319148936173,016.770531914893617
1769577178.9524171,68.20168280601501,45,58,51,42.88,61.52,45.95,023.848723404255317,7.525319148936177,016.725531914893615
1769577179.00261,68.25187563896179,45,58,51,42.895,61.485,45.995,023.833723404255316,7.490319148936173,016.68053191489362
1769577179.0536032,68.30279564857483,45,58,51,42.91,61.45,46.04,023.818723404255323,7.4553191489361765,016.63553191489362
1769577179.103389,68.35265469551086,45,58,51,42.925,61.42,46.085,023.803723404255322,7.425319148936175,016.590531914893617
1769577179.152,68.40124797821045,45,58,51,42.945,61.385,46.135,023.78372340425532,7.390319148936172,016.54053191489362
1769577179.202847,68.45205092430115,45,58,51,42.965,61.35,46.185,023.763723404255316,7.355319148936175,016.490531914893616
1769577179.252464,68.50169086456299,45,58,51,42.98,61.315,46.23,023.748723404255323,7.320319148936171,016.44553191489362
1769577179.302793,68.55196166038513,45,59,50,42.995,61.285,46.27,023.733723404255322,7.29031914893617,016.405531914893615
1769577179.353822,68.60307264328003,44,59,50,43.005,61.255,46.31,023.723723404255317,7.260319148936176,016.365531914893616
1769577179.402377,68.65158987045288,44,59,50,43.015,61.225,46.35,023.71372340425532,7.230319148936175,016.325531914893617
1769577179.453053,68.70223999023438,44,59,50,43.03,61.195,46.39,023.69872340425532,7.200319148936174,016.285531914893618
1769577179.506952,68.75615572929382,44,59,49,43.045,61.165,46.425,023.683723404255318,7.170319148936173,016.25053191489362
1769577179.555757,68.80489087104797,44,59,49,43.055,61.14,46.46,023.67372340425532,7.145319148936174,016.215531914893617
1769577179.60383,68.85303378105164,44,59,49,43.07,61.11,46.5,023.65872340425532,7.115319148936173,016.175531914893618
1769577179.653329,68.90256381034851,44,59,49,43.085,61.08,46.535,023.64372340425532,7.085319148936172,016.14053191489362
1769577179.7021692,68.9512197971344,44,59,49,43.1,61.05,46.575,023.628723404255318,7.055319148936171,016.100531914893615
1769577179.753428,69.00264596939087,44,59,49,43.115,61.02,46.615,023.613723404255317,7.025319148936177,016.060531914893616
1769577179.802829,69.05213165283203,44,59,49,43.13,60.99,46.655,023.598723404255317,6.995319148936176,016.020531914893617
1769577179.851958,69.10112166404724,44,59,49,43.145,60.96,46.695,023.583723404255316,6.9653191489361745,015.980531914893618
1769577179.9029372,69.15223288536072,44,59,49,43.16,60.93,46.73,023.568723404255323,6.935319148936173,015.945531914893621
1769577179.953012,69.20227575302124,44,59,49,43.175,60.9,46.765,023.553723404255322,6.905319148936172,015.910531914893618
1769577180.004152,69.25334572792053,44,59,49,43.185,60.87,46.8,023.543723404255317,6.875319148936171,015.875531914893621
1769577180.055681,69.30483198165894,44,59,49,43.2,60.84,46.84,023.528723404255317,6.845319148936177,015.835531914893615
1769577180.107234,69.35645580291748,44,60,49,43.215,60.815,46.88,023.513723404255316,6.820319148936171,015.795531914893616
1769577180.15494,69.4041018486023,44,60,49,43.225,60.795,46.915,023.503723404255318,6.800319148936175,015.760531914893619
1769577180.2034078,69.45263004302979,44,60,49,43.235,60.775,46.95,023.49372340425532,6.780319148936172,015.725531914893615
1769577180.252707,69.50184273719788,44,60,48,43.245,60.755,46.98,023.483723404255322,6.760319148936176,015.695531914893621
1769577180.303825,69.55300784111023,44,60,48,43.255,60.735,47.01,023.473723404255317,6.740319148936173,015.66553191489362
1769577180.3594592,69.60864686965942,44,60,48,43.265,60.715,47.04,023.46372340425532,6.720319148936177,015.635531914893619
1769577180.408788,69.6578996181488,44,60,48,43.275,60.695,47.07,023.45372340425532,6.700319148936174,015.605531914893618
1769577180.455023,69.70423078536987,44,60,48,43.285,60.675,47.1,023.443723404255323,6.680319148936171,015.575531914893617
1769577180.502269,69.75144290924072,44,60,49,43.295,60.655,47.135,023.433723404255318,6.660319148936175,015.54053191489362
1769577180.5546181,69.80382966995239,44,59,49,43.305,60.63,47.17,023.42372340425532,6.635319148936176,015.505531914893616
1769577180.605891,69.85476469993591,44,59,49,43.315,60.605,47.205,023.41372340425532,6.610319148936171,015.47053191489362
1769577180.653842,69.9030556678772,43,60,48,43.32,60.585,47.235,023.40872340425532,6.5903191489361745,015.440531914893619
1769577180.7056189,69.9547917842865,43,60,48,43.325,60.565,47.265,023.403723404255317,6.570319148936171,015.410531914893618
1769577180.754813,70.00402975082397,43,60,48,43.33,60.545,47.295,023.39872340425532,6.550319148936175,015.380531914893616
1769577180.803406,70.05253672599792,43,60,48,43.335,60.525,47.325,023.39372340425532,6.530319148936172,015.350531914893615
1769577180.8537862,70.10298275947571,43,60,48,43.34,60.505,47.355,023.388723404255316,6.510319148936176,015.320531914893621
1769577180.901815,70.15105271339417,43,60,48,43.345,60.485,47.38,023.38372340425532,6.490319148936173,015.295531914893616
1769577180.953181,70.2022876739502,43,60,48,43.35,60.465,47.41,023.378723404255318,6.470319148936177,015.265531914893621
1769577181.009525,70.25845980644226,44,60,48,43.36,60.445,47.44,023.36872340425532,6.450319148936174,015.23553191489362
1769577181.063403,70.31263470649719,44,60,48,43.37,60.425,47.465,023.358723404255322,6.430319148936171,015.210531914893615
1769577181.110263,70.35945272445679,43,60,48,43.375,60.405,47.495,023.35372340425532,6.410319148936175,015.18053191489362
1769577181.1566231,70.40579271316528,43,60,48,43.38,60.385,47.525,023.348723404255317,6.390319148936172,015.15053191489362
1769577181.204015,70.45326781272888,44,60,48,43.39,60.365,47.55,023.33872340425532,6.370319148936176,015.125531914893621
1769577181.252037,70.50125980377197,43,60,48,43.395,60.345,47.575,023.333723404255316,6.3503191489361726,015.100531914893615
1769577181.30351,70.55278587341309,43,60,48,43.4,60.325,47.6,023.32872340425532,6.3303191489361765,015.075531914893617
1769577181.35259,70.60187578201294,43,60,48,43.405,60.305,47.625,023.32372340425532,6.310319148936173,015.050531914893618
1769577181.401396,70.65066981315613,43,60,48,43.41,60.285,47.65,023.318723404255323,6.29031914893617,015.02553191489362
1769577181.453666,70.70288896560669,43,60,48,43.415,60.265,47.675,023.31372340425532,6.270319148936174,015.000531914893621
1769577181.502763,70.75202369689941,43,60,48,43.42,60.245,47.7,023.308723404255318,6.250319148936171,014.975531914893615
1769577181.553028,70.80218386650085,43,60,48,43.425,60.225,47.725,023.303723404255322,6.230319148936175,014.950531914893617
1769577181.601591,70.85087180137634,44,60,48,43.44,60.205,47.75,023.28872340425532,6.210319148936172,014.925531914893618
1769577181.653578,70.90283393859863,43,60,48,43.45,60.185,47.775,023.278723404255317,6.190319148936176,014.90053191489362
1769577181.7031739,70.95213079452515,44,60,48,43.46,60.165,47.8,023.26872340425532,6.170319148936173,014.875531914893621
1769577181.752643,71.0019006729126,44,60,48,43.475,60.145,47.825,023.253723404255318,6.150319148936177,014.850531914893615
1769577181.803848,71.05304479598999,43,60,48,43.485,60.125,47.85,023.24372340425532,6.130319148936174,014.825531914893617
1769577181.852366,71.10159182548523,43,60,48,43.495,60.105,47.875,023.233723404255322,6.110319148936171,014.800531914893618
1769577181.903114,71.15229177474976,44,59,49,43.51,60.085,47.905,023.21872340425532,6.0903191489361745,014.770531914893617
1769577181.956136,71.20535659790039,44,59,49,43.525,60.06,47.935,023.20372340425532,6.065319148936176,014.740531914893616
1769577182.007823,71.2570288181305,44,59,49,43.54,60.035,47.965,023.18872340425532,6.04031914893617,014.710531914893615
1769577182.056098,71.30528473854065,44,59,49,43.555,60.01,48.0,023.17372340425532,6.015319148936172,014.675531914893618
1769577182.103408,71.35267090797424,44,59,49,43.57,59.985,48.035,023.15872340425532,5.990319148936173,014.640531914893621
1769577182.152603,71.40185284614563,44,59,49,43.585,59.96,48.065,023.14372340425532,5.9653191489361745,014.61053191489362
1769577182.203425,71.45260787010193,44,59,49,43.6,59.935,48.095,023.128723404255318,5.940319148936176,014.58053191489362
1769577182.253385,71.50259470939636,44,59,49,43.615,59.915,48.125,023.113723404255317,5.920319148936173,014.550531914893618
1769577182.3044538,71.55361366271973,44,59,49,43.625,59.895,48.155,023.10372340425532,5.900319148936177,014.520531914893617
1769577182.361835,71.61095762252808,44,59,49,43.64,59.875,48.185,023.08872340425532,5.880319148936174,014.490531914893616
1769577182.424923,71.67396473884583,44,59,49,43.655,59.855,48.215,023.07372340425532,5.860319148936171,014.460531914893615
1769577182.4832,71.73238396644592,44,59,49,43.67,59.835,48.245,023.058723404255318,5.8403191489361745,014.43053191489362
1769577182.533911,71.78308081626892,44,59,49,43.685,59.815,48.275,023.043723404255317,5.820319148936171,014.40053191489362
1769577182.58353,71.83275961875916,44,59,49,43.695,59.795,48.305,023.03372340425532,5.800319148936175,014.370531914893618
1769577182.632997,71.88217973709106,44,59,49,43.705,59.775,48.335,023.02372340425532,5.780319148936172,014.340531914893617
1769577182.681589,71.93080282211304,44,59,49,43.715,59.755,48.365,023.013723404255316,5.760319148936176,014.310531914893616
1769577182.734832,71.98377180099487,44,59,49,43.725,59.735,48.395,023.003723404255318,5.740319148936173,014.280531914893615
1769577182.7887309,72.03799080848694,44,59,50,43.74,59.715,48.43,022.988723404255317,5.720319148936177,014.245531914893618
1769577182.839583,72.08878898620605,44,59,49,43.755,59.695,48.46,022.973723404255317,5.700319148936174,014.215531914893617
1769577182.891031,72.14019465446472,44,59,49,43.77,59.675,48.49,022.958723404255316,5.680319148936171,014.185531914893616
1769577182.9420621,72.19126772880554,44,59,50,43.785,59.655,48.525,022.943723404255323,5.660319148936175,014.15053191489362
1769577182.990926,72.24013900756836,44,59,49,43.795,59.635,48.555,022.933723404255318,5.640319148936172,014.120531914893618
1769577183.039243,72.28844165802002,44,59,50,43.805,59.615,48.585,022.92372340425532,5.620319148936176,014.090531914893617
1769577183.0895739,72.33877778053284,44,59,50,43.815,59.595,48.615,022.91372340425532,5.6003191489361726,014.060531914893616
1769577183.140995,72.39020586013794,44,59,50,43.825,59.575,48.645,022.903723404255317,5.5803191489361765,014.030531914893615
1769577183.189792,72.43901181221008,44,59,50,43.835,59.555,48.675,022.89372340425532,5.560319148936173,014.000531914893621
1769577183.237973,72.48712277412415,44,59,50,43.845,59.535,48.705,022.88372340425532,5.54031914893617,013.97053191489362
1769577183.2930088,72.54218864440918,45,58,50,43.86,59.51,48.735,022.86872340425532,5.515319148936172,013.940531914893619
1769577183.34406,72.59323287010193,45,58,51,43.875,59.485,48.77,022.85372340425532,5.490319148936173,013.905531914893615
1769577183.3917499,72.6409637928009,44,58,50,43.885,59.46,48.8,022.84372340425532,5.4653191489361745,013.875531914893621
1769577183.4398909,72.68909168243408,44,58,50,43.895,59.435,48.83,022.833723404255316,5.440319148936176,013.84553191489362
1769577183.488087,72.73726272583008,44,58,51,43.905,59.41,48.865,022.82372340425532,5.41531914893617,013.810531914893616
1769577183.538757,72.7879319190979,44,58,51,43.915,59.385,48.9,022.81372340425532,5.390319148936172,013.77553191489362
1769577183.595305,72.84448790550232,45,58,51,43.93,59.36,48.935,022.79872340425532,5.365319148936173,013.740531914893616
1769577183.646094,72.89534282684326,45,58,51,43.945,59.34,48.97,022.78372340425532,5.345319148936177,013.70553191489362
1769577183.69411,72.9433228969574,45,58,51,43.96,59.32,49.005,022.76872340425532,5.325319148936174,013.670531914893616
1769577183.740478,72.98964786529541,45,58,51,43.975,59.3,49.04,022.753723404255318,5.305319148936171,013.635531914893619
1769577183.791431,73.04057383537292,45,58,51,43.99,59.28,49.075,022.738723404255317,5.285319148936175,013.600531914893615
1769577183.842305,73.09153175354004,45,58,51,44.005,59.26,49.11,022.723723404255317,5.265319148936172,013.565531914893619
1769577183.8920472,73.1412558555603,45,58,51,44.02,59.24,49.14,022.708723404255316,5.245319148936176,013.535531914893618
1769577183.943907,73.19281482696533,45,58,51,44.035,59.22,49.175,022.693723404255323,5.2253191489361726,013.500531914893621
1769577184.001021,73.25014090538025,45,58,51,44.05,59.2,49.21,022.678723404255322,5.2053191489361765,013.465531914893617
1769577184.053571,73.30274891853333,45,58,51,44.065,59.18,49.245,022.66372340425532,5.185319148936173,013.43053191489362
1769577184.11119,73.36032056808472,45,58,51,44.08,59.16,49.275,022.64872340425532,5.16531914893617,013.40053191489362
1769577184.167547,73.41678786277771,45,58,51,44.095,59.14,49.305,022.63372340425532,5.145319148936174,013.370531914893618
1769577184.215828,73.46504378318787,45,58,51,44.11,59.12,49.335,022.61872340425532,5.125319148936171,013.340531914893617
1769577184.262254,73.51140189170837,45,58,51,44.125,59.1,49.365,022.60372340425532,5.105319148936175,013.310531914893616
1769577184.310519,73.55966782569885,45,58,51,44.14,59.08,49.395,022.58872340425532,5.085319148936172,013.280531914893615
1769577184.359147,73.60829782485962,45,58,51,44.155,59.06,49.425,022.57372340425532,5.065319148936176,013.250531914893621
1769577184.408422,73.65764474868774,45,58,51,44.17,59.04,49.455,022.558723404255318,5.045319148936173,013.22053191489362
1769577184.46205,73.71125984191895,45,58,51,44.185,59.025,49.48,022.543723404255317,5.030319148936172,013.195531914893621
1769577184.512176,73.76132869720459,45,58,51,44.2,59.01,49.505,022.528723404255317,5.015319148936172,013.170531914893616
1769577184.562446,73.81164789199829,44,58,50,44.21,58.995,49.525,022.51872340425532,5.000319148936171,013.15053191489362
1769577184.610734,73.85994601249695,44,59,50,44.22,58.985,49.545,022.50872340425532,4.990319148936173,013.130531914893616
1769577184.6579,73.90705180168152,44,58,50,44.23,58.97,49.565,022.498723404255323,4.9753191489361726,013.11053191489362
1769577184.706114,73.95535278320312,45,58,51,44.245,58.955,49.59,022.483723404255322,4.960319148936172,013.085531914893615
1769577184.7542531,74.00341463088989,44,58,50,44.25,58.94,49.61,022.47872340425532,4.945319148936171,013.065531914893619
1769577184.811143,74.05995965003967,44,58,50,44.255,58.925,49.63,022.473723404255317,4.930319148936171,013.045531914893616
1769577184.861053,74.11025476455688,44,58,50,44.26,58.91,49.65,022.46872340425532,4.91531914893617,013.02553191489362
1769577184.911562,74.16076588630676,44,58,51,44.265,58.895,49.67,022.46372340425532,4.900319148936177,013.005531914893616
1769577184.961778,74.21060466766357,44,58,50,44.27,58.88,49.685,022.458723404255316,4.885319148936176,012.990531914893616
1769577185.010713,74.25997185707092,44,58,50,44.275,58.865,49.7,022.45372340425532,4.870319148936176,012.975531914893615
1769577185.0589561,74.30821681022644,44,58,50,44.28,58.855,49.715,022.44872340425532,4.860319148936171,012.960531914893615
1769577185.10546,74.35463190078735,44,59,50,44.285,58.85,49.73,022.443723404255323,4.855319148936175,012.945531914893621
1769577185.1556852,74.40489673614502,44,59,50,44.29,58.845,49.745,022.43872340425532,4.8503191489361726,012.93053191489362
1769577185.20425,74.45345091819763,43,59,49,44.29,58.84,49.75,022.43872340425532,4.845319148936177,012.925531914893618
1769577185.2531579,74.50243091583252,43,59,49,44.285,58.835,49.755,022.443723404255323,4.8403191489361745,012.920531914893616
1769577185.3025348,74.55175971984863,44,59,49,44.29,58.83,49.76,022.43872340425532,4.835319148936172,012.91553191489362
1769577185.3534799,74.60269165039062,44,59,50,44.295,58.825,49.77,022.433723404255318,4.8303191489361765,012.905531914893615
1769577185.4017842,74.6510157585144,44,59,50,44.3,58.82,49.78,022.428723404255322,4.825319148936174,012.895531914893617
1769577185.451744,74.70097875595093,44,59,50,44.305,58.815,49.79,022.42372340425532,4.820319148936171,012.885531914893619
1769577185.502686,74.75187563896179,44,59,49,44.31,58.81,49.795,022.418723404255317,4.815319148936176,012.880531914893616
1769577185.552407,74.80159378051758,44,59,50,44.315,58.805,49.805,022.41372340425532,4.810319148936173,012.870531914893618
1769577185.603662,74.85284972190857,44,59,50,44.315,58.8,49.815,022.41372340425532,4.805319148936171,012.86053191489362
1769577185.6549408,74.90391778945923,43,59,49,44.31,58.795,49.82,022.418723404255317,4.800319148936175,012.855531914893618
1769577185.708127,74.95727181434631,43,59,49,44.31,58.79,49.825,022.418723404255317,4.795319148936173,012.850531914893615
1769577185.765057,75.0142776966095,44,59,49,44.315,58.785,49.83,022.41372340425532,4.79031914893617,012.84553191489362
1769577185.816533,75.06575679779053,44,59,50,44.315,58.78,49.84,022.41372340425532,4.785319148936175,012.835531914893615
1769577185.8654258,75.11461567878723,44,59,50,44.315,58.775,49.85,022.41372340425532,4.780319148936172,012.825531914893617
1769577185.911732,75.16093683242798,44,59,49,44.315,58.77,49.855,022.41372340425532,4.775319148936177,012.820531914893621
1769577185.961347,75.21035766601562,44,59,49,44.315,58.765,49.855,022.41372340425532,4.770319148936174,012.820531914893621
1769577186.010466,75.25973391532898,44,59,49,44.315,58.765,49.855,022.41372340425532,4.770319148936174,012.820531914893621
1769577186.059874,75.30912160873413,44,59,50,44.32,58.76,49.865,022.40872340425532,4.765319148936172,012.810531914893616
1769577186.1091352,75.35830092430115,44,59,50,44.325,58.755,49.875,022.403723404255317,4.760319148936176,012.800531914893618
1769577186.161272,75.41049075126648,44,59,50,44.325,58.755,49.88,022.403723404255317,4.760319148936176,012.795531914893616
1769577186.2138681,75.46305274963379,44,59,50,44.325,58.755,49.885,022.403723404255317,4.760319148936176,012.79053191489362
1769577186.268995,75.51796770095825,44,59,49,44.325,58.755,49.885,022.403723404255317,4.760319148936176,012.79053191489362
1769577186.3268569,75.57601165771484,44,59,49,44.325,58.755,49.885,022.403723404255317,4.760319148936176,012.79053191489362
1769577186.3801448,75.6293089389801,44,59,49,44.325,58.755,49.885,022.403723404255317,4.760319148936176,012.79053191489362
1769577186.432472,75.68165373802185,44,59,49,44.325,58.755,49.885,022.403723404255317,4.760319148936176,012.79053191489362
1769577186.489505,75.73856782913208,43,59,49,44.32,58.755,49.88,022.40872340425532,4.760319148936176,012.795531914893616
1769577186.546019,75.79516696929932,44,59,49,44.32,58.755,49.875,022.40872340425532,4.760319148936176,012.800531914893618
1769577186.552619,75.80139875411987,44,59,50,44.32,58.755,49.875,022.40872340425532,4.760319148936176,012.800531914893618
1769577186.609941,75.85888671875,43,59,49,44.31,58.755,49.87,022.418723404255317,4.760319148936176,012.80553191489362
1769577186.662411,75.91163372993469,44,59,49,44.305,58.755,49.865,022.42372340425532,4.760319148936176,012.810531914893616
1769577186.715958,75.96511673927307,44,59,50,44.3,58.755,49.865,022.428723404255322,4.760319148936176,012.810531914893616
1769577186.7708092,76.01935982704163,44,59,50,44.3,58.755,49.865,022.428723404255322,4.760319148936176,012.810531914893616
1769577186.829907,76.0790946483612,44,59,50,44.295,58.755,49.865,022.433723404255318,4.760319148936176,012.810531914893616
1769577186.8845608,76.13375687599182,44,59,50,44.29,58.755,49.865,022.43872340425532,4.760319148936176,012.810531914893616
1769577186.9395149,76.1886830329895,43,59,49,44.28,58.755,49.86,022.44872340425532,4.760319148936176,012.815531914893619
1769577186.9914198,76.2406415939331,43,59,49,44.27,58.76,49.85,022.458723404255316,4.765319148936172,012.825531914893617
1769577187.041211,76.29045677185059,43,59,49,44.26,58.765,49.84,022.46872340425532,4.770319148936174,012.835531914893615
1769577187.0903199,76.33951783180237,43,59,49,44.25,58.77,49.83,022.47872340425532,4.775319148936177,012.84553191489362
1769577187.1375082,76.38670063018799,43,59,49,44.24,58.775,49.82,022.488723404255317,4.780319148936172,012.855531914893618
1769577187.186677,76.43581795692444,43,59,49,44.23,58.78,49.81,022.498723404255323,4.785319148936175,012.865531914893616
1769577187.235161,76.48435187339783,43,59,49,44.22,58.785,49.8,022.50872340425532,4.79031914893617,012.875531914893621
1769577187.288408,76.5376148223877,43,59,49,44.21,58.79,49.79,022.51872340425532,4.795319148936173,012.885531914893619
1769577187.3390248,76.58810591697693,43,59,49,44.2,58.795,49.78,022.528723404255317,4.800319148936175,012.895531914893617
1769577187.3882828,76.63751864433289,43,59,49,44.19,58.8,49.77,022.53872340425532,4.805319148936171,012.905531914893615
1769577187.4370298,76.68623161315918,43,59,49,44.18,58.805,49.76,022.54872340425532,4.810319148936173,012.91553191489362
1769577187.492183,76.74131083488464,43,59,49,44.17,58.81,49.75,022.558723404255318,4.815319148936176,012.925531914893618
1769577187.545917,76.79511094093323,43,59,49,44.16,58.815,49.74,022.568723404255323,4.820319148936171,012.935531914893616
1769577187.596752,76.84594988822937,43,59,49,44.15,58.82,49.73,022.57872340425532,4.825319148936174,012.945531914893621
1769577187.601813,76.85110878944397,43,59,49,44.14,58.825,49.72,022.58872340425532,4.8303191489361765,012.95553191489362
1769577187.654474,76.90360498428345,43,59,48,44.13,58.83,49.7,022.598723404255317,4.835319148936172,012.975531914893615
1769577187.71278,76.96193480491638,43,59,49,44.12,58.835,49.685,022.608723404255322,4.8403191489361745,012.990531914893616
1769577187.768467,77.01765465736389,43,59,49,44.11,58.84,49.67,022.61872340425532,4.845319148936177,013.005531914893616
1769577187.815039,77.0642147064209,43,59,49,44.095,58.845,49.655,022.63372340425532,4.8503191489361726,013.020531914893617
1769577187.8626492,77.11166977882385,43,59,49,44.085,58.85,49.64,022.64372340425532,4.855319148936175,013.035531914893618
1769577187.910265,77.15947389602661,43,59,49,44.075,58.855,49.625,022.653723404255317,4.860319148936171,013.050531914893618
1769577187.9633012,77.2124297618866,43,59,49,44.06,58.86,49.61,022.668723404255317,4.865319148936173,013.065531914893619
1769577188.016862,77.26587271690369,43,59,49,44.045,58.865,49.595,022.683723404255318,4.870319148936176,013.08053191489362
1769577188.070333,77.3195288181305,43,59,49,44.03,58.87,49.58,022.69872340425532,4.875319148936171,013.09553191489362
1769577188.1169012,77.36614394187927,43,59,49,44.02,58.875,49.57,022.708723404255316,4.880319148936174,013.105531914893618
1769577188.162861,77.41206765174866,43,59,49,44.01,58.88,49.56,022.71872340425532,4.885319148936176,013.115531914893616
1769577188.212555,77.46176981925964,43,59,48,44.0,58.885,49.545,022.72872340425532,4.890319148936172,013.130531914893616
1769577188.262411,77.51158475875854,43,59,49,43.985,58.89,49.53,022.74372340425532,4.895319148936174,013.145531914893617
1769577188.316614,77.56579685211182,44,59,50,43.98,58.895,49.525,022.748723404255323,4.900319148936177,013.15053191489362
1769577188.369316,77.61850476264954,43,59,49,43.965,58.9,49.51,022.763723404255316,4.905319148936172,013.16553191489362
1769577188.4168372,77.66608691215515,43,59,49,43.95,58.905,49.495,022.778723404255317,4.910319148936175,013.18053191489362
1769577188.462529,77.71177077293396,43,59,49,43.94,58.91,49.48,022.78872340425532,4.91531914893617,013.195531914893621
1769577188.507704,77.7569169998169,43,59,49,43.925,58.915,49.465,022.803723404255322,4.920319148936173,013.210531914893615
1769577188.553909,77.80312085151672,43,59,49,43.91,58.92,49.45,022.818723404255323,4.925319148936175,013.225531914893615
1769577188.6024919,77.85170269012451,44,59,49,43.9,58.925,49.435,022.82872340425532,4.930319148936171,013.240531914893616
1769577188.6520672,77.90135288238525,43,59,49,43.885,58.93,49.42,022.84372340425532,4.935319148936173,013.255531914893616
1769577188.702212,77.95144581794739,43,59,49,43.875,58.935,49.405,022.85372340425532,4.940319148936176,013.270531914893617
1769577188.752804,78.0018527507782,43,59,49,43.865,58.94,49.395,022.863723404255317,4.945319148936171,013.280531914893615
1769577188.802031,78.05117082595825,43,59,49,43.855,58.945,49.385,022.873723404255323,4.950319148936174,013.29053191489362
1769577188.852139,78.10129261016846,43,59,49,43.845,58.95,49.38,022.88372340425532,4.9553191489361765,013.295531914893616
1769577188.90213,78.1513397693634,43,59,49,43.835,58.955,49.37,022.89372340425532,4.960319148936172,013.30553191489362
1769577188.951404,78.200612783432,43,59,49,43.825,58.96,49.36,022.903723404255317,4.9653191489361745,013.315531914893619
1769577189.0019221,78.25101065635681,43,59,48,43.815,58.965,49.345,022.91372340425532,4.970319148936177,013.33053191489362
1769577189.052453,78.30162572860718,43,59,49,43.805,58.97,49.335,022.92372340425532,4.9753191489361726,013.340531914893617
1769577189.102635,78.35187363624573,43,59,49,43.795,58.975,49.325,022.933723404255318,4.980319148936175,013.350531914893615
1769577189.151371,78.40061473846436,43,59,48,43.785,58.98,49.31,022.943723404255323,4.985319148936171,013.365531914893616
1769577189.2021499,78.4514627456665,43,59,49,43.775,58.985,49.3,022.95372340425532,4.990319148936173,013.375531914893621
1769577189.25232,78.50146889686584,43,59,49,43.765,58.99,49.29,022.96372340425532,4.995319148936176,013.385531914893619
1769577189.301217,78.55050277709961,43,59,49,43.755,58.995,49.28,022.973723404255317,5.000319148936171,013.395531914893617
1769577189.352234,78.60150289535522,43,59,49,43.745,58.995,49.275,022.983723404255322,5.000319148936171,013.40053191489362
1769577189.402663,78.65194177627563,43,59,49,43.74,58.995,49.27,022.988723404255317,5.000319148936171,013.405531914893615
1769577189.452647,78.70188856124878,43,59,49,43.735,58.995,49.265,022.99372340425532,5.000319148936171,013.410531914893618
1769577189.503297,78.75241661071777,43,59,48,43.73,58.995,49.255,022.998723404255323,5.000319148936171,013.420531914893616
1769577189.552889,78.8020977973938,43,59,48,43.725,58.995,49.25,023.003723404255318,5.000319148936171,013.425531914893618
1769577189.6024451,78.85157561302185,43,60,48,43.72,59.0,49.245,023.00872340425532,5.005319148936174,013.43053191489362
1769577189.653304,78.90230560302734,42,60,48,43.71,59.005,49.24,023.01872340425532,5.010319148936176,013.435531914893616
1769577189.7009752,78.95028471946716,42,60,48,43.7,59.01,49.235,023.028723404255317,5.015319148936172,013.440531914893619
1769577189.752751,79.00198888778687,42,60,48,43.69,59.015,49.23,023.03872340425532,5.020319148936174,013.445531914893621
1769577189.802188,79.0514178276062,42,60,48,43.68,59.02,49.225,023.04872340425532,5.025319148936177,013.450531914893617
1769577189.85264,79.10190486907959,42,60,48,43.67,59.025,49.22,023.058723404255318,5.030319148936172,013.45553191489362
1769577189.9032362,79.15224981307983,42,60,48,43.66,59.03,49.215,023.068723404255323,5.035319148936175,013.460531914893615
1769577189.950998,79.20028281211853,42,60,48,43.65,59.035,49.21,023.07872340425532,5.04031914893617,013.465531914893617
1769577190.0033898,79.2522759437561,42,60,48,43.64,59.04,49.205,023.08872340425532,5.045319148936173,013.47053191489362
1769577190.052746,79.3019666671753,42,60,48,43.63,59.045,49.2,023.098723404255317,5.050319148936175,013.475531914893615
1769577190.1023722,79.351637840271,42,59,48,43.62,59.045,49.195,023.108723404255322,5.050319148936175,013.480531914893618
1769577190.15286,79.40186071395874,42,60,48,43.61,59.045,49.19,023.11872340425532,5.050319148936175,013.48553191489362
1769577190.201482,79.45071268081665,42,60,47,43.6,59.045,49.18,023.128723404255318,5.050319148936175,013.495531914893618
1769577190.252971,79.5020387172699,42,60,47,43.59,59.045,49.17,023.138723404255316,5.050319148936175,013.505531914893616
1769577190.311533,79.56055283546448,42,60,47,43.58,59.045,49.165,023.14872340425532,5.050319148936175,013.510531914893619
1769577190.3769941,79.62578177452087,42,60,48,43.57,59.045,49.165,023.15872340425532,5.050319148936175,013.510531914893619
1769577190.441142,79.69021797180176,42,60,47,43.56,59.045,49.16,023.168723404255317,5.050319148936175,013.515531914893621
1769577190.5052931,79.75432872772217,42,60,47,43.55,59.045,49.155,023.178723404255322,5.050319148936175,013.520531914893617
1769577190.576531,79.82549095153809,42,60,47,43.54,59.045,49.15,023.18872340425532,5.050319148936175,013.52553191489362
1769577190.648385,79.89739084243774,42,60,47,43.53,59.045,49.14,023.19872340425532,5.050319148936175,013.535531914893618
1769577190.862725,80.1112949848175,42,60,47,43.52,59.05,49.13,023.208723404255316,5.055319148936171,013.545531914893616
1769577190.923241,80.17237567901611,42,60,47,43.51,59.055,49.12,023.21872340425532,5.060319148936173,013.55553191489362
1769577190.97908,80.22826766967773,41,60,47,43.5,59.055,49.115,023.22872340425532,5.060319148936173,013.560531914893616
1769577191.0317912,80.2809727191925,41,60,47,43.49,59.055,49.11,023.238723404255317,5.060319148936173,013.565531914893619
1769577191.085942,80.3351559638977,41,60,46,43.48,59.055,49.1,023.248723404255323,5.060319148936173,013.575531914893617
1769577191.13594,80.38502669334412,41,60,46,43.47,59.055,49.09,023.25872340425532,5.060319148936173,013.585531914893615
1769577191.182522,80.43175387382507,41,60,46,43.46,59.055,49.08,023.26872340425532,5.060319148936173,013.59553191489362
1769577191.230413,80.47953677177429,41,60,46,43.45,59.055,49.07,023.278723404255317,5.060319148936173,013.605531914893618
1769577191.288812,80.53784489631653,41,60,47,43.44,59.055,49.065,023.28872340425532,5.060319148936173,013.61053191489362
1769577191.352372,80.60140490531921,41,61,46,43.425,59.06,49.055,023.303723404255322,5.065319148936176,013.620531914893618
1769577191.418002,80.66705179214478,41,61,46,43.41,59.065,49.045,023.318723404255323,5.070319148936171,013.630531914893616
1769577191.473244,80.72247886657715,41,61,46,43.4,59.07,49.035,023.32872340425532,5.075319148936174,013.640531914893621
1769577191.524374,80.77357888221741,41,61,46,43.39,59.075,49.025,023.33872340425532,5.0803191489361765,013.65053191489362
1769577191.5789142,80.82807397842407,41,61,46,43.375,59.08,49.015,023.35372340425532,5.085319148936172,013.660531914893618
1769577191.640714,80.88968873023987,41,61,46,43.365,59.085,49.005,023.363723404255317,5.0903191489361745,013.670531914893616
1769577191.704938,80.95404958724976,41,60,47,43.355,59.085,49.0,023.373723404255323,5.0903191489361745,013.675531914893618
1769577191.7585542,81.00772094726562,41,60,47,43.345,59.085,48.995,023.38372340425532,5.0903191489361745,013.68053191489362
1769577191.807394,81.0565857887268,41,60,46,43.335,59.085,48.985,023.39372340425532,5.0903191489361745,013.690531914893619
1769577191.859949,81.10914087295532,41,61,46,43.325,59.09,48.975,023.403723404255317,5.095319148936177,013.700531914893617
1769577191.9105768,81.15977072715759,41,61,46,43.315,59.095,48.965,023.41372340425532,5.1003191489361726,013.710531914893615
1769577191.961832,81.21061563491821,41,61,46,43.305,59.1,48.955,023.42372340425532,5.105319148936175,013.72053191489362
1769577192.018131,81.26731586456299,41,61,46,43.29,59.105,48.945,023.43872340425532,5.110319148936171,013.730531914893618
1769577192.078561,81.32777762413025,41,61,45,43.28,59.11,48.93,023.44872340425532,5.115319148936173,013.745531914893618
1769577192.1588302,81.40790462493896,40,61,45,43.26,59.115,48.915,023.46872340425532,5.120319148936176,013.760531914893619
1769577192.223105,81.47215986251831,40,61,46,43.24,59.12,48.905,023.488723404255317,5.125319148936171,013.770531914893617
1769577192.2926998,81.54162096977234,40,61,46,43.225,59.125,48.895,023.503723404255318,5.130319148936174,013.780531914893615
1769577192.3624508,81.61129665374756,40,61,46,43.21,59.13,48.885,023.51872340425532,5.135319148936176,013.79053191489362
1769577192.443802,81.6928026676178,40,61,46,43.19,59.14,48.87,023.53872340425532,5.145319148936174,013.80553191489362
1769577192.514744,81.7636706829071,40,61,45,43.17,59.15,48.85,023.558723404255318,5.155319148936172,013.825531914893617
1769577192.587048,81.83612370491028,40,61,45,43.15,59.16,48.83,023.57872340425532,5.16531914893617,013.84553191489362
1769577192.649905,81.89888167381287,40,61,45,43.13,59.17,48.81,023.598723404255317,5.175319148936175,013.865531914893616
1769577192.7123158,81.96110796928406,40,61,45,43.11,59.18,48.79,023.61872340425532,5.185319148936173,013.885531914893619
1769577192.773397,82.02230191230774,40,61,45,43.09,59.19,48.77,023.638723404255316,5.195319148936171,013.905531914893615
1769577192.8576052,82.10588598251343,40,61,45,43.07,59.2,48.75,023.65872340425532,5.2053191489361765,013.925531914893618
1769577192.9525802,82.20145678520203,40,61,45,43.05,59.21,48.73,023.678723404255322,5.2153191489361745,013.945531914893621
1769577193.027928,82.27651786804199,41,61,46,43.035,59.22,48.715,023.693723404255323,5.2253191489361726,013.960531914893615
1769577193.107399,82.35614776611328,41,61,46,43.02,59.23,48.7,023.708723404255316,5.235319148936171,013.975531914893615
1769577193.241486,82.49014568328857,40,61,45,43.0,59.24,48.68,023.72872340425532,5.245319148936176,013.995531914893618
1769577193.342783,82.59170484542847,40,61,45,42.98,59.25,48.66,023.748723404255323,5.255319148936174,014.015531914893621
1769577193.4375381,82.68653964996338,40,61,45,42.96,59.26,48.64,023.76872340425532,5.265319148936172,014.035531914893618
1769577193.53822,82.78722381591797,40,61,45,42.94,59.27,48.62,023.78872340425532,5.275319148936177,014.05553191489362
1769577193.6225548,82.87158465385437,41,61,46,42.925,59.28,48.605,023.803723404255322,5.285319148936175,014.070531914893621
1769577193.6832142,82.93235087394714,41,61,46,42.91,59.29,48.59,023.818723404255323,5.295319148936173,014.085531914893615
1769577193.738772,82.98796963691711,40,61,46,42.89,59.3,48.575,023.83872340425532,5.305319148936171,014.100531914893615
1769577193.8004081,83.04948377609253,40,61,45,42.87,59.31,48.55,023.858723404255322,5.315319148936176,014.125531914893621
1769577193.865189,83.11416578292847,41,61,46,42.855,59.32,48.535,023.873723404255323,5.325319148936174,014.140531914893621
1769577193.9246101,83.17320084571838,40,61,46,42.835,59.33,48.52,023.89372340425532,5.335319148936172,014.155531914893615
1769577193.984513,83.23371863365173,40,61,46,42.815,59.34,48.5,023.91372340425532,5.345319148936177,014.175531914893618
1769577194.0561101,83.30496573448181,41,61,46,42.8,59.35,48.485,023.928723404255322,5.355319148936175,014.190531914893619
1769577194.125358,83.37441372871399,41,61,46,42.785,59.36,48.465,023.943723404255323,5.365319148936173,014.210531914893615
1769577194.1878889,83.4370276927948,41,61,46,42.77,59.37,48.445,023.958723404255316,5.375319148936171,014.230531914893618
1769577194.24836,83.49705290794373,41,61,46,42.755,59.38,48.425,023.973723404255317,5.385319148936176,014.250531914893621
1769577194.310105,83.55919885635376,41,61,46,42.74,59.39,48.405,023.988723404255317,5.395319148936174,014.270531914893617
1769577194.372632,83.62185668945312,41,61,46,42.725,59.4,48.385,024.003723404255318,5.405319148936172,014.29053191489362
1769577194.426883,83.67602276802063,41,60,46,42.705,59.41,48.365,024.02372340425532,5.41531914893617,014.310531914893616
1769577194.485705,83.7339026927948,41,61,46,42.685,59.425,48.34,024.043723404255317,5.430319148936171,014.335531914893615
1769577194.54418,83.7933759689331,41,60,46,42.67,59.435,48.32,024.058723404255318,5.440319148936176,014.355531914893618
1769577194.601313,83.85042381286621,41,60,46,42.655,59.445,48.3,024.07372340425532,5.450319148936174,014.375531914893621
1769577194.659668,83.90847063064575,41,60,47,42.64,59.455,48.28,024.08872340425532,5.460319148936172,014.395531914893617
1769577194.7211368,83.97030186653137,41,60,47,42.625,59.465,48.26,024.10372340425532,5.470319148936177,014.41553191489362
1769577194.77519,84.02412581443787,41,60,46,42.605,59.475,48.235,024.123723404255323,5.480319148936175,014.440531914893619
1769577194.835264,84.08438968658447,41,60,46,42.585,59.485,48.21,024.14372340425532,5.490319148936173,014.465531914893617
1769577194.8896809,84.13830089569092,41,60,46,42.565,59.495,48.185,024.16372340425532,5.500319148936171,014.490531914893616
1769577194.943221,84.19242978096008,41,60,46,42.545,59.505,48.16,024.183723404255318,5.510319148936176,014.515531914893621
1769577194.999104,84.24826288223267,41,60,46,42.525,59.515,48.135,024.20372340425532,5.520319148936174,014.54053191489362
1769577195.05983,84.30898785591125,41,60,46,42.505,59.525,48.11,024.223723404255317,5.530319148936172,014.565531914893619
1769577195.123445,84.37250781059265,41,61,46,42.485,59.54,48.085,024.24372340425532,5.545319148936173,014.590531914893617
1769577195.1811352,84.43033170700073,41,61,46,42.465,59.555,48.06,024.263723404255316,5.560319148936173,014.615531914893616
1769577195.2379441,84.48710680007935,41,60,46,42.445,59.565,48.035,024.28372340425532,5.570319148936171,014.640531914893621
1769577195.292504,84.54155492782593,41,60,46,42.425,59.575,48.01,024.303723404255322,5.5803191489361765,014.66553191489362
1769577195.3470788,84.59624981880188,41,60,46,42.405,59.585,47.985,024.32372340425532,5.5903191489361745,014.690531914893619
1769577195.4017239,84.65088176727295,41,60,46,42.385,59.595,47.96,024.34372340425532,5.6003191489361726,014.715531914893617
1769577195.456566,84.70579671859741,41,60,46,42.365,59.605,47.935,024.363723404255317,5.610319148936171,014.740531914893616
1769577195.508713,84.75795364379883,40,60,46,42.34,59.615,47.91,024.388723404255316,5.620319148936176,014.765531914893621
1769577195.568668,84.81729483604431,40,61,46,42.315,59.63,47.885,024.41372340425532,5.635319148936176,014.79053191489362
1769577195.6309178,84.88005089759827,41,60,46,42.295,59.64,47.86,024.433723404255318,5.645319148936174,014.815531914893619
1769577195.6892831,84.93844676017761,41,60,47,42.275,59.65,47.84,024.45372340425532,5.655319148936172,014.835531914893615
1769577195.739116,84.9883508682251,41,60,47,42.255,59.66,47.82,024.473723404255317,5.66531914893617,014.855531914893618
1769577195.7886121,85.03780770301819,41,60,46,42.235,59.67,47.795,024.49372340425532,5.675319148936175,014.880531914893616
1769577195.848655,85.09781384468079,40,60,46,42.215,59.68,47.775,024.513723404255316,5.685319148936173,014.90053191489362
1769577195.9087691,85.15750885009766,40,60,46,42.195,59.685,47.755,024.53372340425532,5.690319148936176,014.920531914893616
1769577195.9634671,85.21250462532043,40,60,46,42.175,59.695,47.735,024.553723404255322,5.700319148936174,014.940531914893619
1769577196.0156538,85.26487278938293,40,60,46,42.15,59.705,47.71,024.57872340425532,5.710319148936172,014.965531914893617
1769577196.064953,85.31413674354553,41,61,46,42.135,59.72,47.69,024.59372340425532,5.7253191489361726,014.98553191489362
1769577196.118072,85.36727380752563,41,61,46,42.12,59.735,47.67,024.608723404255322,5.740319148936173,015.005531914893616
1769577196.17588,85.42504382133484,41,60,46,42.105,59.745,47.65,024.623723404255323,5.750319148936171,015.02553191489362
1769577196.238477,85.48761773109436,41,60,46,42.09,59.755,47.625,024.638723404255316,5.760319148936176,015.050531914893618
1769577196.308901,85.5579526424408,41,60,46,42.075,59.765,47.605,024.653723404255317,5.770319148936174,015.070531914893621
1769577196.37982,85.62885189056396,41,61,46,42.06,59.78,47.585,024.668723404255317,5.785319148936175,015.090531914893617
1769577196.4521558,85.70125269889832,41,61,46,42.045,59.795,47.565,024.683723404255318,5.800319148936175,015.11053191489362
1769577196.511961,85.76114892959595,41,61,46,42.03,59.805,47.545,024.69872340425532,5.810319148936173,015.130531914893616
1769577196.566462,85.8156418800354,41,61,46,42.015,59.815,47.525,024.71372340425532,5.820319148936171,015.15053191489362
1769577196.624757,85.87392687797546,40,61,45,42.0,59.825,47.505,024.72872340425532,5.8303191489361765,015.170531914893616
1769577196.681601,85.93080496788025,41,61,46,41.99,59.835,47.49,024.738723404255317,5.8403191489361745,015.185531914893616
1769577196.747183,85.99575972557068,41,60,46,41.975,59.84,47.475,024.753723404255318,5.845319148936177,015.200531914893617
1769577196.8523011,86.10120868682861,41,60,46,41.96,59.845,47.455,024.76872340425532,5.8503191489361726,015.22053191489362
1769577197.00928,86.25772070884705,41,61,46,41.945,59.855,47.435,024.78372340425532,5.860319148936171,015.240531914893616
1769577197.082984,86.33204293251038,41,61,46,41.93,59.865,47.415,024.79872340425532,5.870319148936176,015.260531914893619
1769577197.158201,86.40731072425842,41,61,46,41.915,59.875,47.4,024.81372340425532,5.880319148936174,015.27553191489362
1769577197.231709,86.48073863983154,41,61,46,41.9,59.885,47.38,024.82872340425532,5.890319148936172,015.295531914893616
1769577197.304236,86.55334091186523,41,61,46,41.885,59.895,47.36,024.84372340425532,5.900319148936177,015.315531914893619
1769577197.389824,86.63857579231262,41,61,46,41.875,59.905,47.345,024.85372340425532,5.910319148936175,015.33053191489362
1769577197.4574552,86.70663571357727,41,61,46,41.865,59.915,47.33,024.863723404255317,5.920319148936173,015.34553191489362
1769577197.513925,86.76258373260498,41,60,47,41.85,59.92,47.32,024.878723404255318,5.925319148936175,015.355531914893618
1769577197.576589,86.82550883293152,41,61,46,41.835,59.93,47.3,024.89372340425532,5.935319148936173,015.375531914893621
1769577197.6684318,86.9171199798584,41,61,46,41.82,59.94,47.28,024.90872340425532,5.945319148936171,015.395531914893617
1769577197.753877,87.00299978256226,41,61,46,41.805,59.95,47.265,024.92372340425532,5.9553191489361765,015.410531914893618
1769577197.8398552,87.08888387680054,41,61,46,41.79,59.96,47.25,024.93872340425532,5.9653191489361745,015.425531914893618
1769577197.9320042,87.18076372146606,41,61,46,41.775,59.97,47.235,024.95372340425532,5.9753191489361726,015.440531914893619
1769577198.075441,87.3236129283905,41,61,46,41.76,59.98,47.215,024.96872340425532,5.985319148936171,015.460531914893615
1769577198.208137,87.45667886734009,41,61,46,41.745,59.99,47.195,024.983723404255322,5.995319148936176,015.480531914893618
1769577198.318701,87.56669282913208,41,61,46,41.73,60.0,47.175,024.998723404255323,6.005319148936174,015.500531914893621
1769577198.44708,87.69615983963013,41,61,46,41.715,60.01,47.155,025.013723404255316,6.015319148936172,015.520531914893617
1769577198.537709,87.78676462173462,41,61,46,41.7,60.02,47.14,025.028723404255317,6.025319148936177,015.535531914893618
1769577198.641958,87.89059567451477,41,61,46,41.685,60.03,47.125,025.043723404255317,6.035319148936175,015.550531914893618
1769577198.732637,87.98168277740479,41,61,46,41.67,60.04,47.11,025.058723404255318,6.045319148936173,015.565531914893619
1769577198.819989,88.06910586357117,41,61,46,41.655,60.05,47.095,025.07372340425532,6.055319148936171,015.58053191489362
1769577198.9879239,88.23695468902588,41,61,46,41.645,60.06,47.08,025.083723404255316,6.065319148936176,015.59553191489362
1769577199.08547,88.33458161354065,41,61,45,41.63,60.07,47.06,025.098723404255317,6.075319148936174,015.615531914893616
1769577199.1586518,88.40706872940063,41,61,45,41.615,60.08,47.035,025.113723404255317,6.085319148936172,015.640531914893621
1769577199.336927,88.58609676361084,41,61,46,41.605,60.09,47.02,025.123723404255323,6.095319148936177,015.655531914893615
1769577199.3915951,88.64074087142944,41,61,46,41.59,60.1,47.005,025.138723404255316,6.105319148936175,015.670531914893616
1769577199.442697,88.69188284873962,41,61,46,41.575,60.11,46.985,025.153723404255317,6.115319148936173,015.690531914893619
1769577199.492765,88.741938829422,41,61,46,41.56,60.12,46.965,025.168723404255317,6.125319148936171,015.710531914893615
1769577199.54333,88.79231691360474,41,61,46,41.545,60.13,46.945,025.183723404255318,6.135319148936176,015.730531914893618
1769577199.5960882,88.84531259536743,41,61,46,41.53,60.14,46.925,025.19872340425532,6.145319148936174,015.750531914893621
1769577199.602154,88.85131764411926,41,61,46,41.52,60.15,46.91,025.208723404255316,6.155319148936172,015.765531914893621
1769577199.652025,88.90120387077332,41,60,46,41.51,60.155,46.895,025.21872340425532,6.160319148936175,015.780531914893615
1769577199.700874,88.9501588344574,41,61,46,41.5,60.165,46.88,025.22872340425532,6.170319148936173,015.795531914893616
1769577199.751321,89.00057864189148,41,61,46,41.49,60.175,46.865,025.238723404255317,6.180319148936171,015.810531914893616
1769577199.803474,89.05257964134216,42,60,47,41.485,60.18,46.855,025.24372340425532,6.185319148936173,015.820531914893621
1769577199.854651,89.10375881195068,41,60,46,41.475,60.185,46.84,025.253723404255318,6.190319148936176,015.835531914893615
1769577199.9104729,89.15935778617859,41,60,46,41.465,60.19,46.825,025.263723404255316,6.195319148936171,015.850531914893615
1769577199.970449,89.21964168548584,41,60,46,41.455,60.195,46.81,025.27372340425532,6.200319148936174,015.865531914893616
1769577200.0245671,89.27374577522278,41,60,46,41.445,60.2,46.795,025.28372340425532,6.2053191489361765,015.880531914893616
1769577200.0795121,89.3286657333374,41,61,46,41.435,60.21,46.78,025.293723404255317,6.2153191489361745,015.895531914893617
1769577200.134942,89.38414168357849,41,60,46,41.425,60.215,46.765,025.303723404255322,6.220319148936177,015.910531914893618
1769577200.188045,89.43724799156189,42,60,47,41.42,60.22,46.755,025.308723404255318,6.2253191489361726,015.920531914893616
1769577200.2383711,89.48756790161133,41,60,47,41.41,60.225,46.745,025.318723404255323,6.230319148936175,015.93053191489362
1769577200.288363,89.53729891777039,41,60,46,41.4,60.23,46.73,025.32872340425532,6.235319148936171,015.945531914893621
1769577200.3362849,89.58544898033142,41,60,47,41.39,60.235,46.72,025.33872340425532,6.240319148936173,015.95553191489362
1769577200.386395,89.63556671142578,41,60,46,41.38,60.24,46.71,025.348723404255317,6.245319148936176,015.965531914893617
1769577200.438537,89.6877179145813,41,60,46,41.37,60.245,46.695,025.358723404255322,6.250319148936171,015.980531914893618
1769577200.490788,89.73983788490295,41,61,46,41.36,60.255,46.68,025.36872340425532,6.260319148936176,015.995531914893618
1769577200.5483992,89.79750084877014,41,61,46,41.35,60.265,46.665,025.378723404255318,6.270319148936174,016.01053191489362
1769577200.622692,89.87041473388672,41,61,46,41.34,60.275,46.65,025.388723404255316,6.280319148936172,016.02553191489362
1769577200.719151,89.96820378303528,41,61,46,41.33,60.285,46.635,025.39872340425532,6.29031914893617,016.04053191489362
1769577200.79208,90.04113793373108,41,60,47,41.32,60.29,46.625,025.40872340425532,6.295319148936173,016.050531914893618
1769577200.863698,90.11270570755005,42,60,47,41.315,60.295,46.615,025.41372340425532,6.300319148936175,016.060531914893616
1769577200.935381,90.184072971344,42,60,47,41.31,60.3,46.605,025.418723404255317,6.305319148936171,016.07053191489362
1769577201.004385,90.25341582298279,41,61,46,41.3,60.31,46.59,025.428723404255322,6.315319148936176,016.085531914893615
1769577201.0785432,90.32754683494568,41,61,46,41.29,60.32,46.575,025.43872340425532,6.325319148936174,016.100531914893615
1769577201.149683,90.3986508846283,41,61,46,41.28,60.33,46.565,025.44872340425532,6.335319148936172,016.11053191489362
1769577201.221521,90.4705228805542,41,61,46,41.27,60.34,46.55,025.458723404255316,6.345319148936177,016.12553191489362
1769577201.2939641,90.54288172721863,41,61,46,41.255,60.35,46.53,025.473723404255317,6.355319148936175,016.145531914893617
1769577201.363263,90.61230373382568,42,60,47,41.25,60.355,46.52,025.47872340425532,6.360319148936171,016.155531914893615
1769577201.432276,90.68123698234558,42,60,47,41.245,60.36,46.51,025.483723404255322,6.365319148936173,016.16553191489362
1769577201.5028,90.75145483016968,42,60,47,41.24,60.365,46.5,025.488723404255317,6.370319148936176,016.175531914893618
1769577201.6826859,90.93171787261963,42,60,47,41.235,60.37,46.49,025.49372340425532,6.375319148936171,016.185531914893616
1769577201.75557,91.00458598136902,41,60,46,41.225,60.375,46.475,025.503723404255318,6.380319148936174,016.200531914893617
1769577201.833981,91.08302593231201,41,61,46,41.21,60.385,46.46,025.51872340425532,6.390319148936172,016.215531914893617
1769577201.903311,91.1523277759552,42,61,46,41.205,60.395,46.445,025.52372340425532,6.400319148936177,016.230531914893618
1769577201.9758809,91.22492575645447,42,61,46,41.2,60.405,46.43,025.528723404255317,6.410319148936175,016.24553191489362
1769577202.0469382,91.29600477218628,42,61,46,41.195,60.415,46.415,025.53372340425532,6.420319148936173,016.26053191489362
1769577202.121193,91.37023282051086,42,60,46,41.19,60.42,46.4,025.53872340425532,6.425319148936175,016.27553191489362
1769577202.190702,91.4397337436676,42,60,47,41.185,60.425,46.39,025.543723404255317,6.430319148936171,016.285531914893618
1769577202.263752,91.51270294189453,42,60,47,41.18,60.43,46.38,025.54872340425532,6.435319148936173,016.295531914893616
1769577202.33581,91.58478379249573,42,60,47,41.175,60.435,46.37,025.553723404255322,6.440319148936176,016.30553191489362
1769577202.405322,91.65436792373657,42,60,47,41.17,60.44,46.365,025.558723404255318,6.445319148936171,016.310531914893616
1769577202.471649,91.72064065933228,42,61,46,41.165,60.45,46.35,025.56372340425532,6.4553191489361765,016.325531914893617
1769577202.547253,91.79527378082275,42,61,46,41.16,60.46,46.335,025.568723404255323,6.4653191489361745,016.340531914893617
1769577202.61647,91.86551976203918,42,61,46,41.155,60.47,46.325,025.57372340425532,6.4753191489361726,016.350531914893615
1769577202.6859908,91.9350106716156,42,61,46,41.15,60.48,46.31,025.57872340425532,6.485319148936171,016.365531914893616
1769577202.757261,92.00630569458008,42,60,47,41.145,60.485,46.3,025.583723404255316,6.490319148936173,016.37553191489362
1769577202.8312519,92.07951593399048,42,60,47,41.14,60.49,46.29,025.58872340425532,6.495319148936176,016.38553191489362
1769577202.90395,92.15137887001038,42,60,47,41.135,60.495,46.28,025.59372340425532,6.500319148936171,016.395531914893617
1769577202.9770281,92.22596573829651,42,60,47,41.13,60.5,46.27,025.598723404255317,6.505319148936174,016.405531914893615
1769577203.050771,92.29978680610657,42,60,47,41.125,60.505,46.26,025.60372340425532,6.510319148936176,016.41553191489362
1769577203.1344378,92.38335371017456,42,61,46,41.12,60.515,46.25,025.608723404255322,6.520319148936174,016.425531914893618
1769577203.20848,92.45740580558777,42,60,46,41.115,60.52,46.24,025.613723404255317,6.525319148936177,016.435531914893616
1769577203.27829,92.52721977233887,42,60,47,41.11,60.52,46.235,025.61872340425532,6.525319148936177,016.44053191489362
1769577203.348043,92.59704566001892,42,61,46,41.11,60.525,46.225,025.61872340425532,6.530319148936172,016.450531914893617
1769577203.4175842,92.66663193702698,41,61,46,41.105,60.53,46.215,025.623723404255323,6.535319148936175,016.460531914893615
1769577203.4882061,92.7370867729187,42,60,47,41.105,60.53,46.21,025.623723404255323,6.535319148936175,016.465531914893617
1769577203.5573068,92.80612087249756,42,61,46,41.105,60.535,46.2,025.623723404255323,6.54031914893617,016.475531914893615
1769577203.632468,92.88140869140625,42,60,47,41.105,60.535,46.195,025.623723404255323,6.54031914893617,016.480531914893618
1769577203.71529,92.96184396743774,42,60,47,41.105,60.535,46.19,025.623723404255323,6.54031914893617,016.48553191489362
1769577203.78207,93.03102374076843,42,60,47,41.105,60.535,46.185,025.623723404255323,6.54031914893617,016.490531914893616
1769577203.849938,93.09897089004517,42,60,47,41.105,60.535,46.18,025.623723404255323,6.54031914893617,016.49553191489362
1769577203.9205172,93.16915893554688,42,60,47,41.105,60.535,46.175,025.623723404255323,6.54031914893617,016.50053191489362
1769577203.996825,93.24577379226685,41,61,46,41.1,60.545,46.165,025.628723404255318,6.550319148936175,016.51053191489362
1769577204.0654988,93.31453800201416,41,61,46,41.095,60.55,46.155,025.63372340425532,6.555319148936171,016.520531914893617
1769577204.143166,93.39152574539185,42,60,47,41.095,60.55,46.155,025.63372340425532,6.555319148936171,016.520531914893617
1769577204.229959,93.47718667984009,41,61,46,41.09,60.555,46.15,025.638723404255316,6.560319148936173,016.52553191489362
1769577204.298306,93.54729866981506,41,61,46,41.085,60.56,46.145,025.64372340425532,6.565319148936176,016.530531914893615
1769577204.378931,93.62727880477905,41,60,46,41.08,60.56,46.135,025.64872340425532,6.565319148936176,016.54053191489362
1769577204.4517682,93.70071578025818,42,60,47,41.08,60.56,46.135,025.64872340425532,6.565319148936176,016.54053191489362
1769577204.5241501,93.77312898635864,41,61,46,41.075,60.565,46.13,025.653723404255317,6.570319148936171,016.545531914893616
1769577204.5921469,93.84120082855225,41,61,46,41.07,60.57,46.125,025.65872340425532,6.575319148936174,016.550531914893618
1769577204.667949,93.91665983200073,41,61,46,41.065,60.575,46.12,025.66372340425532,6.5803191489361765,016.55553191489362
1769577204.743517,93.9925229549408,41,61,46,41.06,60.58,46.115,025.668723404255317,6.585319148936172,016.560531914893616
1769577204.815695,94.06475377082825,41,61,46,41.055,60.585,46.11,025.67372340425532,6.5903191489361745,016.56553191489362
1769577204.895495,94.14445066452026,41,61,46,41.055,60.59,46.105,025.67372340425532,6.595319148936177,016.57053191489362
1769577204.9029791,94.15205359458923,41,61,46,41.055,60.595,46.1,025.67372340425532,6.6003191489361726,016.575531914893617
1769577204.9800231,94.22892785072327,41,61,46,41.055,60.6,46.1,025.67372340425532,6.605319148936175,016.575531914893617
1769577205.2323499,94.48122596740723,41,61,46,41.055,60.605,46.1,025.67372340425532,6.610319148936171,016.575531914893617
1769577205.3052301,94.55369973182678,41,61,46,41.055,60.61,46.1,025.67372340425532,6.615319148936173,016.575531914893617
1769577205.3892632,94.63837480545044,41,61,46,41.055,60.615,46.1,025.67372340425532,6.620319148936176,016.575531914893617
1769577205.457344,94.70596098899841,41,61,45,41.055,60.62,46.09,025.67372340425532,6.625319148936171,016.585531914893615
1769577205.5312,94.779376745224,41,61,46,41.055,60.62,46.09,025.67372340425532,6.625319148936171,016.585531914893615
1769577205.615735,94.86443376541138,41,61,46,41.055,60.62,46.09,025.67372340425532,6.625319148936171,016.585531914893615
1769577205.692287,94.94081091880798,41,61,46,41.055,60.62,46.09,025.67372340425532,6.625319148936171,016.585531914893615
1769577205.758496,95.00763583183289,41,61,46,41.055,60.62,46.09,025.67372340425532,6.625319148936171,016.585531914893615
1769577205.8194618,95.06855082511902,41,61,46,41.055,60.62,46.09,025.67372340425532,6.625319148936171,016.585531914893615
1769577205.879123,95.12822771072388,41,61,46,41.055,60.62,46.09,025.67372340425532,6.625319148936171,016.585531914893615
1769577205.939021,95.18809986114502,41,61,46,41.055,60.625,46.085,025.67372340425532,6.630319148936174,016.590531914893617
1769577205.998268,95.24716472625732,41,61,45,41.055,60.63,46.075,025.67372340425532,6.635319148936176,016.600531914893615
1769577206.053714,95.30287075042725,41,61,45,41.055,60.635,46.07,025.67372340425532,6.640319148936172,016.605531914893618
1769577206.102093,95.35126662254333,41,61,45,41.055,60.635,46.065,025.67372340425532,6.640319148936172,016.61053191489362
1769577206.1540742,95.40327382087708,40,61,45,41.05,60.635,46.06,025.678723404255322,6.640319148936172,016.615531914893616
1769577206.2098508,95.45879173278809,40,61,45,41.045,60.635,46.055,025.683723404255318,6.640319148936172,016.62053191489362
1769577206.268081,95.51703763008118,40,61,45,41.04,60.635,46.05,025.68872340425532,6.640319148936172,016.62553191489362
1769577206.331521,95.58050084114075,40,61,45,41.035,60.635,46.05,025.693723404255323,6.640319148936172,016.62553191489362
1769577206.396951,95.64602971076965,40,61,45,41.035,60.635,46.05,025.693723404255323,6.640319148936172,016.62553191489362
1769577206.456848,95.70602703094482,40,61,45,41.035,60.635,46.045,025.693723404255323,6.640319148936172,016.630531914893616
1769577206.509343,95.7585039138794,40,61,45,41.035,60.635,46.04,025.693723404255323,6.640319148936172,016.63553191489362
1769577206.56374,95.81286764144897,40,61,45,41.035,60.635,46.035,025.693723404255323,6.640319148936172,016.64053191489362
1769577206.618117,95.8672468662262,40,61,45,41.035,60.635,46.03,025.693723404255323,6.640319148936172,016.645531914893617
1769577206.671044,95.92026877403259,41,61,45,41.04,60.635,46.03,025.68872340425532,6.640319148936172,016.645531914893617
1769577206.7224472,95.97164392471313,40,61,45,41.04,60.635,46.03,025.68872340425532,6.640319148936172,016.645531914893617
1769577206.773264,96.0224838256836,40,61,45,41.04,60.635,46.03,025.68872340425532,6.640319148936172,016.645531914893617
1769577206.822041,96.07119178771973,40,61,45,41.04,60.635,46.03,025.68872340425532,6.640319148936172,016.645531914893617
1769577206.8772979,96.12643671035767,40,61,45,41.04,60.635,46.03,025.68872340425532,6.640319148936172,016.645531914893617
1769577206.932378,96.18153762817383,40,61,45,41.04,60.635,46.03,025.68872340425532,6.640319148936172,016.645531914893617
1769577206.983606,96.23279881477356,40,61,45,41.04,60.635,46.03,025.68872340425532,6.640319148936172,016.645531914893617
1769577207.036694,96.28583574295044,40,61,45,41.035,60.635,46.025,025.693723404255323,6.640319148936172,016.65053191489362
1769577207.088702,96.33783292770386,40,61,45,41.03,60.635,46.02,025.69872340425532,6.640319148936172,016.655531914893615
1769577207.140536,96.38965392112732,40,61,45,41.03,60.635,46.02,025.69872340425532,6.640319148936172,016.655531914893615
1769577207.1946838,96.44372892379761,40,61,45,41.03,60.635,46.02,025.69872340425532,6.640319148936172,016.655531914893615
1769577207.251111,96.5002989768982,40,61,45,41.03,60.635,46.02,025.69872340425532,6.640319148936172,016.655531914893615
1769577207.302818,96.55186676979065,40,61,45,41.03,60.635,46.02,025.69872340425532,6.640319148936172,016.655531914893615
1769577207.353218,96.60237574577332,40,61,45,41.025,60.635,46.015,025.70372340425532,6.640319148936172,016.660531914893618
1769577207.405666,96.65483069419861,40,61,45,41.02,60.635,46.01,025.708723404255316,6.640319148936172,016.66553191489362
1769577207.457249,96.7064278125763,40,61,45,41.02,60.635,46.005,025.708723404255316,6.640319148936172,016.670531914893616
1769577207.513834,96.76294875144958,40,61,45,41.02,60.635,46.005,025.708723404255316,6.640319148936172,016.670531914893616
1769577207.5665321,96.81576871871948,40,61,45,41.015,60.635,46.0,025.71372340425532,6.640319148936172,016.675531914893618
1769577207.616242,96.86541891098022,40,61,45,41.015,60.635,45.995,025.71372340425532,6.640319148936172,016.68053191489362
1769577207.6683588,96.91754865646362,40,61,45,41.015,60.635,45.99,025.71372340425532,6.640319148936172,016.685531914893616
1769577207.7177548,96.96694087982178,40,61,45,41.01,60.635,45.985,025.71872340425532,6.640319148936172,016.69053191489362
1769577207.771057,97.02025771141052,40,61,45,41.005,60.635,45.98,025.723723404255317,6.640319148936172,016.69553191489362
1769577207.82248,97.07170081138611,40,61,45,41.0,60.635,45.975,025.72872340425532,6.640319148936172,016.700531914893617
1769577207.875628,97.1247239112854,40,61,45,40.995,60.635,45.97,025.733723404255322,6.640319148936172,016.70553191489362
1769577207.9278169,97.17706680297852,40,61,45,40.99,60.635,45.965,025.738723404255317,6.640319148936172,016.710531914893615
1769577207.978604,97.22772884368896,40,61,45,40.985,60.635,45.96,025.74372340425532,6.640319148936172,016.715531914893617
1769577208.032416,97.28135967254639,40,61,45,40.98,60.64,45.955,025.748723404255323,6.645319148936174,016.72053191489362
1769577208.086219,97.33498859405518,40,61,45,40.975,60.64,45.95,025.753723404255318,6.645319148936174,016.725531914893615
1769577208.1358132,97.38505983352661,40,61,45,40.97,60.645,45.945,025.75872340425532,6.650319148936177,016.730531914893618
1769577208.1879292,97.43712997436523,40,61,45,40.965,60.65,45.94,025.763723404255316,6.655319148936172,016.73553191489362
1769577208.2395709,97.48873782157898,40,61,45,40.96,60.655,45.93,025.76872340425532,6.660319148936175,016.74553191489362
1769577208.293421,97.54257893562317,40,61,45,40.955,60.66,45.92,025.77372340425532,6.66531914893617,016.755531914893616
1769577208.3454,97.59463572502136,40,61,45,40.95,60.665,45.915,025.778723404255317,6.670319148936173,016.76053191489362
1769577208.350965,97.60020470619202,40,61,46,40.945,60.67,45.915,025.78372340425532,6.675319148936175,016.76053191489362
1769577208.401437,97.65065598487854,40,61,46,40.94,60.675,45.915,025.78872340425532,6.680319148936171,016.76053191489362
1769577208.454326,97.70334696769714,40,61,45,40.935,60.68,45.91,025.793723404255317,6.685319148936173,016.76553191489362
1769577208.505619,97.75465488433838,40,61,46,40.93,60.685,45.91,025.79872340425532,6.690319148936176,016.76553191489362
1769577208.557296,97.80650496482849,40,61,46,40.925,60.69,45.91,025.803723404255322,6.695319148936171,016.76553191489362
1769577208.6082518,97.8574857711792,40,61,46,40.92,60.69,45.91,025.808723404255318,6.695319148936171,016.76553191489362
1769577208.663428,97.91258382797241,40,61,46,40.915,60.69,45.91,025.81372340425532,6.695319148936171,016.76553191489362
1769577208.7171211,97.96629095077515,40,61,46,40.91,60.695,45.91,025.818723404255323,6.700319148936174,016.76553191489362
1769577208.769013,98.01817393302917,40,61,46,40.905,60.7,45.91,025.82372340425532,6.7053191489361765,016.76553191489362
1769577208.81848,98.06768679618835,40,61,45,40.9,60.705,45.905,025.82872340425532,6.710319148936172,016.770531914893617
1769577208.872451,98.12161684036255,40,61,45,40.895,60.71,45.9,025.833723404255316,6.7153191489361745,016.77553191489362
1769577208.931253,98.18031787872314,40,61,45,40.89,60.715,45.895,025.83872340425532,6.720319148936177,016.780531914893615
1769577208.990282,98.23942399024963,40,61,45,40.89,60.72,45.89,025.83872340425532,6.7253191489361726,016.785531914893618
1769577209.040407,98.28957962989807,40,61,46,40.89,60.72,45.89,025.83872340425532,6.7253191489361726,016.785531914893618
1769577209.087997,98.33701467514038,40,60,46,40.885,60.72,45.89,025.84372340425532,6.7253191489361726,016.785531914893618
1769577209.139292,98.38845896720886,40,61,46,40.88,60.725,45.885,025.848723404255317,6.730319148936175,016.79053191489362
1769577209.1933692,98.44257998466492,40,61,46,40.875,60.73,45.88,025.85372340425532,6.735319148936171,016.795531914893616
1769577209.247329,98.49649000167847,40,61,46,40.87,60.735,45.88,025.858723404255322,6.740319148936173,016.795531914893616
1769577209.3016331,98.55083680152893,40,61,46,40.87,60.74,45.88,025.858723404255322,6.745319148936176,016.795531914893616
1769577209.3528142,98.60192894935608,40,61,46,40.87,60.745,45.88,025.858723404255322,6.750319148936171,016.795531914893616
1769577209.4051788,98.65431666374207,40,61,46,40.87,60.75,45.88,025.858723404255322,6.755319148936174,016.795531914893616
1769577209.458516,98.70769166946411,40,61,46,40.87,60.755,45.88,025.858723404255322,6.760319148936176,016.795531914893616
1769577209.509973,98.7590057849884,41,60,46,40.87,60.75,45.88,025.858723404255322,6.755319148936174,016.795531914893616
1769577209.560695,98.80986285209656,41,60,47,40.87,60.745,45.885,025.858723404255322,6.750319148936171,016.79053191489362
1769577209.614859,98.86407971382141,40,60,46,40.865,60.745,45.885,025.863723404255317,6.750319148936171,016.79053191489362
1769577209.66658,98.91575384140015,40,60,46,40.86,60.745,45.885,025.86872340425532,6.750319148936171,016.79053191489362
1769577209.720139,98.9692165851593,40,60,46,40.855,60.745,45.885,025.873723404255323,6.750319148936171,016.79053191489362
1769577209.778985,99.02807784080505,40,60,46,40.85,60.74,45.885,025.878723404255318,6.745319148936176,016.79053191489362
1769577209.832482,99.08167290687561,40,60,46,40.845,60.735,45.885,025.88372340425532,6.740319148936173,016.79053191489362
1769577209.884164,99.13336491584778,40,60,46,40.84,60.73,45.885,025.888723404255316,6.735319148936171,016.79053191489362
1769577209.93585,99.18506479263306,40,60,46,40.835,60.725,45.885,025.89372340425532,6.730319148936175,016.79053191489362
1769577209.988508,99.2376766204834,40,60,46,40.835,60.72,45.89,025.89372340425532,6.7253191489361726,016.785531914893618
1769577210.0419111,99.29111289978027,40,60,46,40.83,60.715,45.89,025.89872340425532,6.720319148936177,016.785531914893618
1769577210.0913641,99.34051179885864,40,60,46,40.825,60.715,45.89,025.903723404255317,6.720319148936177,016.785531914893618
1769577210.1429179,99.39210867881775,41,60,47,40.825,60.715,45.895,025.903723404255317,6.720319148936177,016.780531914893615
1769577210.194826,99.44390559196472,41,60,47,40.825,60.71,45.9,025.903723404255317,6.7153191489361745,016.77553191489362
1769577210.2486699,99.49783968925476,41,60,47,40.825,60.705,45.905,025.903723404255317,6.710319148936172,016.770531914893617
1769577210.301853,99.55095887184143,41,60,47,40.825,60.7,45.91,025.903723404255317,6.7053191489361765,016.76553191489362
1769577210.354512,99.60347867012024,41,60,46,40.825,60.695,45.91,025.903723404255317,6.700319148936174,016.76553191489362
1769577210.409951,99.6589617729187,41,61,46,40.825,60.695,45.91,025.903723404255317,6.700319148936174,016.76553191489362
1769577210.463531,99.71235990524292,40,60,46,40.82,60.69,45.91,025.90872340425532,6.695319148936171,016.76553191489362
1769577210.516584,99.76568078994751,41,60,46,40.82,60.685,45.91,025.90872340425532,6.690319148936176,016.76553191489362
1769577210.565897,99.81506276130676,41,60,46,40.82,60.685,45.905,025.90872340425532,6.690319148936176,016.770531914893617
1769577210.61601,99.86520576477051,40,60,46,40.815,60.68,45.905,025.91372340425532,6.685319148936173,016.770531914893617
1769577210.668719,99.9179368019104,41,60,47,40.815,60.675,45.91,025.91372340425532,6.680319148936171,016.76553191489362
1769577210.7184849,99.96772193908691,42,60,47,40.82,60.67,45.915,025.90872340425532,6.675319148936175,016.76053191489362
1769577210.767049,100.01620888710022,41,60,47,40.82,60.665,45.92,025.90872340425532,6.670319148936173,016.755531914893616
1769577210.819957,100.06916975975037,41,60,47,40.82,60.66,45.925,025.90872340425532,6.66531914893617,016.75053191489362
1769577210.874466,100.12355780601501,41,60,47,40.82,60.655,45.93,025.90872340425532,6.660319148936175,016.74553191489362
1769577210.930596,100.17979598045349,41,60,47,40.82,60.65,45.935,025.90872340425532,6.655319148936172,016.740531914893616
1769577210.9802592,100.2294819355011,42,60,48,40.825,60.645,45.945,025.903723404255317,6.650319148936177,016.730531914893618
1769577211.030766,100.2799277305603,42,60,48,40.83,60.64,45.955,025.89872340425532,6.645319148936174,016.72053191489362
1769577211.0807402,100.32980585098267,42,59,48,40.835,60.63,45.965,025.89372340425532,6.635319148936176,016.710531914893615
1769577211.128288,100.37748193740845,42,60,48,40.84,60.625,45.975,025.888723404255316,6.630319148936174,016.700531914893617
1769577211.179119,100.42834162712097,42,60,47,40.845,60.62,45.98,025.88372340425532,6.625319148936171,016.69553191489362
1769577211.2287009,100.47770762443542,42,60,48,40.85,60.615,45.99,025.878723404255318,6.620319148936176,016.685531914893616
1769577211.2782989,100.52747392654419,42,60,47,40.855,60.61,45.995,025.873723404255323,6.615319148936173,016.68053191489362
1769577211.3307571,100.57996678352356,42,60,47,40.86,60.605,46.005,025.86872340425532,6.610319148936171,016.670531914893616
1769577211.381493,100.63067483901978,42,60,48,40.865,60.6,46.02,025.863723404255317,6.605319148936175,016.655531914893615
1769577211.432966,100.68214774131775,42,60,48,40.87,60.595,46.03,025.858723404255322,6.6003191489361726,016.645531914893617
1769577211.48246,100.7315628528595,42,59,48,40.875,60.585,46.04,025.85372340425532,6.5903191489361745,016.63553191489362
1769577211.531986,100.78120589256287,42,59,48,40.88,60.575,46.05,025.848723404255317,6.5803191489361765,016.62553191489362
1769577211.580598,100.82977271080017,42,59,48,40.885,60.565,46.06,025.84372340425532,6.570319148936171,016.615531914893616
1769577211.6402628,100.88886094093323,42,60,48,40.89,60.56,46.07,025.83872340425532,6.565319148936176,016.605531914893618
1769577211.715488,100.96441602706909,42,60,48,40.895,60.555,46.08,025.833723404255316,6.560319148936173,016.59553191489362
1769577211.7729979,101.02215075492859,42,60,48,40.9,60.55,46.09,025.82872340425532,6.555319148936171,016.585531914893615
1769577211.827233,101.07644176483154,42,59,48,40.905,60.545,46.1,025.82372340425532,6.550319148936175,016.575531914893617
1769577211.8800929,101.12927269935608,42,59,48,40.91,60.535,46.11,025.818723404255323,6.54031914893617,016.56553191489362
1769577211.935127,101.18416166305542,42,59,48,40.915,60.525,46.12,025.81372340425532,6.530319148936172,016.55553191489362
1769577211.993674,101.24283480644226,42,59,48,40.915,60.52,46.125,025.81372340425532,6.525319148936177,016.550531914893618
1769577212.049888,101.2990288734436,42,59,48,40.92,60.515,46.135,025.808723404255318,6.520319148936174,016.54053191489362
1769577212.101117,101.35032081604004,42,59,48,40.925,60.51,46.145,025.803723404255322,6.515319148936172,016.530531914893615
1769577212.1593611,101.40843963623047,42,59,48,40.93,60.505,46.155,025.79872340425532,6.510319148936176,016.520531914893617
1769577212.216026,101.46521973609924,42,59,48,40.935,60.5,46.165,025.793723404255317,6.505319148936174,016.51053191489362
1769577212.265343,101.51444292068481,42,59,48,40.94,60.49,46.175,025.78872340425532,6.495319148936176,016.50053191489362
1769577212.313666,101.56272578239441,42,59,48,40.945,60.485,46.185,025.78372340425532,6.490319148936173,016.490531914893616
1769577212.361248,101.61043572425842,42,59,48,40.945,60.48,46.19,025.78372340425532,6.485319148936171,016.48553191489362
1769577212.413549,101.66272783279419,42,59,49,40.95,60.475,46.2,025.778723404255317,6.480319148936175,016.475531914893615
1769577212.471633,101.72062492370605,42,59,48,40.955,60.47,46.21,025.77372340425532,6.4753191489361726,016.465531914893617
1769577212.531606,101.78059387207031,42,60,48,40.96,60.47,46.215,025.76872340425532,6.4753191489361726,016.460531914893615
1769577212.5826619,101.83180069923401,42,59,48,40.965,60.465,46.225,025.763723404255316,6.470319148936177,016.450531914893617
1769577212.6309052,101.88013577461243,43,59,49,40.975,60.46,46.24,025.753723404255318,6.4653191489361745,016.435531914893616
1769577212.681325,101.93028569221497,42,59,49,40.98,60.45,46.255,025.748723404255323,6.4553191489361765,016.420531914893616
1769577212.727968,101.97705078125,42,59,48,40.985,60.44,46.265,025.74372340425532,6.445319148936171,016.410531914893618
1769577212.774772,102.0239806175232,42,59,49,40.99,60.43,46.28,025.738723404255317,6.435319148936173,016.395531914893617
1769577212.824484,102.07368087768555,42,59,48,40.995,60.42,46.29,025.733723404255322,6.425319148936175,016.38553191489362
1769577212.875417,102.12458491325378,42,59,49,41.0,60.415,46.3,025.72872340425532,6.420319148936173,016.37553191489362
1769577212.926694,102.17590880393982,42,59,48,41.0,60.41,46.305,025.72872340425532,6.41531914893617,016.37053191489362
1769577212.9745111,102.22350072860718,42,59,49,41.0,60.405,46.315,025.72872340425532,6.410319148936175,016.36053191489362
1769577213.022305,102.27152466773987,43,59,49,41.01,60.395,46.33,025.71872340425532,6.400319148936177,016.34553191489362
1769577213.070931,102.32012867927551,42,59,48,41.015,60.385,46.34,025.71372340425532,6.390319148936172,016.335531914893615
1769577213.122974,102.3721809387207,42,59,48,41.02,60.375,46.35,025.708723404255316,6.380319148936174,016.325531914893617
1769577213.170796,102.42000365257263,42,59,48,41.025,60.365,46.36,025.70372340425532,6.370319148936176,016.31553191489362
1769577213.219007,102.4682297706604,42,59,48,41.03,60.355,46.37,025.69872340425532,6.360319148936171,016.30553191489362
1769577213.269084,102.5182626247406,42,59,48,41.03,60.35,46.375,025.69872340425532,6.355319148936175,016.300531914893618
1769577213.3177211,102.56689882278442,42,59,48,41.03,60.345,46.38,025.69872340425532,6.3503191489361726,016.295531914893616
1769577213.367567,102.61673188209534,42,59,48,41.03,60.34,46.385,025.69872340425532,6.345319148936177,016.29053191489362
1769577213.422045,102.67121362686157,42,59,49,41.03,60.335,46.395,025.69872340425532,6.3403191489361745,016.280531914893615
1769577213.472616,102.72179985046387,42,59,48,41.035,60.33,46.405,025.693723404255323,6.335319148936172,016.270531914893617
1769577213.5196931,102.76892375946045,42,59,48,41.04,60.32,46.415,025.68872340425532,6.325319148936174,016.26053191489362
1769577213.565836,102.81505584716797,42,59,48,41.04,60.31,46.425,025.68872340425532,6.315319148936176,016.25053191489362
1769577213.6155279,102.86469292640686,42,59,48,41.04,60.3,46.435,025.68872340425532,6.305319148936171,016.240531914893616
1769577213.6646678,102.91382479667664,42,59,48,41.04,60.29,46.445,025.68872340425532,6.295319148936173,016.230531914893618
1769577213.717551,102.9667398929596,42,59,48,41.04,60.285,46.455,025.68872340425532,6.29031914893617,016.22053191489362
1769577213.770389,103.01958465576172,42,59,48,41.04,60.28,46.46,025.68872340425532,6.285319148936175,016.215531914893617
1769577213.81933,103.06854462623596,42,59,48,41.04,60.275,46.465,025.68872340425532,6.280319148936172,016.210531914893615
1769577213.868819,103.11801981925964,42,59,48,41.04,60.27,46.47,025.68872340425532,6.275319148936177,016.20553191489362
1769577213.9169018,103.16602778434753,42,59,48,41.04,60.265,46.475,025.68872340425532,6.270319148936174,016.200531914893617
1769577213.965479,103.2146668434143,42,59,48,41.04,60.255,46.485,025.68872340425532,6.260319148936176,016.19053191489362
1769577214.013149,103.262375831604,42,60,48,41.04,60.25,46.495,025.68872340425532,6.255319148936174,016.18053191489362
1769577214.0615602,103.31074476242065,42,60,48,41.04,60.245,46.505,025.68872340425532,6.250319148936171,016.170531914893616
1769577214.1116722,103.36087083816528,42,60,48,41.04,60.24,46.515,025.68872340425532,6.245319148936176,016.160531914893618
1769577214.163423,103.41234588623047,42,60,48,41.04,60.24,46.52,025.68872340425532,6.245319148936176,016.155531914893615
1769577214.215295,103.4644947052002,42,60,48,41.04,60.24,46.525,025.68872340425532,6.245319148936176,016.15053191489362
1769577214.270732,103.51981472969055,42,59,48,41.04,60.235,46.53,025.68872340425532,6.240319148936173,016.145531914893617
1769577214.3226292,103.57176661491394,42,59,48,41.04,60.23,46.535,025.68872340425532,6.235319148936171,016.14053191489362
1769577214.371632,103.62088394165039,42,60,48,41.04,60.23,46.54,025.68872340425532,6.235319148936171,016.13553191489362
1769577214.421721,103.67090463638306,42,59,48,41.04,60.22,46.55,025.68872340425532,6.2253191489361726,016.12553191489362
1769577214.4696782,103.71895289421082,42,59,48,41.04,60.215,46.56,025.68872340425532,6.220319148936177,016.115531914893616
1769577214.515778,103.76498174667358,42,60,48,41.04,60.215,46.565,025.68872340425532,6.220319148936177,016.11053191489362
1769577214.564696,103.81387591362,42,60,48,41.04,60.21,46.575,025.68872340425532,6.2153191489361745,016.100531914893615
1769577214.616748,103.86592984199524,42,60,48,41.045,60.205,46.585,025.683723404255318,6.210319148936172,016.090531914893617
1769577214.6721358,103.9213137626648,42,59,48,41.045,60.2,46.59,025.683723404255318,6.2053191489361765,016.085531914893615
1769577214.723503,103.97273182868958,42,59,48,41.045,60.19,46.6,025.683723404255318,6.195319148936171,016.075531914893617
1769577214.776014,104.0251636505127,42,59,48,41.045,60.185,46.605,025.683723404255318,6.190319148936176,016.07053191489362
1769577214.828864,104.07806587219238,42,59,48,41.045,60.18,46.61,025.683723404255318,6.185319148936173,016.06553191489362
1769577214.8784902,104.12778067588806,42,59,48,41.045,60.175,46.615,025.683723404255318,6.180319148936171,016.060531914893616
1769577214.922352,104.1715157032013,42,59,48,41.045,60.17,46.62,025.683723404255318,6.175319148936175,016.05553191489362
1769577214.96902,104.21807265281677,42,59,48,41.045,60.165,46.625,025.683723404255318,6.170319148936173,016.050531914893618
1769577215.016404,104.26561999320984,42,59,48,41.05,60.155,46.635,025.678723404255322,6.160319148936175,016.04053191489362
1769577215.067916,104.31710481643677,42,60,48,41.055,60.15,46.645,025.67372340425532,6.155319148936172,016.030531914893615
1769577215.118017,104.3672227859497,42,60,48,41.055,60.15,46.65,025.67372340425532,6.155319148936172,016.02553191489362
1769577215.172794,104.42201495170593,42,60,48,41.06,60.145,46.66,025.668723404255317,6.150319148936177,016.01553191489362
1769577215.222805,104.4720687866211,42,60,48,41.065,60.14,46.67,025.66372340425532,6.145319148936174,016.005531914893616
1769577215.270185,104.51939582824707,42,59,48,41.07,60.135,46.68,025.65872340425532,6.140319148936172,015.995531914893618
1769577215.319762,104.56895589828491,42,59,48,41.07,60.13,46.685,025.65872340425532,6.135319148936176,015.990531914893616
1769577215.368095,104.61730980873108,42,59,48,41.075,60.12,46.695,025.653723404255317,6.125319148936171,015.980531914893618
1769577215.419276,104.66845488548279,42,59,48,41.08,60.11,46.705,025.64872340425532,6.115319148936173,015.97053191489362
1769577215.474634,104.72380876541138,42,60,48,41.085,60.105,46.715,025.64372340425532,6.110319148936171,015.960531914893615
1769577215.525794,104.77502059936523,42,60,48,41.09,60.1,46.725,025.638723404255316,6.105319148936175,015.950531914893617
1769577215.57541,104.82462882995605,42,60,48,41.095,60.095,46.735,025.63372340425532,6.1003191489361726,015.940531914893619
1769577215.622997,104.87209582328796,42,60,48,41.1,60.09,46.745,025.628723404255318,6.095319148936177,015.93053191489362
1769577215.672041,104.92123579978943,42,60,48,41.105,60.085,46.755,025.623723404255323,6.0903191489361745,015.920531914893616
1769577215.7252538,104.97436690330505,42,59,48,41.11,60.075,46.765,025.61872340425532,6.0803191489361765,015.910531914893618
1769577215.777743,105.02692770957947,42,60,48,41.115,60.07,46.775,025.613723404255317,6.075319148936174,015.90053191489362
1769577215.8288908,105.07805585861206,42,60,48,41.12,60.065,46.785,025.608723404255322,6.070319148936171,015.890531914893621
1769577215.878925,105.12815999984741,42,60,48,41.125,60.06,46.795,025.60372340425532,6.065319148936176,015.880531914893616
1769577215.930401,105.17962169647217,42,60,48,41.13,60.055,46.81,025.598723404255317,6.060319148936173,015.865531914893616
1769577215.981316,105.23049974441528,42,60,48,41.135,60.05,46.82,025.59372340425532,6.055319148936171,015.855531914893618
1769577216.03006,105.2791359424591,42,60,48,41.14,60.045,46.83,025.58872340425532,6.050319148936175,015.84553191489362
1769577216.077589,105.32678174972534,42,60,48,41.145,60.04,46.84,025.583723404255316,6.045319148936173,015.835531914893615
1769577216.128611,105.37779688835144,42,60,47,41.15,60.035,46.845,025.57872340425532,6.04031914893617,015.83053191489362
1769577216.186989,105.4360408782959,42,60,47,41.155,60.03,46.85,025.57372340425532,6.035319148936175,015.825531914893617
1769577216.257246,105.5062837600708,41,60,47,41.155,60.025,46.855,025.57372340425532,6.030319148936172,015.820531914893621
1769577216.472803,105.7217788696289,41,60,47,41.155,60.02,46.86,025.57372340425532,6.025319148936177,015.815531914893619
1769577216.551789,105.80080890655518,41,60,47,41.155,60.015,46.87,025.57372340425532,6.020319148936174,015.80553191489362
1769577216.613887,105.8630678653717,41,60,47,41.155,60.01,46.88,025.57372340425532,6.015319148936172,015.795531914893616
1769577216.6682181,105.91732788085938,42,60,47,41.16,60.005,46.89,025.568723404255323,6.010319148936176,015.785531914893618
1769577216.723348,105.97251892089844,42,60,48,41.17,60.0,46.905,025.558723404255318,6.005319148936174,015.770531914893617
1769577216.774867,106.0234067440033,42,60,47,41.18,59.995,46.915,025.54872340425532,6.000319148936171,015.760531914893619
1769577216.830552,106.07956981658936,42,60,47,41.19,59.99,46.925,025.53872340425532,5.995319148936176,015.750531914893621
1769577216.889112,106.13828468322754,42,60,47,41.2,59.985,46.935,025.528723404255317,5.990319148936173,015.740531914893616
1769577216.943558,106.19258189201355,42,60,47,41.21,59.98,46.945,025.51872340425532,5.985319148936171,015.730531914893618
1769577216.998375,106.24735069274902,42,60,47,41.22,59.975,46.955,025.50872340425532,5.980319148936175,015.72053191489362
1769577217.058775,106.30782389640808,42,60,48,41.23,59.97,46.97,025.498723404255323,5.9753191489361726,015.70553191489362
1769577217.118495,106.36765480041504,42,60,47,41.24,59.965,46.98,025.488723404255317,5.970319148936177,015.695531914893621
1769577217.177355,106.426442861557,42,60,47,41.25,59.96,46.99,025.47872340425532,5.9653191489361745,015.685531914893616
1769577217.246204,106.49519181251526,42,60,48,41.255,59.955,47.005,025.473723404255317,5.960319148936172,015.670531914893616
1769577217.3139782,106.56295490264893,42,60,48,41.265,59.95,47.02,025.46372340425532,5.9553191489361765,015.655531914893615
1769577217.381662,106.63053679466248,42,60,47,41.275,59.945,47.03,025.45372340425532,5.950319148936174,015.645531914893617
1769577217.439035,106.68820786476135,42,60,47,41.285,59.94,47.04,025.443723404255323,5.945319148936171,015.635531914893619
1769577217.497174,106.74632501602173,42,60,47,41.295,59.935,47.05,025.433723404255318,5.940319148936176,015.625531914893621
1769577217.551241,106.80049085617065,42,60,47,41.305,59.93,47.06,025.42372340425532,5.935319148936173,015.615531914893616
1769577217.6035478,106.85240387916565,42,60,47,41.315,59.925,47.07,025.41372340425532,5.930319148936171,015.605531914893618
1769577217.672881,106.92192268371582,42,60,47,41.325,59.92,47.08,025.403723404255317,5.925319148936175,015.59553191489362
1769577217.751879,107.00050568580627,42,60,48,41.335,59.915,47.095,025.39372340425532,5.920319148936173,015.58053191489362
1769577217.8105862,107.05960965156555,42,60,48,41.345,59.91,47.11,025.38372340425532,5.91531914893617,015.565531914893619
1769577217.863734,107.11260867118835,42,60,48,41.355,59.905,47.125,025.373723404255323,5.910319148936175,015.550531914893618
1769577217.918506,107.16740870475769,42,60,48,41.365,59.9,47.14,025.363723404255317,5.905319148936172,015.535531914893618
1769577217.9682372,107.21742177009583,42,60,48,41.375,59.895,47.155,025.35372340425532,5.900319148936177,015.520531914893617
1769577218.022279,107.27142667770386,42,60,48,41.385,59.89,47.17,025.34372340425532,5.895319148936174,015.505531914893616
1769577218.0741272,107.32335686683655,42,60,48,41.395,59.885,47.185,025.333723404255316,5.890319148936172,015.490531914893616
1769577218.12484,107.37398767471313,42,60,48,41.405,59.88,47.2,025.32372340425532,5.885319148936176,015.475531914893615
1769577218.1782022,107.42737984657288,42,60,48,41.415,59.875,47.215,025.31372340425532,5.880319148936174,015.460531914893615
1769577218.235423,107.48462891578674,42,60,48,41.425,59.87,47.23,025.303723404255322,5.875319148936171,015.445531914893621
1769577218.287356,107.53655886650085,42,60,48,41.435,59.865,47.245,025.293723404255317,5.870319148936176,015.43053191489362
1769577218.337891,107.58709383010864,42,60,48,41.445,59.86,47.26,025.28372340425532,5.865319148936173,015.41553191489362
1769577218.388442,107.63764190673828,42,60,48,41.455,59.855,47.275,025.27372340425532,5.860319148936171,015.40053191489362
1769577218.441677,107.69086694717407,42,60,48,41.465,59.85,47.29,025.263723404255316,5.855319148936175,015.385531914893619
1769577218.494603,107.74380588531494,42,60,48,41.475,59.845,47.305,025.253723404255318,5.8503191489361726,015.370531914893618
1769577218.546719,107.79586982727051,42,60,47,41.485,59.84,47.315,025.24372340425532,5.845319148936177,015.36053191489362
1769577218.603606,107.85282683372498,42,60,47,41.495,59.835,47.325,025.233723404255322,5.8403191489361745,015.350531914893615
1769577218.655168,107.90435886383057,42,60,48,41.505,59.83,47.34,025.223723404255317,5.835319148936172,015.335531914893615
1769577218.707734,107.95693778991699,41,60,47,41.51,59.825,47.35,025.21872340425532,5.8303191489361765,015.325531914893617
1769577218.760693,108.00988793373108,41,60,47,41.515,59.82,47.36,025.21372340425532,5.825319148936174,015.315531914893619
1769577218.82201,108.07111763954163,42,60,47,41.525,59.815,47.37,025.20372340425532,5.820319148936171,015.30553191489362
1769577218.883759,108.13253283500671,42,60,47,41.535,59.81,47.38,025.193723404255323,5.815319148936176,015.295531914893616
1769577218.953168,108.20178270339966,42,60,47,41.545,59.805,47.39,025.183723404255318,5.810319148936173,015.285531914893618
1769577219.029226,108.27764296531677,42,60,47,41.555,59.8,47.4,025.17372340425532,5.805319148936171,015.27553191489362
1769577219.117238,108.36509966850281,41,60,47,41.56,59.795,47.41,025.168723404255317,5.800319148936175,015.265531914893621
1769577219.201256,108.45024180412292,41,60,47,41.565,59.79,47.415,025.16372340425532,5.795319148936173,015.260531914893619
1769577219.270656,108.51979684829712,41,60,47,41.57,59.785,47.42,025.15872340425532,5.79031914893617,015.255531914893616
1769577219.3258939,108.57490158081055,41,60,47,41.575,59.78,47.43,025.153723404255317,5.785319148936175,015.245531914893618
1769577219.388476,108.63753390312195,42,60,47,41.585,59.775,47.435,025.14372340425532,5.780319148936172,015.240531914893616
1769577219.458642,108.70741176605225,42,60,47,41.595,59.77,47.44,025.13372340425532,5.775319148936177,015.23553191489362
1769577219.5341492,108.78317070007324,42,60,48,41.605,59.765,47.45,025.123723404255323,5.770319148936174,015.225531914893615
1769577219.6389701,108.88775968551636,41,60,47,41.61,59.76,47.455,025.11872340425532,5.765319148936172,015.22053191489362
1769577219.725613,108.9726939201355,41,60,47,41.615,59.755,47.46,025.113723404255317,5.760319148936176,015.215531914893617
1769577219.827531,109.07575869560242,42,60,47,41.625,59.75,47.465,025.10372340425532,5.755319148936174,015.210531914893615
1769577219.9574552,109.20548892021179,42,60,47,41.635,59.745,47.475,025.09372340425532,5.750319148936171,015.200531914893617
1769577220.038244,109.28736996650696,41,60,47,41.64,59.74,47.485,025.08872340425532,5.745319148936176,015.190531914893619
1769577220.139393,109.38757562637329,41,60,47,41.645,59.735,47.495,025.083723404255316,5.740319148936173,015.18053191489362
1769577220.263444,109.51195073127747,41,60,47,41.65,59.73,47.505,025.07872340425532,5.735319148936171,015.170531914893616
1769577220.333465,109.58235383033752,41,60,47,41.655,59.725,47.51,025.07372340425532,5.730319148936175,015.16553191489362
1769577220.395025,109.64405679702759,41,60,47,41.66,59.725,47.515,025.068723404255323,5.730319148936175,015.160531914893618
1769577220.4026968,109.65179967880249,41,60,47,41.665,59.72,47.52,025.06372340425532,5.7253191489361726,015.155531914893615
1769577220.4668841,109.71572089195251,41,60,47,41.67,59.715,47.525,025.058723404255318,5.720319148936177,015.15053191489362
1769577220.530886,109.77923774719238,41,60,47,41.675,59.71,47.53,025.053723404255322,5.7153191489361745,015.145531914893617
1769577220.599246,109.84815692901611,41,60,47,41.68,59.705,47.535,025.04872340425532,5.710319148936172,015.140531914893621
1769577220.665982,109.9142918586731,41,60,47,41.685,59.7,47.54,025.043723404255317,5.7053191489361765,015.135531914893619
1769577220.7292979,109.97835493087769,41,60,47,41.69,59.695,47.545,025.03872340425532,5.700319148936174,015.130531914893616
1769577220.789521,110.0387315750122,41,60,47,41.695,59.69,47.55,025.03372340425532,5.695319148936171,015.125531914893621
1769577220.851328,110.10044693946838,41,60,47,41.695,59.69,47.555,025.03372340425532,5.695319148936171,015.120531914893618
1769577220.9211452,110.16992282867432,41,60,47,41.695,59.69,47.555,025.03372340425532,5.695319148936171,015.120531914893618
1769577220.996267,110.24521780014038,41,60,47,41.7,59.69,47.56,025.028723404255317,5.695319148936171,015.115531914893616
1769577221.0868611,110.33573579788208,41,60,46,41.705,59.69,47.56,025.02372340425532,5.695319148936171,015.115531914893616
1769577221.2464828,110.49451875686646,41,60,46,41.71,59.69,47.56,025.01872340425532,5.695319148936171,015.115531914893616
1769577221.339272,110.5881826877594,41,60,46,41.715,59.69,47.56,025.013723404255316,5.695319148936171,015.115531914893616
1769577221.42852,110.67503380775452,41,60,46,41.72,59.69,47.56,025.00872340425532,5.695319148936171,015.115531914893616
1769577221.522032,110.77103686332703,41,60,46,41.725,59.69,47.56,025.003723404255318,5.695319148936171,015.115531914893616
1769577221.616796,110.86532664299011,41,60,46,41.73,59.69,47.56,024.998723404255323,5.695319148936171,015.115531914893616
1769577221.692883,110.94177794456482,41,60,46,41.735,59.69,47.56,024.99372340425532,5.695319148936171,015.115531914893616
1769577221.774984,111.02364802360535,41,60,46,41.74,59.69,47.56,024.988723404255317,5.695319148936171,015.115531914893616
1769577221.873471,111.12255477905273,41,60,46,41.745,59.69,47.56,024.983723404255322,5.695319148936171,015.115531914893616
1769577221.970287,111.21899700164795,41,60,46,41.745,59.69,47.555,024.983723404255322,5.695319148936171,015.120531914893618
1769577222.040374,111.28939700126648,41,60,46,41.745,59.69,47.55,024.983723404255322,5.695319148936171,015.125531914893621
1769577222.101877,111.35069370269775,41,60,46,41.745,59.69,47.545,024.983723404255322,5.695319148936171,015.130531914893616
1769577222.162733,111.41136264801025,41,61,46,41.745,59.695,47.54,024.983723404255322,5.700319148936174,015.135531914893619
1769577222.2466528,111.49458980560303,41,61,46,41.745,59.7,47.54,024.983723404255322,5.7053191489361765,015.135531914893619
1769577222.3350642,111.5833568572998,41,61,46,41.745,59.7,47.54,024.983723404255322,5.7053191489361765,015.135531914893619
1769577222.411117,111.66012597084045,40,61,46,41.745,59.705,47.54,024.983723404255322,5.710319148936172,015.135531914893619
1769577222.486303,111.7353196144104,40,61,46,41.74,59.71,47.54,024.988723404255317,5.7153191489361745,015.135531914893619
1769577222.554742,111.80387568473816,40,61,46,41.735,59.715,47.54,024.99372340425532,5.720319148936177,015.135531914893619
1769577222.616991,111.86612367630005,41,60,46,41.74,59.715,47.54,024.988723404255317,5.720319148936177,015.135531914893619
1769577222.676191,111.92510795593262,41,60,46,41.74,59.715,47.535,024.988723404255317,5.720319148936177,015.140531914893621
1769577222.7319849,111.98076486587524,41,61,46,41.735,59.72,47.53,024.99372340425532,5.7253191489361726,015.145531914893617
1769577222.7875001,112.03646969795227,41,61,46,41.735,59.725,47.525,024.99372340425532,5.730319148936175,015.15053191489362
1769577222.845061,112.09402966499329,41,61,46,41.735,59.73,47.52,024.99372340425532,5.735319148936171,015.155531914893615
1769577222.851847,112.10107278823853,41,61,46,41.735,59.735,47.515,024.99372340425532,5.740319148936173,015.160531914893618
1769577222.908179,112.1573338508606,41,60,46,41.735,59.735,47.51,024.99372340425532,5.740319148936173,015.16553191489362
1769577222.967618,112.2167477607727,41,60,47,41.73,59.735,47.505,024.998723404255323,5.740319148936173,015.170531914893616
1769577223.034003,112.28302073478699,41,60,46,41.725,59.735,47.495,025.003723404255318,5.740319148936173,015.18053191489362
1769577223.110869,112.35975289344788,41,60,46,41.72,59.74,47.485,025.00872340425532,5.745319148936176,015.190531914893619
1769577223.221239,112.47012567520142,41,60,46,41.715,59.74,47.475,025.013723404255316,5.745319148936176,015.200531914893617
1769577223.319644,112.56745076179504,41,60,46,41.71,59.74,47.47,025.01872340425532,5.745319148936176,015.20553191489362
1769577223.379922,112.62770366668701,41,60,46,41.705,59.74,47.46,025.02372340425532,5.745319148936176,015.215531914893617
1769577223.434656,112.68384885787964,41,60,46,41.7,59.74,47.455,025.028723404255317,5.745319148936176,015.22053191489362
1769577223.487915,112.73706483840942,41,60,47,41.695,59.74,47.455,025.03372340425532,5.745319148936176,015.22053191489362
1769577223.541686,112.79087376594543,41,60,47,41.69,59.74,47.45,025.03872340425532,5.745319148936176,015.225531914893615
1769577223.596478,112.84564685821533,41,60,47,41.685,59.74,47.445,025.043723404255317,5.745319148936176,015.230531914893618
1769577223.651304,112.90048265457153,42,60,47,41.685,59.745,47.44,025.043723404255317,5.750319148936171,015.23553191489362
1769577223.704124,112.95326972007751,41,60,47,41.68,59.75,47.435,025.04872340425532,5.755319148936174,015.240531914893616
1769577223.764961,113.0138566493988,41,60,47,41.675,59.755,47.43,025.053723404255322,5.760319148936176,015.245531914893618
1769577223.822804,113.07202196121216,42,60,47,41.675,59.755,47.425,025.053723404255322,5.760319148936176,015.250531914893621
1769577223.8783512,113.1275577545166,42,60,47,41.675,59.755,47.42,025.053723404255322,5.760319148936176,015.255531914893616
1769577223.9393961,113.18801784515381,42,60,47,41.675,59.755,47.415,025.053723404255322,5.760319148936176,015.260531914893619
1769577224.008707,113.25751662254333,42,60,47,41.675,59.76,47.41,025.053723404255322,5.765319148936172,015.265531914893621
1769577224.072824,113.32149386405945,42,60,47,41.675,59.765,47.405,025.053723404255322,5.770319148936174,015.270531914893617
1769577224.140658,113.38977789878845,42,60,47,41.675,59.77,47.4,025.053723404255322,5.775319148936177,015.27553191489362
1769577224.208757,113.4578537940979,42,60,48,41.675,59.775,47.4,025.053723404255322,5.780319148936172,015.27553191489362
1769577224.278998,113.52727484703064,42,60,48,41.675,59.78,47.4,025.053723404255322,5.785319148936175,015.27553191489362
1769577224.3461719,113.59494471549988,42,60,48,41.675,59.785,47.4,025.053723404255322,5.79031914893617,015.27553191489362
1769577224.4114711,113.66033577919006,42,60,48,41.675,59.79,47.4,025.053723404255322,5.795319148936173,015.27553191489362
1769577224.474228,113.72333693504333,42,60,48,41.675,59.795,47.4,025.053723404255322,5.800319148936175,015.27553191489362
1769577224.540552,113.78961777687073,42,60,48,41.675,59.8,47.4,025.053723404255322,5.805319148936171,015.27553191489362
1769577224.6055381,113.85466074943542,42,59,48,41.675,59.8,47.4,025.053723404255322,5.805319148936171,015.27553191489362
1769577224.66852,113.91762471199036,42,59,48,41.675,59.8,47.4,025.053723404255322,5.805319148936171,015.27553191489362
1769577224.727633,113.9766936302185,42,59,48,41.675,59.8,47.395,025.053723404255322,5.805319148936171,015.280531914893615
1769577224.7887502,114.03764986991882,42,59,48,41.675,59.8,47.395,025.053723404255322,5.805319148936171,015.280531914893615
1769577224.8486001,114.09769487380981,42,59,48,41.675,59.795,47.395,025.053723404255322,5.800319148936175,015.280531914893615
1769577224.902008,114.15114378929138,42,59,48,41.675,59.795,47.395,025.053723404255322,5.800319148936175,015.280531914893615
1769577224.954497,114.20368671417236,42,59,48,41.67,59.795,47.39,025.058723404255318,5.800319148936175,015.285531914893618
1769577225.0070138,114.25616383552551,42,59,48,41.67,59.795,47.385,025.058723404255318,5.800319148936175,015.29053191489362
1769577225.061075,114.31024479866028,42,59,49,41.67,59.795,47.39,025.058723404255318,5.800319148936175,015.285531914893618
1769577225.114371,114.36352181434631,42,59,49,41.67,59.795,47.39,025.058723404255318,5.800319148936175,015.285531914893618
1769577225.17177,114.42086458206177,42,59,49,41.67,59.795,47.395,025.058723404255318,5.800319148936175,015.280531914893615
1769577225.22316,114.47222566604614,42,59,49,41.67,59.795,47.395,025.058723404255318,5.800319148936175,015.280531914893615
1769577225.2801971,114.52928161621094,42,59,49,41.67,59.795,47.4,025.058723404255318,5.800319148936175,015.27553191489362
1769577225.333764,114.58293771743774,42,59,49,41.67,59.795,47.4,025.058723404255318,5.800319148936175,015.27553191489362
1769577225.389937,114.6390368938446,43,59,49,41.67,59.795,47.4,025.058723404255318,5.800319148936175,015.27553191489362
1769577225.442533,114.69169473648071,43,59,49,41.675,59.795,47.405,025.053723404255322,5.800319148936175,015.270531914893617
1769577225.500118,114.74915361404419,43,59,49,41.68,59.795,47.41,025.04872340425532,5.800319148936175,015.265531914893621
1769577225.551748,114.80095267295837,43,59,49,41.685,59.795,47.415,025.043723404255317,5.800319148936175,015.260531914893619
1769577225.602483,114.85165286064148,43,59,50,41.69,59.795,47.425,025.03872340425532,5.800319148936175,015.250531914893621
1769577225.662116,114.91102170944214,43,59,50,41.695,59.795,47.435,025.03372340425532,5.800319148936175,015.240531914893616
1769577225.722074,114.97108364105225,43,59,50,41.7,59.795,47.445,025.028723404255317,5.800319148936175,015.230531914893618
1769577225.776327,115.02525067329407,43,59,50,41.705,59.795,47.455,025.02372340425532,5.800319148936175,015.22053191489362
1769577225.828606,115.0778317451477,43,59,50,41.71,59.795,47.46,025.01872340425532,5.800319148936175,015.215531914893617
1769577225.8794801,115.12867259979248,43,59,50,41.715,59.795,47.47,025.013723404255316,5.800319148936175,015.20553191489362
1769577225.932365,115.18157076835632,43,58,50,41.72,59.79,47.48,025.00872340425532,5.795319148936173,015.195531914893621
1769577225.9849558,115.23416781425476,43,59,50,41.725,59.79,47.49,025.003723404255318,5.795319148936173,015.185531914893616
1769577226.040329,115.289470911026,43,59,50,41.73,59.79,47.5,024.998723404255323,5.795319148936173,015.175531914893618
1769577226.092001,115.34122395515442,43,59,50,41.735,59.79,47.51,024.99372340425532,5.795319148936173,015.16553191489362
1769577226.144824,115.39400291442871,43,58,50,41.74,59.785,47.52,024.988723404255317,5.79031914893617,015.155531914893615
1769577226.149995,115.39925765991211,43,59,50,41.745,59.785,47.53,024.983723404255322,5.79031914893617,015.145531914893617
1769577226.202761,115.45194482803345,43,59,49,41.75,59.785,47.535,024.97872340425532,5.79031914893617,015.140531914893621
1769577226.258465,115.50766777992249,43,59,49,41.755,59.785,47.54,024.973723404255317,5.79031914893617,015.135531914893619
1769577226.31433,115.56349897384644,43,59,50,41.76,59.785,47.55,024.96872340425532,5.79031914893617,015.125531914893621
1769577226.3690062,115.61807370185852,43,59,50,41.765,59.785,47.56,024.96372340425532,5.79031914893617,015.115531914893616
1769577226.426199,115.67530083656311,43,59,50,41.77,59.78,47.57,024.958723404255316,5.785319148936175,015.105531914893618
1769577226.4790132,115.72816681861877,43,59,50,41.775,59.775,47.58,024.95372340425532,5.780319148936172,015.09553191489362
1769577226.5333672,115.78256273269653,43,59,50,41.78,59.77,47.59,024.94872340425532,5.775319148936177,015.085531914893615
1769577226.585504,115.83470797538757,43,58,50,41.785,59.76,47.6,024.943723404255323,5.765319148936172,015.075531914893617
1769577226.636893,115.88604879379272,44,58,51,41.795,59.75,47.615,024.933723404255318,5.755319148936174,015.060531914893616
1769577226.68869,115.93784070014954,44,58,51,41.805,59.745,47.63,024.92372340425532,5.750319148936171,015.045531914893616
1769577226.7399812,115.98911476135254,44,58,51,41.815,59.74,47.645,024.91372340425532,5.745319148936176,015.030531914893615
1769577226.7926002,116.04180884361267,44,58,50,41.825,59.73,47.655,024.903723404255317,5.735319148936171,015.020531914893617
1769577226.845203,116.09431290626526,43,58,50,41.83,59.725,47.665,024.89872340425532,5.730319148936175,015.010531914893619
1769577226.850753,116.09995174407959,43,58,50,41.835,59.72,47.675,024.89372340425532,5.7253191489361726,015.000531914893621
1769577226.904083,116.15325474739075,43,58,50,41.84,59.71,47.685,024.888723404255316,5.7153191489361745,014.990531914893616
1769577226.9623091,116.21148800849915,43,58,50,41.845,59.7,47.695,024.88372340425532,5.7053191489361765,014.980531914893618
1769577227.017565,116.26674485206604,44,58,50,41.855,59.69,47.705,024.873723404255323,5.695319148936171,014.97053191489362
1769577227.071987,116.32115769386292,44,58,50,41.865,59.685,47.715,024.863723404255317,5.690319148936176,014.960531914893615
1769577227.128255,116.37696170806885,44,58,51,41.875,59.68,47.73,024.85372340425532,5.685319148936173,014.945531914893621
1769577227.182791,116.43187475204468,44,58,51,41.885,59.675,47.745,024.84372340425532,5.680319148936171,014.93053191489362
1769577227.2401128,116.48906970024109,44,58,51,41.895,59.67,47.76,024.833723404255316,5.675319148936175,014.91553191489362
1769577227.298344,116.54725980758667,44,58,51,41.905,59.665,47.775,024.82372340425532,5.670319148936173,014.90053191489362
1769577227.357899,116.60667490959167,44,58,51,41.915,59.66,47.79,024.81372340425532,5.66531914893617,014.885531914893619
1769577227.415733,116.6649158000946,44,58,52,41.925,59.655,47.81,024.803723404255322,5.660319148936175,014.865531914893616
1769577227.472607,116.72171759605408,44,58,52,41.935,59.65,47.83,024.793723404255317,5.655319148936172,014.84553191489362
1769577227.526283,116.77542090415955,44,58,52,41.945,59.64,47.85,024.78372340425532,5.645319148936174,014.825531914893617
1769577227.577926,116.82713174819946,44,58,52,41.955,59.63,47.87,024.77372340425532,5.635319148936176,014.80553191489362
1769577227.631681,116.8808798789978,44,58,52,41.965,59.62,47.89,024.763723404255316,5.625319148936171,014.785531914893618
1769577227.687832,116.93700194358826,44,58,51,41.975,59.61,47.905,024.753723404255318,5.615319148936173,014.770531914893617
1769577227.741441,116.99058771133423,44,58,51,41.985,59.605,47.92,024.74372340425532,5.610319148936171,014.755531914893616
1769577227.7977521,117.04694390296936,44,58,51,41.995,59.6,47.935,024.733723404255322,5.605319148936175,014.740531914893616
1769577227.851624,117.10076856613159,44,58,51,42.005,59.595,47.95,024.723723404255317,5.6003191489361726,014.725531914893615
1769577227.9039922,117.15318179130554,44,58,51,42.015,59.59,47.965,024.71372340425532,5.595319148936177,014.710531914893615
1769577227.9550972,117.20430779457092,45,58,52,42.03,59.58,47.985,024.69872340425532,5.585319148936172,014.690531914893619
1769577228.0067918,117.25595188140869,45,58,52,42.045,59.57,48.005,024.683723404255318,5.575319148936174,014.670531914893616
1769577228.062581,117.31170272827148,45,58,52,42.06,59.56,48.025,024.668723404255317,5.565319148936176,014.65053191489362
1769577228.1174989,117.36636185646057,44,58,52,42.07,59.55,48.045,024.65872340425532,5.555319148936171,014.630531914893616
1769577228.1694798,117.41868782043457,45,58,52,42.085,59.54,48.065,024.64372340425532,5.545319148936173,014.61053191489362
1769577228.219993,117.46914577484131,45,57,52,42.1,59.53,48.085,024.628723404255318,5.535319148936175,014.590531914893617
1769577228.272959,117.52214193344116,45,57,52,42.115,59.515,48.105,024.613723404255317,5.520319148936174,014.570531914893621
1769577228.3326972,117.58178186416626,45,57,52,42.13,59.5,48.125,024.598723404255317,5.505319148936174,014.550531914893618
1769577228.387615,117.63674974441528,45,58,52,42.145,59.49,48.145,024.583723404255316,5.495319148936176,014.530531914893615
1769577228.438884,117.68804287910461,45,58,52,42.16,59.48,48.165,024.568723404255323,5.485319148936171,014.510531914893619
1769577228.494712,117.74373197555542,45,58,52,42.175,59.47,48.185,024.553723404255322,5.4753191489361726,014.490531914893616
1769577228.5012631,117.75034689903259,45,58,52,42.19,59.46,48.205,024.53872340425532,5.4653191489361745,014.47053191489362
1769577228.555991,117.80483269691467,45,58,52,42.205,59.45,48.225,024.52372340425532,5.4553191489361765,014.450531914893617
1769577228.606726,117.85593676567078,45,58,52,42.22,59.44,48.25,024.50872340425532,5.445319148936171,014.425531914893618
1769577228.657593,117.90681862831116,45,58,52,42.235,59.43,48.275,024.49372340425532,5.435319148936173,014.40053191489362
1769577228.708666,117.95757961273193,45,58,52,42.255,59.42,48.3,024.473723404255317,5.425319148936175,014.375531914893621
1769577228.76069,118.00985670089722,45,57,52,42.275,59.405,48.325,024.45372340425532,5.410319148936175,014.350531914893615
1769577228.814581,118.06374478340149,45,57,52,42.295,59.39,48.35,024.433723404255318,5.395319148936174,014.325531914893617
1769577228.8686101,118.11782479286194,45,57,52,42.315,59.375,48.375,024.41372340425532,5.380319148936174,014.300531914893618
1769577228.9223628,118.1715087890625,45,57,52,42.33,59.36,48.4,024.39872340425532,5.365319148936173,014.27553191489362
1769577228.980501,118.22966194152832,45,57,52,42.345,59.345,48.42,024.38372340425532,5.3503191489361726,014.255531914893616
1769577229.034872,118.28406977653503,45,57,52,42.36,59.33,48.445,024.36872340425532,5.335319148936172,014.230531914893618
1769577229.08964,118.33877873420715,45,58,52,42.375,59.32,48.47,024.35372340425532,5.325319148936174,014.20553191489362
1769577229.142186,118.39136981964111,45,58,52,42.39,59.31,48.495,024.33872340425532,5.315319148936176,014.18053191489362
1769577229.197623,118.4467248916626,45,58,52,42.405,59.3,48.52,024.32372340425532,5.305319148936171,014.155531914893615
1769577229.252629,118.50184488296509,45,58,52,42.42,59.29,48.545,024.308723404255318,5.295319148936173,014.130531914893616
1769577229.303943,118.55309176445007,44,58,51,42.43,59.28,48.56,024.29872340425532,5.285319148936175,014.115531914893616
1769577229.357384,118.60648393630981,44,58,51,42.44,59.27,48.58,024.28872340425532,5.275319148936177,014.09553191489362
1769577229.412302,118.66124081611633,45,58,51,42.455,59.26,48.6,024.27372340425532,5.265319148936172,014.075531914893617
1769577229.4649541,118.71405386924744,45,57,52,42.47,59.245,48.62,024.25872340425532,5.250319148936171,014.05553191489362
1769577229.5186439,118.76784777641296,45,57,52,42.485,59.23,48.64,024.24372340425532,5.235319148936171,014.035531914893618
1769577229.569559,118.8187518119812,45,58,52,42.5,59.22,48.665,024.22872340425532,5.2253191489361726,014.010531914893619
1769577229.6234639,118.87254977226257,45,58,52,42.515,59.21,48.69,024.21372340425532,5.2153191489361745,013.98553191489362
1769577229.676526,118.92567777633667,45,58,52,42.53,59.2,48.715,024.19872340425532,5.2053191489361765,013.960531914893615
1769577229.730481,118.97968173027039,45,57,52,42.545,59.185,48.74,024.183723404255318,5.190319148936176,013.935531914893616
1769577229.781945,119.03108477592468,46,57,53,42.565,59.17,48.77,024.16372340425532,5.175319148936175,013.905531914893615
1769577229.834849,119.08399796485901,46,57,53,42.585,59.155,48.8,024.14372340425532,5.160319148936175,013.875531914893621
1769577229.887969,119.13704776763916,45,57,52,42.6,59.14,48.82,024.128723404255318,5.145319148936174,013.855531914893618
1769577229.939434,119.18865776062012,45,58,52,42.615,59.13,48.84,024.113723404255317,5.135319148936176,013.835531914893615
1769577229.995905,119.24503874778748,45,57,52,42.63,59.115,48.86,024.098723404255317,5.120319148936176,013.815531914893619
1769577230.050833,119.3000237941742,45,57,52,42.645,59.1,48.88,024.083723404255316,5.105319148936175,013.795531914893616
1769577230.10337,119.35257172584534,45,57,52,42.66,59.085,48.9,024.068723404255323,5.0903191489361745,013.77553191489362
1769577230.156712,119.40589690208435,45,58,52,42.675,59.075,48.92,024.053723404255322,5.0803191489361765,013.755531914893616
1769577230.210527,119.4596848487854,45,57,52,42.69,59.06,48.94,024.03872340425532,5.065319148936176,013.73553191489362
1769577230.26624,119.51544666290283,45,57,52,42.705,59.045,48.96,024.02372340425532,5.050319148936175,013.715531914893617
1769577230.320437,119.56959891319275,45,57,52,42.72,59.03,48.98,024.00872340425532,5.035319148936175,013.695531914893621
1769577230.374924,119.62407398223877,45,57,52,42.735,59.015,49.0,023.99372340425532,5.020319148936174,013.675531914893618
1769577230.428937,119.67815279960632,45,57,52,42.75,59.0,49.02,023.97872340425532,5.005319148936174,013.655531914893615
1769577230.48252,119.73168683052063,45,57,52,42.765,58.985,49.04,023.96372340425532,4.990319148936173,013.635531914893619
1769577230.5362098,119.78530478477478,45,57,52,42.78,58.97,49.06,023.94872340425532,4.9753191489361726,013.615531914893616
1769577230.589744,119.83889889717102,45,57,52,42.795,58.955,49.08,023.933723404255318,4.960319148936172,013.59553191489362
1769577230.641502,119.89072585105896,45,57,53,42.81,58.94,49.105,023.918723404255317,4.945319148936171,013.570531914893621
1769577230.697645,119.94658470153809,45,57,52,42.825,58.925,49.13,023.903723404255317,4.930319148936171,013.545531914893616
1769577230.7580118,120.00702571868896,45,58,52,42.84,58.915,49.155,023.888723404255316,4.920319148936173,013.520531914893617
1769577230.824929,120.07394099235535,46,57,53,42.86,58.9,49.18,023.86872340425532,4.905319148936172,013.495531914893618
1769577230.881384,120.1305947303772,46,57,53,42.885,58.885,49.21,023.84372340425532,4.890319148936172,013.465531914893617
1769577230.93155,120.18071174621582,45,57,52,42.905,58.87,49.235,023.82372340425532,4.875319148936171,013.440531914893619
1769577230.981101,120.23028182983398,45,57,52,42.92,58.855,49.26,023.808723404255318,4.860319148936171,013.41553191489362
1769577231.0343091,120.28348684310913,45,57,52,42.935,58.84,49.285,023.793723404255317,4.845319148936177,013.390531914893621
1769577231.0861812,120.3352530002594,45,57,52,42.95,58.825,49.31,023.778723404255317,4.8303191489361765,013.365531914893616
1769577231.138239,120.3874077796936,45,57,52,42.965,58.81,49.335,023.763723404255316,4.815319148936176,013.340531914893617
1769577231.1881459,120.43733668327332,45,57,52,42.985,58.795,49.36,023.74372340425532,4.800319148936175,013.315531914893619
1769577231.23764,120.48681497573853,45,57,52,43.005,58.78,49.385,023.723723404255317,4.785319148936175,013.29053191489362
1769577231.290356,120.53951263427734,45,57,52,43.025,58.765,49.41,023.70372340425532,4.770319148936174,013.265531914893621
1769577231.348431,120.5974338054657,45,57,52,43.045,58.75,49.435,023.683723404255318,4.755319148936174,013.240531914893616
1769577231.412821,120.66179084777832,45,57,52,43.06,58.735,49.46,023.668723404255317,4.740319148936173,013.215531914893617
1769577231.469354,120.7184886932373,45,57,53,43.075,58.72,49.49,023.653723404255317,4.7253191489361726,013.185531914893616
1769577231.51986,120.76906180381775,45,57,53,43.09,58.705,49.515,023.638723404255316,4.710319148936172,013.160531914893618
1769577231.57458,120.8237087726593,45,57,53,43.11,58.69,49.545,023.61872340425532,4.695319148936171,013.130531914893616
1769577231.626482,120.87569379806519,45,57,53,43.13,58.675,49.575,023.598723404255317,4.680319148936171,013.100531914893615
1769577231.680158,120.92933368682861,45,57,53,43.145,58.66,49.605,023.583723404255316,4.66531914893617,013.070531914893621
1769577231.738158,120.98688888549805,45,57,53,43.16,58.645,49.635,023.568723404255323,4.650319148936177,013.04053191489362
1769577231.792361,121.04143285751343,45,57,53,43.18,58.63,49.665,023.54872340425532,4.635319148936176,013.010531914893619
1769577231.8439271,121.09316873550415,45,57,53,43.2,58.615,49.695,023.528723404255317,4.620319148936176,012.980531914893618
1769577231.8978329,121.14697170257568,45,57,53,43.22,58.6,49.725,023.50872340425532,4.605319148936175,012.950531914893617
1769577231.95054,121.19974088668823,45,57,53,43.24,58.585,49.755,023.488723404255317,4.5903191489361745,012.920531914893616
1769577232.005343,121.25451874732971,46,57,53,43.265,58.57,49.785,023.46372340425532,4.575319148936174,012.890531914893621
1769577232.058027,121.30719590187073,45,57,53,43.285,58.555,49.815,023.443723404255323,4.560319148936173,012.86053191489362
1769577232.112085,121.36126279830933,45,57,53,43.305,58.54,49.845,023.42372340425532,4.545319148936173,012.83053191489362
1769577232.166377,121.41559386253357,46,57,54,43.33,58.525,49.88,023.39872340425532,4.530319148936172,012.795531914893616
1769577232.219685,121.46882772445679,46,57,54,43.355,58.51,49.915,023.373723404255323,4.515319148936172,012.760531914893619
1769577232.2784672,121.52761173248291,46,57,54,43.38,58.495,49.95,023.348723404255317,4.500319148936171,012.725531914893615
1769577232.333428,121.58260178565979,46,57,54,43.405,58.48,49.985,023.32372340425532,4.485319148936171,012.690531914893619
1769577232.386246,121.63548064231873,46,57,54,43.43,58.465,50.02,023.29872340425532,4.470319148936177,012.655531914893615
1769577232.436969,121.68613290786743,46,57,54,43.455,58.45,50.055,023.27372340425532,4.4553191489361765,012.620531914893618
1769577232.490422,121.73962187767029,46,57,54,43.48,58.435,50.09,023.248723404255323,4.440319148936176,012.585531914893615
1769577232.5450811,121.79424571990967,46,56,54,43.505,58.415,50.125,023.223723404255317,4.420319148936173,012.550531914893618
1769577232.5494242,121.79871988296509,46,56,54,43.53,58.395,50.165,023.19872340425532,4.400319148936177,012.510531914893619
1769577232.605393,121.85447382926941,46,56,54,43.555,58.375,50.205,023.17372340425532,4.380319148936174,012.47053191489362
1769577232.6639931,121.91316080093384,46,56,54,43.58,58.355,50.245,023.14872340425532,4.360319148936171,012.43053191489362
1769577232.717176,121.9663827419281,46,56,54,43.605,58.335,50.285,023.123723404255323,4.3403191489361745,012.390531914893621
1769577232.769481,122.01863384246826,46,56,54,43.63,58.315,50.325,023.098723404255317,4.320319148936171,012.350531914893615
1769577232.8219788,122.07098865509033,46,56,55,43.655,58.295,50.37,023.07372340425532,4.300319148936175,012.30553191489362
1769577232.875008,122.12418365478516,46,56,55,43.68,58.275,50.415,023.04872340425532,4.280319148936172,012.260531914893619
1769577232.930777,122.17986369132996,46,56,55,43.705,58.255,50.46,023.02372340425532,4.260319148936176,012.215531914893617
1769577232.984139,122.23333978652954,46,56,55,43.73,58.235,50.505,022.998723404255323,4.240319148936173,012.170531914893616
1769577233.035734,122.28493976593018,46,56,55,43.755,58.215,50.55,022.973723404255317,4.220319148936177,012.125531914893621
1769577233.090355,122.33949279785156,46,56,55,43.78,58.195,50.595,022.94872340425532,4.200319148936174,012.08053191489362
1769577233.142622,122.3916528224945,46,56,55,43.805,58.175,50.64,022.92372340425532,4.180319148936171,012.035531914893618
1769577233.1963031,122.44549369812012,46,56,55,43.83,58.15,50.685,022.89872340425532,4.155319148936172,011.990531914893616
1769577233.251155,122.50033783912659,46,56,55,43.855,58.125,50.73,022.873723404255323,4.130319148936174,011.945531914893621
1769577233.303935,122.55313086509705,46,56,55,43.88,58.1,50.775,022.848723404255317,4.105319148936175,011.90053191489362
1769577233.3582988,122.60732078552246,46,56,55,43.91,58.075,50.82,022.818723404255323,4.0803191489361765,011.855531914893618
1769577233.410057,122.65917372703552,46,56,55,43.94,58.05,50.865,022.78872340425532,4.055319148936171,011.810531914893616
1769577233.463169,122.71230268478394,46,56,55,43.97,58.025,50.91,022.75872340425532,4.030319148936172,011.765531914893621
1769577233.517935,122.76702284812927,46,56,55,43.995,58.005,50.955,022.733723404255322,4.010319148936176,011.72053191489362
1769577233.571693,122.82088279724121,46,56,55,44.02,57.985,51.0,022.708723404255316,3.990319148936173,011.675531914893618
1769577233.626071,122.87490892410278,46,56,55,44.045,57.96,51.045,022.683723404255318,3.9653191489361745,011.630531914893616
1769577233.681049,122.93018078804016,46,56,55,44.07,57.935,51.09,022.65872340425532,3.940319148936176,011.585531914893615
1769577233.7338939,122.98304986953735,46,56,55,44.095,57.91,51.135,022.63372340425532,3.9153191489361703,011.54053191489362
1769577233.7907252,123.03977656364441,46,56,55,44.12,57.885,51.18,022.608723404255322,3.8903191489361717,011.495531914893618
1769577233.843338,123.09249997138977,45,56,55,44.14,57.865,51.225,022.58872340425532,3.8703191489361757,011.450531914893617
1769577233.897604,123.14679503440857,45,56,55,44.16,57.845,51.265,022.568723404255323,3.8503191489361726,011.410531914893618
1769577233.95094,123.20016169548035,46,56,55,44.185,57.825,51.31,022.543723404255317,3.8303191489361765,011.365531914893616
1769577234.000467,123.24968671798706,46,56,55,44.21,57.805,51.355,022.51872340425532,3.8103191489361734,011.320531914893621
1769577234.053018,123.30219173431396,46,56,55,44.235,57.785,51.4,022.49372340425532,3.7903191489361703,011.27553191489362
1769577234.108157,123.35735177993774,46,56,55,44.26,57.765,51.445,022.46872340425532,3.7703191489361743,011.230531914893618
1769577234.161933,123.41110873222351,45,56,55,44.28,57.745,51.49,022.44872340425532,3.750319148936171,011.185531914893616
1769577234.2163332,123.46555495262146,46,56,56,44.305,57.725,51.54,022.42372340425532,3.730319148936175,011.135531914893619
1769577234.271436,123.5205409526825,46,56,56,44.33,57.705,51.585,022.39872340425532,3.710319148936172,011.090531914893617
1769577234.32382,123.57301092147827,46,56,56,44.355,57.685,51.63,022.373723404255323,3.690319148936176,011.045531914893616
1769577234.378276,123.62747478485107,46,55,56,44.38,57.66,51.675,022.348723404255317,3.6653191489361703,011.000531914893621
1769577234.4365811,123.68566989898682,46,55,56,44.4,57.635,51.72,022.32872340425532,3.6403191489361717,010.95553191489362
1769577234.493313,123.74233770370483,46,55,56,44.425,57.61,51.765,022.303723404255322,3.615319148936173,010.910531914893618
1769577234.552563,123.8015947341919,46,55,56,44.45,57.585,51.81,022.278723404255317,3.5903191489361745,010.865531914893616
1769577234.606474,123.85568070411682,46,55,56,44.47,57.56,51.855,022.25872340425532,3.565319148936176,010.820531914893621
1769577234.656472,123.9056966304779,46,55,56,44.49,57.535,51.9,022.238723404255317,3.5403191489361703,010.77553191489362
1769577234.711206,123.96031475067139,46,55,57,44.51,57.51,51.95,022.21872340425532,3.5153191489361717,010.725531914893615
1769577234.7658958,124.01483392715454,47,55,57,44.535,57.485,52.0,022.193723404255323,3.490319148936173,010.675531914893618
1769577234.8161988,124.06537771224976,47,55,57,44.56,57.46,52.05,022.168723404255317,3.4653191489361745,010.625531914893621
1769577234.8671172,124.11620664596558,47,55,57,44.585,57.435,52.1,022.14372340425532,3.440319148936176,010.575531914893617
1769577234.923931,124.17309594154358,47,55,58,44.61,57.41,52.15,022.11872340425532,3.4153191489361703,010.52553191489362
1769577234.9787369,124.22788667678833,47,55,57,44.635,57.385,52.195,022.09372340425532,3.3903191489361717,010.480531914893618
1769577235.0307992,124.27992391586304,47,55,57,44.66,57.36,52.24,022.068723404255323,3.365319148936173,010.435531914893616
1769577235.089918,124.33893465995789,47,55,58,44.685,57.335,52.29,022.043723404255317,3.3403191489361745,010.385531914893619
1769577235.1454048,124.39455485343933,47,55,57,44.71,57.31,52.335,022.01872340425532,3.315319148936176,010.340531914893617
1769577235.20019,124.44937658309937,47,55,57,44.735,57.285,52.38,021.99372340425532,3.2903191489361703,010.295531914893616
1769577235.253815,124.5029706954956,47,55,57,44.76,57.265,52.425,021.96872340425532,3.2703191489361743,010.250531914893621
1769577235.3070238,124.55621194839478,47,55,58,44.785,57.245,52.475,021.943723404255323,3.250319148936171,010.200531914893617
1769577235.360513,124.60973381996155,47,55,58,44.81,57.225,52.525,021.918723404255317,3.230319148936175,010.15053191489362
1769577235.4152498,124.66418671607971,47,55,58,44.835,57.205,52.575,021.89372340425532,3.210319148936172,010.100531914893615
1769577235.471806,124.72086882591248,48,55,58,44.865,57.185,52.625,021.863723404255317,3.190319148936176,010.050531914893618
1769577235.52409,124.77328991889954,48,55,58,44.895,57.165,52.675,021.833723404255316,3.170319148936173,010.000531914893621
1769577235.578499,124.82764482498169,48,55,58,44.925,57.145,52.725,021.803723404255322,3.150319148936177,09.950531914893617
1769577235.63243,124.88161587715149,48,54,59,44.955,57.12,52.78,021.77372340425532,3.125319148936171,09.895531914893617
1769577235.6871412,124.93630480766296,48,54,59,44.985,57.095,52.83,021.74372340425532,3.1003191489361726,09.84553191489362
1769577235.742461,124.99158763885498,48,54,59,45.015,57.07,52.88,021.71372340425532,3.075319148936174,09.795531914893616
1769577235.802544,125.05171084403992,48,54,59,45.045,57.045,52.93,021.683723404255318,3.0503191489361754,09.745531914893618
1769577235.8547342,125.10392189025879,48,54,59,45.075,57.02,52.98,021.653723404255317,3.025319148936177,09.695531914893621
1769577235.906621,125.15565490722656,49,54,60,45.11,56.995,53.035,021.61872340425532,3.000319148936171,09.640531914893621
1769577235.956217,125.20539689064026,48,54,60,45.14,56.97,53.09,021.58872340425532,2.9753191489361726,09.585531914893615
1769577236.0090072,125.2581398487091,48,54,59,45.165,56.945,53.14,021.56372340425532,2.950319148936174,09.535531914893618
1769577236.062502,125.31161665916443,48,54,59,45.19,56.92,53.19,021.53872340425532,2.9253191489361754,09.48553191489362
1769577236.122987,125.37205290794373,48,54,60,45.215,56.895,53.245,021.513723404255316,2.900319148936177,09.43053191489362
1769577236.179583,125.4287838935852,48,54,60,45.24,56.87,53.3,021.488723404255317,2.875319148936171,09.375531914893621
1769577236.231711,125.48079681396484,49,54,60,45.27,56.845,53.35,021.458723404255316,2.8503191489361726,09.325531914893617
1769577236.28635,125.53553771972656,49,54,60,45.3,56.82,53.4,021.428723404255322,2.825319148936174,09.27553191489362
1769577236.3378098,125.58695578575134,49,54,60,45.33,56.795,53.45,021.39872340425532,2.8003191489361754,09.225531914893615
1769577236.3900979,125.63929986953735,49,54,60,45.36,56.77,53.5,021.36872340425532,2.775319148936177,09.175531914893618
1769577236.44299,125.69214367866516,49,54,60,45.39,56.745,53.55,021.33872340425532,2.750319148936171,09.125531914893621
1769577236.4946592,125.74381589889526,49,54,60,45.42,56.72,53.6,021.308723404255318,2.7253191489361726,09.075531914893617
1769577236.500459,125.74968385696411,49,54,60,45.45,56.7,53.65,021.278723404255317,2.7053191489361765,09.02553191489362
1769577236.5515509,125.80068302154541,49,54,61,45.48,56.675,53.705,021.248723404255323,2.680319148936171,08.97053191489362
1769577236.6037078,125.85286092758179,49,54,61,45.51,56.65,53.76,021.21872340425532,2.6553191489361723,08.91553191489362
1769577236.662636,125.91181182861328,49,54,61,45.54,56.625,53.815,021.18872340425532,2.6303191489361737,08.86053191489362
1769577236.7164218,125.96565198898315,49,54,61,45.57,56.605,53.87,021.15872340425532,2.6103191489361706,08.80553191489362
1769577236.76753,126.01673173904419,49,54,61,45.6,56.58,53.925,021.128723404255318,2.585319148936172,08.750531914893621
1769577236.8178718,126.06708574295044,49,54,61,45.63,56.555,53.985,021.098723404255317,2.5603191489361734,08.690531914893619
1769577236.868125,126.11729097366333,49,54,61,45.66,56.53,54.045,021.068723404255323,2.535319148936175,08.630531914893616
1769577236.920476,126.16971492767334,49,54,60,45.69,56.505,54.095,021.03872340425532,2.5103191489361762,08.58053191489362
1769577236.97137,126.22059082984924,49,54,60,45.72,56.48,54.145,021.00872340425532,2.4853191489361706,08.530531914893615
1769577237.023215,126.27236676216125,49,54,61,45.75,56.455,54.2,020.97872340425532,2.460319148936172,08.475531914893615
1769577237.077363,126.32655882835388,49,54,61,45.78,56.43,54.255,020.94872340425532,2.4353191489361734,08.420531914893616
1769577237.129625,126.37857484817505,49,54,61,45.81,56.405,54.31,020.918723404255317,2.410319148936175,08.365531914893616
1769577237.181452,126.43063879013062,49,54,61,45.84,56.385,54.365,020.888723404255316,2.3903191489361717,08.310531914893616
1769577237.2334988,126.48273277282715,49,54,60,45.865,56.365,54.41,020.863723404255317,2.3703191489361757,08.265531914893621
1769577237.285494,126.53472876548767,49,54,61,45.89,56.345,54.46,020.83872340425532,2.3503191489361726,08.215531914893617
1769577237.3395789,126.58859872817993,49,54,61,45.915,56.325,54.51,020.81372340425532,2.3303191489361765,08.16553191489362
1769577237.397009,126.64601397514343,49,54,61,45.94,56.305,54.565,020.78872340425532,2.3103191489361734,08.11053191489362
1769577237.451603,126.70075583457947,49,54,61,45.97,56.285,54.62,020.75872340425532,2.2903191489361703,08.05553191489362
1769577237.503823,126.75298261642456,49,54,60,46.0,56.265,54.67,020.72872340425532,2.2703191489361743,08.005531914893616
1769577237.555764,126.80495381355286,49,54,60,46.03,56.245,54.72,020.69872340425532,2.250319148936171,07.955531914893619
1769577237.608717,126.85785174369812,49,54,60,46.06,56.225,54.77,020.668723404255317,2.230319148936175,07.905531914893615
1769577237.662652,126.91153264045715,49,54,60,46.085,56.205,54.82,020.64372340425532,2.210319148936172,07.855531914893618
1769577237.718503,126.96759986877441,49,54,60,46.11,56.185,54.87,020.61872340425532,2.190319148936176,07.805531914893621
1769577237.773706,127.02268576622009,49,54,60,46.135,56.165,54.915,020.59372340425532,2.170319148936173,07.760531914893619
1769577237.8273642,127.07646584510803,49,54,60,46.16,56.145,54.96,020.568723404255323,2.150319148936177,07.715531914893617
1769577237.880069,127.12929582595825,48,54,60,46.18,56.125,55.005,020.54872340425532,2.1303191489361737,07.6705319148936155
1769577237.932897,127.18211483955383,48,54,60,46.2,56.105,55.05,020.528723404255317,2.1103191489361706,07.625531914893621
1769577237.984087,127.2332706451416,49,54,60,46.225,56.085,55.095,020.503723404255318,2.0903191489361745,07.580531914893619
1769577238.0495338,127.29826092720032,48,54,60,46.245,56.065,55.135,020.483723404255322,2.0703191489361714,07.54053191489362
1769577238.109889,127.3589997291565,48,54,60,46.265,56.045,55.175,020.46372340425532,2.0503191489361754,07.500531914893621
1769577238.174609,127.42356562614441,49,54,61,46.29,56.025,55.22,020.43872340425532,2.0303191489361723,07.455531914893619
1769577238.231096,127.48014163970947,49,54,61,46.315,56.005,55.265,020.41372340425532,2.0103191489361762,07.4105319148936175
1769577238.2832818,127.53245186805725,49,54,61,46.34,55.985,55.31,020.388723404255316,1.9903191489361731,07.365531914893616
1769577238.335524,127.58475685119629,48,54,60,46.36,55.965,55.355,020.36872340425532,1.970319148936177,07.320531914893621
1769577238.3865411,127.63574194908142,48,54,60,46.38,55.945,55.4,020.348723404255317,1.950319148936174,07.2755319148936195
1769577238.4417129,127.69058585166931,48,54,60,46.4,55.925,55.445,020.32872340425532,1.9303191489361708,07.230531914893618
1769577238.495889,127.74505877494812,48,54,60,46.42,55.905,55.49,020.308723404255318,1.9103191489361748,07.185531914893616
1769577238.550648,127.79984378814697,48,54,59,46.44,55.885,55.53,020.28872340425532,1.8903191489361717,07.145531914893617
1769577238.603198,127.85239577293396,48,54,60,46.455,55.865,55.57,020.27372340425532,1.8703191489361757,07.105531914893618
1769577238.657126,127.90635395050049,48,54,60,46.47,55.845,55.61,020.25872340425532,1.8503191489361726,07.065531914893619
1769577238.709127,127.95806956291199,48,54,60,46.485,55.825,55.65,020.24372340425532,1.8303191489361765,07.0255319148936195
1769577238.7609758,128.01017498970032,48,54,60,46.505,55.805,55.69,020.223723404255317,1.8103191489361734,06.98553191489362
1769577238.81976,128.068785905838,48,54,60,46.52,55.785,55.73,020.208723404255316,1.7903191489361703,06.945531914893621
1769577238.879248,128.12805771827698,49,54,60,46.54,55.77,55.77,020.18872340425532,1.7753191489361768,06.905531914893615
1769577238.931515,128.18070077896118,48,54,60,46.555,55.755,55.81,020.17372340425532,1.7603191489361762,06.865531914893616
1769577238.9832478,128.23250889778137,48,54,60,46.57,55.74,55.85,020.15872340425532,1.7453191489361757,06.825531914893617
1769577239.031041,128.28013062477112,48,54,60,46.585,55.72,55.89,020.14372340425532,1.7253191489361726,06.7855319148936175
1769577239.0847669,128.33392786979675,48,54,60,46.6,55.7,55.93,020.128723404255318,1.7053191489361765,06.745531914893618
1769577239.1405718,128.38975477218628,48,54,59,46.615,55.68,55.965,020.113723404255317,1.6853191489361734,06.710531914893615
1769577239.191573,128.4408028125763,48,54,59,46.63,55.66,56.0,020.098723404255317,1.6653191489361703,06.675531914893618
1769577239.24244,128.49143767356873,48,54,60,46.645,55.64,56.04,020.083723404255316,1.6453191489361743,06.635531914893619
1769577239.295568,128.54480385780334,48,54,60,46.66,55.62,56.08,020.068723404255323,1.6253191489361711,06.59553191489362
1769577239.349306,128.59854173660278,48,54,60,46.675,55.6,56.12,020.053723404255322,1.605319148936175,06.555531914893621
1769577239.401359,128.65056681632996,48,54,60,46.69,55.58,56.16,020.03872340425532,1.585319148936172,06.5155319148936215
1769577239.453116,128.70231080055237,48,54,60,46.705,55.565,56.2,020.02372340425532,1.5703191489361714,06.475531914893615
1769577239.5038998,128.75304293632507,48,54,60,46.72,55.55,56.24,020.00872340425532,1.5553191489361708,06.435531914893616
1769577239.557735,128.80692076683044,48,54,60,46.735,55.535,56.28,019.99372340425532,1.5403191489361703,06.395531914893617
1769577239.609387,128.85859990119934,48,54,60,46.75,55.52,56.32,019.97872340425532,1.5253191489361768,06.355531914893618
1769577239.663417,128.91253280639648,48,54,59,46.765,55.505,56.355,019.96372340425532,1.5103191489361762,06.320531914893621
1769577239.716877,128.96608877182007,48,54,59,46.78,55.49,56.39,019.94872340425532,1.4953191489361757,06.2855319148936175
1769577239.769343,129.01847767829895,48,54,59,46.795,55.47,56.425,019.933723404255318,1.4753191489361726,06.250531914893621
1769577239.824203,129.07321286201477,48,54,60,46.81,55.45,56.465,019.918723404255317,1.4553191489361765,06.210531914893615
1769577239.878269,129.12736773490906,47,54,59,46.82,55.43,56.5,019.90872340425532,1.4353191489361734,06.175531914893618
1769577239.931521,129.18073081970215,47,54,59,46.83,55.41,56.535,019.89872340425532,1.4153191489361703,06.1405319148936215
1769577239.9871209,129.23632884025574,48,54,60,46.85,55.39,56.58,019.878723404255318,1.3953191489361743,06.09553191489362
1769577240.050074,129.299067735672,48,54,60,46.87,55.37,56.625,019.858723404255322,1.3753191489361711,06.050531914893618
1769577240.113295,129.36248087882996,48,54,60,46.885,55.35,56.67,019.84372340425532,1.355319148936175,06.005531914893616
1769577240.167561,129.41680479049683,47,54,59,46.895,55.335,56.705,019.833723404255316,1.3403191489361745,05.97053191489362
1769577240.2228239,129.47202587127686,48,54,60,46.91,55.32,56.745,019.818723404255323,1.325319148936174,05.930531914893621
1769577240.28049,129.5296356678009,48,54,60,46.925,55.3,56.785,019.803723404255322,1.3053191489361708,05.8905319148936215
1769577240.3372102,129.5862820148468,48,54,60,46.94,55.28,56.825,019.78872340425532,1.2853191489361748,05.850531914893615
1769577240.392811,129.64191484451294,48,54,60,46.955,55.26,56.865,019.77372340425532,1.2653191489361717,05.810531914893616
1769577240.4505448,129.6995768547058,48,54,60,46.97,55.245,56.905,019.75872340425532,1.2503191489361711,05.770531914893617
1769577240.513692,129.76268792152405,48,54,60,46.98,55.23,56.94,019.748723404255323,1.2353191489361706,05.73553191489362
1769577240.570605,129.81978487968445,48,54,60,46.99,55.215,56.975,019.738723404255317,1.220319148936177,05.700531914893617
1769577240.625978,129.8751039505005,48,54,60,47.005,55.2,57.015,019.723723404255317,1.2053191489361765,05.6605319148936175
1769577240.6836338,129.9328248500824,47,54,60,47.015,55.18,57.055,019.71372340425532,1.1853191489361734,05.620531914893618
1769577240.746901,129.9959716796875,47,54,60,47.025,55.165,57.095,019.70372340425532,1.1703191489361728,05.580531914893619
1769577240.8069272,130.056058883667,47,54,60,47.035,55.15,57.135,019.693723404255323,1.1553191489361723,05.54053191489362
1769577240.8699892,130.11885786056519,48,54,60,47.05,55.135,57.175,019.678723404255322,1.1403191489361717,05.500531914893621
1769577240.9314141,130.1805408000946,48,54,60,47.065,55.115,57.215,019.66372340425532,1.1203191489361757,05.460531914893615
1769577240.987385,130.23654985427856,47,54,60,47.075,55.1,57.255,019.653723404255317,1.105319148936175,05.4205319148936155
1769577241.0389,130.2880756855011,47,54,59,47.085,55.085,57.29,019.64372340425532,1.0903191489361745,05.385531914893619
1769577241.0885801,130.33777689933777,47,54,60,47.095,55.07,57.33,019.63372340425532,1.075319148936174,05.34553191489362
1769577241.1414242,130.39061665534973,47,54,60,47.105,55.055,57.37,019.623723404255323,1.0603191489361734,05.305531914893621
1769577241.1947892,130.44401669502258,47,54,59,47.115,55.04,57.405,019.613723404255317,1.0453191489361728,05.270531914893617
1769577241.1995,130.44875764846802,47,54,60,47.125,55.025,57.445,019.60372340425532,1.0303191489361723,05.230531914893618
1769577241.250208,130.4993987083435,48,54,60,47.14,55.01,57.485,019.58872340425532,1.0153191489361717,05.190531914893619
1769577241.302516,130.55157780647278,47,54,60,47.15,54.995,57.525,019.57872340425532,1.0003191489361711,05.1505319148936195
1769577241.3556328,130.60482573509216,47,54,59,47.16,54.98,57.555,019.568723404255323,0.9853191489361706,05.120531914893618
1769577241.410521,130.65972471237183,47,54,59,47.17,54.965,57.59,019.558723404255318,0.9703191489361771,05.085531914893615
1769577241.460791,130.70996189117432,47,54,59,47.18,54.945,57.625,019.54872340425532,0.950319148936174,05.050531914893618
1769577241.512217,130.76135778427124,47,54,59,47.185,54.93,57.655,019.543723404255317,0.9353191489361734,05.020531914893617
1769577241.562356,130.81153988838196,47,54,60,47.19,54.915,57.69,019.53872340425532,0.9203191489361728,04.98553191489362
1769577241.614333,130.863529920578,48,54,60,47.205,54.9,57.73,019.52372340425532,0.9053191489361723,04.945531914893621
1769577241.668751,130.91793370246887,47,54,60,47.215,54.885,57.77,019.513723404255316,0.8903191489361717,04.905531914893615
1769577241.720601,130.9697778224945,47,54,60,47.225,54.87,57.81,019.503723404255318,0.8753191489361711,04.865531914893616
1769577241.774047,131.02320384979248,47,54,59,47.235,54.855,57.845,019.49372340425532,0.8603191489361706,04.830531914893619
1769577241.8280709,131.0772578716278,47,54,59,47.245,54.84,57.88,019.483723404255322,0.8453191489361771,04.7955319148936155
1769577241.881789,131.13097476959229,47,54,59,47.255,54.825,57.915,019.473723404255317,0.8303191489361765,04.760531914893619
1769577241.938378,131.18753576278687,47,54,59,47.265,54.81,57.95,019.46372340425532,0.815319148936176,04.725531914893615
1769577241.9935338,131.24261474609375,47,54,59,47.275,54.795,57.985,019.45372340425532,0.8003191489361754,04.690531914893619
1769577242.0466921,131.29568576812744,47,54,60,47.285,54.78,58.025,019.443723404255323,0.7853191489361748,04.6505319148936195
1769577242.102767,131.35182785987854,47,54,60,47.295,54.765,58.065,019.433723404255318,0.7703191489361743,04.61053191489362
1769577242.1617112,131.4108316898346,47,54,60,47.305,54.75,58.1,019.42372340425532,0.7553191489361737,04.575531914893617
1769577242.220272,131.4694037437439,47,54,59,47.315,54.735,58.13,019.41372340425532,0.7403191489361731,04.5455319148936155
1769577242.275616,131.52477073669434,47,54,59,47.325,54.72,58.16,019.403723404255317,0.7253191489361726,04.5155319148936215
1769577242.330205,131.57929587364197,47,54,59,47.335,54.705,58.19,019.39372340425532,0.710319148936172,04.48553191489362
1769577242.3844092,131.63354778289795,47,54,59,47.345,54.69,58.22,019.38372340425532,0.6953191489361714,04.455531914893619
1769577242.441738,131.6907799243927,47,54,59,47.355,54.675,58.25,019.373723404255323,0.6803191489361708,04.425531914893618
1769577242.499804,131.74898672103882,47,54,59,47.365,54.66,58.28,019.363723404255317,0.6653191489361703,04.395531914893617
1769577242.557798,131.80679488182068,48,54,60,47.38,54.645,58.315,019.348723404255317,0.6503191489361768,04.36053191489362
1769577242.613881,131.8629686832428,47,54,59,47.39,54.63,58.345,019.33872340425532,0.6353191489361762,04.330531914893619
1769577242.668891,131.91806077957153,47,54,59,47.4,54.615,58.375,019.32872340425532,0.6203191489361757,04.300531914893618
1769577242.722914,131.97212290763855,47,54,59,47.405,54.6,58.405,019.32372340425532,0.6053191489361751,04.270531914893617
1769577242.7761059,132.02532768249512,47,54,59,47.415,54.585,58.435,019.31372340425532,0.5903191489361745,04.240531914893616
1769577242.831914,132.08109974861145,47,54,59,47.425,54.57,58.465,019.303723404255322,0.575319148936174,04.210531914893615
1769577242.8856251,132.13483691215515,47,54,59,47.43,54.555,58.49,019.29872340425532,0.5603191489361734,04.185531914893616
1769577242.944417,132.19349193572998,47,54,59,47.435,54.54,58.515,019.293723404255317,0.5453191489361728,04.1605319148936175
1769577242.950371,132.19958972930908,47,54,59,47.44,54.525,58.54,019.28872340425532,0.5303191489361723,04.135531914893619
1769577243.004839,132.2539939880371,47,54,59,47.445,54.51,58.565,019.28372340425532,0.5153191489361717,04.11053191489362
1769577243.061928,132.31102585792542,47,54,59,47.45,54.495,58.59,019.278723404255317,0.5003191489361711,04.085531914893615
1769577243.1288161,132.37759375572205,47,54,59,47.455,54.48,58.615,019.27372340425532,0.48531914893617056,04.060531914893616
1769577243.1966562,132.44568872451782,47,54,59,47.46,54.465,58.64,019.26872340425532,0.4703191489361771,04.0355319148936175
1769577243.255478,132.50461268424988,47,54,59,47.465,54.455,58.665,019.263723404255316,0.460319148936172,04.010531914893619
1769577243.308157,132.55733394622803,47,54,59,47.47,54.445,58.69,019.25872340425532,0.450319148936174,03.9855319148936204
1769577243.3638542,132.61303782463074,47,54,59,47.475,54.435,58.715,019.253723404255318,0.44031914893617596,03.9605319148936147
1769577243.415594,132.6646957397461,47,54,58,47.48,54.425,58.735,019.248723404255323,0.43031914893617085,03.9405319148936186
1769577243.465995,132.7152237892151,47,54,58,47.485,54.415,58.755,019.24372340425532,0.42031914893617284,03.9205319148936155
1769577243.517586,132.76681876182556,46,54,58,47.485,54.405,58.775,019.24372340425532,0.4103191489361748,03.9005319148936195
1769577243.57296,132.8221549987793,47,54,59,47.49,54.395,58.795,019.238723404255317,0.4003191489361768,03.8805319148936164
1769577243.6236632,132.87285780906677,47,54,59,47.495,54.385,58.815,019.233723404255322,0.3903191489361717,03.8605319148936204
1769577243.6778638,132.9270327091217,47,54,59,47.5,54.375,58.835,019.22872340425532,0.3803191489361737,03.8405319148936172
1769577243.731597,132.98077368736267,47,54,59,47.505,54.365,58.855,019.223723404255317,0.3703191489361757,03.820531914893621
1769577243.784373,133.03355383872986,47,54,59,47.51,54.355,58.875,019.21872340425532,0.36031914893617056,03.800531914893618
1769577243.841877,133.0908327102661,47,54,59,47.515,54.345,58.895,019.21372340425532,0.35031914893617255,03.780531914893615
1769577243.8923671,133.14157676696777,47,54,59,47.52,54.335,58.915,019.208723404255316,0.34031914893617454,03.760531914893619
1769577243.942959,133.19210076332092,46,54,58,47.52,54.325,58.93,019.208723404255316,0.33031914893617653,03.7455319148936184
1769577243.99397,133.2431857585907,46,54,58,47.52,54.315,58.945,019.208723404255316,0.3203191489361714,03.730531914893618
1769577243.999261,133.2485077381134,47,54,59,47.525,54.305,58.965,019.20372340425532,0.3103191489361734,03.7105319148936147
1769577244.05115,133.30032181739807,47,54,59,47.53,54.295,58.985,019.19872340425532,0.3003191489361754,03.6905319148936186
1769577244.103234,133.35240983963013,46,54,58,47.53,54.285,59.0,019.19872340425532,0.2903191489361703,03.675531914893618
1769577244.161364,133.4103879928589,46,55,58,47.53,54.28,59.015,019.19872340425532,0.2853191489361748,03.6605319148936175
1769577244.216062,133.46528387069702,46,55,58,47.53,54.275,59.03,019.19872340425532,0.28031914893617227,03.645531914893617
1769577244.269839,133.51899480819702,46,55,58,47.53,54.27,59.045,019.19872340425532,0.2753191489361768,03.6305319148936164
1769577244.323827,133.57298874855042,46,55,58,47.53,54.265,59.06,019.19872340425532,0.27031914893617426,03.615531914893616
1769577244.375795,133.6250035762787,46,55,58,47.53,54.26,59.075,019.19872340425532,0.2653191489361717,03.6005319148936152
1769577244.4281092,133.67731475830078,46,55,58,47.53,54.255,59.09,019.19872340425532,0.26031914893617625,03.5855319148936147
1769577244.4793768,133.7285439968109,46,54,58,47.53,54.245,59.105,019.19872340425532,0.25031914893617113,03.570531914893621
1769577244.533542,133.78272795677185,46,55,58,47.535,54.24,59.12,019.193723404255323,0.24531914893617568,03.5555319148936206
1769577244.583654,133.83285570144653,46,55,58,47.54,54.235,59.135,019.18872340425532,0.24031914893617312,03.54053191489362
1769577244.635991,133.88513278961182,46,55,57,47.54,54.23,59.145,019.18872340425532,0.23531914893617056,03.530531914893615
1769577244.688249,133.93746376037598,45,55,57,47.535,54.225,59.155,019.193723404255323,0.2303191489361751,03.520531914893617
1769577244.7413208,133.9904487133026,45,55,56,47.53,54.22,59.16,019.19872340425532,0.22531914893617255,03.5155319148936215
1769577244.792769,134.04180884361267,45,55,57,47.525,54.215,59.17,019.20372340425532,0.2203191489361771,03.5055319148936164
1769577244.846509,134.09572672843933,46,55,57,47.53,54.21,59.18,019.19872340425532,0.21531914893617454,03.4955319148936184
1769577244.900231,134.14946365356445,45,55,57,47.525,54.205,59.185,019.20372340425532,0.21031914893617198,03.490531914893616
1769577244.9507241,134.19995069503784,46,55,57,47.525,54.2,59.19,019.20372340425532,0.20531914893617653,03.4855319148936204
1769577245.00223,134.2513449192047,46,55,57,47.525,54.195,59.195,019.20372340425532,0.20031914893617397,03.480531914893618
1769577245.054516,134.30361986160278,45,55,57,47.52,54.195,59.2,019.208723404255316,0.20031914893617397,03.4755319148936152
1769577245.108882,134.35806488990784,45,55,57,47.515,54.195,59.205,019.21372340425532,0.20031914893617397,03.47053191489362
1769577245.160217,134.4093976020813,45,55,57,47.51,54.195,59.21,019.21872340425532,0.20031914893617397,03.4655319148936172
1769577245.214286,134.46339678764343,46,55,57,47.51,54.195,59.215,019.21872340425532,0.20031914893617397,03.4605319148936147
1769577245.270952,134.52003264427185,46,55,58,47.51,54.195,59.225,019.21872340425532,0.20031914893617397,03.4505319148936167
1769577245.323482,134.57267260551453,46,55,58,47.51,54.195,59.235,019.21872340425532,0.20031914893617397,03.4405319148936186
1769577245.3729122,134.6220018863678,46,55,57,47.51,54.195,59.235,019.21872340425532,0.20031914893617397,03.4405319148936186
1769577245.422291,134.67120575904846,45,55,57,47.5,54.195,59.235,019.22872340425532,0.20031914893617397,03.4405319148936186
1769577245.473118,134.72233867645264,45,55,56,47.49,54.195,59.23,019.238723404255317,0.20031914893617397,03.445531914893621
1769577245.526693,134.77581977844238,45,55,57,47.48,54.195,59.23,019.248723404255323,0.20031914893617397,03.445531914893621
1769577245.5790532,134.82822465896606,45,55,57,47.47,54.195,59.225,019.25872340425532,0.20031914893617397,03.4505319148936167
1769577245.63131,134.88050079345703,46,55,57,47.465,54.195,59.225,019.263723404255316,0.20031914893617397,03.4505319148936167
1769577245.6833851,134.93256783485413,46,55,57,47.46,54.195,59.225,019.26872340425532,0.20031914893617397,03.4505319148936167
1769577245.7356632,134.9848656654358,46,55,57,47.455,54.195,59.22,019.27372340425532,0.20031914893617397,03.455531914893619
1769577245.787619,135.0367076396942,46,55,57,47.45,54.195,59.22,019.278723404255317,0.20031914893617397,03.455531914893619
1769577245.84025,135.08942890167236,46,55,57,47.445,54.195,59.22,019.28372340425532,0.20031914893617397,03.455531914893619
1769577245.893971,135.14314699172974,46,55,57,47.44,54.195,59.22,019.28872340425532,0.20031914893617397,03.455531914893619
1769577245.9003148,135.14947199821472,46,55,57,47.435,54.195,59.215,019.293723404255317,0.20031914893617397,03.4605319148936147
1769577245.95578,135.2046616077423,46,55,57,47.43,54.195,59.21,019.29872340425532,0.20031914893617397,03.4655319148936172
1769577246.0071979,135.25631070137024,46,55,57,47.425,54.195,59.205,019.303723404255322,0.20031914893617397,03.47053191489362
1769577246.0605361,135.30962467193604,46,55,56,47.415,54.195,59.195,019.31372340425532,0.20031914893617397,03.480531914893618
1769577246.114677,135.36390662193298,45,55,56,47.4,54.195,59.185,019.32872340425532,0.20031914893617397,03.490531914893616
1769577246.166456,135.41562175750732,46,55,57,47.39,54.195,59.18,019.33872340425532,0.20031914893617397,03.4955319148936184
1769577246.2178729,135.46705174446106,46,55,57,47.38,54.2,59.17,019.348723404255317,0.20531914893617653,03.5055319148936164
1769577246.271681,135.520929813385,46,55,57,47.37,54.205,59.16,019.358723404255322,0.21031914893617198,03.5155319148936215
1769577246.321227,135.57043266296387,46,55,57,47.36,54.21,59.15,019.36872340425532,0.21531914893617454,03.5255319148936195
1769577246.37313,135.62229561805725,46,55,57,47.35,54.215,59.14,019.378723404255318,0.2203191489361771,03.5355319148936175
1769577246.425822,135.67500495910645,46,55,57,47.34,54.22,59.13,019.388723404255316,0.22531914893617255,03.5455319148936155
1769577246.4807339,135.72991371154785,46,55,57,47.325,54.225,59.115,019.403723404255317,0.2303191489361751,03.560531914893616
1769577246.5334709,135.7826898097992,46,55,57,47.315,54.23,59.1,019.41372340425532,0.23531914893617056,03.5755319148936167
1769577246.5865731,135.8357207775116,45,55,56,47.3,54.235,59.085,019.428723404255322,0.24031914893617312,03.5905319148936172
1769577246.6392808,135.8884699344635,46,55,56,47.29,54.24,59.07,019.43872340425532,0.24531914893617568,03.605531914893618
1769577246.692828,135.94204592704773,46,55,57,47.28,54.245,59.055,019.44872340425532,0.25031914893617113,03.6205319148936184
1769577246.746209,135.99533486366272,46,55,58,47.27,54.25,59.045,019.458723404255316,0.2553191489361737,03.6305319148936164
1769577246.801729,136.05087995529175,46,55,57,47.255,54.255,59.03,019.473723404255317,0.26031914893617625,03.645531914893617
1769577246.856364,136.10555696487427,46,55,57,47.24,54.26,59.015,019.488723404255317,0.2653191489361717,03.6605319148936175
1769577246.910969,136.1600067615509,46,55,57,47.225,54.265,59.0,019.503723404255318,0.27031914893617426,03.675531914893618
1769577246.962635,136.2118546962738,46,55,57,47.21,54.27,58.985,019.51872340425532,0.2753191489361768,03.6905319148936186
1769577247.014602,136.2637996673584,46,55,57,47.195,54.275,58.97,019.53372340425532,0.28031914893617227,03.705531914893619
1769577247.06646,136.31559085845947,46,55,57,47.18,54.28,58.955,019.54872340425532,0.2853191489361748,03.72053191489362
1769577247.121641,136.37084794044495,46,55,57,47.165,54.285,58.94,019.56372340425532,0.2903191489361703,03.7355319148936204
1769577247.1731148,136.42232275009155,46,55,57,47.15,54.29,58.92,019.57872340425532,0.29531914893617284,03.7555319148936164
1769577247.2261949,136.47531962394714,46,55,57,47.135,54.295,58.9,019.59372340425532,0.3003191489361754,03.7755319148936195
1769577247.276289,136.52551770210266,46,55,57,47.12,54.3,58.88,019.608723404255322,0.30531914893617085,03.7955319148936155
1769577247.3289652,136.57809162139893,46,55,57,47.105,54.305,58.86,019.623723404255323,0.3103191489361734,03.8155319148936186
1769577247.380935,136.63011360168457,46,55,57,47.09,54.31,58.84,019.638723404255316,0.31531914893617596,03.8355319148936147
1769577247.433425,136.682630777359,46,55,57,47.075,54.315,58.82,019.653723404255317,0.3203191489361714,03.855531914893618
1769577247.488419,136.73761367797852,46,55,57,47.06,54.32,58.8,019.668723404255317,0.325319148936174,03.875531914893621
1769577247.540973,136.7900848388672,46,55,57,47.045,54.325,58.785,019.683723404255318,0.33031914893617653,03.8905319148936215
1769577247.596641,136.8455376625061,46,55,57,47.03,54.33,58.77,019.69872340425532,0.335319148936172,03.905531914893615
1769577247.656621,136.90513682365417,46,55,57,47.015,54.335,58.75,019.71372340425532,0.34031914893617454,03.925531914893618
1769577247.718892,136.9643259048462,46,55,56,47.0,54.34,58.725,019.72872340425532,0.3453191489361771,03.9505319148936167
1769577247.773143,137.02236795425415,46,55,56,46.985,54.345,58.7,019.74372340425532,0.35031914893617255,03.9755319148936152
1769577247.8256361,137.07484793663025,46,55,57,46.97,54.35,58.68,019.75872340425532,0.3553191489361751,03.9955319148936184
1769577247.882533,137.1314878463745,47,55,58,46.96,54.355,58.67,019.76872340425532,0.36031914893617056,04.005531914893616
1769577247.945357,137.19442772865295,46,55,57,46.945,54.36,58.65,019.78372340425532,0.3653191489361731,04.0255319148936195
1769577248.002476,137.25163960456848,46,55,56,46.93,54.365,58.625,019.79872340425532,0.3703191489361757,04.050531914893618
1769577248.052601,137.30180096626282,46,55,56,46.915,54.37,58.6,019.81372340425532,0.37531914893617113,04.075531914893617
1769577248.102295,137.35146498680115,46,55,56,46.9,54.375,58.575,019.82872340425532,0.3803191489361737,04.100531914893615
1769577248.1518679,137.40107488632202,46,55,57,46.885,54.38,58.56,019.84372340425532,0.38531914893617625,04.115531914893616
1769577248.201618,137.45076179504395,46,55,56,46.87,54.385,58.54,019.858723404255322,0.3903191489361717,04.135531914893619
1769577248.2517061,137.50089979171753,46,55,56,46.855,54.39,58.52,019.873723404255323,0.39531914893617426,04.155531914893615
1769577248.303713,137.55290579795837,46,55,56,46.84,54.395,58.5,019.888723404255316,0.4003191489361768,04.175531914893618
1769577248.35643,137.60553765296936,46,55,57,46.825,54.4,58.485,019.903723404255317,0.40531914893617227,04.190531914893619
1769577248.409707,137.65889477729797,46,55,56,46.81,54.405,58.465,019.918723404255317,0.4103191489361748,04.210531914893615
1769577248.462761,137.7119529247284,45,55,56,46.79,54.41,58.445,019.93872340425532,0.4153191489361703,04.230531914893618
1769577248.517212,137.7664167881012,46,55,56,46.78,54.415,58.425,019.94872340425532,0.42031914893617284,04.250531914893621
1769577248.572128,137.82132983207703,45,55,56,46.765,54.42,58.405,019.96372340425532,0.4253191489361754,04.270531914893617
1769577248.6252182,137.8743977546692,46,55,56,46.75,54.425,58.385,019.97872340425532,0.43031914893617085,04.29053191489362
1769577248.676827,137.92601490020752,46,55,57,46.74,54.43,58.37,019.988723404255317,0.4353191489361734,04.305531914893621
1769577248.730633,137.97981977462769,45,55,56,46.725,54.435,58.35,020.003723404255318,0.44031914893617596,04.325531914893617
1769577248.782513,138.0316927433014,46,55,56,46.71,54.44,58.325,020.01872340425532,0.4453191489361714,04.350531914893615
1769577248.8384352,138.0875527858734,45,55,56,46.69,54.445,58.3,020.03872340425532,0.450319148936174,04.375531914893621
1769577248.895839,138.1449899673462,45,55,56,46.67,54.45,58.275,020.058723404255318,0.45531914893617653,04.4005319148936195
1769577248.951265,138.20034790039062,45,55,56,46.655,54.455,58.255,020.07372340425532,0.460319148936172,04.4205319148936155
1769577248.9999502,138.2491807937622,45,55,56,46.64,54.46,58.235,020.08872340425532,0.46531914893617454,04.440531914893619
1769577249.0525188,138.3016927242279,45,55,56,46.625,54.465,58.215,020.10372340425532,0.4703191489361771,04.460531914893615
1769577249.109793,138.35896182060242,45,56,56,46.61,54.475,58.195,020.11872340425532,0.4803191489361751,04.480531914893618
1769577249.164567,138.41371083259583,45,55,56,46.595,54.48,58.18,020.13372340425532,0.48531914893617056,04.495531914893618
1769577249.216738,138.4658386707306,45,55,56,46.58,54.485,58.16,020.14872340425532,0.4903191489361731,04.5155319148936215
1769577249.2702148,138.51933979988098,45,55,56,46.565,54.49,58.14,020.16372340425532,0.4953191489361757,04.5355319148936175
1769577249.3268638,138.57593274116516,45,55,56,46.55,54.495,58.12,020.178723404255322,0.5003191489361711,04.555531914893621
1769577249.3777092,138.62688994407654,45,55,56,46.535,54.5,58.1,020.193723404255323,0.5053191489361737,04.575531914893617
1769577249.42845,138.67758989334106,45,55,56,46.52,54.505,58.08,020.208723404255316,0.5103191489361762,04.59553191489362
1769577249.4805179,138.72958278656006,45,56,55,46.5,54.515,58.055,020.22872340425532,0.5203191489361743,04.620531914893618
1769577249.5313568,138.780535697937,45,56,55,46.485,54.525,58.03,020.24372340425532,0.5303191489361723,04.645531914893617
1769577249.584505,138.83366775512695,45,55,56,46.47,54.53,58.01,020.25872340425532,0.5353191489361748,04.66553191489362
1769577249.6464698,138.89549374580383,45,55,56,46.455,54.535,57.99,020.27372340425532,0.5403191489361703,04.685531914893616
1769577249.707201,138.95627975463867,45,55,56,46.44,54.54,57.97,020.28872340425532,0.5453191489361728,04.705531914893619
1769577249.758849,139.00803470611572,46,55,57,46.43,54.545,57.96,020.29872340425532,0.5503191489361754,04.715531914893617
1769577249.809375,139.05859375,46,55,57,46.42,54.55,57.95,020.308723404255318,0.5553191489361708,04.725531914893615
1769577249.860563,139.10959386825562,45,55,56,46.405,54.555,57.93,020.32372340425532,0.5603191489361734,04.745531914893618
1769577249.9120278,139.16124963760376,45,55,56,46.39,54.56,57.91,020.33872340425532,0.565319148936176,04.7655319148936215
1769577249.9628532,139.21203875541687,45,55,56,46.375,54.565,57.89,020.35372340425532,0.5703191489361714,04.7855319148936175
1769577250.016974,139.26615071296692,45,55,56,46.36,54.57,57.87,020.36872340425532,0.575319148936174,04.805531914893621
1769577250.067744,139.31690382957458,45,55,56,46.345,54.575,57.85,020.38372340425532,0.5803191489361765,04.825531914893617
1769577250.118082,139.36725664138794,46,55,57,46.335,54.58,57.835,020.39372340425532,0.585319148936172,04.840531914893617
1769577250.16995,139.41913390159607,46,55,56,46.325,54.585,57.815,020.403723404255317,0.5903191489361745,04.86053191489362
1769577250.221952,139.47112679481506,45,56,56,46.31,54.595,57.795,020.418723404255317,0.6003191489361726,04.880531914893616
1769577250.272558,139.52170181274414,45,55,56,46.295,54.6,57.78,020.433723404255318,0.6053191489361751,04.895531914893617
1769577250.323998,139.57320284843445,45,55,56,46.28,54.605,57.765,020.44872340425532,0.6103191489361706,04.9105319148936175
1769577250.3747892,139.62395596504211,45,55,56,46.265,54.61,57.75,020.46372340425532,0.6153191489361731,04.925531914893618
1769577250.4280388,139.67720079421997,46,55,56,46.255,54.615,57.73,020.473723404255317,0.6203191489361757,04.945531914893621
1769577250.481696,139.7308065891266,46,55,56,46.25,54.62,57.715,020.47872340425532,0.6253191489361711,04.960531914893615
1769577250.535004,139.7842037677765,45,55,56,46.24,54.625,57.7,020.488723404255317,0.6303191489361737,04.975531914893615
1769577250.5870059,139.8362307548523,45,56,56,46.225,54.635,57.68,020.503723404255318,0.6403191489361717,04.995531914893618
1769577250.639592,139.88875770568848,45,55,56,46.21,54.64,57.66,020.51872340425532,0.6453191489361743,05.0155319148936215
1769577250.694169,139.9433627128601,45,55,56,46.195,54.645,57.64,020.53372340425532,0.6503191489361768,05.0355319148936175
1769577250.6987698,139.9480435848236,45,55,56,46.185,54.65,57.625,020.543723404255317,0.6553191489361723,05.050531914893618
1769577250.7504902,139.99969363212585,45,56,56,46.17,54.66,57.605,020.558723404255318,0.6653191489361703,05.070531914893621
1769577250.803621,140.052818775177,45,55,56,46.155,54.665,57.585,020.57372340425532,0.6703191489361728,05.090531914893617
1769577250.8584309,140.1075518131256,45,56,56,46.14,54.675,57.565,020.58872340425532,0.6803191489361708,05.11053191489362
1769577250.9153228,140.16447281837463,45,55,56,46.125,54.68,57.545,020.60372340425532,0.6853191489361734,05.130531914893616
1769577250.967055,140.21627688407898,45,55,56,46.11,54.685,57.525,020.61872340425532,0.690319148936176,05.1505319148936195
1769577251.018977,140.26816487312317,45,55,56,46.095,54.69,57.505,020.63372340425532,0.6953191489361714,05.1705319148936155
1769577251.0702431,140.3194887638092,45,55,56,46.08,54.695,57.485,020.64872340425532,0.700319148936174,05.190531914893619
1769577251.123492,140.37228274345398,45,55,56,46.065,54.7,57.465,020.66372340425532,0.7053191489361765,05.210531914893615
1769577251.177172,140.42632293701172,45,55,56,46.055,54.705,57.445,020.67372340425532,0.710319148936172,05.230531914893618
1769577251.232272,140.4812879562378,45,55,56,46.045,54.71,57.425,020.683723404255318,0.7153191489361745,05.250531914893621
1769577251.288741,140.5378828048706,45,56,55,46.035,54.72,57.4,020.693723404255323,0.7253191489361726,05.2755319148936195
1769577251.34431,140.59338974952698,45,56,55,46.02,54.73,57.375,020.708723404255316,0.7353191489361706,05.300531914893618
1769577251.349706,140.59875464439392,45,56,56,46.005,54.74,57.355,020.723723404255317,0.7453191489361757,05.320531914893621
1769577251.4023008,140.651517868042,45,56,56,45.995,54.75,57.335,020.733723404255322,0.7553191489361737,05.340531914893617
1769577251.455053,140.70424389839172,45,56,55,45.985,54.76,57.315,020.74372340425532,0.7653191489361717,05.36053191489362
1769577251.509533,140.75871181488037,45,56,55,45.975,54.77,57.29,020.753723404255318,0.7753191489361768,05.385531914893619
1769577251.5624352,140.8116009235382,45,56,55,45.965,54.78,57.265,020.763723404255316,0.7853191489361748,05.4105319148936175
1769577251.614732,140.86391496658325,45,56,55,45.955,54.79,57.245,020.77372340425532,0.7953191489361728,05.430531914893621
1769577251.66735,140.91654086112976,45,56,55,45.945,54.8,57.22,020.78372340425532,0.8053191489361708,05.455531914893619
1769577251.718261,140.96749782562256,45,56,56,45.93,54.81,57.2,020.79872340425532,0.815319148936176,05.475531914893615
1769577251.770294,141.01949882507324,45,55,56,45.92,54.815,57.18,020.808723404255318,0.8203191489361714,05.495531914893618
1769577251.8232498,141.0723578929901,45,56,55,45.91,54.825,57.16,020.818723404255323,0.8303191489361765,05.5155319148936215
1769577251.8798459,141.1290078163147,45,56,55,45.9,54.835,57.14,020.82872340425532,0.8403191489361745,05.5355319148936175
1769577251.932155,141.18133878707886,45,56,56,45.89,54.845,57.125,020.83872340425532,0.8503191489361726,05.550531914893618
1769577251.9873862,141.2365438938141,45,56,56,45.88,54.855,57.11,020.848723404255317,0.8603191489361706,05.565531914893619
1769577252.042211,141.29129600524902,45,56,55,45.87,54.865,57.085,020.858723404255322,0.8703191489361757,05.590531914893617
1769577252.093968,141.34313869476318,45,56,55,45.855,54.875,57.06,020.873723404255323,0.8803191489361737,05.615531914893616
1769577252.100172,141.34938764572144,45,56,55,45.845,54.885,57.035,020.88372340425532,0.8903191489361717,05.6405319148936215
1769577252.154366,141.40349173545837,45,56,55,45.835,54.895,57.01,020.89372340425532,0.9003191489361768,05.66553191489362
1769577252.212775,141.46176075935364,45,56,56,45.825,54.905,56.995,020.903723404255317,0.9103191489361748,05.680531914893621
1769577252.266948,141.5157859325409,45,56,55,45.815,54.915,56.975,020.91372340425532,0.9203191489361728,05.700531914893617
1769577252.319381,141.56854391098022,45,55,56,45.805,54.92,56.96,020.92372340425532,0.9253191489361754,05.715531914893617
1769577252.3711739,141.620299577713,45,55,56,45.795,54.925,56.945,020.933723404255318,0.9303191489361708,05.730531914893618
1769577252.429666,141.67883372306824,45,56,55,45.785,54.935,56.925,020.943723404255323,0.940319148936176,05.750531914893621
1769577252.4871,141.73612070083618,45,56,55,45.775,54.945,56.9,020.95372340425532,0.950319148936174,05.7755319148936195
1769577252.54619,141.79525780677795,45,56,55,45.765,54.955,56.875,020.96372340425532,0.960319148936172,05.800531914893618
1769577252.601432,141.8505437374115,45,56,55,45.755,54.965,56.85,020.973723404255317,0.9703191489361771,05.825531914893617
1769577252.65619,141.90538597106934,44,56,55,45.74,54.975,56.83,020.988723404255317,0.9803191489361751,05.84553191489362
1769577252.7110531,141.9602177143097,44,56,55,45.725,54.985,56.81,021.003723404255318,0.9903191489361731,05.865531914893616
1769577252.765814,142.01498699188232,45,55,56,45.715,54.99,56.795,021.013723404255316,0.9953191489361757,05.880531914893616
1769577252.8210182,142.07012462615967,45,55,56,45.705,54.995,56.78,021.02372340425532,1.0003191489361711,05.895531914893617
1769577252.87604,142.12524962425232,45,56,55,45.695,55.005,56.76,021.03372340425532,1.0103191489361762,05.91553191489362
1769577252.928145,142.17726469039917,45,55,56,45.685,55.01,56.745,021.043723404255317,1.0153191489361717,05.930531914893621
1769577252.98033,142.2294647693634,45,56,55,45.67,55.02,56.72,021.058723404255318,1.0253191489361768,05.955531914893619
1769577253.035394,142.2845277786255,45,56,55,45.66,55.03,56.7,021.068723404255323,1.0353191489361748,05.975531914893615
1769577253.0891972,142.33838891983032,45,56,55,45.65,55.04,56.68,021.07872340425532,1.0453191489361728,05.995531914893618
1769577253.1436749,142.39285397529602,45,55,56,45.64,55.045,56.665,021.08872340425532,1.0503191489361754,06.010531914893619
1769577253.1491652,142.39840364456177,45,56,55,45.63,55.055,56.645,021.098723404255317,1.0603191489361734,06.030531914893615
1769577253.202365,142.45157885551453,45,56,55,45.62,55.065,56.625,021.108723404255322,1.0703191489361714,06.050531914893618
1769577253.255125,142.5043158531189,46,55,56,45.615,55.07,56.61,021.113723404255317,1.075319148936174,06.065531914893619
1769577253.3095691,142.55846285820007,46,55,56,45.61,55.075,56.595,021.11872340425532,1.0803191489361765,06.080531914893619
1769577253.368284,142.61737489700317,45,55,56,45.6,55.08,56.58,021.128723404255318,1.085319148936172,06.09553191489362
1769577253.4258728,142.6749918460846,45,55,56,45.59,55.085,56.565,021.138723404255316,1.0903191489361745,06.11053191489362
1769577253.483467,142.73242282867432,45,56,55,45.58,55.095,56.545,021.14872340425532,1.1003191489361726,06.130531914893616
1769577253.538681,142.78780794143677,45,56,55,45.57,55.105,56.525,021.15872340425532,1.1103191489361706,06.1505319148936195
1769577253.589504,142.83873176574707,45,56,55,45.56,55.115,56.505,021.168723404255317,1.1203191489361757,06.1705319148936155
1769577253.639991,142.88916087150574,45,55,56,45.55,55.12,56.49,021.178723404255322,1.1253191489361711,06.185531914893616
1769577253.694465,142.94355583190918,46,55,56,45.545,55.125,56.475,021.183723404255318,1.1303191489361737,06.200531914893617
1769577253.7511868,143.00029063224792,46,55,57,45.54,55.13,56.465,021.18872340425532,1.1353191489361762,06.210531914893615
1769577253.803595,143.05280375480652,46,55,57,45.535,55.135,56.46,021.193723404255323,1.1403191489361717,06.215531914893617
1769577253.8584,143.1075677871704,46,55,56,45.53,55.14,56.45,021.19872340425532,1.1453191489361743,06.225531914893615
1769577253.9148538,143.1640110015869,45,55,56,45.525,55.145,56.44,021.20372340425532,1.1503191489361768,06.23553191489362
1769577253.968597,143.21776580810547,46,55,56,45.52,55.15,56.425,021.208723404255316,1.1553191489361723,06.250531914893621
1769577254.020212,143.26941061019897,46,55,56,45.515,55.155,56.41,021.21372340425532,1.1603191489361748,06.2655319148936215
1769577254.071657,143.3208429813385,45,55,56,45.505,55.16,56.395,021.223723404255317,1.1653191489361703,06.280531914893615
1769577254.12195,143.37118482589722,45,55,56,45.495,55.165,56.38,021.233723404255322,1.1703191489361728,06.2955319148936155
1769577254.173416,143.42255997657776,45,55,56,45.485,55.17,56.365,021.24372340425532,1.1753191489361754,06.310531914893616
1769577254.2245271,143.4736409187317,45,55,56,45.475,55.175,56.35,021.253723404255318,1.1803191489361708,06.325531914893617
1769577254.278618,143.5277497768402,45,55,56,45.465,55.18,56.335,021.263723404255316,1.1853191489361734,06.340531914893617
1769577254.330994,143.5801968574524,45,55,56,45.46,55.185,56.325,021.26872340425532,1.190319148936176,06.350531914893615
1769577254.3865018,143.63567781448364,46,55,56,45.46,55.19,56.315,021.26872340425532,1.1953191489361714,06.36053191489362
1769577254.441338,143.69053173065186,45,55,56,45.45,55.195,56.3,021.278723404255317,1.200319148936174,06.375531914893621
1769577254.495073,143.7442548274994,46,55,56,45.445,55.2,56.285,021.28372340425532,1.2053191489361765,06.3905319148936215
1769577254.55188,143.80091166496277,45,55,56,45.44,55.205,56.275,021.28872340425532,1.210319148936172,06.4005319148936195
1769577254.606362,143.85539078712463,45,55,56,45.435,55.205,56.265,021.293723404255317,1.210319148936172,06.4105319148936175
1769577254.661362,143.9105086326599,45,55,56,45.43,55.205,56.255,021.29872340425532,1.210319148936172,06.4205319148936155
1769577254.715402,143.96460390090942,46,55,56,45.43,55.205,56.245,021.29872340425532,1.210319148936172,06.430531914893621
1769577254.766871,144.01603364944458,45,55,56,45.425,55.205,56.235,021.303723404255322,1.210319148936172,06.440531914893619
1769577254.820263,144.0694887638092,45,56,55,45.42,55.21,56.22,021.308723404255318,1.2153191489361745,06.455531914893619
1769577254.8730838,144.1222517490387,45,56,55,45.415,55.215,56.205,021.31372340425532,1.220319148936177,06.47053191489362
1769577254.9289548,144.17812776565552,45,56,56,45.41,55.225,56.195,021.318723404255323,1.230319148936175,06.480531914893618
1769577254.988896,144.23772478103638,45,55,56,45.405,55.225,56.185,021.32372340425532,1.230319148936175,06.490531914893616
1769577255.0482078,144.29736590385437,45,55,56,45.4,55.225,56.175,021.32872340425532,1.230319148936175,06.500531914893621
1769577255.100534,144.3496539592743,45,56,55,45.395,55.23,56.165,021.333723404255316,1.2353191489361706,06.510531914893619
1769577255.151545,144.40073490142822,45,56,55,45.395,55.235,56.155,021.333723404255316,1.2403191489361731,06.520531914893617
1769577255.202677,144.45189785957336,45,56,55,45.395,55.24,56.15,021.333723404255316,1.2453191489361757,06.5255319148936195
1769577255.255588,144.5047926902771,45,55,56,45.395,55.24,56.145,021.333723404255316,1.2453191489361757,06.530531914893615
1769577255.30896,144.55812096595764,45,55,56,45.39,55.24,56.14,021.33872340425532,1.2453191489361757,06.5355319148936175
1769577255.3623328,144.61151576042175,45,56,55,45.39,55.245,56.13,021.33872340425532,1.2503191489361711,06.5455319148936155
1769577255.411849,144.6610357761383,45,56,55,45.385,55.25,56.12,021.34372340425532,1.2553191489361737,06.555531914893621
1769577255.463147,144.71231365203857,45,56,55,45.38,55.255,56.11,021.348723404255317,1.2603191489361762,06.565531914893619
1769577255.5157068,144.76487970352173,45,56,55,45.38,55.26,56.1,021.348723404255317,1.2653191489361717,06.575531914893617
1769577255.569015,144.81819486618042,45,56,55,45.38,55.265,56.09,021.348723404255317,1.2703191489361743,06.585531914893615
1769577255.620714,144.86993980407715,45,55,56,45.38,55.265,56.085,021.348723404255317,1.2703191489361743,06.590531914893617
1769577255.674376,144.9234127998352,45,55,56,45.375,55.265,56.08,021.35372340425532,1.2703191489361743,06.59553191489362
1769577255.727722,144.9768786430359,45,56,55,45.37,55.27,56.065,021.358723404255322,1.2753191489361768,06.61053191489362
1769577255.787092,145.03591561317444,45,56,55,45.365,55.275,56.05,021.363723404255317,1.2803191489361723,06.625531914893621
1769577255.843352,145.09234476089478,44,56,55,45.355,55.28,56.04,021.373723404255323,1.2853191489361748,06.635531914893619
1769577255.849526,145.0987846851349,44,56,55,45.35,55.285,56.03,021.378723404255318,1.2903191489361703,06.645531914893617
1769577255.902837,145.15134692192078,45,55,56,45.35,55.285,56.03,021.378723404255318,1.2903191489361703,06.645531914893617
1769577255.956327,145.20528078079224,45,55,56,45.35,55.285,56.025,021.378723404255318,1.2903191489361703,06.6505319148936195
1769577256.0115168,145.26066780090332,45,55,56,45.35,55.285,56.02,021.378723404255318,1.2903191489361703,06.655531914893615
1769577256.063952,145.3131148815155,45,55,56,45.345,55.285,56.015,021.38372340425532,1.2903191489361703,06.6605319148936175
1769577256.1186728,145.36781573295593,45,55,56,45.34,55.285,56.01,021.388723404255316,1.2903191489361703,06.66553191489362
1769577256.172531,145.421719789505,45,55,56,45.335,55.285,56.005,021.39372340425532,1.2903191489361703,06.6705319148936155
1769577256.225667,145.47489166259766,45,55,56,45.33,55.285,56.0,021.39872340425532,1.2903191489361703,06.675531914893618
1769577256.275945,145.52517366409302,45,55,56,45.325,55.285,55.995,021.403723404255317,1.2903191489361703,06.680531914893621
1769577256.327212,145.57633781433105,45,55,56,45.32,55.285,55.99,021.40872340425532,1.2903191489361703,06.685531914893616
1769577256.3785331,145.6277778148651,45,55,56,45.315,55.285,55.985,021.41372340425532,1.2903191489361703,06.690531914893619
1769577256.428643,145.67786383628845,45,55,56,45.31,55.285,55.98,021.418723404255317,1.2903191489361703,06.695531914893621
1769577256.4820101,145.73103380203247,45,55,56,45.305,55.285,55.975,021.42372340425532,1.2903191489361703,06.700531914893617
1769577256.542182,145.79118275642395,45,55,56,45.3,55.285,55.975,021.428723404255322,1.2903191489361703,06.700531914893617
1769577256.598464,145.84766173362732,45,55,56,45.3,55.285,55.975,021.428723404255322,1.2903191489361703,06.700531914893617
1769577256.653365,145.9025228023529,45,55,56,45.295,55.285,55.97,021.433723404255318,1.2903191489361703,06.705531914893619
1769577256.713948,145.96300959587097,45,55,57,45.29,55.285,55.97,021.43872340425532,1.2903191489361703,06.705531914893619
1769577256.772046,146.0211730003357,45,55,57,45.285,55.285,55.97,021.443723404255323,1.2903191489361703,06.705531914893619
1769577256.824567,146.07376170158386,45,55,57,45.28,55.285,55.97,021.44872340425532,1.2903191489361703,06.705531914893619
1769577256.87509,146.1242959499359,45,55,57,45.275,55.285,55.97,021.45372340425532,1.2903191489361703,06.705531914893619
1769577256.925886,146.17504262924194,45,55,57,45.27,55.285,55.97,021.458723404255316,1.2903191489361703,06.705531914893619
1769577256.9754229,146.22460079193115,45,55,57,45.265,55.285,55.97,021.46372340425532,1.2903191489361703,06.705531914893619
1769577257.02673,146.27594089508057,46,55,57,45.265,55.285,55.97,021.46372340425532,1.2903191489361703,06.705531914893619
1769577257.0780811,146.3272225856781,46,55,57,45.27,55.285,55.975,021.458723404255316,1.2903191489361703,06.700531914893617
1769577257.1305542,146.37975072860718,45,55,57,45.265,55.285,55.98,021.46372340425532,1.2903191489361703,06.695531914893621
1769577257.184811,146.43396282196045,46,55,57,45.265,55.285,55.98,021.46372340425532,1.2903191489361703,06.695531914893621
1769577257.239229,146.48844170570374,46,55,57,45.265,55.285,55.975,021.46372340425532,1.2903191489361703,06.700531914893617
1769577257.292068,146.54120779037476,46,55,57,45.265,55.285,55.975,021.46372340425532,1.2903191489361703,06.700531914893617
1769577257.342156,146.59135484695435,46,55,57,45.265,55.285,55.975,021.46372340425532,1.2903191489361703,06.700531914893617
1769577257.394037,146.643239736557,45,55,57,45.26,55.285,55.975,021.46872340425532,1.2903191489361703,06.700531914893617
1769577257.398667,146.6479365825653,46,55,57,45.26,55.285,55.975,021.46872340425532,1.2903191489361703,06.700531914893617
1769577257.4509969,146.70020079612732,46,55,58,45.26,55.285,55.98,021.46872340425532,1.2903191489361703,06.695531914893621
1769577257.504525,146.75372791290283,46,55,58,45.26,55.285,55.985,021.46872340425532,1.2903191489361703,06.690531914893619
1769577257.55558,146.8047218322754,46,55,58,45.26,55.285,55.99,021.46872340425532,1.2903191489361703,06.685531914893616
1769577257.609237,146.85837268829346,46,55,57,45.26,55.285,55.99,021.46872340425532,1.2903191489361703,06.685531914893616
1769577257.6641228,146.91327571868896,46,55,57,45.26,55.285,55.99,021.46872340425532,1.2903191489361703,06.685531914893616
1769577257.720798,146.97003865242004,46,55,58,45.26,55.285,55.995,021.46872340425532,1.2903191489361703,06.680531914893621
1769577257.773089,147.02228665351868,47,54,59,45.265,55.28,56.005,021.46372340425532,1.2853191489361748,06.6705319148936155
1769577257.826591,147.07580971717834,47,54,59,45.27,55.275,56.015,021.458723404255316,1.2803191489361723,06.6605319148936175
1769577257.8811588,147.13028287887573,46,54,58,45.27,55.27,56.02,021.458723404255316,1.2753191489361768,06.655531914893615
1769577257.932887,147.18206071853638,46,54,58,45.27,55.265,56.025,021.458723404255316,1.2703191489361743,06.6505319148936195
1769577257.989017,147.23818373680115,46,54,58,45.27,55.26,56.03,021.458723404255316,1.2653191489361717,06.645531914893617
1769577258.042934,147.29213690757751,46,54,58,45.27,55.255,56.035,021.458723404255316,1.2603191489361762,06.6405319148936215
1769577258.095623,147.34481263160706,46,55,58,45.27,55.255,56.04,021.458723404255316,1.2603191489361762,06.635531914893619
1769577258.15036,147.3992977142334,46,55,58,45.27,55.255,56.05,021.458723404255316,1.2603191489361762,06.625531914893621
1769577258.2018409,147.45101380348206,46,54,58,45.27,55.25,56.06,021.458723404255316,1.2553191489361737,06.615531914893616
1769577258.2579572,147.50703477859497,46,54,58,45.27,55.245,56.065,021.458723404255316,1.2503191489361711,06.61053191489362
1769577258.3102221,147.5594518184662,46,55,58,45.265,55.245,56.065,021.46372340425532,1.2503191489361711,06.61053191489362
1769577258.3621912,147.6113908290863,46,55,58,45.265,55.245,56.07,021.46372340425532,1.2503191489361711,06.605531914893618
1769577258.4163682,147.66541695594788,46,54,58,45.265,55.24,56.08,021.46372340425532,1.2453191489361757,06.59553191489362
1769577258.4759948,147.72507071495056,46,54,58,45.265,55.235,56.09,021.46372340425532,1.2403191489361731,06.585531914893615
1769577258.53132,147.78056478500366,46,55,58,45.265,55.235,56.1,021.46372340425532,1.2403191489361731,06.575531914893617
1769577258.58063,147.82972979545593,46,55,58,45.265,55.235,56.105,021.46372340425532,1.2403191489361731,06.570531914893621
1769577258.6293151,147.8785388469696,46,54,58,45.265,55.23,56.115,021.46372340425532,1.2353191489361706,06.560531914893616
1769577258.6797829,147.92885565757751,46,55,58,45.265,55.23,56.125,021.46372340425532,1.2353191489361706,06.550531914893618
1769577258.7325492,147.98172879219055,46,55,58,45.265,55.23,56.135,021.46372340425532,1.2353191489361706,06.54053191489362
1769577258.7870479,148.0362367630005,46,55,58,45.265,55.23,56.14,021.46372340425532,1.2353191489361706,06.5355319148936175
1769577258.845581,148.09467387199402,46,55,57,45.265,55.23,56.145,021.46372340425532,1.2353191489361706,06.530531914893615
1769577258.902723,148.151939868927,46,55,57,45.27,55.23,56.15,021.458723404255316,1.2353191489361706,06.5255319148936195
1769577258.95296,148.20213770866394,46,55,58,45.27,55.23,56.16,021.458723404255316,1.2353191489361706,06.5155319148936215
1769577259.0048158,148.25396990776062,47,54,58,45.28,55.225,56.17,021.44872340425532,1.230319148936175,06.505531914893616
1769577259.0569549,148.3061327934265,46,54,58,45.28,55.22,56.18,021.44872340425532,1.2253191489361726,06.495531914893618
1769577259.108257,148.35744261741638,46,55,58,45.28,55.22,56.185,021.44872340425532,1.2253191489361726,06.490531914893616
1769577259.1591501,148.40837287902832,46,55,58,45.285,55.22,56.195,021.443723404255323,1.2253191489361726,06.480531914893618
1769577259.207911,148.4571189880371,46,55,58,45.285,55.22,56.205,021.443723404255323,1.2253191489361726,06.47053191489362
1769577259.260113,148.50933480262756,46,55,58,45.29,55.22,56.215,021.43872340425532,1.2253191489361726,06.460531914893615
1769577259.314118,148.5632839202881,46,55,58,45.295,55.22,56.225,021.433723404255318,1.2253191489361726,06.450531914893617
1769577259.3673239,148.61627173423767,46,54,58,45.3,55.215,56.235,021.428723404255322,1.220319148936177,06.440531914893619
1769577259.418732,148.6679229736328,46,55,58,45.305,55.215,56.245,021.42372340425532,1.220319148936177,06.430531914893621
1769577259.474045,148.72317385673523,46,55,58,45.31,55.215,56.255,021.418723404255317,1.220319148936177,06.4205319148936155
1769577259.534102,148.78317975997925,46,55,58,45.315,55.21,56.265,021.41372340425532,1.2153191489361745,06.4105319148936175
1769577259.5898979,148.8390917778015,46,55,58,45.32,55.21,56.275,021.40872340425532,1.2153191489361745,06.4005319148936195
1769577259.639297,148.88849472999573,46,55,58,45.325,55.21,56.285,021.403723404255317,1.2153191489361745,06.3905319148936215
1769577259.6955001,148.9445858001709,46,55,58,45.33,55.21,56.295,021.39872340425532,1.2153191489361745,06.380531914893616
1769577259.754821,149.0040225982666,46,54,58,45.335,55.205,56.305,021.39372340425532,1.210319148936172,06.370531914893618
1769577259.810334,149.05946683883667,46,55,58,45.34,55.205,56.315,021.388723404255316,1.210319148936172,06.36053191489362
1769577259.865332,149.11443781852722,46,55,58,45.345,55.205,56.325,021.38372340425532,1.210319148936172,06.350531914893615
1769577259.91628,149.16543674468994,46,55,58,45.35,55.2,56.34,021.378723404255318,1.2053191489361765,06.335531914893615
1769577259.967584,149.21678185462952,46,55,58,45.355,55.195,56.355,021.373723404255323,1.200319148936174,06.320531914893621
1769577260.020745,149.269957780838,46,55,57,45.36,55.195,56.36,021.36872340425532,1.200319148936174,06.315531914893619
1769577260.0717928,149.32092690467834,46,55,57,45.365,55.195,56.365,021.363723404255317,1.200319148936174,06.310531914893616
1769577260.121993,149.37117886543274,46,55,58,45.37,55.195,56.375,021.358723404255322,1.200319148936174,06.300531914893618
1769577260.173364,149.4225447177887,46,55,58,45.37,55.195,56.38,021.358723404255322,1.200319148936174,06.2955319148936155
1769577260.229221,149.47839784622192,46,55,57,45.37,55.195,56.38,021.358723404255322,1.200319148936174,06.2955319148936155
1769577260.280682,149.52981972694397,46,55,57,45.375,55.195,56.385,021.35372340425532,1.200319148936174,06.29053191489362
1769577260.331695,149.58090496063232,47,54,58,45.385,55.19,56.395,021.34372340425532,1.1953191489361714,06.280531914893615
1769577260.384213,149.63333368301392,47,55,58,45.395,55.19,56.405,021.333723404255316,1.1953191489361714,06.270531914893617
1769577260.4329002,149.6821048259735,46,55,58,45.4,55.19,56.415,021.32872340425532,1.1953191489361714,06.260531914893619
1769577260.4840882,149.73326992988586,46,55,58,45.405,55.19,56.425,021.32372340425532,1.1953191489361714,06.250531914893621
1769577260.537444,149.7866668701172,46,55,58,45.405,55.19,56.43,021.32372340425532,1.1953191489361714,06.245531914893618
1769577260.588984,149.8380057811737,46,55,58,45.405,55.19,56.44,021.32372340425532,1.1953191489361714,06.23553191489362
1769577260.639575,149.8887767791748,46,55,57,45.41,55.185,56.445,021.318723404255323,1.190319148936176,06.230531914893618
1769577260.690285,149.939457654953,46,55,57,45.415,55.185,56.45,021.31372340425532,1.190319148936176,06.225531914893615
1769577260.742196,149.9911186695099,46,55,58,45.42,55.185,56.46,021.308723404255318,1.190319148936176,06.215531914893617
1769577260.7951381,150.04434895515442,46,55,57,45.425,55.185,56.465,021.303723404255322,1.190319148936176,06.210531914893615
1769577260.851402,150.10061383247375,46,55,58,45.425,55.185,56.475,021.303723404255322,1.190319148936176,06.200531914893617
1769577260.904814,150.15398287773132,46,55,58,45.425,55.185,56.485,021.303723404255322,1.190319148936176,06.190531914893619
1769577260.957556,150.20674777030945,46,55,58,45.43,55.185,56.495,021.29872340425532,1.190319148936176,06.180531914893621
1769577261.0104818,150.2595157623291,46,55,58,45.435,55.18,56.505,021.293723404255317,1.1853191489361734,06.1705319148936155
1769577261.063089,150.31226873397827,46,55,58,45.44,55.18,56.515,021.28872340425532,1.1853191489361734,06.1605319148936175
1769577261.118502,150.3676176071167,46,55,57,45.445,55.18,56.52,021.28372340425532,1.1853191489361734,06.155531914893615
1769577261.173471,150.4226429462433,46,55,57,45.45,55.18,56.525,021.278723404255317,1.1853191489361734,06.1505319148936195
1769577261.2277682,150.47693371772766,46,55,57,45.455,55.175,56.53,021.27372340425532,1.1803191489361708,06.145531914893617
1769577261.279863,150.52904391288757,46,55,57,45.46,55.175,56.535,021.26872340425532,1.1803191489361708,06.1405319148936215
1769577261.338706,150.58776378631592,46,55,57,45.465,55.17,56.54,021.263723404255316,1.1753191489361754,06.135531914893619
1769577261.406395,150.65518999099731,46,55,57,45.47,55.17,56.545,021.25872340425532,1.1753191489361754,06.130531914893616
1769577261.502635,150.75159668922424,46,55,57,45.475,55.17,56.55,021.253723404255318,1.1753191489361754,06.125531914893621
1769577261.566261,150.81536078453064,46,55,57,45.48,55.17,56.555,021.248723404255323,1.1753191489361754,06.120531914893618
1769577261.6267169,150.8758897781372,46,55,57,45.485,55.17,56.56,021.24372340425532,1.1753191489361754,06.115531914893616
1769577261.6783118,150.92746877670288,46,55,57,45.49,55.17,56.565,021.238723404255317,1.1753191489361754,06.11053191489362
1769577261.7321641,150.98136186599731,46,55,57,45.495,55.17,56.57,021.233723404255322,1.1753191489361754,06.105531914893618
1769577261.78322,151.0324149131775,45,55,56,45.495,55.17,56.57,021.233723404255322,1.1753191489361754,06.105531914893618
1769577261.8330371,151.08223795890808,45,55,56,45.495,55.165,56.575,021.233723404255322,1.1703191489361728,06.100531914893615
1769577261.883148,151.1323425769806,46,55,57,45.5,55.16,56.585,021.22872340425532,1.1653191489361703,06.090531914893617
1769577261.936178,151.1853427886963,46,55,57,45.505,55.155,56.59,021.223723404255317,1.1603191489361748,06.085531914893615
1769577261.989632,151.23852586746216,46,55,57,45.51,55.15,56.595,021.21872340425532,1.1553191489361723,06.080531914893619
1769577262.042937,151.29209661483765,45,55,57,45.51,55.145,56.605,021.21872340425532,1.1503191489361768,06.070531914893621
1769577262.097743,151.34695672988892,45,55,56,45.51,55.14,56.61,021.21872340425532,1.1453191489361743,06.065531914893619
1769577262.150968,151.40012168884277,46,55,57,45.515,55.135,56.62,021.21372340425532,1.1403191489361717,06.055531914893621
1769577262.2041101,151.45328998565674,46,55,57,45.52,55.13,56.63,021.208723404255316,1.1353191489361762,06.0455319148936155
1769577262.258819,151.5079517364502,46,55,57,45.525,55.125,56.64,021.20372340425532,1.1303191489361737,06.0355319148936175
1769577262.3111491,151.56035995483398,46,55,57,45.53,55.12,56.645,021.19872340425532,1.1253191489361711,06.030531914893615
1769577262.3658261,151.61499857902527,46,55,57,45.535,55.12,56.65,021.193723404255323,1.1253191489361711,06.0255319148936195
1769577262.421061,151.67012357711792,46,55,57,45.54,55.115,56.66,021.18872340425532,1.1203191489361757,06.0155319148936215
1769577262.473315,151.72252678871155,46,55,57,45.545,55.11,56.67,021.183723404255318,1.1153191489361731,06.005531914893616
1769577262.5235279,151.77271580696106,45,55,56,45.545,55.105,56.67,021.183723404255318,1.1103191489361706,06.005531914893616
1769577262.574562,151.8238079547882,45,55,56,45.545,55.1,56.67,021.183723404255318,1.105319148936175,06.005531914893616
1769577262.625822,151.87503385543823,45,55,57,45.545,55.095,56.68,021.183723404255318,1.1003191489361726,05.995531914893618
1769577262.678695,151.92785787582397,45,55,56,45.545,55.09,56.685,021.183723404255318,1.095319148936177,05.990531914893616
1769577262.734622,151.98384475708008,45,55,56,45.545,55.085,56.69,021.183723404255318,1.0903191489361745,05.98553191489362
1769577262.786978,152.03617095947266,46,55,56,45.55,55.08,56.695,021.178723404255322,1.085319148936172,05.980531914893618
1769577262.842657,152.0917468070984,46,55,57,45.555,55.075,56.7,021.17372340425532,1.0803191489361765,05.975531914893615
1769577262.894506,152.14373779296875,45,55,56,45.555,55.07,56.705,021.17372340425532,1.075319148936174,05.97053191489362
1769577262.949342,152.19849586486816,46,55,57,45.56,55.07,56.71,021.168723404255317,1.075319148936174,05.965531914893617
1769577263.001297,152.2505247592926,46,55,57,45.565,55.07,56.715,021.16372340425532,1.075319148936174,05.960531914893615
1769577263.0513752,152.30056762695312,46,55,56,45.57,55.065,56.72,021.15872340425532,1.0703191489361714,05.955531914893619
1769577263.103617,152.35279059410095,45,55,56,45.57,55.06,56.725,021.15872340425532,1.065319148936176,05.950531914893617
1769577263.1600718,152.40924787521362,45,55,56,45.57,55.055,56.73,021.15872340425532,1.0603191489361734,05.945531914893621
1769577263.2128692,152.4620497226715,45,55,56,45.57,55.05,56.735,021.15872340425532,1.0553191489361708,05.940531914893619
1769577263.264319,152.51351761817932,46,55,56,45.58,55.045,56.74,021.14872340425532,1.0503191489361754,05.935531914893616
1769577263.31642,152.56559467315674,45,55,56,45.585,55.04,56.745,021.14372340425532,1.0453191489361728,05.930531914893621
1769577263.3707662,152.6199827194214,45,55,56,45.585,55.04,56.745,021.14372340425532,1.0453191489361728,05.930531914893621
1769577263.421862,152.67109870910645,45,55,56,45.585,55.04,56.745,021.14372340425532,1.0453191489361728,05.930531914893621
1769577263.472817,152.72200083732605,45,55,56,45.585,55.035,56.75,021.14372340425532,1.0403191489361703,05.925531914893618
1769577263.5239308,152.77314472198486,45,55,56,45.585,55.035,56.75,021.14372340425532,1.0403191489361703,05.925531914893618
1769577263.577238,152.8263828754425,45,55,56,45.585,55.03,56.755,021.14372340425532,1.0353191489361748,05.9205319148936155
1769577263.6303601,152.8795518875122,45,55,56,45.585,55.025,56.76,021.14372340425532,1.0303191489361723,05.91553191489362
1769577263.683108,152.9322967529297,45,55,56,45.585,55.02,56.765,021.14372340425532,1.0253191489361768,05.9105319148936175
1769577263.736505,152.9856698513031,45,55,56,45.585,55.02,56.765,021.14372340425532,1.0253191489361768,05.9105319148936175
1769577263.789495,153.038658618927,45,55,56,45.585,55.015,56.77,021.14372340425532,1.0203191489361743,05.905531914893615
1769577263.8484821,153.0975468158722,45,56,56,45.585,55.015,56.775,021.14372340425532,1.0203191489361743,05.9005319148936195
1769577263.906125,153.15532183647156,45,56,55,45.58,55.02,56.77,021.14872340425532,1.0253191489361768,05.905531914893615
1769577263.959737,153.20891070365906,45,56,55,45.575,55.025,56.765,021.153723404255317,1.0303191489361723,05.9105319148936175
1769577264.015751,153.2648959159851,45,56,55,45.575,55.03,56.76,021.153723404255317,1.0353191489361748,05.91553191489362
1769577264.072982,153.3220658302307,45,55,56,45.575,55.03,56.76,021.153723404255317,1.0353191489361748,05.91553191489362
1769577264.1264699,153.37555575370789,45,56,55,45.575,55.03,56.76,021.153723404255317,1.0353191489361748,05.91553191489362
1769577264.1785321,153.427738904953,45,56,55,45.575,55.03,56.76,021.153723404255317,1.0353191489361748,05.91553191489362
1769577264.2307131,153.47992968559265,45,56,55,45.575,55.03,56.76,021.153723404255317,1.0353191489361748,05.91553191489362
1769577264.2830012,153.5322287082672,45,56,55,45.575,55.035,56.755,021.153723404255317,1.0403191489361703,05.9205319148936155
1769577264.3377988,153.586758852005,45,56,55,45.57,55.04,56.75,021.15872340425532,1.0453191489361728,05.925531914893618
1769577264.390887,153.64009070396423,44,56,55,45.56,55.045,56.74,021.168723404255317,1.0503191489361754,05.935531914893616
1769577264.444879,153.69401383399963,44,56,54,45.55,55.05,56.725,021.178723404255322,1.0553191489361708,05.950531914893617
1769577264.4997811,153.74900889396667,44,56,54,45.54,55.055,56.715,021.18872340425532,1.0603191489361734,05.960531914893615
1769577264.552021,153.80122184753418,44,56,55,45.535,55.06,56.71,021.193723404255323,1.065319148936176,05.965531914893617
1769577264.605289,153.8544807434082,45,56,55,45.53,55.065,56.705,021.19872340425532,1.0703191489361714,05.97053191489362
1769577264.6587222,153.9079086780548,45,56,55,45.525,55.07,56.7,021.20372340425532,1.075319148936174,05.975531914893615
1769577264.7125492,153.96173787117004,44,56,55,45.52,55.075,56.695,021.208723404255316,1.0803191489361765,05.980531914893618
1769577264.766758,154.01595973968506,45,56,55,45.52,55.08,56.69,021.208723404255316,1.085319148936172,05.98553191489362
1769577264.8175201,154.06666684150696,45,56,55,45.52,55.085,56.685,021.208723404255316,1.0903191489361745,05.990531914893616
1769577264.869132,154.11831092834473,44,56,55,45.515,55.09,56.68,021.21372340425532,1.095319148936177,05.995531914893618
1769577264.9205918,154.16977095603943,45,56,55,45.515,55.095,56.675,021.21372340425532,1.1003191489361726,06.000531914893621
1769577264.972498,154.22169375419617,44,56,54,45.51,55.1,56.665,021.21872340425532,1.105319148936175,06.010531914893619
1769577265.025783,154.27494382858276,44,56,54,45.5,55.105,56.655,021.22872340425532,1.1103191489361706,06.020531914893617
1769577265.075618,154.32477283477783,44,56,54,45.495,55.11,56.645,021.233723404255322,1.1153191489361731,06.030531914893615
1769577265.126952,154.37616276741028,44,56,55,45.485,55.115,56.64,021.24372340425532,1.1203191489361757,06.0355319148936175
1769577265.179869,154.4290087223053,45,56,55,45.485,55.12,56.635,021.24372340425532,1.1253191489361711,06.04053191489362
1769577265.238539,154.48756098747253,45,56,55,45.485,55.125,56.63,021.24372340425532,1.1303191489361737,06.0455319148936155
1769577265.2957282,154.54493689537048,45,56,55,45.485,55.13,56.625,021.24372340425532,1.1353191489361762,06.050531914893618
1769577265.3503292,154.5995216369629,45,56,55,45.48,55.135,56.62,021.248723404255323,1.1403191489361717,06.055531914893621
1769577265.408275,154.65735983848572,44,56,55,45.475,55.14,56.615,021.253723404255318,1.1453191489361743,06.060531914893616
1769577265.46448,154.7136299610138,44,56,55,45.47,55.14,56.615,021.25872340425532,1.1453191489361743,06.060531914893616
1769577265.520383,154.76952576637268,44,56,55,45.465,55.14,56.615,021.263723404255316,1.1453191489361743,06.060531914893616
1769577265.571624,154.82076692581177,44,56,54,45.46,55.14,56.605,021.26872340425532,1.1453191489361743,06.070531914893621
1769577265.6241019,154.8733446598053,44,56,55,45.455,55.145,56.6,021.27372340425532,1.1503191489361768,06.075531914893617
1769577265.674753,154.92396068572998,44,56,54,45.45,55.15,56.59,021.278723404255317,1.1553191489361723,06.085531914893615
1769577265.727351,154.97655081748962,45,56,55,45.45,55.15,56.59,021.278723404255317,1.1553191489361723,06.085531914893615
1769577265.780052,155.02920484542847,46,55,56,45.455,55.145,56.595,021.27372340425532,1.1503191489361768,06.080531914893619
1769577265.8360288,155.08518290519714,45,55,56,45.455,55.14,56.6,021.27372340425532,1.1453191489361743,06.075531914893617
1769577265.8888881,155.13800072669983,45,56,55,45.455,55.145,56.595,021.27372340425532,1.1503191489361768,06.080531914893619
1769577265.9403222,155.18951392173767,44,56,55,45.45,55.15,56.59,021.278723404255317,1.1553191489361723,06.085531914893615
1769577265.990422,155.2395896911621,44,56,55,45.445,55.15,56.59,021.28372340425532,1.1553191489361723,06.085531914893615
1769577266.043923,155.29302072525024,44,56,55,45.44,55.15,56.59,021.28872340425532,1.1553191489361723,06.085531914893615
1769577266.100418,155.34957790374756,45,56,55,45.44,55.15,56.59,021.28872340425532,1.1553191489361723,06.085531914893615
1769577266.154834,155.4040126800537,45,56,55,45.44,55.15,56.59,021.28872340425532,1.1553191489361723,06.085531914893615
1769577266.209578,155.45871591567993,45,56,55,45.44,55.15,56.59,021.28872340425532,1.1553191489361723,06.085531914893615
1769577266.268696,155.51774883270264,45,56,55,45.44,55.155,56.585,021.28872340425532,1.1603191489361748,06.090531914893617
1769577266.33082,155.58002877235413,45,56,55,45.44,55.16,56.58,021.28872340425532,1.1653191489361703,06.09553191489362
1769577266.381474,155.6306858062744,45,56,55,45.44,55.16,56.58,021.28872340425532,1.1653191489361703,06.09553191489362
1769577266.429427,155.67862176895142,45,56,55,45.44,55.16,56.58,021.28872340425532,1.1653191489361703,06.09553191489362
1769577266.4793038,155.7284767627716,45,56,55,45.445,55.16,56.58,021.28372340425532,1.1653191489361703,06.09553191489362
1769577266.5398688,155.78899574279785,45,56,55,45.45,55.16,56.58,021.278723404255317,1.1653191489361703,06.09553191489362
1769577266.5969,155.84610199928284,45,56,56,45.45,55.165,56.58,021.278723404255317,1.1703191489361728,06.09553191489362
1769577266.649983,155.89902782440186,45,56,55,45.45,55.17,56.575,021.278723404255317,1.1753191489361754,06.100531914893615
1769577266.703833,155.95299577713013,45,56,55,45.45,55.175,56.57,021.278723404255317,1.1803191489361708,06.105531914893618
1769577266.75565,156.00473284721375,44,56,54,45.445,55.18,56.56,021.28372340425532,1.1853191489361734,06.115531914893616
1769577266.8054771,156.05467581748962,44,56,54,45.44,55.185,56.55,021.28872340425532,1.190319148936176,06.125531914893621
1769577266.8553689,156.10428476333618,44,56,54,45.435,55.19,56.54,021.293723404255317,1.1953191489361714,06.135531914893619
1769577266.907857,156.15703988075256,44,56,54,45.43,55.195,56.53,021.29872340425532,1.200319148936174,06.145531914893617
1769577266.9619431,156.21115684509277,44,56,54,45.425,55.2,56.52,021.303723404255322,1.2053191489361765,06.155531914893615
1769577267.013949,156.26313972473145,44,56,54,45.42,55.205,56.51,021.308723404255318,1.210319148936172,06.16553191489362
1769577267.068525,156.31766390800476,44,56,54,45.415,55.21,56.5,021.31372340425532,1.2153191489361745,06.175531914893618
1769577267.121574,156.37078976631165,44,56,54,45.41,55.215,56.49,021.318723404255323,1.220319148936177,06.185531914893616
1769577267.175424,156.42467784881592,44,56,54,45.405,55.22,56.48,021.32372340425532,1.2253191489361726,06.195531914893621
1769577267.227155,156.47637391090393,44,56,54,45.4,55.225,56.47,021.32872340425532,1.230319148936175,06.205531914893619
1769577267.2801862,156.52942061424255,44,57,53,45.395,55.235,56.455,021.333723404255316,1.2403191489361731,06.22053191489362
1769577267.332541,156.58172273635864,44,57,53,45.39,55.245,56.44,021.33872340425532,1.2503191489361711,06.23553191489362
1769577267.38784,156.6370198726654,44,57,53,45.385,55.255,56.42,021.34372340425532,1.2603191489361762,06.255531914893616
1769577267.441707,156.69089365005493,43,57,52,45.375,55.265,56.395,021.35372340425532,1.2703191489361743,06.280531914893615
1769577267.495339,156.7445046901703,44,57,52,45.37,55.275,56.37,021.358723404255322,1.2803191489361723,06.305531914893621
1769577267.549247,156.7984757423401,43,57,52,45.36,55.285,56.345,021.36872340425532,1.2903191489361703,06.330531914893619
1769577267.6008089,156.84997868537903,43,57,52,45.35,55.295,56.32,021.378723404255318,1.3003191489361754,06.355531914893618
1769577267.654033,156.9032006263733,43,57,52,45.34,55.305,56.295,021.388723404255316,1.3103191489361734,06.380531914893616
1769577267.709383,156.95853185653687,43,57,52,45.325,55.315,56.27,021.403723404255317,1.3203191489361714,06.405531914893615
1769577267.763722,157.0129096508026,43,57,52,45.31,55.325,56.245,021.418723404255317,1.3303191489361765,06.430531914893621
1769577267.814975,157.0642056465149,43,57,52,45.3,55.335,56.22,021.428723404255322,1.3403191489361745,06.455531914893619
1769577267.866354,157.11546683311462,43,57,52,45.285,55.345,56.195,021.443723404255323,1.3503191489361726,06.480531914893618
1769577267.9194481,157.16863894462585,43,57,51,45.27,55.355,56.165,021.458723404255316,1.3603191489361706,06.510531914893619
1769577267.972887,157.22203087806702,43,57,52,45.255,55.365,56.14,021.473723404255317,1.3703191489361757,06.5355319148936175
1769577268.026604,157.27577185630798,43,57,52,45.24,55.375,56.115,021.488723404255317,1.3803191489361737,06.560531914893616
1769577268.0807319,157.3299527168274,43,57,52,45.23,55.385,56.09,021.498723404255323,1.3903191489361717,06.585531914893615
1769577268.1328452,157.38205885887146,43,57,51,45.215,55.395,56.06,021.513723404255316,1.4003191489361768,06.615531914893616
1769577268.186441,157.43562865257263,43,57,51,45.2,55.405,56.025,021.528723404255317,1.4103191489361748,06.6505319148936195
1769577268.242628,157.49168062210083,43,58,51,45.185,55.42,55.99,021.543723404255317,1.4253191489361754,06.685531914893616
1769577268.299648,157.54878067970276,43,58,51,45.17,55.435,55.955,021.558723404255318,1.440319148936176,06.72053191489362
1769577268.355087,157.6042878627777,43,57,51,45.155,55.445,55.925,021.57372340425532,1.450319148936174,06.750531914893621
1769577268.407656,157.65686559677124,43,57,51,45.14,55.455,55.895,021.58872340425532,1.460319148936172,06.780531914893615
1769577268.4600792,157.70927786827087,43,57,51,45.125,55.465,55.86,021.60372340425532,1.470319148936177,06.815531914893619
1769577268.511113,157.76026487350464,43,57,51,45.105,55.48,55.82,021.623723404255323,1.4853191489361706,06.855531914893618
1769577268.56261,157.8118269443512,43,58,51,45.085,55.5,55.78,021.64372340425532,1.5053191489361737,06.895531914893617
1769577268.6163058,157.86547875404358,43,58,51,45.07,55.52,55.745,021.65872340425532,1.5253191489361768,06.930531914893621
1769577268.6707468,157.91995692253113,43,58,51,45.055,55.54,55.71,021.67372340425532,1.5453191489361728,06.965531914893617
1769577268.7208252,157.9698657989502,43,58,51,45.04,55.56,55.675,021.68872340425532,1.565319148936176,07.000531914893621
1769577268.776385,158.02551984786987,43,58,51,45.025,55.58,55.64,021.70372340425532,1.585319148936172,07.0355319148936175
1769577268.834611,158.0838086605072,43,58,51,45.01,55.595,55.605,021.71872340425532,1.6003191489361726,07.070531914893621
1769577268.88897,158.13813877105713,42,58,51,44.99,55.61,55.57,021.738723404255317,1.6153191489361731,07.105531914893618
1769577268.94333,158.1924479007721,43,58,51,44.975,55.63,55.535,021.753723404255318,1.6353191489361762,07.1405319148936215
1769577268.949208,158.19844770431519,42,58,51,44.955,55.65,55.5,021.77372340425532,1.6553191489361723,07.175531914893618
1769577269.0017338,158.250905752182,42,58,51,44.935,55.665,55.465,021.793723404255317,1.6703191489361728,07.210531914893615
1769577269.0600011,158.30914187431335,43,58,51,44.92,55.68,55.43,021.808723404255318,1.6853191489361734,07.245531914893618
1769577269.114676,158.36381793022156,43,58,51,44.905,55.7,55.395,021.82372340425532,1.7053191489361765,07.280531914893615
1769577269.167839,158.4169888496399,42,58,51,44.885,55.72,55.36,021.84372340425532,1.7253191489361726,07.315531914893619
1769577269.225116,158.4742248058319,42,58,51,44.865,55.735,55.325,021.863723404255317,1.7403191489361731,07.350531914893615
1769577269.28076,158.52993893623352,42,58,50,44.845,55.75,55.285,021.88372340425532,1.7553191489361737,07.3905319148936215
1769577269.335088,158.58429288864136,42,58,50,44.825,55.77,55.245,021.903723404255317,1.7753191489361768,07.430531914893621
1769577269.3865302,158.63577389717102,42,58,50,44.805,55.785,55.205,021.92372340425532,1.7903191489361703,07.47053191489362
1769577269.439735,158.688884973526,42,58,50,44.785,55.8,55.165,021.943723404255323,1.8053191489361708,07.510531914893619
1769577269.4932349,158.74242568016052,42,58,50,44.765,55.815,55.125,021.96372340425532,1.8203191489361714,07.550531914893618
1769577269.498272,158.74752163887024,42,58,50,44.745,55.83,55.09,021.983723404255322,1.835319148936172,07.585531914893615
1769577269.550467,158.79964184761047,42,58,50,44.725,55.845,55.055,022.003723404255318,1.8503191489361726,07.620531914893618
1769577269.602188,158.85141468048096,42,58,50,44.705,55.86,55.015,022.02372340425532,1.8653191489361731,07.6605319148936175
1769577269.6544268,158.90331172943115,42,58,50,44.68,55.88,54.975,022.04872340425532,1.8853191489361762,07.700531914893617
1769577269.70794,158.95704674720764,42,58,50,44.66,55.9,54.935,022.068723404255323,1.9053191489361723,07.740531914893616
1769577269.7654772,159.01466178894043,42,58,50,44.64,55.915,54.895,022.08872340425532,1.9203191489361728,07.780531914893615
1769577269.819416,159.06860065460205,42,58,50,44.62,55.93,54.855,022.108723404255322,1.9353191489361734,07.820531914893621
1769577269.87268,159.12186861038208,42,58,50,44.6,55.945,54.815,022.128723404255318,1.950319148936174,07.86053191489362
1769577269.9257832,159.17498588562012,42,58,50,44.58,55.96,54.775,022.14872340425532,1.9653191489361745,07.9005319148936195
1769577269.9783528,159.22747683525085,42,58,50,44.56,55.975,54.735,022.168723404255317,1.980319148936175,07.940531914893619
1769577270.031709,159.28091168403625,42,58,50,44.54,55.995,54.695,022.18872340425532,2.000319148936171,07.980531914893618
1769577270.082485,159.33164477348328,42,58,50,44.52,56.01,54.655,022.208723404255316,2.0153191489361717,08.020531914893617
1769577270.1350698,159.38430285453796,42,58,50,44.5,56.025,54.615,022.22872340425532,2.0303191489361723,08.060531914893616
1769577270.1856341,159.43485689163208,42,58,50,44.48,56.04,54.575,022.248723404255323,2.045319148936173,08.100531914893615
1769577270.236463,159.48559284210205,42,58,50,44.46,56.055,54.535,022.26872340425532,2.0603191489361734,08.140531914893621
1769577270.29223,159.5414159297943,42,58,50,44.44,56.07,54.495,022.28872340425532,2.075319148936174,08.18053191489362
1769577270.347577,159.5968017578125,42,58,50,44.42,56.085,54.455,022.308723404255318,2.0903191489361745,08.22053191489362
1769577270.400486,159.6496467590332,42,58,49,44.4,56.105,54.41,022.32872340425532,2.1103191489361706,08.265531914893621
1769577270.455126,159.70400881767273,41,58,49,44.375,56.12,54.365,022.35372340425532,2.125319148936171,08.310531914893616
1769577270.506716,159.75588464736938,42,58,49,44.355,56.135,54.32,022.373723404255323,2.1403191489361717,08.355531914893618
1769577270.556104,159.80522871017456,41,59,49,44.33,56.155,54.275,022.39872340425532,2.160319148936175,08.40053191489362
1769577270.608429,159.85735297203064,41,59,49,44.305,56.175,54.23,022.42372340425532,2.180319148936171,08.445531914893621
1769577270.65874,159.90791869163513,41,58,49,44.28,56.19,54.19,022.44872340425532,2.1953191489361714,08.48553191489362
1769577270.707909,159.95712280273438,41,59,49,44.255,56.21,54.15,022.473723404255317,2.2153191489361745,08.52553191489362
1769577270.7588842,160.00806283950806,41,59,49,44.23,56.23,54.105,022.498723404255323,2.2353191489361706,08.570531914893621
1769577270.8199859,160.06903195381165,41,59,49,44.205,56.25,54.06,022.52372340425532,2.2553191489361737,08.615531914893616
1769577270.8789592,160.12788081169128,41,59,49,44.18,56.27,54.02,022.54872340425532,2.275319148936177,08.655531914893615
1769577270.931198,160.18033576011658,41,59,49,44.155,56.29,53.98,022.57372340425532,2.295319148936173,08.695531914893621
1769577270.981357,160.23055386543274,41,59,49,44.125,56.315,53.935,022.60372340425532,2.3203191489361714,08.740531914893616
1769577271.033659,160.28288674354553,41,58,49,44.095,56.33,53.89,022.63372340425532,2.335319148936172,08.785531914893618
1769577271.089798,160.33890986442566,41,58,49,44.07,56.345,53.845,022.65872340425532,2.3503191489361726,08.83053191489362
1769577271.144643,160.39360880851746,41,58,49,44.045,56.36,53.8,022.683723404255318,2.365319148936173,08.875531914893621
1769577271.19949,160.4486517906189,42,58,50,44.025,56.375,53.76,022.70372340425532,2.3803191489361737,08.91553191489362
1769577271.25005,160.4992368221283,42,58,49,44.005,56.39,53.715,022.723723404255317,2.3953191489361743,08.960531914893615
1769577271.301779,160.5509557723999,41,59,49,43.98,56.41,53.675,022.748723404255323,2.4153191489361703,09.000531914893621
1769577271.35662,160.60582089424133,41,59,49,43.955,56.43,53.635,022.77372340425532,2.4353191489361734,09.04053191489362
1769577271.4081259,160.65733575820923,41,59,49,43.93,56.45,53.59,022.79872340425532,2.4553191489361765,09.085531914893615
1769577271.460413,160.70963263511658,41,59,49,43.905,56.47,53.55,022.82372340425532,2.4753191489361726,09.125531914893621
1769577271.513506,160.76256370544434,41,59,49,43.88,56.49,53.505,022.848723404255317,2.4953191489361757,09.170531914893616
1769577271.568094,160.81728386878967,41,59,49,43.855,56.51,53.46,022.873723404255323,2.5153191489361717,09.215531914893617
1769577271.619194,160.8684437274933,41,59,49,43.83,56.53,53.415,022.89872340425532,2.535319148936175,09.260531914893619
1769577271.669981,160.91916680335999,41,59,49,43.805,56.55,53.37,022.92372340425532,2.555319148936171,09.30553191489362
1769577271.72293,160.9720857143402,41,59,49,43.78,56.57,53.325,022.94872340425532,2.575319148936174,09.350531914893615
1769577271.781003,161.03019285202026,41,59,49,43.755,56.59,53.285,022.973723404255317,2.595319148936177,09.390531914893621
1769577271.8332522,161.08250498771667,41,59,49,43.73,56.61,53.245,022.998723404255323,2.615319148936173,09.43053191489362
1769577271.883373,161.13258862495422,41,59,49,43.705,56.63,53.205,023.02372340425532,2.6353191489361762,09.47053191489362
1769577271.9348679,161.18401169776917,41,59,49,43.68,56.65,53.165,023.04872340425532,2.6553191489361723,09.510531914893619
1769577271.987752,161.23695993423462,41,59,49,43.655,56.67,53.125,023.07372340425532,2.6753191489361754,09.550531914893618
1769577272.041026,161.2901749610901,41,59,49,43.63,56.69,53.085,023.098723404255317,2.6953191489361714,09.590531914893617
1769577272.0927832,161.34197282791138,41,59,49,43.605,56.71,53.045,023.123723404255323,2.7153191489361745,09.630531914893616
1769577272.098824,161.34793663024902,41,59,49,43.58,56.73,53.005,023.14872340425532,2.7353191489361706,09.670531914893616
1769577272.150321,161.3995018005371,41,59,49,43.555,56.75,52.965,023.17372340425532,2.7553191489361737,09.710531914893615
1769577272.2038999,161.4531078338623,41,59,49,43.53,56.77,52.925,023.19872340425532,2.775319148936177,09.750531914893621
1769577272.2553742,161.5045509338379,41,59,48,43.505,56.79,52.88,023.223723404255317,2.795319148936173,09.795531914893616
1769577272.308224,161.55736184120178,41,59,48,43.485,56.81,52.84,023.24372340425532,2.815319148936176,09.835531914893615
1769577272.358818,161.60791492462158,41,59,48,43.465,56.83,52.8,023.263723404255316,2.835319148936172,09.875531914893621
1769577272.410384,161.65959978103638,41,59,48,43.44,56.85,52.755,023.28872340425532,2.855319148936175,09.920531914893616
1769577272.4644501,161.7135238647461,41,59,48,43.415,56.87,52.71,023.31372340425532,2.875319148936171,09.965531914893617
1769577272.51664,161.76573181152344,41,59,48,43.39,56.89,52.665,023.33872340425532,2.8953191489361743,010.010531914893619
1769577272.569776,161.81896781921387,41,59,48,43.37,56.91,52.62,023.358723404255322,2.9153191489361703,010.05553191489362
1769577272.618496,161.86766386032104,41,59,48,43.35,56.93,52.58,023.378723404255318,2.9353191489361734,010.09553191489362
1769577272.667496,161.91671085357666,41,59,48,43.325,56.95,52.535,023.403723404255317,2.9553191489361765,010.140531914893621
1769577272.7172842,161.9664967060089,40,59,48,43.295,56.97,52.49,023.433723404255318,2.9753191489361726,010.185531914893616
1769577272.771963,162.02112674713135,40,59,48,43.265,56.99,52.445,023.46372340425532,2.9953191489361757,010.230531914893618
1769577272.822398,162.07158780097961,40,59,48,43.235,57.01,52.4,023.49372340425532,3.0153191489361717,010.27553191489362
1769577272.875626,162.1248378753662,40,59,48,43.205,57.03,52.355,023.52372340425532,3.035319148936175,010.320531914893621
1769577272.928019,162.1771845817566,40,59,48,43.175,57.05,52.31,023.553723404255322,3.055319148936171,010.365531914893616
1769577272.980821,162.23001980781555,40,59,48,43.145,57.07,52.265,023.583723404255316,3.075319148936174,010.410531914893618
1769577273.034369,162.28355479240417,40,59,48,43.12,57.09,52.225,023.608723404255322,3.095319148936177,010.450531914893617
1769577273.0922198,162.34128785133362,40,59,48,43.095,57.11,52.185,023.63372340425532,3.115319148936173,010.490531914893616
1769577273.151586,162.40037083625793,40,59,48,43.07,57.13,52.14,023.65872340425532,3.1353191489361762,010.535531914893618
1769577273.212311,162.46144270896912,40,59,48,43.045,57.15,52.1,023.683723404255318,3.1553191489361723,010.575531914893617
1769577273.266013,162.5150957107544,40,59,48,43.02,57.17,52.06,023.708723404255316,3.1753191489361754,010.615531914893616
1769577273.317297,162.56652784347534,40,59,48,42.99,57.19,52.02,023.738723404255317,3.1953191489361714,010.655531914893615
1769577273.367794,162.61695075035095,40,59,48,42.96,57.21,51.975,023.76872340425532,3.2153191489361745,010.700531914893617
1769577273.419414,162.66859698295593,40,59,48,42.935,57.23,51.935,023.793723404255317,3.2353191489361706,010.740531914893616
1769577273.4682162,162.71730279922485,40,59,48,42.905,57.25,51.89,023.82372340425532,3.2553191489361737,010.785531914893618
1769577273.518843,162.76799893379211,40,59,47,42.875,57.27,51.84,023.85372340425532,3.275319148936177,010.835531914893615
1769577273.5731819,162.82237076759338,40,59,47,42.845,57.29,51.795,023.88372340425532,3.295319148936173,010.880531914893616
1769577273.622551,162.87173581123352,40,59,47,42.82,57.31,51.75,023.90872340425532,3.315319148936176,010.925531914893618
1769577273.6733599,162.922349691391,40,59,48,42.795,57.33,51.71,023.933723404255318,3.335319148936172,010.965531914893617
1769577273.7280838,162.97715258598328,40,59,48,42.77,57.35,51.67,023.958723404255316,3.355319148936175,011.005531914893616
1769577273.7797928,163.02897477149963,40,59,48,42.74,57.37,51.63,023.988723404255317,3.375319148936171,011.045531914893616
1769577273.83208,163.08122777938843,40,59,48,42.715,57.39,51.59,024.013723404255316,3.3953191489361743,011.085531914893615
1769577273.8871198,163.1362817287445,40,59,47,42.69,57.41,51.545,024.03872340425532,3.4153191489361703,011.130531914893616
1769577273.9391072,163.18832778930664,40,59,47,42.665,57.43,51.5,024.06372340425532,3.4353191489361734,011.175531914893618
1769577273.990637,163.23982787132263,40,59,47,42.64,57.45,51.455,024.08872340425532,3.4553191489361765,011.22053191489362
1769577274.048983,163.29805493354797,40,59,47,42.615,57.47,51.41,024.113723404255317,3.4753191489361726,011.265531914893621
1769577274.103287,163.35246896743774,40,59,47,42.59,57.49,51.365,024.138723404255316,3.4953191489361757,011.310531914893616
1769577274.158027,163.40721082687378,40,59,47,42.565,57.51,51.32,024.16372340425532,3.5153191489361717,011.355531914893618
1769577274.2077608,163.45695281028748,40,59,48,42.54,57.53,51.28,024.18872340425532,3.535319148936175,011.395531914893617
1769577274.255409,163.50451374053955,40,59,47,42.515,57.55,51.235,024.21372340425532,3.555319148936171,011.440531914893619
1769577274.308061,163.55725169181824,40,60,47,42.49,57.575,51.19,024.238723404255317,3.5803191489361765,011.48553191489362
1769577274.362724,163.61189579963684,40,59,47,42.465,57.59,51.145,024.263723404255316,3.595319148936177,011.530531914893615
1769577274.417123,163.666339635849,40,59,47,42.44,57.605,51.105,024.28872340425532,3.6103191489361706,011.570531914893621
1769577274.468896,163.71811366081238,40,59,47,42.415,57.62,51.065,024.31372340425532,3.625319148936171,011.61053191489362
1769577274.521888,163.77103281021118,40,59,47,42.39,57.635,51.025,024.33872340425532,3.6403191489361717,011.65053191489362
1769577274.576131,163.82533192634583,40,59,47,42.365,57.655,50.98,024.363723404255317,3.660319148936175,011.695531914893621
1769577274.627844,163.87705278396606,40,60,47,42.34,57.675,50.94,024.388723404255316,3.680319148936171,011.73553191489362
1769577274.6819232,163.93100595474243,40,60,47,42.315,57.695,50.9,024.41372340425532,3.700319148936174,011.77553191489362
1769577274.740284,163.98940062522888,40,59,47,42.29,57.71,50.86,024.43872340425532,3.7153191489361745,011.815531914893619
1769577274.7916532,164.04089879989624,40,59,47,42.265,57.725,50.82,024.46372340425532,3.730319148936175,011.855531914893618
1769577274.8419561,164.09098768234253,40,59,47,42.24,57.74,50.78,024.488723404255317,3.7453191489361757,011.895531914893617
1769577274.893504,164.14269471168518,39,60,47,42.215,57.76,50.74,024.513723404255316,3.7653191489361717,011.935531914893616
1769577274.89802,164.14729595184326,39,60,47,42.19,57.78,50.705,024.53872340425532,3.785319148936175,011.97053191489362
1769577274.951753,164.2009358406067,40,60,47,42.17,57.8,50.67,024.558723404255318,3.805319148936171,012.005531914893616
1769577275.005085,164.25429773330688,40,60,47,42.15,57.82,50.63,024.57872340425532,3.825319148936174,012.045531914893616
1769577275.0560489,164.3051257133484,40,59,47,42.125,57.835,50.59,024.60372340425532,3.8403191489361745,012.085531914893615
1769577275.112555,164.3617467880249,40,59,47,42.1,57.85,50.55,024.628723404255318,3.855319148936175,012.125531914893621
1769577275.163774,164.4129638671875,39,60,47,42.075,57.87,50.51,024.653723404255317,3.875319148936171,012.16553191489362
1769577275.2158961,164.46510076522827,39,60,47,42.045,57.89,50.47,024.683723404255318,3.8953191489361743,012.20553191489362
1769577275.265952,164.51514768600464,39,60,47,42.015,57.91,50.43,024.71372340425532,3.9153191489361703,012.245531914893618
1769577275.317253,164.56636595726013,40,59,47,41.995,57.925,50.39,024.733723404255322,3.930319148936171,012.285531914893618
1769577275.370083,164.61930584907532,39,60,47,41.965,57.945,50.35,024.763723404255316,3.950319148936174,012.325531914893617
1769577275.421223,164.67044377326965,39,60,47,41.94,57.965,50.315,024.78872340425532,3.970319148936177,012.36053191489362
1769577275.471065,164.7201657295227,39,59,47,41.915,57.98,50.28,024.81372340425532,3.9853191489361706,012.395531914893617
1769577275.525435,164.7746548652649,39,59,47,41.89,57.995,50.245,024.83872340425532,4.000319148936171,012.43053191489362
1769577275.575757,164.8248326778412,39,60,47,41.865,58.015,50.205,024.863723404255317,4.020319148936174,012.47053191489362
1769577275.626413,164.87561964988708,39,60,47,41.835,58.035,50.165,024.89372340425532,4.04031914893617,012.510531914893619
1769577275.678333,164.9274938106537,39,60,47,41.805,58.055,50.125,024.92372340425532,4.060319148936173,012.550531914893618
1769577275.734674,164.98383283615112,39,60,46,41.775,58.075,50.08,024.95372340425532,4.0803191489361765,012.59553191489362
1769577275.789548,165.03874373435974,39,60,46,41.745,58.095,50.035,024.983723404255322,4.1003191489361726,012.640531914893621
1769577275.838762,165.08797073364258,39,60,46,41.72,58.115,49.99,025.00872340425532,4.120319148936176,012.685531914893616
1769577275.88956,165.13876080513,39,60,46,41.695,58.135,49.945,025.03372340425532,4.140319148936172,012.730531914893618
1769577275.94327,165.19248986244202,39,60,47,41.67,58.155,49.905,025.058723404255318,4.160319148936175,012.770531914893617
1769577275.948437,165.19775080680847,39,60,47,41.645,58.175,49.87,025.083723404255316,4.180319148936171,012.80553191489362
1769577276.0008068,165.249981880188,39,60,47,41.62,58.195,49.83,025.108723404255322,4.200319148936174,012.84553191489362
1769577276.05349,165.30263566970825,39,60,46,41.595,58.215,49.79,025.13372340425532,4.220319148936177,012.885531914893619
1769577276.108902,165.35805368423462,39,60,46,41.565,58.235,49.745,025.16372340425532,4.240319148936173,012.93053191489362
1769577276.1649761,165.4141309261322,39,60,46,41.53,58.26,49.695,025.19872340425532,4.265319148936172,012.980531914893618
1769577276.216917,165.46610474586487,38,60,46,41.495,58.285,49.645,025.233723404255322,4.29031914893617,013.030531914893615
1769577276.268821,165.51805686950684,39,60,46,41.465,58.305,49.6,025.263723404255316,4.310319148936173,013.075531914893617
1769577276.3223832,165.57158660888672,39,60,46,41.44,58.325,49.555,025.28872340425532,4.3303191489361765,013.120531914893618
1769577276.373823,165.62305784225464,39,60,47,41.415,58.345,49.515,025.31372340425532,4.3503191489361726,013.160531914893618
1769577276.424566,165.67373490333557,39,60,46,41.39,58.365,49.47,025.33872340425532,4.370319148936176,013.20553191489362
1769577276.4777138,165.72640180587769,39,60,46,41.36,58.385,49.425,025.36872340425532,4.390319148936172,013.250531914893621
1769577276.5372548,165.78634977340698,39,60,46,41.33,58.405,49.38,025.39872340425532,4.410319148936175,013.295531914893616
1769577276.594274,165.84346175193787,39,60,46,41.3,58.425,49.335,025.428723404255322,4.430319148936171,013.340531914893617
1769577276.649106,165.89833974838257,38,60,46,41.265,58.445,49.29,025.46372340425532,4.450319148936174,013.385531914893619
1769577276.6977909,165.94702696800232,38,60,45,41.23,58.465,49.24,025.498723404255323,4.470319148936177,013.435531914893616
1769577276.748735,165.99801659584045,39,60,46,41.2,58.485,49.195,025.528723404255317,4.490319148936173,013.480531914893618
1769577276.7991521,166.04832792282104,38,60,45,41.165,58.505,49.145,025.56372340425532,4.510319148936176,013.530531914893615
1769577276.856334,166.1052987575531,38,61,45,41.13,58.53,49.095,025.598723404255317,4.535319148936175,013.58053191489362
1769577276.918925,166.16809487342834,38,61,45,41.095,58.555,49.045,025.63372340425532,4.560319148936173,013.630531914893616
1769577276.976916,166.22600388526917,39,60,45,41.065,58.575,48.99,025.66372340425532,4.5803191489361765,013.685531914893616
1769577277.032476,166.28165078163147,38,60,45,41.03,58.595,48.94,025.69872340425532,4.6003191489361726,013.73553191489362
1769577277.0879822,166.33714175224304,38,61,45,40.995,58.62,48.89,025.733723404255322,4.625319148936171,013.785531914893618
1769577277.141689,166.3908748626709,38,61,45,40.965,58.645,48.845,025.763723404255316,4.650319148936177,013.83053191489362
1769577277.192102,166.44123792648315,38,61,45,40.935,58.67,48.8,025.793723404255317,4.675319148936175,013.875531914893621
1769577277.24561,166.49464559555054,38,61,45,40.905,58.695,48.755,025.82372340425532,4.700319148936174,013.920531914893616
1769577277.298927,166.54815578460693,38,61,45,40.875,58.72,48.71,025.85372340425532,4.7253191489361726,013.965531914893617
1769577277.3506088,166.59976172447205,38,61,45,40.845,58.745,48.665,025.88372340425532,4.750319148936171,014.010531914893619
1769577277.4004438,166.64963269233704,38,61,44,40.815,58.77,48.615,025.91372340425532,4.775319148936177,014.060531914893616
1769577277.454211,166.703382730484,38,61,45,40.785,58.795,48.57,025.943723404255323,4.800319148936175,014.105531914893618
1769577277.508852,166.75800275802612,39,60,45,40.76,58.815,48.525,025.96872340425532,4.820319148936171,014.15053191489362
1769577277.562607,166.81185674667358,38,61,45,40.73,58.84,48.48,025.998723404255323,4.845319148936177,014.195531914893621
1769577277.6133592,166.86239981651306,38,61,45,40.7,58.865,48.435,026.028723404255317,4.870319148936176,014.240531914893616
1769577277.677712,166.92582082748413,38,61,45,40.67,58.885,48.395,026.058723404255318,4.890319148936172,014.280531914893615
1769577277.734602,166.9816358089447,38,61,45,40.64,58.905,48.355,026.08872340425532,4.910319148936175,014.320531914893621
1769577277.7884328,167.0375165939331,38,61,45,40.61,58.925,48.315,026.11872340425532,4.930319148936171,014.36053191489362
1769577277.8380659,167.08721780776978,38,61,45,40.585,58.945,48.28,026.14372340425532,4.950319148936174,014.395531914893617
1769577277.888819,167.13802862167358,38,61,45,40.555,58.965,48.245,026.17372340425532,4.970319148936177,014.43053191489362
1769577277.939392,167.18854188919067,38,61,45,40.53,58.985,48.21,026.19872340425532,4.990319148936173,014.465531914893617
1769577277.992534,167.2417175769806,38,61,45,40.505,59.005,48.175,026.223723404255317,5.010319148936176,014.500531914893621
1769577277.998285,167.24742889404297,38,61,45,40.48,59.025,48.14,026.248723404255323,5.030319148936172,014.535531914893618
1769577278.048289,167.29746890068054,38,61,45,40.455,59.045,48.105,026.27372340425532,5.050319148936175,014.570531914893621
1769577278.100037,167.3492147922516,38,61,45,40.43,59.065,48.07,026.29872340425532,5.070319148936171,014.605531914893618
1769577278.150091,167.39926886558533,38,61,45,40.405,59.085,48.035,026.32372340425532,5.0903191489361745,014.640531914893621
1769577278.2003891,167.44959688186646,38,61,45,40.38,59.105,48.0,026.348723404255317,5.110319148936171,014.675531914893618
1769577278.256625,167.50576996803284,38,61,45,40.355,59.125,47.97,026.373723404255323,5.130319148936174,014.70553191489362
1769577278.313422,167.56251978874207,38,61,45,40.33,59.145,47.935,026.39872340425532,5.150319148936177,014.740531914893616
1769577278.367733,167.6169397830963,38,61,44,40.305,59.165,47.895,026.42372340425532,5.170319148936173,014.780531914893615
1769577278.4188511,167.66798281669617,38,61,44,40.28,59.185,47.855,026.44872340425532,5.190319148936176,014.820531914893621
1769577278.467377,167.71655178070068,38,61,45,40.255,59.205,47.825,026.473723404255317,5.210319148936172,014.850531914893615
1769577278.518023,167.76719570159912,38,61,45,40.23,59.225,47.795,026.498723404255323,5.230319148936175,014.880531914893616
1769577278.567538,167.81666564941406,38,61,45,40.205,59.24,47.765,026.52372340425532,5.245319148936176,014.910531914893618
1769577278.619848,167.86904573440552,38,61,45,40.18,59.255,47.735,026.54872340425532,5.260319148936176,014.940531914893619
1769577278.6734889,167.92268800735474,38,61,45,40.155,59.275,47.705,026.57372340425532,5.280319148936172,014.97053191489362
1769577278.729009,167.9780638217926,38,61,45,40.13,59.295,47.675,026.598723404255317,5.300319148936175,015.000531914893621
1769577278.7796962,168.02890276908875,38,61,44,40.105,59.315,47.64,026.623723404255323,5.320319148936171,015.035531914893618
1769577278.831147,168.08031678199768,38,61,44,40.08,59.335,47.605,026.64872340425532,5.3403191489361745,015.070531914893621
1769577278.881668,168.13082766532898,38,61,45,40.055,59.35,47.575,026.67372340425532,5.355319148936175,015.100531914893615
1769577278.933383,168.18257570266724,38,61,45,40.03,59.365,47.545,026.69872340425532,5.370319148936176,015.130531914893616
1769577278.9857411,168.2349135875702,38,61,45,40.005,59.38,47.515,026.723723404255317,5.385319148936176,015.160531914893618
1769577279.041999,168.29114389419556,38,61,45,39.98,59.395,47.485,026.748723404255323,5.400319148936177,015.190531914893619
1769577279.094822,168.3440809249878,38,61,45,39.955,59.41,47.455,026.77372340425532,5.41531914893617,015.22053191489362
1769577279.15027,168.39951467514038,38,61,45,39.93,59.425,47.425,026.79872340425532,5.430319148936171,015.250531914893621
1769577279.198775,168.44801783561707,38,61,45,39.91,59.44,47.395,026.818723404255323,5.445319148936171,015.280531914893615
1769577279.248461,168.49763774871826,38,61,45,39.885,59.455,47.365,026.84372340425532,5.460319148936172,015.310531914893616
1769577279.3026528,168.55183267593384,38,61,45,39.865,59.47,47.335,026.863723404255317,5.4753191489361726,015.340531914893617
1769577279.353354,168.60240483283997,38,61,45,39.845,59.485,47.305,026.88372340425532,5.490319148936173,015.370531914893618
1769577279.409534,168.65867066383362,38,61,45,39.82,59.5,47.275,026.90872340425532,5.505319148936174,015.40053191489362
1769577279.46142,168.71052289009094,38,61,45,39.795,59.515,47.245,026.933723404255318,5.520319148936174,015.43053191489362
1769577279.519077,168.7680947780609,38,61,45,39.775,59.53,47.215,026.95372340425532,5.535319148936175,015.460531914893615
1769577279.572298,168.82148480415344,38,61,45,39.755,59.545,47.185,026.973723404255317,5.550319148936175,015.490531914893616
1769577279.621448,168.8705689907074,38,61,45,39.735,59.56,47.16,026.99372340425532,5.565319148936176,015.515531914893621
1769577279.670896,168.92009663581848,38,61,45,39.715,59.575,47.135,027.013723404255316,5.5803191489361765,015.54053191489362
1769577279.721907,168.97110080718994,38,61,45,39.695,59.59,47.11,027.03372340425532,5.595319148936177,015.565531914893619
1769577279.771392,169.02051091194153,38,61,45,39.675,59.605,47.085,027.053723404255322,5.610319148936171,015.590531914893617
1769577279.824069,169.07317876815796,38,61,45,39.655,59.62,47.06,027.07372340425532,5.625319148936171,015.615531914893616
1769577279.877116,169.12632393836975,38,61,45,39.635,59.635,47.035,027.09372340425532,5.640319148936172,015.640531914893621
1769577279.92766,169.1768298149109,38,61,44,39.615,59.65,47.005,027.113723404255317,5.655319148936172,015.670531914893616
1769577279.9785202,169.22770261764526,38,61,44,39.595,59.665,46.975,027.13372340425532,5.670319148936173,015.700531914893617
1769577280.033678,169.28287982940674,38,61,44,39.575,59.68,46.945,027.153723404255317,5.685319148936173,015.730531914893618
1769577280.089632,169.3387587070465,38,61,44,39.555,59.695,46.915,027.17372340425532,5.700319148936174,015.760531914893619
1769577280.144369,169.39352178573608,38,61,44,39.535,59.71,46.885,027.193723404255323,5.7153191489361745,015.79053191489362
1769577280.2005818,169.44974374771118,38,61,45,39.515,59.725,46.86,027.21372340425532,5.730319148936175,015.815531914893619
1769577280.251539,169.50070881843567,38,61,44,39.495,59.74,46.83,027.233723404255322,5.745319148936176,015.84553191489362
1769577280.304616,169.55372285842896,38,61,44,39.475,59.755,46.8,027.253723404255318,5.760319148936176,015.875531914893621
1769577280.359031,169.6081738471985,38,61,44,39.455,59.77,46.77,027.27372340425532,5.775319148936177,015.905531914893615
1769577280.414242,169.66342568397522,38,61,44,39.435,59.785,46.74,027.293723404255317,5.79031914893617,015.935531914893616
1769577280.467207,169.71630883216858,38,61,44,39.415,59.8,46.71,027.31372340425532,5.805319148936171,015.965531914893617
1769577280.5194821,169.76864886283875,38,61,44,39.395,59.815,46.68,027.333723404255316,5.820319148936171,015.995531914893618
1769577280.571926,169.82106494903564,38,61,44,39.375,59.83,46.65,027.35372340425532,5.835319148936172,016.02553191489362
1769577280.6231282,169.8723509311676,38,61,44,39.355,59.845,46.62,027.373723404255323,5.8503191489361726,016.05553191489362
1769577280.676619,169.92582392692566,38,61,44,39.335,59.86,46.59,027.39372340425532,5.865319148936173,016.085531914893615
1769577280.7251232,169.9743309020996,38,61,44,39.315,59.875,46.56,027.41372340425532,5.880319148936174,016.115531914893616
1769577280.7749739,170.02417993545532,38,61,44,39.295,59.89,46.535,027.433723404255318,5.895319148936174,016.14053191489362
1769577280.8259242,170.07511186599731,38,61,44,39.28,59.905,46.51,027.44872340425532,5.910319148936175,016.16553191489362
1769577280.878206,170.12739276885986,38,61,44,39.26,59.92,46.485,027.46872340425532,5.925319148936175,016.19053191489362
1769577280.928423,170.17763471603394,38,61,44,39.245,59.93,46.46,027.483723404255322,5.935319148936173,016.215531914893617
1769577280.979786,170.22892785072327,38,61,45,39.23,59.94,46.44,027.498723404255323,5.945319148936171,016.23553191489362
1769577281.03091,170.28007864952087,38,61,44,39.215,59.955,46.415,027.513723404255316,5.960319148936172,016.26053191489362
1769577281.083572,170.33277368545532,38,61,44,39.2,59.965,46.39,027.528723404255317,5.970319148936177,016.285531914893618
1769577281.140325,170.38940978050232,38,61,44,39.185,59.975,46.365,027.543723404255317,5.980319148936175,016.310531914893616
1769577281.191249,170.4404616355896,38,61,45,39.17,59.985,46.345,027.558723404255318,5.990319148936173,016.33053191489362
1769577281.239834,170.48902869224548,38,61,44,39.155,59.995,46.32,027.57372340425532,6.000319148936171,016.355531914893618
1769577281.2888372,170.5380187034607,38,61,44,39.14,60.005,46.295,027.58872340425532,6.010319148936176,016.380531914893616
1769577281.340926,170.59013772010803,38,61,44,39.125,60.015,46.27,027.60372340425532,6.020319148936174,016.405531914893615
1769577281.3911302,170.6403398513794,38,61,44,39.11,60.03,46.245,027.61872340425532,6.035319148936175,016.43053191489362
1769577281.440583,170.68984293937683,38,61,44,39.095,60.045,46.22,027.63372340425532,6.050319148936175,016.45553191489362
1769577281.492576,170.7417848110199,38,61,44,39.08,60.06,46.195,027.64872340425532,6.065319148936176,016.480531914893618
1769577281.497796,170.74702072143555,37,61,44,39.055,60.075,46.165,027.67372340425532,6.0803191489361765,016.51053191489362
1769577281.5506299,170.7997817993164,38,61,44,39.035,60.09,46.14,027.693723404255323,6.095319148936177,016.535531914893618
1769577281.612823,170.8618459701538,38,61,44,39.02,60.1,46.115,027.708723404255316,6.105319148936175,016.560531914893616
1769577281.667416,170.91663789749146,38,61,44,39.005,60.11,46.09,027.723723404255317,6.115319148936173,016.585531914893615
1769577281.717435,170.9666187763214,38,61,44,38.99,60.12,46.065,027.738723404255317,6.125319148936171,016.61053191489362
1769577281.76762,171.01667976379395,38,61,44,38.975,60.13,46.04,027.753723404255318,6.135319148936176,016.63553191489362
1769577281.81619,171.0654227733612,38,61,44,38.96,60.14,46.015,027.76872340425532,6.145319148936174,016.660531914893618
1769577281.867757,171.11690759658813,38,61,44,38.945,60.15,45.99,027.78372340425532,6.155319148936172,016.685531914893616
1769577281.918967,171.16814279556274,38,61,44,38.93,60.16,45.965,027.79872340425532,6.16531914893617,016.710531914893615
1769577281.9730601,171.2221598625183,38,61,44,38.915,60.17,45.94,027.81372340425532,6.175319148936175,016.73553191489362
1769577282.0269508,171.27610874176025,38,61,44,38.9,60.18,45.915,027.82872340425532,6.185319148936173,016.76053191489362
1769577282.080702,171.32979273796082,38,61,45,38.885,60.19,45.895,027.84372340425532,6.195319148936171,016.780531914893615
1769577282.129326,171.37844467163086,38,61,44,38.87,60.2,45.87,027.858723404255322,6.2053191489361765,016.80553191489362
1769577282.179473,171.42863368988037,38,61,44,38.855,60.21,45.845,027.873723404255323,6.2153191489361745,016.83053191489362
1769577282.23794,171.4870936870575,38,61,44,38.84,60.22,45.82,027.888723404255316,6.2253191489361726,016.855531914893618
1769577282.290845,171.54005765914917,38,61,44,38.825,60.23,45.795,027.903723404255317,6.235319148936171,016.880531914893616
1769577282.344001,171.59317469596863,38,61,44,38.81,60.24,45.77,027.918723404255317,6.245319148936176,016.905531914893615
1769577282.399759,171.6489179134369,38,61,44,38.795,60.25,45.745,027.933723404255318,6.255319148936174,016.93053191489362
1769577282.4508429,171.70005464553833,38,61,44,38.78,60.26,45.72,027.94872340425532,6.265319148936172,016.95553191489362
1769577282.50477,171.7537977695465,38,61,45,38.765,60.27,45.7,027.96372340425532,6.275319148936177,016.975531914893615
1769577282.5607731,171.80996584892273,38,61,45,38.75,60.28,45.68,027.97872340425532,6.285319148936175,016.99553191489362
1769577282.612353,171.86151480674744,38,61,45,38.735,60.29,45.665,027.99372340425532,6.295319148936173,017.01053191489362
1769577282.666476,171.91545581817627,38,61,44,38.72,60.3,45.645,028.00872340425532,6.305319148936171,017.030531914893615
1769577282.719053,171.96817088127136,38,61,44,38.705,60.31,45.625,028.02372340425532,6.315319148936176,017.050531914893618
1769577282.77389,172.0230417251587,38,61,44,38.69,60.32,45.605,028.03872340425532,6.325319148936174,017.07053191489362
1769577282.8242922,172.0734899044037,38,61,45,38.675,60.33,45.59,028.053723404255322,6.335319148936172,017.085531914893615
1769577282.8736598,172.12285900115967,38,61,44,38.66,60.34,45.57,028.068723404255323,6.345319148936177,017.105531914893618
1769577282.926255,172.17541670799255,38,61,44,38.645,60.35,45.55,028.083723404255316,6.355319148936175,017.12553191489362
1769577282.977356,172.226548910141,38,61,44,38.63,60.36,45.53,028.098723404255317,6.365319148936173,017.145531914893617
1769577283.0262568,172.27546381950378,38,61,44,38.615,60.37,45.51,028.113723404255317,6.375319148936171,017.16553191489362
1769577283.0763252,172.32544779777527,38,61,44,38.605,60.38,45.49,028.123723404255323,6.385319148936176,017.185531914893616
1769577283.1322072,172.3814206123352,38,61,44,38.595,60.39,45.47,028.13372340425532,6.395319148936174,017.20553191489362
1769577283.184682,172.4338138103485,38,61,44,38.585,60.4,45.45,028.14372340425532,6.405319148936172,017.225531914893615
1769577283.234103,172.4833059310913,38,61,44,38.575,60.41,45.43,028.153723404255317,6.41531914893617,017.24553191489362
1769577283.2875578,172.5366599559784,38,61,44,38.565,60.42,45.41,028.16372340425532,6.425319148936175,017.26553191489362
1769577283.3400772,172.58928680419922,38,61,44,38.555,60.43,45.39,028.17372340425532,6.435319148936173,017.285531914893618
1769577283.3894699,172.63865661621094,37,61,44,38.54,60.44,45.37,028.18872340425532,6.445319148936171,017.30553191489362
1769577283.440727,172.6899766921997,38,61,44,38.53,60.45,45.35,028.19872340425532,6.4553191489361765,017.325531914893617
1769577283.49296,172.74211978912354,38,61,45,38.52,60.46,45.335,028.208723404255316,6.4653191489361745,017.340531914893617
1769577283.499012,172.7482466697693,38,61,44,38.51,60.47,45.315,028.21872340425532,6.4753191489361726,017.36053191489362
1769577283.5496728,172.7989058494568,37,61,44,38.495,60.48,45.295,028.233723404255322,6.485319148936171,017.380531914893616
1769577283.5989828,172.84811758995056,37,61,44,38.48,60.49,45.275,028.248723404255323,6.495319148936176,017.40053191489362
1769577283.648603,172.8978397846222,37,61,44,38.465,60.5,45.255,028.263723404255316,6.505319148936174,017.420531914893616
1769577283.6998012,172.94892168045044,37,62,44,38.45,60.515,45.235,028.278723404255317,6.520319148936174,017.44053191489362
1769577283.7524962,173.00156378746033,37,61,44,38.435,60.525,45.215,028.293723404255317,6.530319148936172,017.460531914893615
1769577283.807931,173.0570728778839,37,61,44,38.42,60.535,45.2,028.308723404255318,6.54031914893617,017.475531914893615
1769577283.8664372,173.1155378818512,37,61,44,38.405,60.545,45.185,028.32372340425532,6.550319148936175,017.490531914893616
1769577283.924961,173.17403864860535,37,61,44,38.39,60.555,45.17,028.33872340425532,6.560319148936173,017.505531914893616
1769577283.982083,173.2311248779297,37,61,44,38.375,60.565,45.15,028.35372340425532,6.570319148936171,017.52553191489362
1769577284.041517,173.29061079025269,38,61,44,38.365,60.575,45.13,028.363723404255317,6.5803191489361765,017.545531914893616
1769577284.093961,173.34308767318726,37,61,44,38.35,60.585,45.11,028.378723404255318,6.5903191489361745,017.56553191489362
1769577284.147684,173.39694380760193,37,62,43,38.335,60.6,45.085,028.39372340425532,6.605319148936175,017.590531914893617
1769577284.1984372,173.44771671295166,37,61,43,38.32,60.61,45.065,028.40872340425532,6.615319148936173,017.61053191489362
1769577284.2479281,173.49718475341797,37,61,44,38.305,60.62,45.05,028.42372340425532,6.625319148936171,017.62553191489362
1769577284.298912,173.54811692237854,37,62,43,38.29,60.635,45.03,028.43872340425532,6.640319148936172,017.645531914893617
1769577284.352947,173.602068901062,37,62,43,38.275,60.65,45.01,028.45372340425532,6.655319148936172,017.66553191489362
1769577284.405476,173.65461778640747,37,62,43,38.26,60.665,44.99,028.46872340425532,6.670319148936173,017.685531914893616
1769577284.454918,173.70410084724426,37,62,43,38.245,60.68,44.97,028.483723404255322,6.685319148936173,017.70553191489362
1769577284.502918,173.75209760665894,37,61,43,38.23,60.69,44.945,028.498723404255323,6.695319148936171,017.730531914893618
1769577284.553334,173.8025369644165,37,61,43,38.215,60.7,44.925,028.513723404255316,6.7053191489361765,017.75053191489362
1769577284.6030312,173.85225868225098,37,61,44,38.2,60.705,44.91,028.528723404255317,6.710319148936172,017.76553191489362
1769577284.652999,173.90196180343628,37,61,44,38.185,60.715,44.895,028.543723404255317,6.720319148936177,017.780531914893615
1769577284.704843,173.95408272743225,37,61,44,38.17,60.725,44.88,028.558723404255318,6.730319148936175,017.795531914893616
1769577284.758453,174.00768160820007,37,61,44,38.155,60.735,44.865,028.57372340425532,6.740319148936173,017.810531914893616
1769577284.811806,174.06101393699646,37,61,43,38.14,60.745,44.845,028.58872340425532,6.750319148936171,017.83053191489362
1769577284.864536,174.11367678642273,37,62,43,38.125,60.76,44.825,028.60372340425532,6.765319148936172,017.850531914893615
1769577284.914218,174.16329383850098,37,62,43,38.11,60.77,44.805,028.61872340425532,6.775319148936177,017.87053191489362
1769577284.965707,174.21487164497375,37,62,43,38.095,60.78,44.785,028.63372340425532,6.785319148936175,017.89053191489362
1769577285.018254,174.26736164093018,37,62,43,38.08,60.795,44.765,028.64872340425532,6.800319148936175,017.910531914893618
1769577285.077612,174.32639265060425,37,62,43,38.065,60.81,44.745,028.66372340425532,6.815319148936176,017.93053191489362
1769577285.139265,174.38825678825378,37,62,43,38.05,60.825,44.725,028.678723404255322,6.8303191489361765,017.950531914893617
1769577285.195767,174.44502568244934,37,62,43,38.04,60.835,44.705,028.68872340425532,6.8403191489361745,017.97053191489362
1769577285.248184,174.49728989601135,37,61,44,38.03,60.84,44.69,028.69872340425532,6.845319148936177,017.98553191489362
1769577285.299386,174.54864072799683,37,61,44,38.015,60.845,44.675,028.71372340425532,6.8503191489361726,018.00053191489362
1769577285.34875,174.597886800766,37,62,43,38.0,60.855,44.655,028.72872340425532,6.860319148936171,018.020531914893617
1769577285.403893,174.65308690071106,37,62,43,37.985,60.87,44.635,028.74372340425532,6.875319148936171,018.04053191489362
1769577285.454089,174.70311880111694,37,61,44,37.97,60.88,44.62,028.75872340425532,6.885319148936176,018.05553191489362
1769577285.5048041,174.75397181510925,37,62,43,37.96,60.89,44.6,028.76872340425532,6.895319148936174,018.075531914893617
1769577285.558629,174.8078577518463,37,62,43,37.95,60.9,44.58,028.778723404255317,6.905319148936172,018.09553191489362
1769577285.6085172,174.85773372650146,37,62,43,37.94,60.91,44.56,028.78872340425532,6.91531914893617,018.115531914893616
1769577285.6596491,174.908864736557,37,62,43,37.925,60.925,44.54,028.803723404255322,6.930319148936171,018.13553191489362
1769577285.711672,174.96085667610168,37,62,43,37.915,60.935,44.52,028.81372340425532,6.940319148936176,018.155531914893615
1769577285.7636962,175.0128676891327,37,62,43,37.905,60.945,44.5,028.82372340425532,6.950319148936174,018.175531914893618
1769577285.817611,175.06666588783264,37,62,43,37.895,60.96,44.48,028.833723404255316,6.9653191489361745,018.19553191489362
1769577285.875745,175.12490272521973,37,62,43,37.885,60.975,44.46,028.84372340425532,6.980319148936175,018.215531914893617
1769577285.926076,175.17527770996094,37,62,43,37.875,60.985,44.44,028.85372340425532,6.990319148936173,018.23553191489362
1769577285.9798589,175.22900295257568,37,62,43,37.865,60.995,44.42,028.863723404255317,7.000319148936171,018.255531914893616
1769577286.0324638,175.28167390823364,37,62,43,37.855,61.005,44.4,028.873723404255323,7.010319148936176,018.27553191489362
1769577286.083767,175.33282685279846,37,62,43,37.845,61.015,44.385,028.88372340425532,7.020319148936174,018.29053191489362
1769577286.1374662,175.38650274276733,37,62,43,37.835,61.025,44.37,028.89372340425532,7.030319148936172,018.30553191489362
1769577286.191699,175.4408986568451,37,62,43,37.825,61.035,44.355,028.903723404255317,7.04031914893617,018.32053191489362
1769577286.242958,175.49201774597168,37,62,43,37.815,61.045,44.34,028.91372340425532,7.050319148936175,018.335531914893615
1769577286.247487,175.49677181243896,37,62,43,37.805,61.055,44.32,028.92372340425532,7.060319148936173,018.355531914893618
1769577286.3000782,175.54925799369812,37,62,43,37.795,61.065,44.3,028.933723404255318,7.070319148936171,018.37553191489362
1769577286.351677,175.60083985328674,37,62,43,37.785,61.075,44.28,028.943723404255323,7.0803191489361765,018.395531914893617
1769577286.4000828,175.64923977851868,37,62,43,37.775,61.085,44.265,028.95372340425532,7.0903191489361745,018.410531914893618
1769577286.45194,175.70113158226013,37,62,43,37.765,61.095,44.25,028.96372340425532,7.1003191489361726,018.425531914893618
1769577286.50425,175.75346565246582,37,62,43,37.755,61.105,44.235,028.973723404255317,7.110319148936171,018.44053191489362
1769577286.562027,175.81104683876038,37,62,43,37.75,61.115,44.22,028.97872340425532,7.120319148936176,018.45553191489362
1769577286.6175182,175.86668586730957,37,62,43,37.74,61.125,44.205,028.988723404255317,7.130319148936174,018.47053191489362
1769577286.669564,175.91880178451538,37,62,43,37.73,61.135,44.19,028.998723404255323,7.140319148936172,018.48553191489362
1769577286.7231722,175.97225189208984,36,62,43,37.715,61.145,44.17,029.013723404255316,7.150319148936177,018.505531914893616
1769577286.7784152,176.027606010437,37,62,43,37.705,61.155,44.155,029.02372340425532,7.160319148936175,018.520531914893617
1769577286.831846,176.0810878276825,37,62,43,37.695,61.165,44.14,029.03372340425532,7.170319148936173,018.535531914893618
1769577286.880239,176.12943172454834,37,62,43,37.685,61.175,44.125,029.043723404255317,7.180319148936171,018.550531914893618
1769577286.931554,176.18066883087158,37,62,43,37.675,61.185,44.11,029.053723404255322,7.190319148936176,018.56553191489362
1769577286.985924,176.23512983322144,37,62,43,37.67,61.195,44.095,029.058723404255318,7.200319148936174,018.58053191489362
1769577287.038979,176.28818893432617,37,62,43,37.665,61.205,44.085,029.06372340425532,7.210319148936172,018.590531914893617
1769577287.090803,176.34000778198242,37,62,43,37.655,61.215,44.07,029.07372340425532,7.220319148936177,018.605531914893618
1769577287.142734,176.39191675186157,37,62,43,37.65,61.225,44.06,029.07872340425532,7.230319148936175,018.615531914893616
1769577287.147767,176.39704489707947,37,62,43,37.645,61.23,44.05,029.083723404255316,7.235319148936171,018.62553191489362
1769577287.201369,176.45054173469543,37,62,43,37.64,61.235,44.04,029.08872340425532,7.240319148936173,018.63553191489362
1769577287.2537448,176.5028486251831,37,62,43,37.63,61.245,44.03,029.098723404255317,7.250319148936171,018.645531914893617
1769577287.303357,176.55258083343506,37,62,43,37.625,61.255,44.02,029.10372340425532,7.260319148936176,018.655531914893615
1769577287.353493,176.60267877578735,37,62,43,37.62,61.26,44.01,029.108723404255322,7.265319148936172,018.66553191489362
1769577287.404227,176.6532497406006,37,61,43,37.615,61.26,44.0,029.113723404255317,7.265319148936172,018.675531914893618
1769577287.4550478,176.70421290397644,37,62,43,37.61,61.265,43.99,029.11872340425532,7.270319148936174,018.685531914893616
1769577287.512616,176.76173281669617,37,62,43,37.605,61.27,43.98,029.123723404255323,7.275319148936177,018.69553191489362
1769577287.5655801,176.8147747516632,37,62,43,37.6,61.275,43.97,029.128723404255318,7.280319148936172,018.70553191489362
1769577287.617533,176.866712808609,37,61,43,37.595,61.275,43.96,029.13372340425532,7.280319148936172,018.715531914893617
1769577287.672332,176.921532869339,37,62,43,37.59,61.28,43.955,029.138723404255316,7.285319148936175,018.72053191489362
1769577287.7239838,176.97322177886963,37,62,43,37.585,61.285,43.945,029.14372340425532,7.29031914893617,018.730531914893618
1769577287.778105,177.02725887298584,37,62,43,37.575,61.295,43.935,029.153723404255317,7.300319148936175,018.740531914893616
1769577287.832576,177.08176469802856,37,62,43,37.57,61.3,43.925,029.15872340425532,7.305319148936171,018.75053191489362
1769577287.884615,177.13382983207703,37,61,44,37.565,61.3,43.92,029.16372340425532,7.305319148936171,018.755531914893616
1769577287.93869,177.18782377243042,37,61,44,37.56,61.3,43.915,029.168723404255317,7.305319148936171,018.76053191489362
1769577287.988611,177.23775386810303,37,61,44,37.555,61.3,43.91,029.17372340425532,7.305319148936171,018.76553191489362
1769577288.0395079,177.28865480422974,37,61,44,37.55,61.3,43.905,029.178723404255322,7.305319148936171,018.770531914893617
1769577288.090011,177.33908987045288,37,61,44,37.545,61.3,43.9,029.183723404255318,7.305319148936171,018.77553191489362
1769577288.1422238,177.39139890670776,37,61,44,37.54,61.3,43.895,029.18872340425532,7.305319148936171,018.780531914893615
1769577288.148999,177.39818382263184,37,61,44,37.535,61.3,43.89,029.193723404255323,7.305319148936171,018.785531914893618
1769577288.2017548,177.4509289264679,37,61,44,37.53,61.3,43.885,029.19872340425532,7.305319148936171,018.79053191489362
1769577288.251678,177.50084686279297,37,61,44,37.525,61.3,43.88,029.20372340425532,7.305319148936171,018.795531914893616
1769577288.3027148,177.55191779136658,38,61,44,37.525,61.3,43.875,029.20372340425532,7.305319148936171,018.800531914893618
1769577288.356082,177.60510969161987,37,61,44,37.52,61.3,43.87,029.208723404255316,7.305319148936171,018.80553191489362
1769577288.411605,177.66083478927612,37,61,44,37.515,61.3,43.865,029.21372340425532,7.305319148936171,018.810531914893616
1769577288.466212,177.71541285514832,37,61,44,37.51,61.3,43.86,029.21872340425532,7.305319148936171,018.81553191489362
1769577288.516311,177.7655167579651,38,61,44,37.51,61.3,43.855,029.21872340425532,7.305319148936171,018.82053191489362
1769577288.567735,177.81683778762817,38,61,44,37.51,61.3,43.85,029.21872340425532,7.305319148936171,018.825531914893617
1769577288.617538,177.86674880981445,38,61,44,37.51,61.3,43.85,029.21872340425532,7.305319148936171,018.825531914893617
1769577288.6681972,177.9173686504364,38,61,44,37.51,61.3,43.85,029.21872340425532,7.305319148936171,018.825531914893617
1769577288.7195551,177.96868872642517,38,61,44,37.51,61.3,43.845,029.21872340425532,7.305319148936171,018.83053191489362
1769577288.7684429,178.0176808834076,38,61,44,37.51,61.3,43.84,029.21872340425532,7.305319148936171,018.835531914893615
1769577288.820658,178.06985187530518,38,61,44,37.51,61.3,43.835,029.21872340425532,7.305319148936171,018.840531914893617
1769577288.8723562,178.12152862548828,38,61,45,37.51,61.3,43.835,029.21872340425532,7.305319148936171,018.840531914893617
1769577288.922902,178.1721227169037,38,61,45,37.51,61.3,43.835,029.21872340425532,7.305319148936171,018.840531914893617
1769577288.974127,178.22339367866516,38,61,45,37.51,61.3,43.835,029.21872340425532,7.305319148936171,018.840531914893617
1769577289.023294,178.2725009918213,38,61,45,37.51,61.3,43.84,029.21872340425532,7.305319148936171,018.835531914893615
1769577289.071599,178.32080483436584,38,61,45,37.51,61.3,43.845,029.21872340425532,7.305319148936171,018.83053191489362
1769577289.122626,178.37169098854065,38,61,45,37.51,61.3,43.845,029.21872340425532,7.305319148936171,018.83053191489362
1769577289.176596,178.42578268051147,38,61,45,37.51,61.3,43.845,029.21872340425532,7.305319148936171,018.83053191489362
1769577289.2306502,178.4798378944397,38,61,45,37.51,61.3,43.845,029.21872340425532,7.305319148936171,018.83053191489362
1769577289.2869241,178.53586888313293,38,61,45,37.51,61.3,43.845,029.21872340425532,7.305319148936171,018.83053191489362
1769577289.34159,178.59080171585083,38,61,45,37.51,61.3,43.845,029.21872340425532,7.305319148936171,018.83053191489362
1769577289.3943172,178.64350962638855,38,61,45,37.51,61.3,43.845,029.21872340425532,7.305319148936171,018.83053191489362
1769577289.4561799,178.70533299446106,38,61,45,37.51,61.3,43.845,029.21872340425532,7.305319148936171,018.83053191489362
1769577289.528171,178.77722191810608,38,61,45,37.51,61.3,43.845,029.21872340425532,7.305319148936171,018.83053191489362
1769577289.603358,178.852294921875,38,61,45,37.51,61.3,43.845,029.21872340425532,7.305319148936171,018.83053191489362
1769577289.667674,178.9166557788849,38,60,45,37.51,61.295,43.845,029.21872340425532,7.300319148936175,018.83053191489362
1769577289.731901,178.98090171813965,38,61,45,37.51,61.295,43.845,029.21872340425532,7.300319148936175,018.83053191489362
1769577289.800202,179.04886984825134,38,61,45,37.51,61.295,43.845,029.21872340425532,7.300319148936175,018.83053191489362
1769577289.885067,179.13407683372498,38,61,45,37.51,61.295,43.845,029.21872340425532,7.300319148936175,018.83053191489362
1769577289.966625,179.2154939174652,38,61,45,37.51,61.295,43.845,029.21872340425532,7.300319148936175,018.83053191489362
1769577290.030987,179.279718875885,38,61,45,37.51,61.295,43.845,029.21872340425532,7.300319148936175,018.83053191489362
1769577290.097274,179.34622287750244,38,61,45,37.51,61.295,43.845,029.21872340425532,7.300319148936175,018.83053191489362
1769577290.167588,179.416565656662,38,61,45,37.51,61.295,43.845,029.21872340425532,7.300319148936175,018.83053191489362
1769577290.288485,179.53737592697144,38,60,45,37.51,61.29,43.845,029.21872340425532,7.295319148936173,018.83053191489362
1769577290.3716009,179.62029385566711,38,61,45,37.51,61.29,43.845,029.21872340425532,7.295319148936173,018.83053191489362
1769577290.451298,179.69999885559082,38,61,45,37.51,61.29,43.845,029.21872340425532,7.295319148936173,018.83053191489362
1769577290.542766,179.79108476638794,38,61,45,37.51,61.29,43.85,029.21872340425532,7.295319148936173,018.825531914893617
1769577290.5542321,179.80291771888733,38,61,45,37.51,61.29,43.855,029.21872340425532,7.295319148936173,018.82053191489362
1769577290.643264,179.89219188690186,38,61,45,37.51,61.29,43.86,029.21872340425532,7.295319148936173,018.81553191489362
1769577290.743434,179.99233889579773,38,61,45,37.51,61.29,43.865,029.21872340425532,7.295319148936173,018.810531914893616
1769577290.8304389,180.07935166358948,38,61,45,37.51,61.29,43.87,029.21872340425532,7.295319148936173,018.80553191489362
1769577290.9175239,180.16644978523254,38,61,45,37.51,61.29,43.87,029.21872340425532,7.295319148936173,018.80553191489362
1769577291.008563,180.25740694999695,38,61,45,37.51,61.29,43.875,029.21872340425532,7.295319148936173,018.800531914893618
1769577291.073822,180.3227367401123,38,61,45,37.51,61.29,43.88,029.21872340425532,7.295319148936173,018.795531914893616
1769577291.1298208,180.37879276275635,37,61,45,37.505,61.29,43.885,029.223723404255317,7.295319148936173,018.79053191489362
1769577291.193581,180.44264483451843,37,61,44,37.5,61.29,43.885,029.22872340425532,7.295319148936173,018.79053191489362
1769577291.252209,180.50133395195007,37,61,44,37.495,61.29,43.885,029.233723404255322,7.295319148936173,018.79053191489362
1769577291.305141,180.55429673194885,37,61,44,37.49,61.29,43.885,029.238723404255317,7.295319148936173,018.79053191489362
1769577291.362636,180.61182594299316,38,61,45,37.49,61.29,43.89,029.238723404255317,7.295319148936173,018.785531914893618
1769577291.4198651,180.66904377937317,37,61,45,37.485,61.29,43.895,029.24372340425532,7.295319148936173,018.780531914893615
1769577291.4763641,180.72560572624207,37,61,44,37.48,61.29,43.895,029.248723404255323,7.295319148936173,018.780531914893615
1769577291.5283,180.77750968933105,37,61,44,37.475,61.29,43.895,029.253723404255318,7.295319148936173,018.780531914893615
1769577291.582046,180.83123183250427,37,61,44,37.47,61.29,43.895,029.25872340425532,7.295319148936173,018.780531914893615
1769577291.633138,180.8823139667511,38,61,45,37.47,61.29,43.9,029.25872340425532,7.295319148936173,018.77553191489362
1769577291.68667,180.9358687400818,38,60,45,37.47,61.285,43.905,029.25872340425532,7.29031914893617,018.770531914893617
1769577291.740022,180.98919558525085,37,61,45,37.465,61.285,43.91,029.263723404255316,7.29031914893617,018.76553191489362
1769577291.79442,181.04358077049255,37,61,44,37.46,61.285,43.905,029.26872340425532,7.29031914893617,018.770531914893617
1769577291.849555,181.09872269630432,37,61,44,37.455,61.285,43.905,029.27372340425532,7.29031914893617,018.770531914893617
1769577291.901292,181.1505148410797,37,61,44,37.45,61.285,43.905,029.278723404255317,7.29031914893617,018.770531914893617
1769577291.954515,181.2036497592926,37,61,44,37.445,61.285,43.905,029.28372340425532,7.29031914893617,018.770531914893617
1769577292.010628,181.25978088378906,37,61,44,37.44,61.285,43.9,029.28872340425532,7.29031914893617,018.77553191489362
1769577292.066011,181.31521272659302,37,61,44,37.435,61.285,43.9,029.293723404255317,7.29031914893617,018.77553191489362
1769577292.117236,181.3664436340332,37,61,44,37.43,61.285,43.9,029.29872340425532,7.29031914893617,018.77553191489362
1769577292.1714292,181.42064690589905,37,61,44,37.425,61.285,43.9,029.303723404255322,7.29031914893617,018.77553191489362
1769577292.226593,181.47563481330872,37,61,44,37.42,61.285,43.9,029.308723404255318,7.29031914893617,018.77553191489362
1769577292.281185,181.530113697052,37,61,44,37.415,61.285,43.9,029.31372340425532,7.29031914893617,018.77553191489362
1769577292.336728,181.58573389053345,37,61,45,37.41,61.285,43.905,029.318723404255323,7.29031914893617,018.770531914893617
1769577292.390073,181.63924360275269,37,61,45,37.41,61.285,43.91,029.318723404255323,7.29031914893617,018.76553191489362
1769577292.447129,181.69626760482788,37,61,45,37.405,61.285,43.915,029.32372340425532,7.29031914893617,018.76053191489362
1769577292.5025978,181.75170278549194,37,61,45,37.4,61.285,43.92,029.32872340425532,7.29031914893617,018.755531914893616
1769577292.561055,181.8102707862854,37,60,45,37.395,61.28,43.925,029.333723404255316,7.285319148936175,018.75053191489362
1769577292.613023,181.86221265792847,37,61,45,37.39,61.28,43.93,029.33872340425532,7.285319148936175,018.74553191489362
1769577292.6633449,181.9125518798828,37,61,45,37.385,61.28,43.935,029.34372340425532,7.285319148936175,018.740531914893616
1769577292.714775,181.96397066116333,37,61,45,37.38,61.28,43.94,029.348723404255317,7.285319148936175,018.73553191489362
1769577292.764286,182.01352763175964,37,61,45,37.375,61.28,43.945,029.35372340425532,7.285319148936175,018.730531914893618
1769577292.8201752,182.0692286491394,37,60,45,37.37,61.275,43.95,029.358723404255322,7.280319148936172,018.725531914893615
1769577292.8920472,182.14105677604675,37,61,45,37.365,61.275,43.955,029.363723404255317,7.280319148936172,018.72053191489362
1769577292.898852,182.14789581298828,37,61,44,37.36,61.275,43.955,029.36872340425532,7.280319148936172,018.72053191489362
1769577292.961944,182.2110059261322,37,61,44,37.355,61.275,43.95,029.373723404255323,7.280319148936172,018.725531914893615
1769577293.016983,182.2658727169037,37,61,44,37.35,61.275,43.95,029.378723404255318,7.280319148936172,018.725531914893615
1769577293.06965,182.31888675689697,37,61,44,37.345,61.275,43.95,029.38372340425532,7.280319148936172,018.725531914893615
1769577293.126921,182.37598490715027,37,61,44,37.34,61.275,43.95,029.388723404255316,7.280319148936172,018.725531914893615
1769577293.179976,182.42921495437622,37,61,44,37.335,61.275,43.95,029.39372340425532,7.280319148936172,018.725531914893615
1769577293.233336,182.48249173164368,37,61,44,37.33,61.275,43.95,029.39872340425532,7.280319148936172,018.725531914893615
1769577293.287508,182.5367066860199,37,61,44,37.325,61.275,43.95,029.403723404255317,7.280319148936172,018.725531914893615
1769577293.3426108,182.59149289131165,37,61,44,37.32,61.275,43.95,029.40872340425532,7.280319148936172,018.725531914893615
1769577293.3495429,182.59867978096008,37,61,44,37.315,61.275,43.945,029.41372340425532,7.280319148936172,018.730531914893618
1769577293.40768,182.65674686431885,36,61,44,37.305,61.275,43.94,029.42372340425532,7.280319148936172,018.73553191489362
1769577293.463563,182.71272587776184,36,61,43,37.295,61.275,43.93,029.433723404255318,7.280319148936172,018.74553191489362
1769577293.518107,182.76734066009521,36,61,43,37.285,61.275,43.925,029.443723404255323,7.280319148936172,018.75053191489362
1769577293.567793,182.81695580482483,37,61,44,37.28,61.275,43.925,029.44872340425532,7.280319148936172,018.75053191489362
1769577293.618005,182.86717891693115,37,61,44,37.275,61.275,43.925,029.45372340425532,7.280319148936172,018.75053191489362
1769577293.671635,182.92078375816345,37,61,44,37.27,61.275,43.92,029.458723404255316,7.280319148936172,018.755531914893616
1769577293.731539,182.98072576522827,37,61,44,37.265,61.275,43.92,029.46372340425532,7.280319148936172,018.755531914893616
1769577293.7869608,183.03599381446838,36,61,44,37.255,61.275,43.92,029.473723404255317,7.280319148936172,018.755531914893616
1769577293.843912,183.0929627418518,36,61,44,37.245,61.275,43.92,029.483723404255322,7.280319148936172,018.755531914893616
1769577293.9003782,183.14952182769775,36,61,43,37.235,61.275,43.915,029.49372340425532,7.280319148936172,018.76053191489362
1769577293.9543638,183.20357871055603,36,61,43,37.225,61.275,43.91,029.503723404255318,7.280319148936172,018.76553191489362
1769577294.007786,183.25691390037537,36,61,43,37.215,61.275,43.905,029.513723404255316,7.280319148936172,018.770531914893617
1769577294.0595021,183.30872559547424,37,61,44,37.21,61.275,43.905,029.51872340425532,7.280319148936172,018.770531914893617
1769577294.114391,183.36352276802063,37,61,44,37.205,61.275,43.905,029.52372340425532,7.280319148936172,018.770531914893617
1769577294.1691132,183.41826581954956,37,61,44,37.2,61.275,43.905,029.528723404255317,7.280319148936172,018.770531914893617
1769577294.221277,183.47039270401,37,61,44,37.195,61.275,43.905,029.53372340425532,7.280319148936172,018.770531914893617
1769577294.2743812,183.52358865737915,36,61,43,37.19,61.275,43.9,029.53872340425532,7.280319148936172,018.77553191489362
1769577294.323918,183.573077917099,36,61,44,37.18,61.275,43.9,029.54872340425532,7.280319148936172,018.77553191489362
1769577294.37253,183.62171483039856,36,61,44,37.17,61.275,43.895,029.558723404255318,7.280319148936172,018.780531914893615
1769577294.423763,183.6729428768158,37,61,44,37.165,61.275,43.895,029.56372340425532,7.280319148936172,018.780531914893615
1769577294.478266,183.72743678092957,37,61,44,37.165,61.275,43.895,029.56372340425532,7.280319148936172,018.780531914893615
1769577294.532622,183.7818307876587,36,61,44,37.16,61.275,43.895,029.568723404255323,7.280319148936172,018.780531914893615
1769577294.584341,183.8335475921631,36,61,44,37.155,61.275,43.895,029.57372340425532,7.280319148936172,018.780531914893615
1769577294.635222,183.88434481620789,36,61,44,37.15,61.27,43.895,029.57872340425532,7.275319148936177,018.780531914893615
1769577294.688128,183.93736171722412,36,61,44,37.145,61.27,43.895,029.583723404255316,7.275319148936177,018.780531914893615
1769577294.7390661,183.98827075958252,36,61,44,37.14,61.27,43.895,029.58872340425532,7.275319148936177,018.780531914893615
1769577294.794153,184.04335284233093,36,61,44,37.135,61.27,43.895,029.59372340425532,7.275319148936177,018.780531914893615
1769577294.849341,184.0982677936554,37,61,44,37.135,61.27,43.895,029.59372340425532,7.275319148936177,018.780531914893615
1769577294.899081,184.1482367515564,36,61,44,37.13,61.27,43.895,029.598723404255317,7.275319148936177,018.780531914893615
1769577294.950141,184.19932579994202,36,61,44,37.12,61.27,43.895,029.608723404255322,7.275319148936177,018.780531914893615
1769577295.007327,184.2565038204193,36,61,44,37.115,61.27,43.895,029.613723404255317,7.275319148936177,018.780531914893615
1769577295.061146,184.31026577949524,36,61,44,37.11,61.265,43.9,029.61872340425532,7.270319148936174,018.77553191489362
1769577295.116246,184.36542582511902,36,61,44,37.105,61.265,43.905,029.623723404255323,7.270319148936174,018.770531914893617
1769577295.1687942,184.41795182228088,36,61,44,37.1,61.265,43.905,029.628723404255318,7.270319148936174,018.770531914893617
1769577295.219359,184.46851468086243,36,61,44,37.095,61.26,43.91,029.63372340425532,7.265319148936172,018.76553191489362
1769577295.269994,184.51917695999146,36,61,44,37.09,61.255,43.915,029.638723404255316,7.260319148936176,018.76053191489362
1769577295.320686,184.56989789009094,36,61,44,37.085,61.25,43.92,029.64372340425532,7.255319148936174,018.755531914893616
1769577295.375318,184.62444877624512,36,61,44,37.08,61.245,43.925,029.64872340425532,7.250319148936171,018.75053191489362
1769577295.429325,184.6784598827362,36,61,44,37.075,61.245,43.93,029.653723404255317,7.250319148936171,018.74553191489362
1769577295.4828951,184.73205876350403,37,61,44,37.075,61.245,43.935,029.653723404255317,7.250319148936171,018.740531914893616
1769577295.535514,184.78471398353577,36,61,44,37.07,61.245,43.935,029.65872340425532,7.250319148936171,018.740531914893616
1769577295.5870972,184.8363037109375,36,61,44,37.065,61.245,43.935,029.66372340425532,7.250319148936171,018.740531914893616
1769577295.637768,184.88695573806763,36,61,44,37.06,61.245,43.935,029.668723404255317,7.250319148936171,018.740531914893616
1769577295.691388,184.940447807312,36,61,44,37.055,61.245,43.935,029.67372340425532,7.250319148936171,018.740531914893616
1769577295.749962,184.99914073944092,36,61,44,37.05,61.245,43.94,029.678723404255322,7.250319148936171,018.73553191489362
1769577295.8053372,185.05448865890503,37,61,44,37.05,61.24,43.945,029.678723404255322,7.245319148936176,018.730531914893618
1769577295.861257,185.11041569709778,37,61,44,37.05,61.235,43.95,029.678723404255322,7.240319148936173,018.725531914893615
1769577295.914432,185.1636118888855,37,61,44,37.05,61.23,43.955,029.678723404255322,7.235319148936171,018.72053191489362
1769577295.9724789,185.22158789634705,37,61,44,37.05,61.225,43.96,029.678723404255322,7.230319148936175,018.715531914893617
1769577296.025207,185.27441096305847,37,61,44,37.05,61.22,43.965,029.678723404255322,7.2253191489361726,018.710531914893615
1769577296.080199,185.3292486667633,37,61,44,37.05,61.215,43.97,029.678723404255322,7.220319148936177,018.70553191489362
1769577296.134138,185.383291721344,37,61,44,37.05,61.21,43.975,029.678723404255322,7.2153191489361745,018.700531914893617
1769577296.1858659,185.435076713562,37,61,44,37.05,61.21,43.975,029.678723404255322,7.2153191489361745,018.700531914893617
1769577296.2398138,185.48892879486084,37,61,44,37.05,61.21,43.975,029.678723404255322,7.2153191489361745,018.700531914893617
1769577296.2957299,185.54484462738037,37,61,44,37.05,61.205,43.98,029.678723404255322,7.210319148936172,018.69553191489362
1769577296.34762,185.59683871269226,37,61,44,37.05,61.2,43.985,029.678723404255322,7.2053191489361765,018.69053191489362
1769577296.4002979,185.64953184127808,37,61,44,37.05,61.2,43.985,029.678723404255322,7.2053191489361765,018.69053191489362
1769577296.4513018,185.7004828453064,37,61,44,37.05,61.195,43.99,029.678723404255322,7.200319148936174,018.685531914893616
1769577296.504668,185.75372862815857,37,61,44,37.05,61.19,43.995,029.678723404255322,7.195319148936171,018.68053191489362
1769577296.554534,185.8037188053131,37,61,44,37.05,61.185,44.0,029.678723404255322,7.190319148936176,018.675531914893618
1769577296.612202,185.86128997802734,37,61,44,37.05,61.18,44.005,029.678723404255322,7.185319148936173,018.670531914893616
1769577296.6678212,185.91701674461365,37,61,45,37.05,61.175,44.015,029.678723404255322,7.180319148936171,018.660531914893618
1769577296.718343,185.9674677848816,38,61,45,37.055,61.17,44.025,029.67372340425532,7.175319148936175,018.65053191489362
1769577296.767454,186.01665997505188,37,61,44,37.055,61.165,44.03,029.67372340425532,7.170319148936173,018.645531914893617
1769577296.82016,186.06933975219727,37,61,44,37.055,61.16,44.035,029.67372340425532,7.16531914893617,018.64053191489362
1769577296.872301,186.1214747428894,37,61,44,37.055,61.155,44.04,029.67372340425532,7.160319148936175,018.63553191489362
1769577296.926503,186.17568159103394,37,61,44,37.055,61.15,44.045,029.67372340425532,7.155319148936172,018.630531914893616
1769577296.98179,186.23086071014404,37,61,44,37.055,61.145,44.05,029.67372340425532,7.150319148936177,018.62553191489362
1769577297.042209,186.29126381874084,37,61,44,37.055,61.14,44.055,029.67372340425532,7.145319148936174,018.62053191489362
1769577297.0483031,186.29728364944458,37,61,44,37.055,61.135,44.06,029.67372340425532,7.140319148936172,018.615531914893616
1769577297.109546,186.35837388038635,37,61,44,37.055,61.13,44.065,029.67372340425532,7.135319148936176,018.61053191489362
1769577297.1665149,186.41544389724731,37,61,44,37.055,61.125,44.07,029.67372340425532,7.130319148936174,018.605531914893618
1769577297.218914,186.4681737422943,37,61,44,37.055,61.12,44.075,029.67372340425532,7.125319148936171,018.600531914893615
1769577297.2721238,186.52127265930176,37,61,44,37.055,61.115,44.08,029.67372340425532,7.120319148936176,018.59553191489362
1769577297.3263261,186.57550072669983,37,61,44,37.055,61.11,44.085,029.67372340425532,7.115319148936173,018.590531914893617
1769577297.385889,186.63510394096375,37,61,44,37.055,61.105,44.09,029.67372340425532,7.110319148936171,018.585531914893615
1769577297.43806,186.68723368644714,37,61,44,37.055,61.1,44.095,029.67372340425532,7.105319148936175,018.58053191489362
1769577297.488523,186.73771595954895,36,61,43,37.05,61.095,44.095,029.678723404255322,7.1003191489361726,018.58053191489362
1769577297.541982,186.79113864898682,36,61,43,37.045,61.09,44.095,029.683723404255318,7.095319148936177,018.58053191489362
1769577297.548396,186.79757475852966,37,61,44,37.045,61.085,44.1,029.683723404255318,7.0903191489361745,018.575531914893617
1769577297.599309,186.84853982925415,37,61,44,37.045,61.08,44.105,029.683723404255318,7.085319148936172,018.57053191489362
1769577297.6512032,186.9003939628601,37,61,44,37.05,61.075,44.11,029.678723404255322,7.0803191489361765,018.56553191489362
1769577297.703261,186.95239186286926,37,61,44,37.05,61.07,44.115,029.678723404255322,7.075319148936174,018.560531914893616
1769577297.762482,187.01145482063293,37,61,44,37.05,61.065,44.12,029.678723404255322,7.070319148936171,018.55553191489362
1769577297.819097,187.0682497024536,37,61,44,37.05,61.06,44.125,029.678723404255322,7.065319148936176,018.550531914893618
1769577297.871996,187.1211588382721,37,61,43,37.05,61.055,44.125,029.678723404255322,7.060319148936173,018.550531914893618
1769577297.920595,187.16970491409302,37,61,44,37.05,61.05,44.13,029.678723404255322,7.055319148936171,018.545531914893616
1769577297.972713,187.2219169139862,37,61,44,37.05,61.045,44.135,029.678723404255322,7.050319148936175,018.54053191489362
1769577298.026957,187.27614283561707,37,61,44,37.05,61.04,44.14,029.678723404255322,7.045319148936173,018.535531914893618
1769577298.077384,187.32657480239868,38,61,45,37.055,61.035,44.15,029.67372340425532,7.04031914893617,018.52553191489362
1769577298.129109,187.3782877922058,38,60,45,37.06,61.025,44.16,029.668723404255317,7.030319148936172,018.51553191489362
1769577298.182268,187.43141198158264,38,61,45,37.065,61.02,44.17,029.66372340425532,7.025319148936177,018.505531914893616
1769577298.237309,187.48650074005127,37,61,44,37.065,61.015,44.175,029.66372340425532,7.020319148936174,018.50053191489362
1769577298.2926831,187.5415768623352,37,61,44,37.065,61.01,44.18,029.66372340425532,7.015319148936172,018.49553191489362
1769577298.349626,187.5984547138214,38,61,44,37.07,61.005,44.185,029.65872340425532,7.010319148936176,018.490531914893616
1769577298.4025931,187.65183067321777,38,61,45,37.075,61.005,44.195,029.653723404255317,7.010319148936176,018.480531914893618
1769577298.4542441,187.70343780517578,38,61,45,37.08,61.0,44.205,029.64872340425532,7.005319148936174,018.47053191489362
1769577298.5071979,187.7563829421997,38,60,45,37.085,60.99,44.215,029.64372340425532,6.995319148936176,018.460531914893615
1769577298.560621,187.80976366996765,38,60,45,37.09,60.98,44.225,029.638723404255316,6.985319148936171,018.450531914893617
1769577298.613049,187.86221480369568,38,60,45,37.095,60.975,44.235,029.63372340425532,6.980319148936175,018.44053191489362
1769577298.66688,187.916033744812,38,60,45,37.1,60.965,44.245,029.628723404255318,6.970319148936177,018.43053191489362
1769577298.717773,187.9669919013977,38,60,45,37.105,60.955,44.255,029.623723404255323,6.960319148936172,018.420531914893616
1769577298.769151,188.01808381080627,38,60,45,37.11,60.945,44.265,029.61872340425532,6.950319148936174,018.410531914893618
1769577298.8239412,188.07307386398315,39,60,46,37.12,60.935,44.28,029.608723404255322,6.940319148936176,018.395531914893617
1769577298.8782878,188.12743878364563,39,60,46,37.13,60.93,44.29,029.598723404255317,6.935319148936173,018.38553191489362
1769577298.933826,188.1830096244812,39,60,46,37.14,60.925,44.3,029.58872340425532,6.930319148936171,018.37553191489362
1769577298.985514,188.23467874526978,39,60,46,37.15,60.92,44.31,029.57872340425532,6.925319148936175,018.365531914893616
1769577299.038882,188.28809189796448,39,60,46,37.16,60.915,44.32,029.568723404255323,6.920319148936173,018.355531914893618
1769577299.0891562,188.33830666542053,39,60,46,37.17,60.91,44.33,029.558723404255318,6.91531914893617,018.34553191489362
1769577299.142011,188.39116978645325,39,60,46,37.18,60.905,44.34,029.54872340425532,6.910319148936175,018.335531914893615
1769577299.1469948,188.3962938785553,39,60,46,37.19,60.9,44.35,029.53872340425532,6.905319148936172,018.325531914893617
1769577299.198307,188.44748878479004,39,60,46,37.2,60.895,44.36,029.528723404255317,6.900319148936177,018.31553191489362
1769577299.250349,188.4993736743927,39,60,46,37.21,60.89,44.37,029.51872340425532,6.895319148936174,018.30553191489362
1769577299.304081,188.5531976222992,39,60,46,37.215,60.885,44.38,029.513723404255316,6.890319148936172,018.295531914893616
1769577299.3561978,188.605406999588,39,60,46,37.225,60.88,44.39,029.503723404255318,6.885319148936176,018.285531914893618
1769577299.409261,188.65845465660095,39,60,46,37.235,60.875,44.4,029.49372340425532,6.880319148936174,018.27553191489362
1769577299.462456,188.7116448879242,39,60,46,37.245,60.87,44.41,029.483723404255322,6.875319148936171,018.26553191489362
1769577299.51251,188.7615418434143,39,60,46,37.25,60.865,44.42,029.47872340425532,6.870319148936176,018.255531914893616
1769577299.5611079,188.81027579307556,39,60,46,37.255,60.86,44.43,029.473723404255317,6.865319148936173,018.24553191489362
1769577299.613634,188.86278176307678,39,60,46,37.26,60.855,44.44,029.46872340425532,6.860319148936171,018.23553191489362
1769577299.6698098,188.9189887046814,39,60,46,37.265,60.85,44.45,029.46372340425532,6.855319148936175,018.225531914893615
1769577299.7265432,188.97564578056335,39,60,46,37.27,60.845,44.46,029.458723404255316,6.8503191489361726,018.215531914893617
1769577299.780972,189.03006887435913,39,60,46,37.275,60.84,44.47,029.45372340425532,6.845319148936177,018.20553191489362
1769577299.836663,189.08577680587769,39,60,46,37.28,60.835,44.48,029.44872340425532,6.8403191489361745,018.19553191489362
1769577299.8972201,189.14629459381104,39,60,46,37.285,60.83,44.485,029.443723404255323,6.835319148936172,018.19053191489362
1769577299.951637,189.2008466720581,40,59,47,37.295,60.82,44.495,029.433723404255318,6.825319148936174,018.18053191489362
1769577300.005056,189.25412678718567,40,59,48,37.305,60.81,44.51,029.42372340425532,6.815319148936176,018.16553191489362
1769577300.0601542,189.30928587913513,40,59,47,37.315,60.8,44.52,029.41372340425532,6.805319148936171,018.155531914893615
1769577300.1134741,189.36267280578613,40,59,47,37.325,60.79,44.53,029.403723404255317,6.795319148936173,018.145531914893617
1769577300.1661959,189.41538786888123,40,59,47,37.335,60.78,44.54,029.39372340425532,6.785319148936175,018.13553191489362
1769577300.226398,189.47548270225525,40,59,47,37.345,60.77,44.55,029.38372340425532,6.775319148936177,018.12553191489362
1769577300.281779,189.5308997631073,40,59,47,37.355,60.76,44.56,029.373723404255323,6.765319148936172,018.115531914893616
1769577300.33393,189.58315682411194,40,59,47,37.365,60.75,44.57,029.363723404255317,6.755319148936174,018.105531914893618
1769577300.38363,189.63273286819458,40,59,48,37.375,60.74,44.585,029.35372340425532,6.745319148936176,018.090531914893617
1769577300.435335,189.68447995185852,40,59,48,37.385,60.73,44.6,029.34372340425532,6.735319148936171,018.075531914893617
1769577300.493784,189.7429597377777,40,59,48,37.395,60.72,44.615,029.333723404255316,6.7253191489361726,018.060531914893616
1769577300.548372,189.79753589630127,40,59,48,37.405,60.71,44.63,029.32372340425532,6.7153191489361745,018.045531914893616
1769577300.6026392,189.85176181793213,40,59,48,37.415,60.7,44.645,029.31372340425532,6.7053191489361765,018.030531914893615
1769577300.660207,189.90942788124084,40,59,48,37.425,60.695,44.66,029.303723404255322,6.700319148936174,018.01553191489362
1769577300.711156,189.96035885810852,40,59,48,37.435,60.685,44.675,029.293723404255317,6.690319148936176,018.00053191489362
1769577300.763798,190.01300883293152,40,59,48,37.445,60.675,44.69,029.28372340425532,6.680319148936171,017.98553191489362
1769577300.816512,190.06565284729004,40,59,48,37.455,60.665,44.705,029.27372340425532,6.670319148936173,017.97053191489362
1769577300.870972,190.12015676498413,40,59,48,37.465,60.655,44.72,029.263723404255316,6.660319148936175,017.95553191489362
1769577300.923265,190.172367811203,40,59,48,37.475,60.645,44.735,029.253723404255318,6.650319148936177,017.94053191489362
1769577300.973519,190.2227189540863,41,59,48,37.49,60.635,44.75,029.238723404255317,6.640319148936172,017.925531914893618
1769577301.0255558,190.2747368812561,41,59,48,37.505,60.625,44.765,029.223723404255317,6.630319148936174,017.910531914893618
1769577301.078549,190.32777070999146,41,59,48,37.52,60.62,44.78,029.208723404255316,6.625319148936171,017.895531914893617
1769577301.127371,190.3765687942505,41,59,49,37.535,60.61,44.8,029.193723404255323,6.615319148936173,017.87553191489362
1769577301.1765819,190.4257378578186,41,59,49,37.55,60.6,44.82,029.178723404255322,6.605319148936175,017.855531914893618
1769577301.2290509,190.47814989089966,41,59,49,37.565,60.59,44.84,029.16372340425532,6.595319148936177,017.835531914893615
1769577301.2792928,190.5285177230835,41,59,49,37.58,60.58,44.86,029.14872340425532,6.585319148936172,017.81553191489362
1769577301.332491,190.58160161972046,41,59,49,37.595,60.57,44.88,029.13372340425532,6.575319148936174,017.795531914893616
1769577301.387229,190.63639664649963,41,59,49,37.61,60.56,44.9,029.11872340425532,6.565319148936176,017.77553191489362
1769577301.440911,190.69008374214172,41,58,49,37.625,60.545,44.92,029.10372340425532,6.550319148936175,017.755531914893616
1769577301.493561,190.74273085594177,41,58,49,37.64,60.53,44.94,029.08872340425532,6.535319148936175,017.73553191489362
1769577301.548043,190.7971167564392,41,59,49,37.655,60.52,44.96,029.07372340425532,6.525319148936177,017.715531914893617
1769577301.605536,190.8546895980835,41,59,49,37.67,60.51,44.98,029.058723404255318,6.515319148936172,017.69553191489362
1769577301.6607969,190.90989685058594,41,58,49,37.69,60.495,45.0,029.03872340425532,6.500319148936171,017.675531914893618
1769577301.71181,190.96104884147644,41,58,49,37.71,60.48,45.025,029.01872340425532,6.485319148936171,017.65053191489362
1769577301.762614,191.01159572601318,41,58,49,37.73,60.465,45.05,028.998723404255323,6.470319148936177,017.62553191489362
1769577301.8119302,191.06110382080078,41,58,49,37.75,60.45,45.075,028.97872340425532,6.4553191489361765,017.600531914893615
1769577301.864083,191.11325788497925,41,58,49,37.765,60.435,45.095,028.96372340425532,6.440319148936176,017.58053191489362
1769577301.91892,191.16814374923706,41,58,49,37.785,60.42,45.115,028.943723404255323,6.425319148936175,017.560531914893616
1769577301.969415,191.21861672401428,41,58,49,37.805,60.405,45.14,028.92372340425532,6.410319148936175,017.535531914893618
1769577302.020371,191.26954293251038,41,58,49,37.825,60.39,45.165,028.903723404255317,6.395319148936174,017.51053191489362
1769577302.074073,191.32320070266724,41,58,50,37.845,60.375,45.195,028.88372340425532,6.380319148936174,017.480531914893618
1769577302.135394,191.3845398426056,41,58,50,37.86,60.36,45.22,028.86872340425532,6.365319148936173,017.45553191489362
1769577302.1889658,191.4381628036499,41,58,49,37.875,60.35,45.24,028.85372340425532,6.355319148936175,017.435531914893616
1769577302.2388659,191.48790383338928,41,58,50,37.895,60.335,45.265,028.833723404255316,6.3403191489361745,017.410531914893618
1769577302.292154,191.54121494293213,41,58,50,37.915,60.32,45.295,028.81372340425532,6.325319148936174,017.380531914893616
1769577302.298029,191.54715180397034,41,58,50,37.935,60.305,45.325,028.793723404255317,6.310319148936173,017.350531914893615
1769577302.352385,191.60144686698914,41,58,50,37.955,60.29,45.355,028.77372340425532,6.295319148936173,017.32053191489362
1769577302.4043012,191.65352988243103,41,58,50,37.975,60.275,45.385,028.753723404255318,6.280319148936172,017.29053191489362
1769577302.454868,191.70402264595032,41,58,50,37.995,60.26,45.415,028.733723404255322,6.265319148936172,017.26053191489362
1769577302.508755,191.75785374641418,41,58,49,38.015,60.245,45.44,028.71372340425532,6.250319148936171,017.23553191489362
1769577302.5675619,191.81655287742615,41,58,49,38.035,60.23,45.465,028.693723404255323,6.235319148936171,017.210531914893615
1769577302.617724,191.8669056892395,41,58,50,38.055,60.215,45.495,028.67372340425532,6.220319148936177,017.18053191489362
1769577302.674676,191.92383480072021,41,58,50,38.075,60.2,45.525,028.653723404255317,6.2053191489361765,017.15053191489362
1769577302.729443,191.9786298274994,41,58,50,38.095,60.185,45.555,028.63372340425532,6.190319148936176,017.12053191489362
1769577302.782677,192.03190970420837,41,58,50,38.115,60.17,45.58,028.613723404255317,6.175319148936175,017.09553191489362
1769577302.834563,192.08362984657288,41,58,50,38.135,60.155,45.605,028.59372340425532,6.160319148936175,017.07053191489362
1769577302.883334,192.13244795799255,41,58,50,38.155,60.14,45.63,028.57372340425532,6.145319148936174,017.045531914893616
1769577302.9345548,192.1837387084961,41,58,50,38.175,60.125,45.655,028.553723404255322,6.130319148936174,017.020531914893617
1769577302.98994,192.23914861679077,41,58,49,38.195,60.115,45.675,028.53372340425532,6.120319148936176,017.00053191489362
1769577303.042379,192.29142093658447,41,58,50,38.215,60.1,45.7,028.513723404255316,6.105319148936175,016.975531914893615
1769577303.047543,192.29668974876404,41,58,50,38.235,60.085,45.725,028.49372340425532,6.0903191489361745,016.950531914893617
1769577303.0977979,192.34695887565613,41,58,50,38.255,60.07,45.75,028.473723404255317,6.075319148936174,016.925531914893618
1769577303.1476521,192.39687490463257,41,58,50,38.275,60.055,45.775,028.45372340425532,6.060319148936173,016.90053191489362
1769577303.198786,192.44802379608154,42,58,51,38.3,60.045,45.805,028.428723404255322,6.050319148936175,016.87053191489362
1769577303.253527,192.50235795974731,41,58,50,38.32,60.03,45.83,028.40872340425532,6.035319148936175,016.84553191489362
1769577303.320639,192.56957387924194,41,58,50,38.34,60.015,45.86,028.388723404255316,6.020319148936174,016.81553191489362
1769577303.418668,192.66636276245117,41,58,50,38.36,60.0,45.89,028.36872340425532,6.005319148936174,016.785531914893618
1769577303.484421,192.73356080055237,42,58,51,38.385,59.985,45.925,028.34372340425532,5.990319148936173,016.75053191489362
1769577303.5423648,192.79149961471558,42,58,51,38.41,59.97,45.96,028.318723404255323,5.9753191489361726,016.715531914893617
1769577303.548178,192.79621767997742,41,58,50,38.43,59.955,45.99,028.29872340425532,5.960319148936172,016.685531914893616
1769577303.598954,192.84817099571228,41,58,50,38.45,59.94,46.02,028.278723404255317,5.945319148936171,016.655531914893615
1769577303.648701,192.8979136943817,41,58,50,38.47,59.925,46.05,028.25872340425532,5.930319148936171,016.62553191489362
1769577303.697821,192.94704675674438,41,58,50,38.49,59.91,46.08,028.238723404255317,5.91531914893617,016.59553191489362
1769577303.7508428,193.00005459785461,41,58,51,38.51,59.895,46.115,028.21872340425532,5.900319148936177,016.560531914893616
1769577303.804296,193.05351567268372,41,58,51,38.53,59.88,46.15,028.19872340425532,5.885319148936176,016.52553191489362
1769577303.8564548,193.1056456565857,41,58,51,38.555,59.865,46.185,028.17372340425532,5.870319148936176,016.490531914893616
1769577303.9153101,193.1644847393036,41,57,51,38.58,59.845,46.225,028.14872340425532,5.8503191489361726,016.450531914893617
1769577303.971033,193.22004890441895,42,57,51,38.61,59.825,46.265,028.11872340425532,5.8303191489361765,016.410531914893618
1769577304.021504,193.27072262763977,42,57,51,38.635,59.805,46.3,028.09372340425532,5.810319148936173,016.37553191489362
1769577304.073395,193.3225657939911,41,57,51,38.655,59.785,46.335,028.07372340425532,5.79031914893617,016.340531914893617
1769577304.1254551,193.37461972236633,42,57,51,38.68,59.765,46.37,028.04872340425532,5.770319148936174,016.30553191489362
1769577304.1771798,193.42641687393188,42,57,51,38.705,59.745,46.405,028.02372340425532,5.750319148936171,016.270531914893617
1769577304.2289212,193.47814679145813,42,57,51,38.735,59.725,46.44,027.99372340425532,5.730319148936175,016.23553191489362
1769577304.284278,193.5332589149475,42,57,51,38.765,59.705,46.475,027.96372340425532,5.710319148936172,016.200531914893617
1769577304.342589,193.59178686141968,42,57,51,38.795,59.685,46.515,027.933723404255318,5.690319148936176,016.160531914893618
1769577304.398079,193.6472568511963,42,57,51,38.825,59.665,46.555,027.903723404255317,5.670319148936173,016.12053191489362
1769577304.449305,193.69846296310425,42,57,52,38.855,59.645,46.6,027.873723404255323,5.650319148936177,016.075531914893617
1769577304.502239,193.7514407634735,42,57,52,38.88,59.625,46.64,027.848723404255317,5.630319148936174,016.035531914893618
1769577304.555269,193.8044879436493,42,57,52,38.905,59.605,46.68,027.82372340425532,5.610319148936171,015.995531914893618
1769577304.609955,193.85917377471924,42,57,52,38.93,59.585,46.72,027.79872340425532,5.5903191489361745,015.95553191489362
1769577304.664124,193.91336178779602,42,57,52,38.955,59.565,46.76,027.77372340425532,5.570319148936171,015.91553191489362
1769577304.716953,193.96616673469543,42,57,51,38.985,59.545,46.8,027.74372340425532,5.550319148936175,015.875531914893621
1769577304.767603,194.01683568954468,42,57,52,39.015,59.525,46.84,027.71372340425532,5.530319148936172,015.835531914893615
1769577304.816577,194.0657548904419,42,57,52,39.045,59.505,46.88,027.683723404255318,5.510319148936176,015.795531914893616
1769577304.868289,194.1174087524414,42,57,52,39.07,59.485,46.92,027.65872340425532,5.490319148936173,015.755531914893616
1769577304.9223528,194.17144966125488,43,57,52,39.1,59.465,46.96,027.628723404255318,5.470319148936177,015.715531914893617
1769577304.978125,194.2271888256073,42,57,52,39.13,59.445,47.0,027.598723404255317,5.450319148936174,015.675531914893618
1769577305.030984,194.2802028656006,42,57,52,39.16,59.425,47.04,027.568723404255323,5.430319148936171,015.635531914893619
1769577305.0827332,194.3318908214569,42,57,52,39.19,59.405,47.08,027.53872340425532,5.410319148936175,015.59553191489362
1769577305.134131,194.38325381278992,42,57,52,39.22,59.385,47.12,027.50872340425532,5.390319148936172,015.55553191489362
1769577305.1844301,194.43359470367432,42,57,52,39.25,59.365,47.16,027.47872340425532,5.370319148936176,015.515531914893621
1769577305.236337,194.48554277420044,42,57,52,39.28,59.345,47.2,027.44872340425532,5.3503191489361726,015.475531914893615
1769577305.2866921,194.535897731781,42,57,52,39.305,59.325,47.24,027.42372340425532,5.3303191489361765,015.435531914893616
1769577305.335506,194.58467197418213,43,57,53,39.34,59.305,47.285,027.388723404255316,5.310319148936173,015.390531914893621
1769577305.387289,194.6365098953247,43,57,53,39.375,59.285,47.33,027.35372340425532,5.29031914893617,015.34553191489362
1769577305.440289,194.68952083587646,42,57,53,39.405,59.265,47.375,027.32372340425532,5.270319148936174,015.300531914893618
1769577305.492042,194.74122977256775,42,57,52,39.435,59.245,47.415,027.293723404255317,5.250319148936171,015.260531914893619
1769577305.4974048,194.74663090705872,42,57,53,39.465,59.225,47.46,027.263723404255316,5.230319148936175,015.215531914893617
1769577305.5482612,194.79738974571228,42,57,53,39.495,59.205,47.505,027.233723404255322,5.210319148936172,015.170531914893616
1769577305.6033669,194.85257482528687,42,57,52,39.525,59.185,47.545,027.20372340425532,5.190319148936176,015.130531914893616
1769577305.657642,194.9067838191986,43,56,53,39.56,59.16,47.59,027.168723404255317,5.16531914893617,015.085531914893615
1769577305.713995,194.96322584152222,43,56,53,39.595,59.135,47.635,027.13372340425532,5.140319148936172,015.04053191489362
1769577305.765188,195.0143928527832,42,57,53,39.625,59.115,47.68,027.10372340425532,5.120319148936176,014.995531914893618
1769577305.815937,195.06505489349365,42,57,53,39.655,59.095,47.725,027.07372340425532,5.1003191489361726,014.950531914893617
1769577305.868105,195.11729884147644,42,57,53,39.68,59.075,47.77,027.04872340425532,5.0803191489361765,014.905531914893615
1769577305.9203992,195.1695737838745,42,57,52,39.71,59.055,47.81,027.01872340425532,5.060319148936173,014.865531914893616
1769577305.971931,195.22093963623047,42,57,52,39.74,59.035,47.85,026.988723404255317,5.04031914893617,014.825531914893617
1769577306.028681,195.27757167816162,42,57,53,39.77,59.015,47.895,026.958723404255316,5.020319148936174,014.780531914893615
1769577306.0880818,195.3371398448944,42,57,53,39.8,58.995,47.94,026.928723404255322,5.000319148936171,014.73553191489362
1769577306.144099,195.3932158946991,42,57,52,39.83,58.975,47.98,026.89872340425532,4.980319148936175,014.695531914893621
1769577306.198134,195.4472827911377,42,57,52,39.855,58.955,48.02,026.873723404255323,4.960319148936172,014.655531914893615
1769577306.247318,195.49655079841614,42,57,52,39.88,58.935,48.06,026.848723404255317,4.940319148936176,014.615531914893616
1769577306.2994502,195.54865169525146,42,57,53,39.905,58.915,48.105,026.82372340425532,4.920319148936173,014.570531914893621
1769577306.355189,195.60407090187073,42,57,53,39.93,58.895,48.15,026.79872340425532,4.900319148936177,014.52553191489362
1769577306.417273,195.66625475883484,42,57,52,39.955,58.875,48.19,026.77372340425532,4.880319148936174,014.48553191489362
1769577306.4785678,195.72778391838074,42,57,52,39.98,58.855,48.23,026.748723404255323,4.860319148936171,014.445531914893621
1769577306.5293162,195.7785029411316,42,57,52,40.005,58.835,48.27,026.723723404255317,4.8403191489361745,014.405531914893615
1769577306.5805519,195.8296639919281,42,57,52,40.03,58.815,48.31,026.69872340425532,4.820319148936171,014.365531914893616
1769577306.631766,195.88092279434204,42,57,52,40.055,58.795,48.35,026.67372340425532,4.800319148936175,014.325531914893617
1769577306.689458,195.93854594230652,42,57,53,40.08,58.775,48.395,026.64872340425532,4.780319148936172,014.280531914893615
1769577306.744732,195.9939248561859,42,57,53,40.105,58.755,48.44,026.623723404255323,4.760319148936176,014.23553191489362
1769577306.7975092,196.04680681228638,42,57,52,40.13,58.735,48.48,026.598723404255317,4.740319148936173,014.195531914893621
1769577306.848834,196.09783291816711,42,57,52,40.155,58.715,48.52,026.57372340425532,4.720319148936177,014.155531914893615
1769577306.9011588,196.15031480789185,42,57,52,40.18,58.695,48.56,026.54872340425532,4.700319148936174,014.115531914893616
1769577306.957603,196.20673084259033,42,57,52,40.205,58.675,48.6,026.52372340425532,4.680319148936171,014.075531914893617
1769577307.009593,196.25880479812622,42,57,53,40.23,58.655,48.645,026.498723404255323,4.660319148936175,014.030531914893615
1769577307.063433,196.3125777244568,42,57,53,40.255,58.635,48.685,026.473723404255317,4.640319148936172,013.990531914893616
1769577307.116915,196.36611461639404,42,56,53,40.275,58.61,48.725,026.45372340425532,4.615319148936173,013.950531914893617
1769577307.17194,196.42109894752502,42,57,53,40.3,58.59,48.77,026.428723404255322,4.595319148936177,013.905531914893615
1769577307.221549,196.47073984146118,42,57,52,40.325,58.57,48.81,026.403723404255317,4.575319148936174,013.865531914893616
1769577307.274678,196.52389097213745,42,57,52,40.35,58.55,48.85,026.378723404255318,4.555319148936171,013.825531914893617
1769577307.332869,196.58195781707764,42,57,52,40.375,58.53,48.89,026.35372340425532,4.535319148936175,013.785531914893618
1769577307.38638,196.63558292388916,42,57,52,40.4,58.51,48.93,026.32872340425532,4.515319148936172,013.745531914893618
1769577307.4382,196.6874029636383,42,57,52,40.425,58.49,48.97,026.303723404255322,4.495319148936176,013.70553191489362
1769577307.48769,196.73688578605652,42,57,53,40.45,58.47,49.015,026.278723404255317,4.4753191489361726,013.660531914893618
1769577307.535997,196.78519678115845,42,57,52,40.475,58.45,49.055,026.253723404255318,4.4553191489361765,013.620531914893618
1769577307.58785,196.8367896080017,42,57,52,40.5,58.43,49.095,026.22872340425532,4.435319148936173,013.58053191489362
1769577307.641129,196.8902609348297,42,57,53,40.525,58.41,49.14,026.20372340425532,4.41531914893617,013.535531914893618
1769577307.699724,196.94889187812805,42,57,53,40.55,58.39,49.185,026.178723404255322,4.395319148936174,013.490531914893616
1769577307.760899,197.00620579719543,42,57,52,40.575,58.37,49.225,026.153723404255317,4.375319148936171,013.450531914893617
1769577307.814968,197.06421184539795,42,57,52,40.6,58.35,49.265,026.128723404255318,4.355319148936175,013.410531914893618
1769577307.866785,197.1159737110138,42,56,53,40.625,58.325,49.31,026.10372340425532,4.3303191489361765,013.365531914893616
1769577307.91991,197.16907477378845,42,57,53,40.655,58.305,49.36,026.07372340425532,4.310319148936173,013.315531914893619
1769577307.977521,197.2262978553772,42,57,53,40.685,58.285,49.41,026.043723404255317,4.29031914893617,013.265531914893621
1769577308.03121,197.28031182289124,42,57,52,40.71,58.265,49.45,026.01872340425532,4.270319148936174,013.225531914893615
1769577308.0832388,197.3324339389801,42,57,53,40.735,58.245,49.495,025.99372340425532,4.250319148936171,013.18053191489362
1769577308.137154,197.38634276390076,42,57,53,40.76,58.225,49.54,025.96872340425532,4.230319148936175,013.135531914893619
1769577308.19075,197.4399287700653,42,56,53,40.785,58.2,49.585,025.943723404255323,4.2053191489361765,013.090531914893617
1769577308.2446668,197.4938519001007,42,56,53,40.81,58.175,49.63,025.918723404255317,4.180319148936171,013.045531914893616
1769577308.298819,197.54803681373596,42,56,53,40.835,58.15,49.675,025.89372340425532,4.155319148936172,013.000531914893621
1769577308.349825,197.5989487171173,42,56,53,40.86,58.125,49.725,025.86872340425532,4.130319148936174,012.950531914893617
1769577308.4000902,197.64934182167053,42,56,53,40.885,58.1,49.77,025.84372340425532,4.105319148936175,012.905531914893615
1769577308.451381,197.70040774345398,42,56,53,40.91,58.075,49.815,025.818723404255323,4.0803191489361765,012.86053191489362
1769577308.5108428,197.7599537372589,42,57,52,40.935,58.055,49.855,025.793723404255317,4.060319148936173,012.820531914893621
1769577308.571706,197.82080793380737,42,57,53,40.955,58.035,49.895,025.77372340425532,4.04031914893617,012.780531914893615
1769577308.628103,197.87732362747192,42,56,53,40.975,58.015,49.935,025.753723404255318,4.020319148936174,012.740531914893616
1769577308.678271,197.92743682861328,42,56,53,40.995,57.99,49.975,025.733723404255322,3.9953191489361757,012.700531914893617
1769577308.7273269,197.9765486717224,42,56,53,41.02,57.965,50.02,025.708723404255316,3.970319148936177,012.655531914893615
1769577308.776343,198.02551174163818,42,56,53,41.045,57.94,50.065,025.683723404255318,3.9453191489361714,012.61053191489362
1769577308.827583,198.07664680480957,42,56,53,41.065,57.915,50.11,025.66372340425532,3.920319148936173,012.565531914893619
1769577308.879955,198.12915182113647,42,56,53,41.085,57.89,50.15,025.64372340425532,3.8953191489361743,012.52553191489362
1769577308.9305978,198.1798038482666,42,56,53,41.105,57.865,50.19,025.623723404255323,3.8703191489361757,012.48553191489362
1769577308.984719,198.2339346408844,42,56,53,41.125,57.845,50.23,025.60372340425532,3.8503191489361726,012.445531914893621
1769577309.035622,198.2848207950592,42,56,54,41.145,57.825,50.275,025.583723404255316,3.8303191489361765,012.40053191489362
1769577309.092918,198.34198474884033,43,56,54,41.17,57.805,50.32,025.558723404255318,3.8103191489361734,012.355531914893618
1769577309.152315,198.4013659954071,43,56,54,41.195,57.785,50.365,025.53372340425532,3.7903191489361703,012.310531914893616
1769577309.204007,198.45313096046448,43,56,54,41.22,57.765,50.41,025.50872340425532,3.7703191489361743,012.265531914893621
1769577309.259923,198.50914978981018,43,56,54,41.245,57.745,50.455,025.483723404255322,3.750319148936171,012.22053191489362
1769577309.310548,198.5596055984497,43,56,54,41.265,57.725,50.495,025.46372340425532,3.730319148936175,012.18053191489362
1769577309.363303,198.61248779296875,43,56,54,41.285,57.705,50.535,025.443723404255323,3.710319148936172,012.140531914893621
1769577309.412687,198.66184973716736,43,56,54,41.305,57.685,50.575,025.42372340425532,3.690319148936176,012.100531914893615
1769577309.4623911,198.71161484718323,43,56,54,41.325,57.665,50.615,025.403723404255317,3.670319148936173,012.060531914893616
1769577309.5160298,198.76497793197632,43,56,54,41.345,57.645,50.655,025.38372340425532,3.650319148936177,012.020531914893617
1769577309.5687108,198.8178849220276,43,56,54,41.365,57.625,50.695,025.363723404255317,3.6303191489361737,011.980531914893618
1769577309.62224,198.87128567695618,43,56,54,41.385,57.605,50.735,025.34372340425532,3.6103191489361706,011.940531914893619
1769577309.678536,198.92774081230164,43,56,55,41.405,57.585,50.78,025.32372340425532,3.5903191489361745,011.895531914893617
1769577309.7317061,198.98091578483582,43,56,55,41.425,57.565,50.825,025.303723404255322,3.5703191489361714,011.850531914893615
1769577309.7829602,199.03197979927063,43,56,55,41.445,57.545,50.87,025.28372340425532,3.5503191489361754,011.80553191489362
1769577309.8316748,199.0808629989624,43,56,55,41.465,57.525,50.915,025.263723404255316,3.5303191489361723,011.760531914893619
1769577309.883935,199.1331467628479,43,56,55,41.485,57.505,50.96,025.24372340425532,3.5103191489361762,011.715531914893617
1769577309.9359832,199.1850438117981,43,56,55,41.505,57.485,51.005,025.223723404255317,3.490319148936173,011.670531914893616
1769577309.988199,199.23731184005737,43,56,55,41.525,57.465,51.05,025.20372340425532,3.470319148936177,011.625531914893621
1769577310.039892,199.28907179832458,43,56,55,41.545,57.445,51.095,025.183723404255318,3.450319148936174,011.58053191489362
1769577310.0918431,199.34105587005615,43,56,55,41.565,57.425,51.14,025.16372340425532,3.430319148936171,011.535531914893618
1769577310.096651,199.34588861465454,43,55,55,41.585,57.4,51.185,025.14372340425532,3.4053191489361723,011.490531914893616
1769577310.148617,199.3978307247162,44,55,56,41.61,57.375,51.235,025.11872340425532,3.3803191489361737,011.440531914893619
1769577310.2043872,199.45344066619873,44,55,56,41.635,57.35,51.285,025.09372340425532,3.355319148936175,011.390531914893621
1769577310.2631109,199.51229691505432,44,55,55,41.66,57.325,51.33,025.068723404255323,3.3303191489361765,011.34553191489362
1769577310.316054,199.56506395339966,43,55,55,41.68,57.3,51.375,025.04872340425532,3.305319148936171,011.300531914893618
1769577310.365561,199.61478185653687,44,55,56,41.705,57.275,51.425,025.02372340425532,3.2803191489361723,011.250531914893621
1769577310.4148622,199.66405081748962,44,55,56,41.725,57.255,51.47,025.003723404255318,3.2603191489361762,011.20553191489362
1769577310.463976,199.71316766738892,44,55,56,41.745,57.235,51.51,024.983723404255322,3.240319148936173,011.16553191489362
1769577310.5148711,199.76407766342163,44,55,56,41.765,57.215,51.555,024.96372340425532,3.220319148936177,011.120531914893618
1769577310.567929,199.81709957122803,44,55,56,41.785,57.195,51.6,024.943723404255323,3.200319148936174,011.075531914893617
1769577310.624436,199.8735008239746,44,55,56,41.805,57.175,51.645,024.92372340425532,3.180319148936171,011.030531914893615
1769577310.684866,199.93396091461182,44,55,57,41.825,57.155,51.695,024.903723404255317,3.160319148936175,010.980531914893618
1769577310.748241,199.99738478660583,44,55,57,41.845,57.135,51.745,024.88372340425532,3.1403191489361717,010.93053191489362
1769577310.801763,200.05094981193542,44,55,57,41.865,57.115,51.795,024.863723404255317,3.1203191489361757,010.880531914893616
1769577310.8518558,200.10104775428772,44,55,56,41.885,57.095,51.835,024.84372340425532,3.1003191489361726,010.840531914893617
1769577310.900845,200.150004863739,44,55,57,41.905,57.075,51.88,024.82372340425532,3.0803191489361765,010.795531914893616
1769577310.9529889,200.20218873023987,45,55,57,41.93,57.055,51.925,024.79872340425532,3.0603191489361734,010.750531914893621
1769577311.006158,200.25540375709534,44,55,57,41.95,57.035,51.97,024.778723404255317,3.0403191489361703,010.70553191489362
1769577311.0553029,200.30450987815857,44,55,57,41.97,57.015,52.015,024.75872340425532,3.0203191489361743,010.660531914893618
1769577311.105505,200.35467863082886,44,55,57,41.99,56.995,52.06,024.738723404255317,3.000319148936171,010.615531914893616
1769577311.158066,200.40704679489136,45,55,57,42.015,56.975,52.105,024.71372340425532,2.980319148936175,010.570531914893621
1769577311.208479,200.45767664909363,45,54,58,42.04,56.95,52.155,024.68872340425532,2.9553191489361765,010.520531914893617
1769577311.260778,200.5099105834961,45,55,57,42.065,56.93,52.2,024.66372340425532,2.9353191489361734,010.475531914893615
1769577311.312041,200.5609836578369,45,55,58,42.09,56.91,52.25,024.638723404255316,2.9153191489361703,010.425531914893618
1769577311.3643022,200.6135139465332,45,55,57,42.115,56.89,52.295,024.613723404255317,2.8953191489361743,010.380531914893616
1769577311.415033,200.66424083709717,45,55,58,42.135,56.87,52.345,024.59372340425532,2.875319148936171,010.33053191489362
1769577311.467575,200.7167649269104,45,55,58,42.155,56.85,52.395,024.57372340425532,2.855319148936175,010.280531914893615
1769577311.5181491,200.76732063293457,45,55,57,42.175,56.83,52.44,024.553723404255322,2.835319148936172,010.23553191489362
1769577311.569203,200.8183958530426,45,55,58,42.195,56.81,52.485,024.53372340425532,2.815319148936176,010.190531914893619
1769577311.62004,200.86914372444153,45,54,58,42.215,56.785,52.53,024.513723404255316,2.7903191489361703,010.145531914893617
1769577311.675401,200.9244737625122,45,54,58,42.235,56.76,52.575,024.49372340425532,2.7653191489361717,010.100531914893615
1769577311.72756,200.976637840271,45,54,58,42.255,56.735,52.62,024.473723404255317,2.740319148936173,010.05553191489362
1769577311.778839,201.02803564071655,45,54,58,42.275,56.71,52.665,024.45372340425532,2.7153191489361745,010.010531914893619
1769577311.8320901,201.0813319683075,45,54,58,42.295,56.685,52.71,024.433723404255318,2.690319148936176,09.965531914893617
1769577311.8837729,201.1328797340393,45,54,58,42.315,56.665,52.755,024.41372340425532,2.670319148936173,09.920531914893616
1769577311.9352992,201.18443870544434,45,54,58,42.335,56.645,52.8,024.39372340425532,2.650319148936177,09.875531914893621
1769577311.996696,201.24554181098938,45,54,58,42.355,56.62,52.845,024.373723404255323,2.625319148936171,09.83053191489362
1769577312.053246,201.30234479904175,45,54,58,42.375,56.595,52.89,024.35372340425532,2.6003191489361726,09.785531914893618
1769577312.103229,201.35239577293396,45,54,58,42.395,56.575,52.935,024.333723404255316,2.5803191489361765,09.740531914893616
1769577312.154424,201.4036247730255,45,54,58,42.415,56.555,52.98,024.31372340425532,2.5603191489361734,09.695531914893621
1769577312.205512,201.45468187332153,45,54,58,42.435,56.535,53.025,024.293723404255317,2.5403191489361703,09.65053191489362
1769577312.260687,201.5098056793213,45,55,57,42.455,56.52,53.065,024.27372340425532,2.525319148936177,09.61053191489362
1769577312.317021,201.56619596481323,45,54,58,42.475,56.5,53.11,024.253723404255318,2.5053191489361737,09.565531914893619
1769577312.3656561,201.6148657798767,45,54,58,42.495,56.48,53.155,024.233723404255322,2.4853191489361706,09.520531914893617
1769577312.415952,201.66508078575134,45,54,58,42.515,56.46,53.2,024.21372340425532,2.4653191489361745,09.475531914893615
1769577312.4685209,201.71769380569458,45,54,58,42.535,56.44,53.245,024.193723404255323,2.4453191489361714,09.43053191489362
1769577312.5208042,201.7700138092041,44,54,58,42.55,56.42,53.285,024.178723404255322,2.4253191489361754,09.390531914893621
1769577312.5726342,201.82183289527893,45,54,58,42.57,56.4,53.325,024.15872340425532,2.4053191489361723,09.350531914893615
1769577312.626532,201.87540578842163,45,54,58,42.59,56.38,53.37,024.138723404255316,2.3853191489361762,09.30553191489362
1769577312.680022,201.929212808609,44,55,57,42.605,56.365,53.405,024.123723404255323,2.3703191489361757,09.270531914893617
1769577312.731377,201.98054456710815,44,55,57,42.62,56.35,53.44,024.108723404255322,2.355319148936175,09.23553191489362
1769577312.782263,202.03146862983704,45,54,58,42.64,56.33,53.48,024.08872340425532,2.335319148936172,09.195531914893621
1769577312.8325062,202.08169865608215,45,54,58,42.66,56.31,53.52,024.068723404255323,2.315319148936176,09.155531914893615
1769577312.885112,202.1343057155609,45,54,58,42.68,56.29,53.56,024.04872340425532,2.295319148936173,09.115531914893616
1769577312.9382038,202.18739461898804,44,54,58,42.695,56.27,53.6,024.03372340425532,2.275319148936177,09.075531914893617
1769577312.990261,202.23948860168457,45,54,58,42.715,56.25,53.645,024.013723404255316,2.2553191489361737,09.030531914893615
1769577313.040262,202.2894446849823,45,54,58,42.735,56.23,53.69,023.99372340425532,2.2353191489361706,08.98553191489362
1769577313.099092,202.34803581237793,45,54,58,42.755,56.21,53.73,023.973723404255317,2.2153191489361745,08.945531914893621
1769577313.156152,202.40535283088684,45,54,58,42.775,56.19,53.77,023.95372340425532,2.1953191489361714,08.905531914893615
1769577313.205428,202.4546217918396,45,54,58,42.795,56.17,53.81,023.933723404255318,2.1753191489361754,08.865531914893616
1769577313.253237,202.5024437904358,45,54,58,42.815,56.15,53.85,023.91372340425532,2.1553191489361723,08.825531914893617
1769577313.301606,202.55081272125244,45,54,58,42.835,56.13,53.89,023.89372340425532,2.1353191489361762,08.785531914893618
1769577313.350646,202.59978866577148,45,54,58,42.855,56.11,53.93,023.873723404255323,2.115319148936173,08.745531914893618
1769577313.398897,202.64808988571167,45,54,58,42.875,56.09,53.97,023.85372340425532,2.095319148936177,08.70553191489362
1769577313.4487748,202.69797682762146,45,54,58,42.895,56.07,54.015,023.833723404255316,2.075319148936174,08.660531914893618
1769577313.503841,202.7530198097229,45,54,58,42.915,56.05,54.055,023.81372340425532,2.055319148936171,08.620531914893618
1769577313.5570078,202.80619382858276,45,54,58,42.935,56.03,54.095,023.793723404255317,2.035319148936175,08.58053191489362
1769577313.608591,202.85776281356812,45,54,58,42.955,56.01,54.135,023.77372340425532,2.0153191489361717,08.54053191489362
1769577313.660444,202.90937781333923,45,54,58,42.975,55.99,54.175,023.753723404255318,1.9953191489361757,08.500531914893621
1769577313.7131689,202.9623806476593,45,54,58,42.99,55.97,54.21,023.738723404255317,1.9753191489361726,08.465531914893617
1769577313.766376,203.0155258178711,45,54,58,43.01,55.95,54.25,023.71872340425532,1.9553191489361765,08.425531914893618
1769577313.817909,203.06708788871765,45,54,58,43.03,55.93,54.29,023.69872340425532,1.9353191489361734,08.385531914893619
1769577313.869889,203.11875772476196,45,54,58,43.05,55.91,54.33,023.678723404255322,1.9153191489361703,08.34553191489362
1769577313.9213598,203.17059183120728,45,54,58,43.065,55.89,54.365,023.66372340425532,1.8953191489361743,08.310531914893616
1769577313.973183,203.22234582901,45,54,59,43.08,55.87,54.405,023.64872340425532,1.8753191489361711,08.270531914893617
1769577314.025482,203.27470779418945,45,54,58,43.1,55.85,54.445,023.628723404255318,1.855319148936175,08.230531914893618
1769577314.0769448,203.32612562179565,45,54,58,43.12,55.83,54.485,023.608723404255322,1.835319148936172,08.190531914893619
1769577314.130626,203.3798327445984,45,54,59,43.14,55.81,54.53,023.58872340425532,1.815319148936176,08.145531914893617
1769577314.184992,203.43413090705872,45,54,59,43.16,55.79,54.575,023.568723404255323,1.7953191489361728,08.100531914893615
1769577314.2403898,203.48957061767578,45,54,58,43.18,55.77,54.61,023.54872340425532,1.7753191489361768,08.065531914893619
1769577314.2950609,203.54424285888672,45,54,58,43.2,55.75,54.645,023.528723404255317,1.7553191489361737,08.030531914893615
1769577314.3475,203.59660863876343,44,54,58,43.215,55.73,54.68,023.513723404255316,1.7353191489361706,07.995531914893618
1769577314.3978581,203.6468915939331,44,54,58,43.23,55.715,54.715,023.498723404255323,1.720319148936177,07.960531914893615
1769577314.447254,203.69649362564087,44,55,57,43.24,55.705,54.745,023.488723404255317,1.710319148936172,07.930531914893621
1769577314.4985971,203.74762082099915,44,55,57,43.25,55.695,54.775,023.47872340425532,1.700319148936174,07.9005319148936195
1769577314.549935,203.7991166114807,44,55,57,43.265,55.685,54.805,023.46372340425532,1.690319148936176,07.870531914893618
1769577314.604507,203.85360479354858,44,54,57,43.275,55.67,54.835,023.45372340425532,1.6753191489361754,07.840531914893617
1769577314.665309,203.914080619812,44,55,57,43.285,55.66,54.865,023.443723404255323,1.6653191489361703,07.810531914893616
1769577314.719828,203.9690387248993,44,54,58,43.295,55.645,54.9,023.433723404255318,1.6503191489361768,07.7755319148936195
1769577314.7710452,204.02018094062805,45,54,58,43.31,55.63,54.935,023.418723404255317,1.6353191489361762,07.740531914893616
1769577314.819783,204.06894993782043,44,55,57,43.32,55.62,54.965,023.40872340425532,1.6253191489361711,07.710531914893615
1769577314.868622,204.11782479286194,44,55,57,43.33,55.61,54.995,023.39872340425532,1.6153191489361731,07.680531914893621
1769577314.919831,204.16901087760925,44,55,57,43.34,55.6,55.02,023.388723404255316,1.605319148936175,07.655531914893615
1769577314.9702919,204.21950960159302,44,55,57,43.35,55.59,55.045,023.378723404255318,1.595319148936177,07.630531914893616
1769577315.026339,204.27551984786987,44,55,56,43.36,55.58,55.065,023.36872340425532,1.585319148936172,07.61053191489362
1769577315.0826619,204.33182072639465,44,55,57,43.37,55.57,55.09,023.358723404255322,1.575319148936174,07.585531914893615
1769577315.138749,204.3879017829895,44,55,57,43.38,55.56,55.115,023.348723404255317,1.565319148936176,07.560531914893616
1769577315.19202,204.44122695922852,44,55,56,43.39,55.55,55.14,023.33872340425532,1.5553191489361708,07.5355319148936175
1769577315.247689,204.49692964553833,43,55,56,43.395,55.54,55.16,023.333723404255316,1.5453191489361728,07.5155319148936215
1769577315.298659,204.5477728843689,44,55,56,43.405,55.53,55.18,023.32372340425532,1.5353191489361748,07.495531914893618
1769577315.351059,204.6002128124237,44,55,56,43.415,55.52,55.2,023.31372340425532,1.5253191489361768,07.475531914893615
1769577315.404333,204.65351390838623,44,55,56,43.42,55.51,55.22,023.308723404255318,1.5153191489361717,07.455531914893619
1769577315.455743,204.70497465133667,44,55,57,43.43,55.5,55.245,023.29872340425532,1.5053191489361737,07.430531914893621
1769577315.507273,204.7562849521637,44,55,57,43.44,55.49,55.27,023.28872340425532,1.4953191489361757,07.405531914893615
1769577315.5575879,204.80676579475403,43,55,56,43.445,55.48,55.29,023.28372340425532,1.4853191489361706,07.385531914893619
1769577315.6068249,204.8560357093811,43,55,56,43.45,55.47,55.31,023.278723404255317,1.4753191489361726,07.365531914893616
1769577315.657901,204.90711569786072,43,55,55,43.455,55.46,55.325,023.27372340425532,1.4653191489361745,07.350531914893615
1769577315.711236,204.96042275428772,43,55,55,43.46,55.45,55.34,023.26872340425532,1.4553191489361765,07.335531914893615
1769577315.765345,205.01454997062683,43,56,55,43.465,55.445,55.355,023.263723404255316,1.450319148936174,07.320531914893621
1769577315.818229,205.06733179092407,43,55,55,43.465,55.435,55.365,023.263723404255316,1.440319148936176,07.310531914893616
1769577315.870393,205.11962699890137,43,55,55,43.465,55.425,55.375,023.263723404255316,1.4303191489361708,07.300531914893618
1769577315.924605,205.17369675636292,43,55,55,43.47,55.415,55.385,023.25872340425532,1.4203191489361728,07.29053191489362
1769577315.980908,205.23008275032043,43,55,55,43.475,55.405,55.4,023.253723404255318,1.4103191489361748,07.2755319148936195
1769577316.033837,205.28302884101868,43,55,55,43.48,55.395,55.41,023.248723404255323,1.4003191489361768,07.2655319148936215
1769577316.085946,205.33507680892944,43,55,55,43.485,55.385,55.42,023.24372340425532,1.3903191489361717,07.255531914893616
1769577316.13956,205.3886318206787,43,55,55,43.49,55.375,55.435,023.238723404255317,1.3803191489361737,07.240531914893616
1769577316.196296,205.44525957107544,43,55,55,43.49,55.37,55.445,023.238723404255317,1.3753191489361711,07.230531914893618
1769577316.251136,205.50030279159546,43,55,55,43.49,55.365,55.455,023.238723404255317,1.3703191489361757,07.22053191489362
1769577316.30496,205.55415177345276,43,55,55,43.495,55.355,55.465,023.233723404255322,1.3603191489361706,07.210531914893615
1769577316.356304,205.60549473762512,43,56,55,43.5,55.35,55.475,023.22872340425532,1.355319148936175,07.200531914893617
1769577316.4064908,205.65559077262878,43,55,55,43.505,55.34,55.485,023.223723404255317,1.345319148936177,07.190531914893619
1769577316.456022,205.70522499084473,43,55,55,43.51,55.33,55.5,023.21872340425532,1.335319148936172,07.175531914893618
1769577316.5089478,205.7581467628479,43,56,55,43.515,55.325,55.515,023.21372340425532,1.3303191489361765,07.1605319148936175
1769577316.565117,205.8141667842865,43,56,54,43.52,55.32,55.52,023.208723404255316,1.325319148936174,07.155531914893615
1769577316.624394,205.87352180480957,43,56,55,43.525,55.315,55.53,023.20372340425532,1.3203191489361714,07.145531914893617
1769577316.679151,205.92837357521057,43,55,55,43.53,55.305,55.545,023.19872340425532,1.3103191489361734,07.130531914893616
1769577316.732759,205.98191690444946,43,55,55,43.535,55.295,55.56,023.193723404255323,1.3003191489361754,07.115531914893616
1769577316.783634,206.0327558517456,43,55,55,43.54,55.285,55.575,023.18872340425532,1.2903191489361703,07.100531914893615
1769577316.8367639,206.0859718322754,43,55,55,43.545,55.275,55.585,023.183723404255318,1.2803191489361723,07.090531914893617
1769577316.887431,206.13665080070496,43,56,55,43.55,55.27,55.595,023.178723404255322,1.2753191489361768,07.080531914893619
1769577316.9369442,206.18612098693848,43,56,54,43.555,55.265,55.605,023.17372340425532,1.2703191489361743,07.070531914893621
1769577316.988343,206.23753380775452,43,56,54,43.56,55.26,55.615,023.168723404255317,1.2653191489361717,07.060531914893616
1769577317.040225,206.28936386108398,43,56,54,43.565,55.255,55.625,023.16372340425532,1.2603191489361762,07.050531914893618
1769577317.091861,206.34097266197205,42,56,54,43.565,55.25,55.635,023.16372340425532,1.2553191489361737,07.04053191489362
1769577317.147926,206.39716291427612,43,56,54,43.57,55.245,55.645,023.15872340425532,1.2503191489361711,07.030531914893615
1769577317.1968682,206.44608068466187,43,56,55,43.575,55.24,55.655,023.153723404255317,1.2453191489361757,07.020531914893617
1769577317.247933,206.49705481529236,44,55,55,43.585,55.23,55.665,023.14372340425532,1.2353191489361706,07.010531914893619
1769577317.302628,206.5516438484192,44,55,55,43.595,55.22,55.68,023.13372340425532,1.2253191489361726,06.995531914893618
1769577317.356929,206.6060528755188,43,56,55,43.6,55.215,55.695,023.128723404255318,1.220319148936177,06.980531914893618
1769577317.405786,206.65484976768494,43,56,55,43.605,55.21,55.71,023.123723404255323,1.2153191489361745,06.965531914893617
1769577317.45562,206.7046627998352,43,56,54,43.61,55.205,55.72,023.11872340425532,1.210319148936172,06.955531914893619
1769577317.509801,206.7589466571808,43,56,54,43.615,55.2,55.725,023.113723404255317,1.2053191489361765,06.950531914893617
1769577317.567791,206.8168866634369,44,56,55,43.625,55.195,55.735,023.10372340425532,1.200319148936174,06.940531914893619
1769577317.622299,206.8714017868042,44,55,55,43.635,55.19,55.745,023.09372340425532,1.1953191489361714,06.930531914893621
1769577317.674617,206.92383480072021,43,56,55,43.64,55.185,55.755,023.08872340425532,1.190319148936176,06.9205319148936155
1769577317.727554,206.97674083709717,43,56,55,43.645,55.18,55.77,023.083723404255316,1.1853191489361734,06.905531914893615
1769577317.786272,207.0353877544403,44,56,55,43.655,55.175,55.785,023.07372340425532,1.1803191489361708,06.8905319148936215
1769577317.8431108,207.09226393699646,43,56,55,43.66,55.17,55.8,023.068723404255323,1.1753191489361754,06.875531914893621
1769577317.8974872,207.14666771888733,44,56,55,43.67,55.165,55.815,023.058723404255318,1.1703191489361728,06.86053191489362
1769577317.947617,207.19684195518494,44,56,55,43.68,55.16,55.83,023.04872340425532,1.1653191489361703,06.84553191489362
1769577317.999755,207.24897575378418,44,56,55,43.69,55.155,55.84,023.03872340425532,1.1603191489361748,06.835531914893615
1769577318.050814,207.2999927997589,44,56,55,43.7,55.15,55.855,023.028723404255317,1.1553191489361723,06.820531914893621
1769577318.103192,207.35207080841064,44,56,55,43.71,55.145,55.87,023.01872340425532,1.1503191489361768,06.805531914893621
1769577318.154423,207.40361881256104,44,56,55,43.72,55.14,55.88,023.00872340425532,1.1453191489361743,06.7955319148936155
1769577318.2050161,207.45417761802673,44,56,55,43.73,55.135,55.89,022.998723404255323,1.1403191489361717,06.7855319148936175
1769577318.2566662,207.5056939125061,44,56,55,43.74,55.13,55.905,022.988723404255317,1.1353191489361762,06.770531914893617
1769577318.30686,207.5560667514801,44,56,55,43.75,55.125,55.92,022.97872340425532,1.1303191489361737,06.755531914893616
1769577318.358082,207.60728192329407,44,56,55,43.76,55.125,55.93,022.96872340425532,1.1303191489361737,06.745531914893618
1769577318.4137568,207.6628496646881,44,56,55,43.77,55.12,55.94,022.958723404255316,1.1253191489361711,06.73553191489362
1769577318.47042,207.71956181526184,44,56,55,43.78,55.115,55.95,022.94872340425532,1.1203191489361757,06.725531914893615
1769577318.5236108,207.77273178100586,44,56,55,43.79,55.11,55.965,022.93872340425532,1.1153191489361731,06.710531914893615
1769577318.573515,207.8227026462555,44,56,55,43.8,55.105,55.975,022.928723404255322,1.1103191489361706,06.700531914893617
1769577318.629814,207.8789918422699,43,56,55,43.805,55.1,55.985,022.92372340425532,1.105319148936175,06.690531914893619
1769577318.685616,207.93475770950317,43,56,55,43.81,55.1,55.995,022.918723404255317,1.105319148936175,06.680531914893621
1769577318.738564,207.9877908229828,44,56,55,43.82,55.1,56.005,022.90872340425532,1.105319148936175,06.6705319148936155
1769577318.790978,208.040100812912,44,55,55,43.83,55.095,56.015,022.89872340425532,1.1003191489361726,06.6605319148936175
1769577318.797357,208.04645466804504,44,56,55,43.84,55.095,56.025,022.888723404255316,1.1003191489361726,06.6505319148936195
1769577318.848266,208.09721875190735,44,56,55,43.85,55.095,56.035,022.878723404255318,1.1003191489361726,06.6405319148936215
1769577318.901092,208.15022897720337,44,56,55,43.86,55.095,56.045,022.86872340425532,1.1003191489361726,06.630531914893616
1769577318.9579551,208.2071018218994,44,56,55,43.87,55.09,56.06,022.858723404255322,1.095319148936177,06.615531914893616
1769577319.013626,208.26283764839172,43,56,55,43.875,55.085,56.07,022.85372340425532,1.0903191489361745,06.605531914893618
1769577319.067053,208.31627678871155,43,56,55,43.88,55.085,56.08,022.848723404255317,1.0903191489361745,06.59553191489362
1769577319.119719,208.36890482902527,43,56,54,43.885,55.085,56.085,022.84372340425532,1.0903191489361745,06.590531914893617
1769577319.1745658,208.42378067970276,44,56,55,43.895,55.085,56.095,022.833723404255316,1.0903191489361745,06.580531914893619
1769577319.226743,208.47595691680908,44,56,55,43.905,55.085,56.105,022.82372340425532,1.0903191489361745,06.570531914893621
1769577319.2792902,208.52845168113708,44,56,55,43.915,55.085,56.115,022.81372340425532,1.0903191489361745,06.560531914893616
1769577319.333707,208.58289170265198,44,56,55,43.925,55.085,56.125,022.803723404255322,1.0903191489361745,06.550531914893618
1769577319.387564,208.63672876358032,44,56,55,43.935,55.085,56.135,022.793723404255317,1.0903191489361745,06.54053191489362
1769577319.441528,208.6907398700714,44,56,55,43.945,55.085,56.145,022.78372340425532,1.0903191489361745,06.530531914893615
1769577319.446134,208.69545078277588,44,56,55,43.955,55.085,56.15,022.77372340425532,1.0903191489361745,06.5255319148936195
1769577319.4987462,208.7479748725891,44,56,55,43.96,55.085,56.155,022.76872340425532,1.0903191489361745,06.520531914893617
1769577319.549095,208.7982726097107,43,56,55,43.96,55.085,56.16,022.76872340425532,1.0903191489361745,06.5155319148936215
1769577319.601163,208.85039472579956,43,56,55,43.96,55.085,56.165,022.76872340425532,1.0903191489361745,06.510531914893619
1769577319.6529129,208.9020218849182,43,56,55,43.96,55.085,56.17,022.76872340425532,1.0903191489361745,06.505531914893616
1769577319.70465,208.95384979248047,44,56,55,43.965,55.085,56.175,022.763723404255316,1.0903191489361745,06.500531914893621
1769577319.756716,209.0059037208557,43,56,55,43.965,55.085,56.18,022.763723404255316,1.0903191489361745,06.495531914893618
1769577319.8076742,209.05690169334412,43,56,55,43.965,55.085,56.185,022.763723404255316,1.0903191489361745,06.490531914893616
1769577319.859315,209.10853576660156,43,56,54,43.965,55.085,56.185,022.763723404255316,1.0903191489361745,06.490531914893616
1769577319.913215,209.16238069534302,43,56,55,43.965,55.085,56.19,022.763723404255316,1.0903191489361745,06.48553191489362
1769577319.96902,209.2182207107544,43,56,55,43.965,55.085,56.195,022.763723404255316,1.0903191489361745,06.480531914893618
1769577320.01966,209.26885890960693,43,56,55,43.965,55.085,56.2,022.763723404255316,1.0903191489361745,06.475531914893615
1769577320.068786,209.3180055618286,43,56,55,43.965,55.085,56.2,022.763723404255316,1.0903191489361745,06.475531914893615
1769577320.119373,209.36859965324402,44,56,55,43.97,55.085,56.2,022.75872340425532,1.0903191489361745,06.475531914893615
1769577320.172759,209.42175483703613,43,56,54,43.97,55.085,56.195,022.75872340425532,1.0903191489361745,06.480531914893618
1769577320.222917,209.47214889526367,43,56,54,43.97,55.085,56.19,022.75872340425532,1.0903191489361745,06.48553191489362
1769577320.2742069,209.5234386920929,43,56,54,43.97,55.085,56.185,022.75872340425532,1.0903191489361745,06.490531914893616
1769577320.3254771,209.57470178604126,43,56,55,43.97,55.085,56.185,022.75872340425532,1.0903191489361745,06.490531914893616
1769577320.375288,209.62441182136536,43,56,54,43.97,55.085,56.18,022.75872340425532,1.0903191489361745,06.495531914893618
1769577320.426868,209.67602372169495,43,56,54,43.97,55.085,56.175,022.75872340425532,1.0903191489361745,06.500531914893621
1769577320.480066,209.7292239665985,43,56,54,43.97,55.085,56.17,022.75872340425532,1.0903191489361745,06.505531914893616
1769577320.532449,209.78165197372437,43,56,54,43.97,55.09,56.165,022.75872340425532,1.095319148936177,06.510531914893619
1769577320.584435,209.83360981941223,43,56,54,43.965,55.095,56.155,022.763723404255316,1.1003191489361726,06.520531914893617
1769577320.633798,209.88302373886108,43,56,55,43.96,55.1,56.15,022.76872340425532,1.105319148936175,06.5255319148936195
1769577320.6834738,209.93260788917542,43,56,55,43.955,55.105,56.15,022.77372340425532,1.1103191489361706,06.5255319148936195
1769577320.73826,209.98730373382568,43,56,55,43.955,55.11,56.15,022.77372340425532,1.1153191489361731,06.5255319148936195
1769577320.7931101,210.04226565361023,43,56,54,43.95,55.115,56.14,022.778723404255317,1.1203191489361757,06.5355319148936175
1769577320.849486,210.09858989715576,43,56,54,43.945,55.12,56.13,022.78372340425532,1.1253191489361711,06.5455319148936155
1769577320.902658,210.15185260772705,43,56,55,43.94,55.125,56.125,022.78872340425532,1.1303191489361737,06.550531914893618
1769577320.954138,210.20327186584473,43,56,54,43.935,55.13,56.115,022.793723404255317,1.1353191489361762,06.560531914893616
1769577321.0017998,210.25108575820923,43,56,55,43.93,55.135,56.11,022.79872340425532,1.1403191489361717,06.565531914893619
1769577321.0505679,210.29969382286072,43,56,55,43.925,55.14,56.105,022.803723404255322,1.1453191489361743,06.570531914893621
1769577321.1114829,210.36024069786072,43,56,55,43.92,55.145,56.095,022.808723404255318,1.1503191489361768,06.580531914893619
1769577321.169749,210.41893196105957,43,56,55,43.915,55.15,56.085,022.81372340425532,1.1553191489361723,06.590531914893617
1769577321.222399,210.471599817276,43,55,55,43.91,55.15,56.075,022.818723404255323,1.1553191489361723,06.600531914893615
1769577321.270716,210.51988887786865,43,56,55,43.905,55.155,56.07,022.82372340425532,1.1603191489361748,06.605531914893618
1769577321.321185,210.5703408718109,43,56,54,43.9,55.16,56.055,022.82872340425532,1.1653191489361703,06.620531914893618
1769577321.376868,210.62603187561035,43,56,54,43.89,55.165,56.04,022.83872340425532,1.1703191489361728,06.635531914893619
1769577321.431617,210.68032884597778,43,56,55,43.885,55.17,56.03,022.84372340425532,1.1753191489361754,06.645531914893617
1769577321.4849842,210.73420071601868,43,56,54,43.88,55.175,56.015,022.848723404255317,1.1803191489361708,06.6605319148936175
1769577321.537285,210.78653979301453,43,56,54,43.875,55.18,56.0,022.85372340425532,1.1853191489361734,06.675531914893618
1769577321.588704,210.83792161941528,43,56,54,43.865,55.185,55.985,022.863723404255317,1.190319148936176,06.690531914893619
1769577321.644854,210.89378476142883,43,56,55,43.855,55.195,55.97,022.873723404255323,1.200319148936174,06.705531914893619
1769577321.6996212,210.94870400428772,43,56,54,43.845,55.2,55.955,022.88372340425532,1.2053191489361765,06.72053191489362
1769577321.7503629,210.99953889846802,43,56,54,43.835,55.205,55.935,022.89372340425532,1.210319148936172,06.740531914893616
1769577321.8041768,211.05331873893738,43,56,55,43.825,55.21,55.925,022.903723404255317,1.2153191489361745,06.750531914893621
1769577321.85886,211.108060836792,43,56,55,43.815,55.215,55.91,022.91372340425532,1.220319148936177,06.7655319148936215
1769577321.91324,211.16236877441406,43,56,54,43.805,55.22,55.89,022.92372340425532,1.2253191489361726,06.7855319148936175
1769577321.966024,211.21516489982605,43,56,55,43.795,55.225,55.88,022.933723404255318,1.230319148936175,06.7955319148936155
1769577322.015551,211.26481103897095,43,56,55,43.785,55.23,55.865,022.943723404255323,1.2353191489361706,06.810531914893616
1769577322.065753,211.31491780281067,43,56,55,43.775,55.24,55.85,022.95372340425532,1.2453191489361757,06.825531914893617
1769577322.1226501,211.37185096740723,43,55,55,43.765,55.245,55.835,022.96372340425532,1.2503191489361711,06.840531914893617
1769577322.178517,211.42768692970276,43,56,55,43.755,55.255,55.82,022.973723404255317,1.2603191489361762,06.855531914893618
1769577322.230409,211.47954273223877,43,56,55,43.745,55.265,55.805,022.983723404255322,1.2703191489361743,06.870531914893618
1769577322.281966,211.53114080429077,43,56,55,43.735,55.275,55.79,022.99372340425532,1.2803191489361723,06.885531914893619
1769577322.334375,211.58359289169312,43,55,55,43.725,55.28,55.775,023.003723404255318,1.2853191489361748,06.9005319148936195
1769577322.387847,211.63703989982605,43,55,55,43.715,55.285,55.76,023.013723404255316,1.2903191489361703,06.91553191489362
1769577322.4399722,211.68897581100464,43,55,55,43.705,55.29,55.745,023.02372340425532,1.2953191489361728,06.930531914893621
1769577322.490313,211.73949575424194,43,55,55,43.695,55.295,55.73,023.03372340425532,1.3003191489361754,06.945531914893621
1769577322.542811,211.79202890396118,43,55,55,43.685,55.3,55.715,023.043723404255317,1.3053191489361708,06.960531914893615
1769577322.5974212,211.8466455936432,43,55,55,43.675,55.305,55.7,023.053723404255322,1.3103191489361734,06.975531914893615
1769577322.6489768,211.89812564849854,43,55,55,43.665,55.31,55.685,023.06372340425532,1.315319148936176,06.990531914893616
1769577322.7031791,211.95230174064636,43,55,56,43.655,55.31,55.68,023.07372340425532,1.315319148936176,06.995531914893618
1769577322.76354,212.0124547481537,43,55,56,43.645,55.315,55.67,023.083723404255316,1.3203191489361714,07.005531914893616
1769577322.8156312,212.06482577323914,43,55,56,43.635,55.32,55.66,023.09372340425532,1.325319148936174,07.0155319148936215
1769577322.867669,212.1167697906494,43,55,56,43.625,55.325,55.65,023.10372340425532,1.3303191489361765,07.0255319148936195
1769577322.920941,212.17013478279114,43,55,55,43.615,55.33,55.635,023.113723404255317,1.335319148936172,07.04053191489362
1769577322.973119,212.22219276428223,43,55,55,43.61,55.335,55.62,023.11872340425532,1.3403191489361745,07.055531914893621
1769577323.027283,212.27647471427917,43,55,56,43.6,55.34,55.61,023.128723404255318,1.345319148936177,07.065531914893619
1769577323.084314,212.33342266082764,43,55,56,43.59,55.345,55.6,023.138723404255316,1.3503191489361726,07.075531914893617
1769577323.13755,212.38672375679016,43,55,56,43.585,55.345,55.595,023.14372340425532,1.3503191489361726,07.080531914893619
1769577323.194535,212.44367694854736,43,55,55,43.58,55.345,55.585,023.14872340425532,1.3503191489361726,07.090531914893617
1769577323.2464828,212.49566268920898,43,55,55,43.57,55.35,55.57,023.15872340425532,1.355319148936175,07.105531914893618
1769577323.2977002,212.54691886901855,43,55,55,43.56,55.355,55.555,023.168723404255317,1.3603191489361706,07.120531914893618
1769577323.346813,212.59610390663147,43,55,55,43.55,55.36,55.54,023.178723404255322,1.3653191489361731,07.135531914893619
1769577323.3978639,212.6471517086029,43,55,55,43.545,55.365,55.525,023.183723404255318,1.3703191489361757,07.1505319148936195
1769577323.447403,212.6965456008911,43,55,56,43.535,55.37,55.515,023.193723404255323,1.3753191489361711,07.1605319148936175
1769577323.504163,212.75313687324524,43,55,56,43.525,55.375,55.505,023.20372340425532,1.3803191489361737,07.1705319148936155
1769577323.559963,212.80910778045654,43,55,56,43.515,55.38,55.495,023.21372340425532,1.3853191489361762,07.180531914893621
1769577323.610739,212.8599338531494,43,55,55,43.505,55.385,55.48,023.223723404255317,1.3903191489361717,07.195531914893621
1769577323.660383,212.90964365005493,43,55,55,43.495,55.39,55.465,023.233723404255322,1.3953191489361743,07.210531914893615
1769577323.711278,212.96039986610413,42,55,55,43.48,55.395,55.45,023.248723404255323,1.4003191489361768,07.225531914893615
1769577323.765495,213.01470279693604,43,55,55,43.47,55.4,55.435,023.25872340425532,1.4053191489361723,07.240531914893616
1769577323.817918,213.0671238899231,43,55,55,43.46,55.405,55.42,023.26872340425532,1.4103191489361748,07.255531914893616
1769577323.867211,213.11638975143433,43,55,55,43.45,55.41,55.405,023.278723404255317,1.4153191489361703,07.270531914893617
1769577323.9186409,213.16786980628967,42,56,55,43.435,55.42,55.39,023.293723404255317,1.4253191489361754,07.2855319148936175
1769577323.97002,213.2192199230194,42,55,55,43.42,55.425,55.375,023.308723404255318,1.4303191489361708,07.300531914893618
1769577324.0246289,213.2737307548523,42,55,55,43.405,55.43,55.36,023.32372340425532,1.4353191489361734,07.315531914893619
1769577324.0761971,213.32543683052063,42,55,55,43.39,55.435,55.345,023.33872340425532,1.440319148936176,07.330531914893619
1769577324.127936,213.3771378993988,42,55,55,43.375,55.44,55.33,023.35372340425532,1.4453191489361714,07.34553191489362
1769577324.1804218,213.42965579032898,43,55,55,43.365,55.445,55.315,023.363723404255317,1.450319148936174,07.36053191489362
1769577324.23311,213.4822976589203,42,56,54,43.35,55.455,55.295,023.378723404255318,1.460319148936172,07.380531914893616
1769577324.281663,213.53081583976746,42,56,54,43.335,55.465,55.275,023.39372340425532,1.470319148936177,07.4005319148936195
1769577324.331209,213.5803656578064,42,56,54,43.32,55.475,55.255,023.40872340425532,1.480319148936175,07.4205319148936155
1769577324.3853781,213.6344928741455,42,56,54,43.305,55.485,55.235,023.42372340425532,1.4903191489361731,07.440531914893619
1769577324.435523,213.6847267150879,42,56,54,43.29,55.495,55.21,023.43872340425532,1.5003191489361711,07.465531914893617
1769577324.4875531,213.73674702644348,42,56,54,43.275,55.505,55.19,023.45372340425532,1.5103191489361762,07.48553191489362
1769577324.541147,213.79033660888672,42,56,54,43.26,55.515,55.17,023.46872340425532,1.5203191489361743,07.505531914893616
1769577324.546168,213.79541993141174,42,56,54,43.245,55.525,55.145,023.483723404255322,1.5303191489361723,07.530531914893615
1769577324.598251,213.847416639328,42,56,54,43.23,55.535,55.12,023.498723404255323,1.5403191489361703,07.555531914893621
1769577324.657668,213.90682697296143,42,56,54,43.215,55.545,55.1,023.513723404255316,1.5503191489361754,07.575531914893617
1769577324.710939,213.9601709842682,42,56,54,43.2,55.555,55.08,023.528723404255317,1.5603191489361734,07.59553191489362
1769577324.7606819,214.00990271568298,42,56,54,43.19,55.565,55.06,023.53872340425532,1.5703191489361714,07.615531914893616
1769577324.811489,214.06071782112122,41,56,53,43.175,55.575,55.035,023.553723404255322,1.5803191489361765,07.6405319148936215
1769577324.8658838,214.11503267288208,41,56,53,43.16,55.58,55.015,023.568723404255323,1.585319148936172,07.6605319148936175
1769577324.9168751,214.16600561141968,41,56,53,43.145,55.585,54.995,023.583723404255316,1.5903191489361745,07.680531914893621
1769577324.967499,214.21668577194214,41,56,53,43.13,55.59,54.975,023.598723404255317,1.595319148936177,07.700531914893617
1769577325.019047,214.26825070381165,41,56,53,43.115,55.6,54.955,023.613723404255317,1.605319148936175,07.72053191489362
1769577325.076721,214.32583498954773,41,56,53,43.1,55.605,54.935,023.628723404255318,1.6103191489361706,07.740531914893616
1769577325.128737,214.3777437210083,41,56,53,43.085,55.615,54.91,023.64372340425532,1.6203191489361757,07.7655319148936215
1769577325.183328,214.4325089454651,41,56,53,43.065,55.625,54.885,023.66372340425532,1.6303191489361737,07.79053191489362
1769577325.234765,214.48398995399475,41,56,53,43.05,55.63,54.865,023.678723404255322,1.6353191489361762,07.810531914893616
1769577325.284995,214.53418493270874,41,56,53,43.035,55.635,54.845,023.693723404255323,1.6403191489361717,07.830531914893619
1769577325.3407512,214.58992266654968,41,56,53,43.02,55.64,54.825,023.708723404255316,1.6453191489361743,07.850531914893615
1769577325.347162,214.5963499546051,41,56,53,43.005,55.645,54.805,023.723723404255317,1.6503191489361768,07.870531914893618
1769577325.398175,214.64734387397766,41,56,53,42.99,55.65,54.79,023.738723404255317,1.6553191489361723,07.885531914893619
1769577325.44936,214.69857668876648,41,56,53,42.975,55.655,54.77,023.753723404255318,1.6603191489361748,07.905531914893615
1769577325.5004532,214.7496497631073,40,56,52,42.955,55.66,54.745,023.77372340425532,1.6653191489361703,07.930531914893621
1769577325.551379,214.80061793327332,40,56,52,42.935,55.665,54.725,023.793723404255317,1.6703191489361728,07.950531914893617
1769577325.6020539,214.85125875473022,40,56,52,42.92,55.67,54.705,023.808723404255318,1.6753191489361754,07.97053191489362
1769577325.656045,214.9052608013153,40,56,52,42.9,55.675,54.685,023.82872340425532,1.6803191489361708,07.990531914893616
1769577325.7088661,214.95803689956665,40,56,52,42.88,55.68,54.665,023.848723404255317,1.6853191489361734,08.010531914893619
1769577325.762208,215.01143884658813,40,56,52,42.86,55.685,54.645,023.86872340425532,1.690319148936176,08.030531914893615
1769577325.8160589,215.06512475013733,40,56,52,42.84,55.69,54.62,023.888723404255316,1.6953191489361714,08.05553191489362
1769577325.877586,215.1265196800232,40,56,52,42.82,55.695,54.595,023.90872340425532,1.700319148936174,08.08053191489362
1769577325.93405,215.18322467803955,40,56,52,42.805,55.7,54.575,023.92372340425532,1.7053191489361765,08.100531914893615
1769577325.981751,215.23094868659973,40,56,52,42.79,55.705,54.555,023.93872340425532,1.710319148936172,08.120531914893618
1769577326.029492,215.27877283096313,40,56,52,42.775,55.71,54.54,023.95372340425532,1.7153191489361745,08.135531914893619
1769577326.077915,215.32715702056885,40,57,52,42.76,55.72,54.525,023.96872340425532,1.7253191489361726,08.15053191489362
1769577326.129877,215.37908482551575,40,56,52,42.745,55.72,54.51,023.983723404255322,1.7253191489361726,08.16553191489362
1769577326.1851919,215.43432760238647,41,56,53,42.735,55.725,54.5,023.99372340425532,1.730319148936175,08.175531914893618
1769577326.235918,215.4851095676422,40,56,52,42.72,55.73,54.485,024.00872340425532,1.7353191489361706,08.190531914893619
1769577326.285611,215.53482174873352,40,57,51,42.705,55.74,54.465,024.02372340425532,1.7453191489361757,08.210531914893615
1769577326.3373492,215.58659982681274,40,57,51,42.69,55.75,54.445,024.03872340425532,1.7553191489361737,08.230531914893618
1769577326.387744,215.63697481155396,40,57,52,42.675,55.76,54.43,024.053723404255322,1.7653191489361717,08.245531914893618
1769577326.43852,215.6876916885376,40,56,52,42.66,55.765,54.415,024.068723404255323,1.7703191489361743,08.260531914893619
1769577326.4882948,215.73750567436218,40,56,52,42.645,55.77,54.4,024.083723404255316,1.7753191489361768,08.27553191489362
1769577326.538553,215.787752866745,40,57,52,42.63,55.78,54.385,024.098723404255317,1.7853191489361748,08.29053191489362
1769577326.591584,215.84072494506836,40,57,52,42.615,55.79,54.37,024.113723404255317,1.7953191489361728,08.30553191489362
1769577326.647218,215.89630484580994,40,57,51,42.6,55.8,54.35,024.128723404255318,1.8053191489361708,08.325531914893617
1769577326.697321,215.94654273986816,40,57,52,42.585,55.805,54.335,024.14372340425532,1.8103191489361734,08.340531914893617
1769577326.747786,215.99700665473938,40,57,52,42.57,55.815,54.32,024.15872340425532,1.8203191489361714,08.355531914893618
1769577326.799306,216.04848790168762,40,57,51,42.555,55.825,54.3,024.17372340425532,1.8303191489361765,08.375531914893621
1769577326.850004,216.09919786453247,40,57,51,42.54,55.83,54.28,024.18872340425532,1.835319148936172,08.395531914893617
1769577326.899436,216.14863276481628,40,57,51,42.525,55.835,54.265,024.20372340425532,1.8403191489361745,08.410531914893618
1769577326.949263,216.19834280014038,40,56,52,42.51,55.835,54.25,024.21872340425532,1.8403191489361745,08.425531914893618
1769577326.998894,216.24812173843384,40,57,52,42.495,55.845,54.235,024.233723404255322,1.8503191489361726,08.440531914893619
1769577327.0500438,216.29924368858337,40,57,52,42.48,55.855,54.22,024.248723404255323,1.8603191489361706,08.45553191489362
1769577327.109515,216.3586938381195,40,57,52,42.465,55.865,54.205,024.263723404255316,1.8703191489361757,08.47053191489362
1769577327.164822,216.41400480270386,40,57,52,42.45,55.875,54.19,024.278723404255317,1.8803191489361737,08.48553191489362
1769577327.222805,216.4719808101654,40,57,52,42.435,55.88,54.175,024.293723404255317,1.8853191489361762,08.500531914893621
1769577327.276584,216.52577686309814,40,57,51,42.42,55.885,54.16,024.308723404255318,1.8903191489361717,08.515531914893621
1769577327.327638,216.5768437385559,40,57,52,42.405,55.89,54.15,024.32372340425532,1.8953191489361743,08.52553191489362
1769577327.377399,216.6266098022461,40,57,52,42.39,55.895,54.14,024.33872340425532,1.9003191489361768,08.535531914893618
1769577327.4280488,216.67721390724182,40,57,51,42.38,55.9,54.125,024.348723404255317,1.9053191489361723,08.550531914893618
1769577327.4784691,216.72772884368896,39,57,51,42.36,55.905,54.11,024.36872340425532,1.9103191489361748,08.565531914893619
1769577327.529707,216.77891778945923,40,57,52,42.345,55.91,54.095,024.38372340425532,1.9153191489361703,08.58053191489362
1769577327.582504,216.83163976669312,39,57,51,42.32,55.92,54.075,024.40872340425532,1.9253191489361754,08.600531914893615
1769577327.637124,216.88605880737305,39,57,51,42.295,55.93,54.055,024.433723404255318,1.9353191489361734,08.620531914893618
1769577327.6885388,216.93775582313538,39,57,52,42.275,55.935,54.04,024.45372340425532,1.940319148936176,08.635531914893619
1769577327.743801,216.99298477172852,40,57,52,42.26,55.94,54.025,024.46872340425532,1.9453191489361714,08.65053191489362
1769577327.796304,217.04547381401062,39,57,51,42.24,55.945,54.01,024.488723404255317,1.950319148936174,08.66553191489362
1769577327.84739,217.0963258743286,39,57,51,42.22,55.95,53.995,024.50872340425532,1.9553191489361765,08.68053191489362
1769577327.8989508,217.1481227874756,39,57,51,42.195,55.955,53.975,024.53372340425532,1.960319148936172,08.700531914893617
1769577327.947787,217.19697976112366,39,57,51,42.17,55.965,53.955,024.558723404255318,1.970319148936177,08.72053191489362
1769577328.000784,217.24972867965698,39,57,51,42.15,55.97,53.935,024.57872340425532,1.9753191489361726,08.740531914893616
1769577328.051994,217.301207780838,39,57,51,42.13,55.975,53.915,024.598723404255317,1.980319148936175,08.760531914893619
1769577328.104227,217.3533387184143,39,57,52,42.105,55.98,53.9,024.623723404255323,1.9853191489361706,08.77553191489362
1769577328.162661,217.41179871559143,39,57,51,42.085,55.985,53.88,024.64372340425532,1.9903191489361731,08.795531914893616
1769577328.2164428,217.46568870544434,39,57,51,42.06,55.99,53.86,024.668723404255317,1.9953191489361757,08.815531914893619
1769577328.26661,217.51568174362183,39,57,51,42.035,55.995,53.84,024.693723404255323,2.000319148936171,08.835531914893615
1769577328.3156931,217.56489086151123,39,56,52,42.01,55.995,53.825,024.71872340425532,2.000319148936171,08.850531914893615
1769577328.366536,217.61575293540955,39,56,52,41.985,55.995,53.81,024.74372340425532,2.000319148936171,08.865531914893616
1769577328.416266,217.66548681259155,39,57,51,41.96,56.0,53.79,024.76872340425532,2.0053191489361737,08.885531914893619
1769577328.4684632,217.71764469146729,39,56,52,41.935,56.0,53.775,024.793723404255317,2.0053191489361737,08.90053191489362
1769577328.5221472,217.7713599205017,39,57,51,41.91,56.005,53.755,024.818723404255323,2.0103191489361762,08.920531914893616
1769577328.5770829,217.82628989219666,39,57,51,41.885,56.01,53.735,024.84372340425532,2.0153191489361717,08.940531914893619
1769577328.6290371,217.87821078300476,39,56,52,41.86,56.01,53.72,024.86872340425532,2.0153191489361717,08.95553191489362
1769577328.6792388,217.92845487594604,39,57,51,41.835,56.015,53.7,024.89372340425532,2.0203191489361743,08.975531914893615
1769577328.7300942,217.97927498817444,39,57,51,41.81,56.02,53.68,024.918723404255317,2.025319148936177,08.995531914893618
1769577328.778989,218.02821969985962,39,57,51,41.785,56.025,53.66,024.943723404255323,2.0303191489361723,09.015531914893621
1769577328.829673,218.07889366149902,39,57,51,41.76,56.03,53.64,024.96872340425532,2.035319148936175,09.035531914893618
1769577328.882803,218.1315758228302,39,56,52,41.735,56.03,53.625,024.99372340425532,2.035319148936175,09.050531914893618
1769577328.9334788,218.182687997818,39,56,51,41.715,56.03,53.605,025.013723404255316,2.035319148936175,09.070531914893621
1769577328.985575,218.23479676246643,39,56,51,41.695,56.03,53.585,025.03372340425532,2.035319148936175,09.090531914893617
1769577329.039479,218.28855395317078,39,57,51,41.67,56.035,53.565,025.058723404255318,2.0403191489361703,09.11053191489362
1769577329.092351,218.3415277004242,39,57,51,41.645,56.045,53.545,025.083723404255316,2.0503191489361754,09.130531914893616
1769577329.146296,218.39550280570984,38,57,51,41.615,56.05,53.525,025.113723404255317,2.055319148936171,09.15053191489362
1769577329.1974661,218.44657158851624,39,56,51,41.59,56.05,53.505,025.138723404255316,2.055319148936171,09.170531914893616
1769577329.247752,218.49672603607178,39,56,52,41.565,56.05,53.49,025.16372340425532,2.055319148936171,09.185531914893616
1769577329.2985358,218.54775500297546,39,56,52,41.54,56.05,53.475,025.18872340425532,2.055319148936171,09.200531914893617
1769577329.3501902,218.59938097000122,40,56,52,41.525,56.05,53.46,025.20372340425532,2.055319148936171,09.215531914893617
1769577329.400013,218.6491038799286,39,56,52,41.505,56.05,53.445,025.223723404255317,2.055319148936171,09.230531914893618
1769577329.450421,218.69967579841614,39,56,52,41.485,56.05,53.435,025.24372340425532,2.055319148936171,09.240531914893616
1769577329.50249,218.75164794921875,39,56,52,41.46,56.05,53.42,025.26872340425532,2.055319148936171,09.255531914893616
1769577329.563206,218.81235885620117,39,56,52,41.435,56.05,53.405,025.293723404255317,2.055319148936171,09.270531914893617
1769577329.6198778,218.86904883384705,40,56,53,41.415,56.05,53.395,025.31372340425532,2.055319148936171,09.280531914893615
1769577329.672451,218.92166876792908,40,56,53,41.395,56.05,53.385,025.333723404255316,2.055319148936171,09.29053191489362
1769577329.7229419,218.97206091880798,39,56,52,41.37,56.05,53.37,025.358723404255322,2.055319148936171,09.30553191489362
1769577329.773207,219.02239060401917,39,56,52,41.345,56.05,53.355,025.38372340425532,2.055319148936171,09.320531914893621
1769577329.830826,219.07987093925476,39,56,52,41.32,56.05,53.34,025.40872340425532,2.055319148936171,09.335531914893615
1769577329.8829892,219.13221979141235,39,56,52,41.295,56.05,53.325,025.433723404255318,2.055319148936171,09.350531914893615
1769577329.9351602,219.1840000152588,39,56,52,41.275,56.05,53.31,025.45372340425532,2.055319148936171,09.365531914893616
1769577329.987682,219.2368860244751,40,56,52,41.26,56.05,53.295,025.46872340425532,2.055319148936171,09.380531914893616
1769577330.038495,219.28767585754395,40,56,52,41.245,56.05,53.28,025.483723404255322,2.055319148936171,09.395531914893617
1769577330.093843,219.34297585487366,39,56,52,41.22,56.05,53.265,025.50872340425532,2.055319148936171,09.410531914893618
1769577330.148339,219.39756393432617,39,56,52,41.2,56.05,53.25,025.528723404255317,2.055319148936171,09.425531914893618
1769577330.198049,219.44720578193665,39,56,52,41.18,56.05,53.235,025.54872340425532,2.055319148936171,09.440531914893619
1769577330.2481558,219.49738478660583,39,56,52,41.16,56.05,53.225,025.568723404255323,2.055319148936171,09.450531914893617
1769577330.300769,219.55000185966492,39,57,51,41.14,56.055,53.205,025.58872340425532,2.0603191489361734,09.47053191489362
1769577330.351125,219.60027074813843,40,56,52,41.125,56.055,53.19,025.60372340425532,2.0603191489361734,09.48553191489362
1769577330.403921,219.65316677093506,39,56,52,41.105,56.055,53.175,025.623723404255323,2.0603191489361734,09.500531914893621
1769577330.457935,219.70710563659668,39,57,51,41.085,56.06,53.155,025.64372340425532,2.065319148936176,09.520531914893617
1769577330.5111208,219.76026272773743,39,56,52,41.06,56.06,53.14,025.668723404255317,2.065319148936176,09.535531914893618
1769577330.560243,219.80941677093506,39,56,52,41.04,56.06,53.13,025.68872340425532,2.065319148936176,09.545531914893616
1769577330.610153,219.85935068130493,39,56,52,41.02,56.06,53.12,025.708723404255316,2.065319148936176,09.55553191489362
1769577330.6651971,219.91435980796814,39,56,52,41.0,56.06,53.11,025.72872340425532,2.065319148936176,09.565531914893619
1769577330.72035,219.9694848060608,39,57,51,40.98,56.065,53.09,025.748723404255323,2.0703191489361714,09.585531914893615
1769577330.771161,220.02037572860718,39,57,51,40.96,56.07,53.075,025.76872340425532,2.075319148936174,09.600531914893615
1769577330.824497,220.07371973991394,39,57,51,40.94,56.075,53.06,025.78872340425532,2.0803191489361765,09.615531914893616
1769577330.875658,220.12483096122742,39,57,51,40.92,56.08,53.045,025.808723404255318,2.085319148936172,09.630531914893616
1769577330.9286342,220.17776489257812,39,57,50,40.9,56.085,53.025,025.82872340425532,2.0903191489361745,09.65053191489362
1769577330.980437,220.22963881492615,39,57,51,40.88,56.09,53.01,025.848723404255317,2.095319148936177,09.66553191489362
1769577331.034629,220.283766746521,39,57,51,40.86,56.095,52.99,025.86872340425532,2.1003191489361726,09.685531914893616
1769577331.0939882,220.34306478500366,39,57,51,40.84,56.1,52.97,025.888723404255316,2.105319148936175,09.70553191489362
1769577331.150174,220.39937162399292,39,57,51,40.82,56.105,52.95,025.90872340425532,2.1103191489361706,09.725531914893615
1769577331.202726,220.4519398212433,39,57,51,40.8,56.11,52.935,025.928723404255322,2.115319148936173,09.740531914893616
1769577331.2550862,220.50429487228394,39,57,51,40.78,56.115,52.92,025.94872340425532,2.1203191489361757,09.755531914893616
1769577331.306262,220.555481672287,39,57,51,40.76,56.12,52.9,025.96872340425532,2.125319148936171,09.77553191489362
1769577331.356003,220.60524582862854,39,57,51,40.74,56.125,52.885,025.988723404255317,2.1303191489361737,09.79053191489362
1769577331.408705,220.65792679786682,40,56,52,40.725,56.125,52.87,026.003723404255318,2.1303191489361737,09.80553191489362
1769577331.460541,220.70975589752197,39,57,51,40.705,56.13,52.85,026.02372340425532,2.1353191489361762,09.825531914893617
1769577331.511669,220.7607958316803,39,57,51,40.685,56.135,52.83,026.043723404255317,2.1403191489361717,09.84553191489362
1769577331.562155,220.81135988235474,39,57,51,40.665,56.14,52.81,026.06372340425532,2.1453191489361743,09.865531914893616
1769577331.614583,220.86363792419434,39,57,51,40.645,56.15,52.79,026.083723404255316,2.1553191489361723,09.885531914893619
1769577331.6664279,220.91560864448547,39,57,50,40.625,56.155,52.765,026.10372340425532,2.160319148936175,09.910531914893618
1769577331.721854,220.97103881835938,39,57,50,40.605,56.16,52.745,026.123723404255323,2.1653191489361703,09.93053191489362
1769577331.7728682,221.02210474014282,39,57,51,40.585,56.165,52.73,026.14372340425532,2.170319148936173,09.945531914893621
1769577331.82235,221.07155680656433,39,57,51,40.565,56.17,52.71,026.16372340425532,2.1753191489361754,09.965531914893617
1769577331.8728268,221.12202286720276,39,57,50,40.545,56.175,52.69,026.183723404255318,2.180319148936171,09.98553191489362
1769577331.925459,221.1746428012848,39,57,51,40.525,56.18,52.675,026.20372340425532,2.1853191489361734,010.000531914893621
1769577331.9793012,221.22844076156616,39,57,51,40.505,56.185,52.66,026.223723404255317,2.190319148936176,010.015531914893621
1769577332.028511,221.27770280838013,39,57,51,40.485,56.19,52.64,026.24372340425532,2.1953191489361714,010.035531914893618
1769577332.077651,221.3268427848816,39,57,50,40.465,56.195,52.62,026.263723404255316,2.200319148936174,010.05553191489362
1769577332.1287239,221.37790489196777,39,57,50,40.445,56.2,52.6,026.28372340425532,2.2053191489361765,010.075531914893617
1769577332.179905,221.42912888526917,38,57,50,40.42,56.205,52.575,026.308723404255318,2.210319148936172,010.100531914893615
1769577332.233262,221.48247981071472,38,57,50,40.395,56.21,52.55,026.333723404255316,2.2153191489361745,010.125531914893621
1769577332.284318,221.5334436893463,38,57,50,40.37,56.215,52.53,026.358723404255322,2.220319148936177,010.145531914893617
1769577332.3389509,221.58808660507202,38,58,49,40.345,56.225,52.5,026.38372340425532,2.230319148936175,010.175531914893618
1769577332.396626,221.64585185050964,38,58,49,40.32,56.235,52.47,026.40872340425532,2.240319148936173,010.20553191489362
1769577332.445778,221.6950068473816,38,57,50,40.295,56.24,52.445,026.433723404255318,2.2453191489361757,010.230531914893618
1769577332.496724,221.74594688415527,39,57,50,40.275,56.25,52.42,026.45372340425532,2.2553191489361737,010.255531914893616
1769577332.547015,221.79627680778503,39,57,50,40.255,56.255,52.395,026.473723404255317,2.2603191489361762,010.280531914893615
1769577332.5963688,221.84563088417053,39,57,50,40.235,56.26,52.37,026.49372340425532,2.2653191489361717,010.30553191489362
1769577332.650461,221.89962482452393,39,57,50,40.215,56.265,52.345,026.513723404255316,2.2703191489361743,010.33053191489362
1769577332.700414,221.94961786270142,38,57,50,40.19,56.275,52.32,026.53872340425532,2.2803191489361723,010.355531914893618
1769577332.7507782,221.99992871284485,39,57,50,40.17,56.285,52.295,026.558723404255318,2.2903191489361703,010.380531914893616
1769577332.806705,222.055921792984,38,58,49,40.145,56.3,52.265,026.583723404255316,2.305319148936171,010.410531914893618
1769577332.85657,222.10575079917908,38,58,49,40.12,56.315,52.235,026.608723404255322,2.3203191489361714,010.440531914893619
1769577332.906443,222.1555757522583,39,57,50,40.1,56.325,52.21,026.628723404255318,2.3303191489361765,010.465531914893617
1769577332.958205,222.20742869377136,39,57,50,40.08,56.335,52.185,026.64872340425532,2.3403191489361745,010.490531914893616
1769577333.010109,222.2593469619751,38,58,49,40.055,56.35,52.155,026.67372340425532,2.355319148936175,010.520531914893617
1769577333.0619462,222.31113982200623,38,58,49,40.03,56.365,52.12,026.69872340425532,2.3703191489361757,010.55553191489362
1769577333.116317,222.3655366897583,38,58,49,40.005,56.38,52.085,026.723723404255317,2.3853191489361762,010.590531914893617
1769577333.165567,222.41478300094604,38,58,49,39.98,56.395,52.05,026.748723404255323,2.400319148936177,010.625531914893621
1769577333.216733,222.46591472625732,38,58,49,39.955,56.41,52.015,026.77372340425532,2.4153191489361703,010.660531914893618
1769577333.2703202,222.51951789855957,38,58,49,39.93,56.425,51.985,026.79872340425532,2.430319148936171,010.690531914893619
1769577333.321355,222.5705258846283,38,58,49,39.905,56.44,51.955,026.82372340425532,2.4453191489361714,010.72053191489362
1769577333.3700721,222.61923670768738,38,58,49,39.88,56.455,51.92,026.848723404255317,2.460319148936172,010.755531914893616
1769577333.4243069,222.6734538078308,38,58,49,39.855,56.47,51.885,026.873723404255323,2.4753191489361726,010.79053191489362
1769577333.479785,222.72899889945984,38,58,48,39.83,56.485,51.845,026.89872340425532,2.490319148936173,010.83053191489362
1769577333.532759,222.78194093704224,38,58,48,39.805,56.5,51.81,026.92372340425532,2.5053191489361737,010.865531914893616
1769577333.584434,222.8336887359619,38,58,48,39.78,56.515,51.775,026.94872340425532,2.5203191489361743,010.90053191489362
1769577333.635562,222.88473272323608,38,58,48,39.755,56.53,51.74,026.973723404255317,2.535319148936175,010.935531914893616
1769577333.691426,222.94063782691956,38,58,48,39.73,56.545,51.705,026.998723404255323,2.5503191489361754,010.97053191489362
1769577333.7479591,222.99718570709229,38,58,49,39.705,56.56,51.675,027.02372340425532,2.565319148936176,011.000531914893621
1769577333.799139,223.04838395118713,38,58,48,39.68,56.575,51.635,027.04872340425532,2.5803191489361765,011.04053191489362
1769577333.851014,223.1002607345581,38,58,48,39.655,56.59,51.595,027.07372340425532,2.595319148936177,011.08053191489362
1769577333.9014919,223.1506450176239,38,58,49,39.63,56.605,51.56,027.098723404255317,2.6103191489361706,011.115531914893616
1769577333.954653,223.20383477210999,38,58,48,39.605,56.62,51.525,027.123723404255323,2.625319148936171,011.15053191489362
1769577334.008383,223.2575056552887,38,58,48,39.58,56.635,51.49,027.14872340425532,2.6403191489361717,011.185531914893616
1769577334.062459,223.31154894828796,38,58,48,39.56,56.65,51.455,027.168723404255317,2.6553191489361723,011.22053191489362
1769577334.1160052,223.36521673202515,38,58,48,39.535,56.665,51.42,027.193723404255323,2.670319148936173,011.255531914893616
1769577334.169503,223.41870999336243,38,58,48,39.51,56.68,51.385,027.21872340425532,2.6853191489361734,011.29053191489362
1769577334.220771,223.46998381614685,38,58,48,39.485,56.695,51.35,027.24372340425532,2.700319148936174,011.325531914893617
1769577334.27175,223.5209777355194,38,58,48,39.465,56.705,51.315,027.263723404255316,2.710319148936172,011.36053191489362
1769577334.322967,223.5721538066864,38,58,48,39.445,56.72,51.28,027.28372340425532,2.7253191489361726,011.395531914893617
1769577334.375339,223.62449979782104,38,58,48,39.425,56.735,51.245,027.303723404255322,2.740319148936173,011.43053191489362
1769577334.4282649,223.67718195915222,38,58,48,39.405,56.75,51.21,027.32372340425532,2.7553191489361737,011.465531914893617
1769577334.486816,223.7359437942505,38,58,48,39.385,56.765,51.175,027.34372340425532,2.7703191489361743,011.500531914893621
1769577334.5406961,223.78976893424988,38,58,48,39.36,56.78,51.14,027.36872340425532,2.785319148936175,011.535531914893618
1769577334.5462651,223.79539585113525,38,58,48,39.34,56.79,51.11,027.388723404255316,2.795319148936173,011.565531914893619
1769577334.596264,223.84547090530396,38,58,48,39.32,56.8,51.08,027.40872340425532,2.805319148936171,011.59553191489362
1769577334.647796,223.89696264266968,38,58,49,39.3,56.81,51.055,027.428723404255322,2.815319148936176,011.620531914893618
1769577334.7011578,223.9503948688507,38,58,48,39.28,56.82,51.025,027.44872340425532,2.825319148936174,011.65053191489362
1769577334.75142,224.00043773651123,38,58,48,39.26,56.83,50.995,027.46872340425532,2.835319148936172,011.68053191489362
1769577334.801561,224.05075097084045,38,58,48,39.24,56.84,50.965,027.488723404255317,2.845319148936177,011.710531914893615
1769577334.852415,224.10160064697266,38,58,48,39.22,56.85,50.935,027.50872340425532,2.855319148936175,011.740531914893616
1769577334.9077811,224.1570019721985,38,58,48,39.2,56.86,50.905,027.528723404255317,2.865319148936173,011.770531914893617
1769577334.959044,224.20829272270203,38,58,48,39.18,56.87,50.875,027.54872340425532,2.875319148936171,011.800531914893618
1769577335.00829,224.25746893882751,38,58,48,39.16,56.88,50.845,027.568723404255323,2.8853191489361762,011.83053191489362
1769577335.063294,224.31238865852356,38,58,48,39.14,56.89,50.815,027.58872340425532,2.8953191489361743,011.86053191489362
1769577335.1191769,224.36838674545288,38,58,48,39.12,56.9,50.785,027.608723404255322,2.9053191489361723,011.890531914893621
1769577335.1712158,224.42035484313965,38,59,48,39.105,56.915,50.76,027.623723404255323,2.920319148936173,011.91553191489362
1769577335.222912,224.47209286689758,38,58,48,39.09,56.925,50.735,027.638723404255316,2.930319148936171,011.940531914893619
1769577335.2789178,224.52813386917114,38,58,48,39.075,56.935,50.71,027.653723404255317,2.940319148936176,011.965531914893617
1769577335.332147,224.5813980102539,38,58,48,39.06,56.945,50.685,027.668723404255317,2.950319148936174,011.990531914893616
1769577335.385227,224.63445472717285,38,58,48,39.045,56.955,50.66,027.683723404255318,2.960319148936172,012.015531914893621
1769577335.436971,224.68614673614502,38,58,48,39.03,56.965,50.635,027.69872340425532,2.970319148936177,012.04053191489362
1769577335.4904928,224.73966789245605,38,58,48,39.015,56.975,50.61,027.71372340425532,2.980319148936175,012.065531914893619
1769577335.495711,224.74492979049683,38,58,48,39.0,56.985,50.585,027.72872340425532,2.990319148936173,012.090531914893617
1769577335.546719,224.7959587574005,38,58,48,38.985,56.995,50.56,027.74372340425532,3.000319148936171,012.115531914893616
1769577335.5967062,224.84589385986328,38,58,48,38.97,57.005,50.535,027.75872340425532,3.0103191489361762,012.140531914893621
1769577335.6493492,224.89848971366882,38,58,48,38.955,57.015,50.51,027.77372340425532,3.0203191489361743,012.16553191489362
1769577335.7036889,224.9528787136078,38,58,48,38.94,57.025,50.485,027.78872340425532,3.0303191489361723,012.190531914893619
1769577335.759666,225.00885462760925,38,58,48,38.925,57.035,50.46,027.803723404255322,3.0403191489361703,012.215531914893617
1769577335.81166,225.06089186668396,38,58,48,38.91,57.045,50.435,027.818723404255323,3.0503191489361754,012.240531914893616
1769577335.8635678,225.11276388168335,38,59,48,38.9,57.06,50.415,027.82872340425532,3.065319148936176,012.260531914893619
1769577335.914816,225.1640157699585,38,59,48,38.89,57.075,50.395,027.83872340425532,3.0803191489361765,012.280531914893615
1769577335.965524,225.21464562416077,38,59,48,38.88,57.09,50.375,027.848723404255317,3.095319148936177,012.300531914893618
1769577336.017904,225.26709294319153,38,59,48,38.87,57.105,50.355,027.858723404255322,3.1103191489361706,012.320531914893621
1769577336.070163,225.31915068626404,38,59,48,38.86,57.12,50.335,027.86872340425532,3.125319148936171,012.340531914893617
1769577336.120575,225.36964297294617,38,59,48,38.85,57.135,50.315,027.878723404255318,3.1403191489361717,012.36053191489362
1769577336.1730828,225.4222526550293,38,59,48,38.84,57.15,50.295,027.888723404255316,3.1553191489361723,012.380531914893616
1769577336.226788,225.47596383094788,38,59,47,38.83,57.165,50.27,027.89872340425532,3.170319148936173,012.405531914893615
1769577336.281675,225.53060460090637,37,59,47,38.815,57.18,50.245,027.91372340425532,3.1853191489361734,012.43053191489362
1769577336.333359,225.5825388431549,37,58,48,38.8,57.19,50.225,027.928723404255322,3.1953191489361714,012.450531914893617
1769577336.387878,225.63710975646973,37,59,47,38.785,57.205,50.2,027.943723404255323,3.210319148936172,012.475531914893615
1769577336.437474,225.6866476535797,37,59,47,38.77,57.215,50.175,027.958723404255316,3.220319148936177,012.500531914893621
1769577336.487544,225.73674774169922,37,59,47,38.755,57.23,50.15,027.973723404255317,3.2353191489361706,012.52553191489362
1769577336.539676,225.7889049053192,37,59,47,38.735,57.245,50.12,027.99372340425532,3.250319148936171,012.55553191489362
1769577336.589867,225.83907461166382,37,59,47,38.72,57.26,50.095,028.00872340425532,3.2653191489361717,012.58053191489362
1769577336.63822,225.88741278648376,37,59,47,38.705,57.27,50.075,028.02372340425532,3.275319148936177,012.600531914893615
1769577336.690998,225.939945936203,37,59,47,38.69,57.28,50.055,028.03872340425532,3.285319148936175,012.620531914893618
1769577336.695749,225.94500303268433,37,59,47,38.675,57.29,50.03,028.053723404255322,3.295319148936173,012.645531914893617
1769577336.748375,225.99758982658386,37,59,47,38.66,57.305,50.005,028.068723404255323,3.3103191489361734,012.670531914893616
1769577336.8016489,226.05086374282837,37,59,47,38.645,57.32,49.98,028.083723404255316,3.325319148936174,012.695531914893621
1769577336.853376,226.10248494148254,37,59,47,38.63,57.33,49.955,028.098723404255317,3.335319148936172,012.72053191489362
1769577336.9057732,226.1549687385559,37,59,47,38.615,57.34,49.93,028.113723404255317,3.345319148936177,012.745531914893618
1769577336.958368,226.2075207233429,37,59,48,38.6,57.35,49.915,028.128723404255318,3.355319148936175,012.760531914893619
1769577337.011921,226.2611267566681,37,59,47,38.585,57.36,49.89,028.14372340425532,3.365319148936173,012.785531914893618
1769577337.067414,226.3165237903595,37,59,47,38.57,57.37,49.865,028.15872340425532,3.375319148936171,012.810531914893616
1769577337.120778,226.36974382400513,37,59,47,38.555,57.38,49.845,028.17372340425532,3.3853191489361762,012.83053191489362
1769577337.16909,226.41832971572876,37,59,47,38.54,57.39,49.825,028.18872340425532,3.3953191489361743,012.850531914893615
1769577337.2182631,226.4671769142151,37,59,47,38.525,57.4,49.805,028.20372340425532,3.4053191489361723,012.870531914893618
1769577337.268725,226.5179479122162,37,59,47,38.51,57.415,49.78,028.21872340425532,3.420319148936173,012.895531914893617
1769577337.318965,226.56816363334656,37,59,47,38.495,57.425,49.755,028.233723404255322,3.430319148936171,012.920531914893616
1769577337.368417,226.61760687828064,37,59,47,38.48,57.435,49.73,028.248723404255323,3.440319148936176,012.945531914893621
1769577337.4169998,226.66619086265564,37,59,47,38.465,57.445,49.705,028.263723404255316,3.450319148936174,012.97053191489362
1769577337.466455,226.71561670303345,37,59,47,38.45,57.455,49.68,028.278723404255317,3.460319148936172,012.995531914893618
1769577337.515899,226.76508688926697,37,59,46,38.435,57.465,49.65,028.293723404255317,3.470319148936177,013.02553191489362
1769577337.569406,226.81850385665894,37,59,46,38.42,57.475,49.625,028.308723404255318,3.480319148936175,013.050531914893618
1769577337.621546,226.8704535961151,36,59,46,38.4,57.485,49.595,028.32872340425532,3.490319148936173,013.08053191489362
1769577337.673121,226.9223177433014,37,59,47,38.385,57.495,49.57,028.34372340425532,3.500319148936171,013.105531914893618
1769577337.7300758,226.97883582115173,37,59,47,38.37,57.505,49.55,028.358723404255322,3.5103191489361762,013.125531914893621
1769577337.7860181,227.03521370887756,37,59,47,38.36,57.515,49.53,028.36872340425532,3.5203191489361743,013.145531914893617
1769577337.842952,227.09212279319763,36,59,46,38.34,57.525,49.5,028.388723404255316,3.5303191489361723,013.175531914893618
1769577337.898308,227.14750170707703,36,59,46,38.325,57.535,49.475,028.403723404255317,3.5403191489361703,013.200531914893617
1769577337.954658,227.20375180244446,36,59,46,38.31,57.545,49.45,028.418723404255317,3.5503191489361754,013.225531914893615
1769577338.012504,227.26168775558472,36,59,47,38.295,57.555,49.425,028.433723404255318,3.5603191489361734,013.250531914893621
1769577338.06642,227.31547379493713,37,59,47,38.28,57.565,49.4,028.44872340425532,3.5703191489361714,013.27553191489362
1769577338.118283,227.36749792099,36,59,46,38.265,57.575,49.375,028.46372340425532,3.5803191489361765,013.300531914893618
1769577338.1694431,227.41855692863464,36,59,46,38.25,57.585,49.35,028.47872340425532,3.5903191489361745,013.325531914893617
1769577338.220778,227.4699637889862,36,59,46,38.235,57.595,49.325,028.49372340425532,3.6003191489361726,013.350531914893615
1769577338.277049,227.52623081207275,36,59,46,38.22,57.605,49.3,028.50872340425532,3.6103191489361706,013.375531914893621
1769577338.3294451,227.57867074012756,36,59,46,38.205,57.615,49.275,028.52372340425532,3.6203191489361757,013.40053191489362
1769577338.380481,227.62973880767822,36,59,46,38.19,57.625,49.25,028.53872340425532,3.6303191489361737,013.425531914893618
1769577338.431381,227.68058586120605,36,59,46,38.175,57.635,49.22,028.553723404255322,3.6403191489361717,013.45553191489362
1769577338.4832819,227.7324936389923,36,59,46,38.16,57.645,49.195,028.568723404255323,3.650319148936177,013.480531914893618
1769577338.533961,227.78319001197815,36,59,46,38.145,57.655,49.17,028.583723404255316,3.660319148936175,013.505531914893616
1769577338.583793,227.83300185203552,36,59,46,38.13,57.665,49.145,028.598723404255317,3.670319148936173,013.530531914893615
1769577338.6360168,227.88519501686096,36,59,46,38.115,57.68,49.115,028.613723404255317,3.6853191489361734,013.560531914893616
1769577338.686398,227.93560194969177,36,59,46,38.1,57.695,49.085,028.628723404255318,3.700319148936174,013.590531914893617
1769577338.7399192,227.9890456199646,36,60,45,38.085,57.71,49.055,028.64372340425532,3.7153191489361745,013.620531914893618
1769577338.795247,228.04440879821777,35,60,45,38.065,57.73,49.02,028.66372340425532,3.7353191489361706,013.655531914893615
1769577338.848618,228.09781670570374,36,59,45,38.05,57.74,48.99,028.678723404255322,3.7453191489361757,013.685531914893616
1769577338.902518,228.15154480934143,35,60,45,38.03,57.755,48.96,028.69872340425532,3.7603191489361762,013.715531914893617
1769577338.954751,228.20399689674377,35,60,45,38.01,57.775,48.925,028.71872340425532,3.7803191489361723,013.750531914893621
1769577339.0076668,228.25688767433167,36,59,45,37.995,57.785,48.895,028.733723404255322,3.7903191489361703,013.780531914893615
1769577339.059809,228.30901288986206,35,60,45,37.975,57.8,48.865,028.753723404255318,3.805319148936171,013.810531914893616
1769577339.115604,228.36483669281006,35,60,45,37.955,57.815,48.835,028.77372340425532,3.8203191489361714,013.840531914893617
1769577339.1662269,228.41544771194458,35,60,45,37.935,57.83,48.805,028.793723404255317,3.835319148936172,013.870531914893618
1769577339.217162,228.4663736820221,35,60,45,37.915,57.85,48.77,028.81372340425532,3.855319148936175,013.905531914893615
1769577339.268646,228.51783561706543,35,60,45,37.895,57.87,48.74,028.833723404255316,3.875319148936171,013.935531914893616
1769577339.323591,228.57261681556702,35,60,45,37.875,57.89,48.71,028.85372340425532,3.8953191489361743,013.965531914893617
1769577339.387143,228.63611578941345,35,60,45,37.855,57.905,48.68,028.873723404255323,3.910319148936175,013.995531914893618
1769577339.454999,228.70409488677979,35,60,45,37.835,57.92,48.65,028.89372340425532,3.9253191489361754,014.02553191489362
1769577339.512201,228.76138591766357,35,60,45,37.82,57.935,48.62,028.90872340425532,3.940319148936176,014.05553191489362
1769577339.5663612,228.81538677215576,35,60,45,37.8,57.955,48.59,028.928723404255322,3.960319148936172,014.085531914893615
1769577339.6206121,228.86981081962585,35,60,44,37.78,57.975,48.55,028.94872340425532,3.980319148936175,014.125531914893621
1769577339.675631,228.92482376098633,35,60,44,37.76,57.995,48.51,028.96872340425532,4.000319148936171,014.16553191489362
1769577339.731243,228.9804549217224,35,60,45,37.735,58.015,48.475,028.99372340425532,4.020319148936174,014.200531914893617
1769577339.783246,229.03244066238403,35,60,44,37.715,58.035,48.435,029.013723404255316,4.04031914893617,014.240531914893616
1769577339.836155,229.08532571792603,35,60,44,37.695,58.055,48.395,029.03372340425532,4.060319148936173,014.280531914893615
1769577339.887491,229.13666987419128,35,60,44,37.675,58.075,48.355,029.053723404255322,4.0803191489361765,014.320531914893621
1769577339.9393559,229.1885688304901,35,60,44,37.655,58.095,48.315,029.07372340425532,4.1003191489361726,014.36053191489362
1769577339.994594,229.24379873275757,35,60,44,37.63,58.115,48.27,029.098723404255317,4.120319148936176,014.405531914893615
1769577340.0465548,229.29581785202026,35,60,44,37.605,58.135,48.225,029.123723404255323,4.140319148936172,014.450531914893617
1769577340.0965009,229.34569191932678,34,60,44,37.58,58.155,48.185,029.14872340425532,4.160319148936175,014.490531914893616
1769577340.1466,229.39579701423645,34,60,44,37.555,58.175,48.145,029.17372340425532,4.180319148936171,014.530531914893615
1769577340.198098,229.44727873802185,34,60,44,37.53,58.195,48.105,029.19872340425532,4.200319148936174,014.570531914893621
1769577340.251405,229.500501871109,35,60,44,37.51,58.215,48.065,029.21872340425532,4.220319148936177,014.61053191489362
1769577340.308416,229.55755281448364,35,60,45,37.49,58.235,48.03,029.238723404255317,4.240319148936173,014.645531914893617
1769577340.361721,229.6108968257904,34,60,44,37.46,58.255,47.99,029.26872340425532,4.260319148936176,014.685531914893616
1769577340.4139678,229.66312384605408,34,60,44,37.43,58.275,47.95,029.29872340425532,4.280319148936172,014.725531914893615
1769577340.468307,229.71746373176575,34,60,44,37.405,58.295,47.91,029.32372340425532,4.300319148936175,014.765531914893621
1769577340.5239198,229.77308082580566,34,60,44,37.38,58.315,47.87,029.348723404255317,4.320319148936171,014.80553191489362
1769577340.579705,229.82892870903015,34,60,44,37.355,58.335,47.83,029.373723404255323,4.3403191489361745,014.84553191489362
1769577340.630684,229.8798577785492,34,60,44,37.33,58.355,47.79,029.39872340425532,4.360319148936171,014.885531914893619
1769577340.6819148,229.93117880821228,34,60,44,37.305,58.37,47.755,029.42372340425532,4.375319148936171,014.920531914893616
1769577340.733772,229.9829978942871,34,60,44,37.275,58.39,47.715,029.45372340425532,4.395319148936174,014.960531914893615
1769577340.784123,230.03330779075623,34,60,44,37.25,58.41,47.675,029.47872340425532,4.41531914893617,015.000531914893621
1769577340.8351748,230.08433985710144,34,60,44,37.225,58.425,47.64,029.503723404255318,4.430319148936171,015.035531914893618
1769577340.887039,230.13621187210083,34,60,44,37.2,58.445,47.6,029.528723404255317,4.450319148936174,015.075531914893617
1769577340.93753,230.18671488761902,34,60,44,37.175,58.465,47.56,029.553723404255322,4.470319148936177,015.115531914893616
1769577340.9953332,230.24449586868286,34,60,44,37.15,58.485,47.52,029.57872340425532,4.490319148936173,015.155531914893615
1769577341.050055,230.29925775527954,34,60,44,37.125,58.505,47.48,029.60372340425532,4.510319148936176,015.195531914893621
1769577341.101998,230.35120677947998,34,60,44,37.1,58.52,47.445,029.628723404255318,4.525319148936177,015.230531914893618
1769577341.152847,230.40207076072693,34,60,44,37.075,58.535,47.41,029.653723404255317,4.54031914893617,015.265531914893621
1769577341.2065458,230.45567274093628,35,60,44,37.055,58.55,47.375,029.67372340425532,4.555319148936171,015.300531914893618
1769577341.259684,230.50891375541687,34,60,44,37.03,58.565,47.34,029.69872340425532,4.570319148936171,015.335531914893615
1769577341.311991,230.5612165927887,34,60,44,37.005,58.58,47.31,029.723723404255317,4.585319148936172,015.365531914893616
1769577341.3668742,230.61602878570557,34,60,44,36.98,58.595,47.275,029.748723404255323,4.6003191489361726,015.40053191489362
1769577341.420213,230.66939783096313,34,60,44,36.955,58.61,47.24,029.77372340425532,4.615319148936173,015.435531914893616
1769577341.471946,230.7211630344391,34,60,44,36.93,58.625,47.205,029.79872340425532,4.630319148936174,015.47053191489362
1769577341.5246038,230.77382469177246,34,60,44,36.905,58.64,47.17,029.82372340425532,4.645319148936174,015.505531914893616
1769577341.575745,230.82496786117554,34,60,44,36.88,58.655,47.135,029.848723404255317,4.660319148936175,015.54053191489362
1769577341.632595,230.88170289993286,34,60,44,36.855,58.67,47.1,029.873723404255323,4.675319148936175,015.575531914893617
1769577341.692277,230.9414358139038,34,60,44,36.83,58.685,47.065,029.89872340425532,4.690319148936176,015.61053191489362
1769577341.746371,230.99560499191284,34,60,44,36.805,58.7,47.03,029.92372340425532,4.7053191489361765,015.645531914893617
1769577341.796386,231.04558277130127,34,60,44,36.775,58.72,46.99,029.95372340425532,4.7253191489361726,015.685531914893616
1769577341.848795,231.09805583953857,34,60,44,36.75,58.735,46.955,029.97872340425532,4.740319148936173,015.72053191489362
1769577341.8965042,231.14560794830322,34,60,44,36.725,58.75,46.92,030.003723404255318,4.755319148936174,015.755531914893616
1769577341.9454741,231.1947536468506,34,60,44,36.7,58.765,46.885,030.028723404255317,4.770319148936174,015.79053191489362
1769577341.9960058,231.24522280693054,34,60,44,36.675,58.78,46.85,030.053723404255322,4.785319148936175,015.825531914893617
1769577342.048198,231.2973189353943,34,60,44,36.65,58.795,46.82,030.07872340425532,4.800319148936175,015.855531914893618
1769577342.101724,231.35089588165283,34,60,44,36.625,58.81,46.79,030.10372340425532,4.815319148936176,015.885531914893619
1769577342.155424,231.4046688079834,34,60,44,36.6,58.825,46.755,030.128723404255318,4.8303191489361765,015.920531914893616
1769577342.2066472,231.45585989952087,34,60,44,36.575,58.84,46.72,030.153723404255317,4.845319148936177,015.95553191489362
1769577342.265465,231.51455068588257,34,60,44,36.55,58.855,46.69,030.178723404255322,4.860319148936171,015.98553191489362
1769577342.322075,231.57128596305847,34,60,44,36.525,58.87,46.655,030.20372340425532,4.875319148936171,016.020531914893617
1769577342.374047,231.6232829093933,34,60,44,36.5,58.885,46.62,030.22872340425532,4.890319148936172,016.05553191489362
1769577342.4275022,231.67668986320496,34,60,44,36.475,58.9,46.585,030.253723404255318,4.905319148936172,016.090531914893617
1769577342.479708,231.7289068698883,34,60,44,36.45,58.915,46.555,030.278723404255317,4.920319148936173,016.12053191489362
1769577342.5375218,231.78663563728333,34,60,44,36.425,58.93,46.525,030.303723404255322,4.935319148936173,016.15053191489362
1769577342.591264,231.84046387672424,34,60,44,36.405,58.945,46.495,030.32372340425532,4.950319148936174,016.18053191489362
1769577342.646504,231.89573574066162,34,60,44,36.385,58.96,46.465,030.34372340425532,4.9653191489361745,016.210531914893615
1769577342.696397,231.94564580917358,34,60,44,36.365,58.975,46.435,030.363723404255317,4.980319148936175,016.240531914893616
1769577342.746432,231.99568796157837,34,60,44,36.345,58.985,46.41,030.38372340425532,4.990319148936173,016.26553191489362
1769577342.795572,232.04480171203613,34,60,44,36.325,58.995,46.385,030.403723404255317,5.000319148936171,016.29053191489362
1769577342.8457978,232.0950767993927,34,60,44,36.305,59.01,46.355,030.42372340425532,5.015319148936172,016.32053191489362
1769577342.897235,232.1464409828186,34,60,44,36.28,59.025,46.325,030.44872340425532,5.030319148936172,016.350531914893615
1769577342.952501,232.201593875885,34,60,44,36.255,59.04,46.295,030.473723404255317,5.045319148936173,016.380531914893616
1769577343.006158,232.2553927898407,34,60,44,36.23,59.055,46.265,030.498723404255323,5.060319148936173,016.410531914893618
1769577343.0586612,232.3072657585144,34,60,44,36.205,59.07,46.235,030.52372340425532,5.075319148936174,016.44053191489362
1769577343.115391,232.3642885684967,34,60,44,36.185,59.085,46.205,030.543723404255317,5.0903191489361745,016.47053191489362
1769577343.164851,232.4140567779541,34,60,44,36.16,59.1,46.175,030.568723404255323,5.105319148936175,016.50053191489362
1769577343.215182,232.46436667442322,34,60,44,36.14,59.11,46.15,030.58872340425532,5.115319148936173,016.52553191489362
1769577343.266439,232.51565790176392,34,60,44,36.12,59.12,46.125,030.608723404255322,5.125319148936171,016.550531914893618
1769577343.3187861,232.56791400909424,34,60,44,36.095,59.135,46.095,030.63372340425532,5.140319148936172,016.58053191489362
1769577343.375552,232.6246509552002,34,60,44,36.07,59.15,46.065,030.65872340425532,5.155319148936172,016.61053191489362
1769577343.4275572,232.67675065994263,34,60,44,36.05,59.16,46.04,030.678723404255322,5.16531914893617,016.63553191489362
1769577343.482315,232.73146867752075,33,60,44,36.025,59.17,46.015,030.70372340425532,5.175319148936175,016.660531914893618
1769577343.535006,232.78425884246826,33,60,44,36.0,59.18,45.99,030.72872340425532,5.185319148936173,016.685531914893616
1769577343.5848908,232.83411574363708,33,60,43,35.975,59.19,45.96,030.753723404255318,5.195319148936171,016.715531914893617
1769577343.636811,232.8860638141632,33,60,43,35.95,59.2,45.93,030.778723404255317,5.2053191489361765,016.74553191489362
1769577343.688388,232.93752884864807,33,60,43,35.925,59.21,45.9,030.803723404255322,5.2153191489361745,016.77553191489362
1769577343.7441978,232.99340081214905,33,60,44,35.9,59.22,45.875,030.82872340425532,5.2253191489361726,016.800531914893618
1769577343.797738,233.04692888259888,33,60,43,35.875,59.23,45.845,030.85372340425532,5.235319148936171,016.83053191489362
1769577343.8502452,233.099467754364,33,60,43,35.85,59.24,45.815,030.878723404255318,5.245319148936176,016.86053191489362
1769577343.904695,233.15387392044067,33,60,43,35.825,59.25,45.79,030.903723404255317,5.255319148936174,016.88553191489362
1769577343.958034,233.2071888446808,33,60,43,35.8,59.26,45.765,030.928723404255322,5.265319148936172,016.910531914893618
1769577344.006999,233.2562780380249,33,60,43,35.775,59.27,45.74,030.95372340425532,5.275319148936177,016.935531914893616
1769577344.058007,233.30724358558655,33,60,43,35.75,59.28,45.715,030.97872340425532,5.285319148936175,016.960531914893615
1769577344.108115,233.3572678565979,33,60,43,35.725,59.29,45.69,031.003723404255318,5.295319148936173,016.98553191489362
1769577344.159937,233.40905666351318,33,60,43,35.7,59.3,45.66,031.028723404255317,5.305319148936171,017.01553191489362
1769577344.210782,233.45970582962036,33,60,43,35.675,59.31,45.635,031.053723404255322,5.315319148936176,017.04053191489362
1769577344.262184,233.51137161254883,33,60,43,35.65,59.32,45.61,031.07872340425532,5.325319148936174,017.06553191489362
1769577344.3193998,233.5683856010437,33,61,43,35.625,59.335,45.58,031.10372340425532,5.3403191489361745,017.09553191489362
1769577344.375795,233.62501096725464,33,61,42,35.6,59.35,45.55,031.128723404255318,5.355319148936175,017.12553191489362
1769577344.42675,233.67591667175293,32,61,42,35.57,59.365,45.52,031.15872340425532,5.370319148936176,017.155531914893615
1769577344.475557,233.72477960586548,32,61,42,35.54,59.38,45.49,031.18872340425532,5.385319148936176,017.185531914893616
1769577344.524147,233.7733027935028,33,61,43,35.515,59.395,45.465,031.21372340425532,5.400319148936177,017.210531914893615
1769577344.578939,233.82815170288086,33,61,43,35.49,59.41,45.44,031.238723404255317,5.41531914893617,017.23553191489362
1769577344.632401,233.88150477409363,32,61,42,35.46,59.425,45.41,031.26872340425532,5.430319148936171,017.26553191489362
1769577344.6880991,233.93692874908447,32,61,42,35.43,59.44,45.38,031.29872340425532,5.445319148936171,017.295531914893616
1769577344.747885,233.99639558792114,32,61,42,35.4,59.455,45.35,031.32872340425532,5.460319148936172,017.325531914893617
1769577344.8024871,234.0516517162323,33,61,43,35.375,59.47,45.325,031.35372340425532,5.4753191489361726,017.350531914893615
1769577344.852041,234.10125279426575,33,60,43,35.35,59.48,45.3,031.378723404255318,5.485319148936171,017.37553191489362
1769577344.904073,234.15325164794922,32,61,42,35.32,59.495,45.27,031.40872340425532,5.500319148936171,017.405531914893615
1769577344.9568481,234.20606589317322,32,61,42,35.29,59.51,45.24,031.43872340425532,5.515319148936172,017.435531914893616
1769577345.0079749,234.25711369514465,32,61,42,35.26,59.525,45.21,031.46872340425532,5.530319148936172,017.465531914893617
1769577345.057936,234.3071846961975,32,61,42,35.23,59.54,45.18,031.498723404255323,5.545319148936173,017.49553191489362
1769577345.1081831,234.3572428226471,32,61,42,35.2,59.555,45.145,031.528723404255317,5.560319148936173,017.530531914893615
1769577345.157079,234.40628290176392,32,61,42,35.17,59.57,45.115,031.558723404255318,5.575319148936174,017.560531914893616
1769577345.2079182,234.45705485343933,32,61,42,35.14,59.585,45.085,031.58872340425532,5.5903191489361745,017.590531914893617
1769577345.266401,234.51554584503174,33,61,42,35.115,59.6,45.055,031.613723404255317,5.605319148936175,017.62053191489362
1769577345.318951,234.56816172599792,32,61,42,35.085,59.615,45.025,031.64372340425532,5.620319148936176,017.65053191489362
1769577345.367948,234.6171317100525,32,61,42,35.055,59.63,44.995,031.67372340425532,5.635319148936176,017.68053191489362
1769577345.417618,234.66682076454163,32,61,42,35.025,59.645,44.965,031.70372340425532,5.650319148936177,017.710531914893615
1769577345.4664059,234.71559190750122,32,61,42,34.995,59.66,44.935,031.733723404255322,5.66531914893617,017.740531914893616
1769577345.5169122,234.76612377166748,32,61,42,34.965,59.675,44.905,031.763723404255316,5.680319148936171,017.770531914893617
1769577345.573144,234.8222599029541,32,61,42,34.935,59.69,44.875,031.793723404255317,5.695319148936171,017.800531914893618
1769577345.627692,234.87673377990723,32,61,42,34.905,59.7,44.845,031.82372340425532,5.7053191489361765,017.83053191489362
1769577345.677643,234.92680191993713,32,61,42,34.875,59.715,44.815,031.85372340425532,5.720319148936177,017.86053191489362
1769577345.7295182,234.97873878479004,32,61,42,34.845,59.73,44.785,031.88372340425532,5.735319148936171,017.89053191489362
1769577345.7813828,235.03063678741455,32,61,42,34.815,59.745,44.755,031.91372340425532,5.750319148936171,017.920531914893616
1769577345.829461,235.07862401008606,32,61,42,34.785,59.76,44.725,031.943723404255323,5.765319148936172,017.950531914893617
1769577345.880125,235.1293556690216,32,61,42,34.755,59.775,44.695,031.973723404255317,5.780319148936172,017.980531914893618
1769577345.9310741,235.18019461631775,32,61,42,34.725,59.79,44.665,032.00372340425532,5.795319148936173,018.01053191489362
1769577345.982595,235.23170375823975,32,61,42,34.695,59.805,44.635,032.03372340425532,5.810319148936173,018.04053191489362
1769577346.0340102,235.28316187858582,32,61,42,34.665,59.82,44.605,032.06372340425532,5.825319148936174,018.07053191489362
1769577346.085601,235.3347418308258,32,61,42,34.635,59.835,44.575,032.09372340425532,5.8403191489361745,018.100531914893615
1769577346.139404,235.3885748386383,32,61,42,34.605,59.85,44.545,032.12372340425532,5.855319148936175,018.130531914893616
1769577346.1946712,235.44377660751343,32,61,42,34.575,59.865,44.515,032.15372340425532,5.870319148936176,018.160531914893618
1769577346.296603,235.54562377929688,32,61,42,34.545,59.88,44.485,032.18372340425532,5.885319148936176,018.19053191489362
1769577346.3858922,235.63457584381104,32,61,42,34.515,59.895,44.455,032.21372340425532,5.900319148936177,018.22053191489362
1769577346.4438279,235.69301581382751,32,61,42,34.485,59.905,44.425,032.24372340425532,5.910319148936175,018.25053191489362
1769577346.499058,235.74831986427307,32,61,42,34.455,59.915,44.395,032.27372340425532,5.920319148936173,018.280531914893615
1769577346.551117,235.80033588409424,32,61,42,34.425,59.925,44.365,032.30372340425532,5.930319148936171,018.310531914893616
1769577346.6026728,235.85191082954407,32,61,42,34.395,59.935,44.335,032.333723404255316,5.940319148936176,018.340531914893617
1769577346.654303,235.9034547805786,32,61,42,34.365,59.945,44.305,032.36372340425532,5.950319148936174,018.37053191489362
1769577346.717153,235.96612358093262,32,61,42,34.335,59.955,44.275,032.39372340425532,5.960319148936172,018.40053191489362
1769577346.772703,236.02191162109375,32,61,42,34.305,59.965,44.245,032.42372340425532,5.970319148936177,018.43053191489362
1769577346.826061,236.07526397705078,32,61,42,34.275,59.975,44.22,032.45372340425532,5.980319148936175,018.45553191489362
1769577346.876651,236.12577891349792,32,61,42,34.25,59.985,44.195,032.47872340425532,5.990319148936173,018.480531914893618
1769577346.9297469,236.17890095710754,32,61,42,34.225,60.0,44.165,032.50372340425532,6.005319148936174,018.51053191489362
1769577346.981657,236.23085284233093,32,61,42,34.2,60.01,44.14,032.52872340425532,6.015319148936172,018.535531914893618
1769577347.036347,236.2854609489441,32,61,42,34.175,60.02,44.115,032.55372340425532,6.025319148936177,018.560531914893616
1769577347.089556,236.33867859840393,32,61,42,34.15,60.03,44.09,032.57872340425532,6.035319148936175,018.585531914893615
1769577347.1420212,236.39123678207397,32,61,42,34.125,60.04,44.065,032.60372340425532,6.045319148936173,018.61053191489362
1769577347.195466,236.44472479820251,32,61,42,34.1,60.05,44.04,032.62872340425532,6.055319148936171,018.63553191489362
1769577347.2470431,236.49621295928955,32,61,42,34.075,60.06,44.015,032.65372340425532,6.065319148936176,018.660531914893618
1769577347.29693,236.54610776901245,32,61,42,34.05,60.07,43.99,032.67872340425532,6.075319148936174,018.685531914893616
1769577347.353225,236.6023826599121,32,61,42,34.025,60.08,43.965,032.70372340425532,6.085319148936172,018.710531914893615
1769577347.4073339,236.65647268295288,32,61,42,34.0,60.09,43.94,032.72872340425532,6.095319148936177,018.73553191489362
1769577347.458722,236.70786881446838,32,61,42,33.975,60.1,43.915,032.75372340425532,6.105319148936175,018.76053191489362
1769577347.508836,236.75799298286438,32,61,42,33.95,60.11,43.89,032.77872340425532,6.115319148936173,018.785531914893618
1769577347.561057,236.81019186973572,32,61,42,33.925,60.12,43.865,032.80372340425532,6.125319148936171,018.810531914893616
1769577347.613434,236.86264491081238,32,61,42,33.9,60.13,43.835,032.82872340425532,6.135319148936176,018.840531914893617
1769577347.667478,236.91662073135376,32,61,42,33.875,60.14,43.81,032.85372340425532,6.145319148936174,018.865531914893616
1769577347.7186298,236.96787476539612,32,61,42,33.85,60.15,43.785,032.87872340425532,6.155319148936172,018.89053191489362
1769577347.7685199,237.01762771606445,32,61,42,33.825,60.16,43.76,032.90372340425532,6.16531914893617,018.91553191489362
1769577347.820276,237.06941270828247,32,61,42,33.8,60.17,43.735,032.92872340425532,6.175319148936175,018.94053191489362
1769577347.8753018,237.12409377098083,32,61,42,33.775,60.18,43.71,032.95372340425532,6.185319148936173,018.965531914893617
1769577347.936311,237.1853837966919,32,61,42,33.75,60.19,43.685,032.97872340425532,6.195319148936171,018.990531914893616
1769577347.991039,237.24020981788635,32,61,42,33.725,60.2,43.66,033.00372340425532,6.2053191489361765,019.01553191489362
1769577348.046473,237.2956748008728,32,61,42,33.7,60.21,43.635,033.02872340425532,6.2153191489361745,019.04053191489362
1769577348.096521,237.34565091133118,32,61,42,33.675,60.22,43.61,033.05372340425532,6.2253191489361726,019.06553191489362
1769577348.150008,237.39910459518433,32,61,42,33.65,60.23,43.585,033.07872340425532,6.235319148936171,019.090531914893617
1769577348.212306,237.46140789985657,32,61,42,33.625,60.24,43.565,033.10372340425532,6.245319148936176,019.11053191489362
1769577348.2693691,237.5185468196869,32,61,41,33.6,60.25,43.54,033.12872340425532,6.255319148936174,019.13553191489362
1769577348.3235588,237.57273483276367,32,61,41,33.58,60.26,43.515,033.14872340425532,6.265319148936172,019.160531914893618
1769577348.371391,237.62055087089539,32,61,42,33.555,60.27,43.49,033.17372340425532,6.275319148936177,019.185531914893616
1769577348.419345,237.66855883598328,32,61,42,33.53,60.28,43.465,033.19872340425532,6.285319148936175,019.210531914893615
1769577348.467395,237.71660780906677,32,61,42,33.505,60.29,43.44,033.22372340425532,6.295319148936173,019.23553191489362
1769577348.516263,237.7654767036438,32,61,42,33.485,60.3,43.42,033.24372340425532,6.305319148936171,019.255531914893616
1769577348.570424,237.819584608078,32,61,42,33.465,60.31,43.4,033.263723404255316,6.315319148936176,019.27553191489362
1769577348.6269581,237.87613081932068,32,61,42,33.445,60.32,43.38,033.28372340425532,6.325319148936174,019.295531914893616
1769577348.684578,237.93363881111145,32,61,42,33.425,60.33,43.355,033.30372340425532,6.335319148936172,019.32053191489362
1769577348.7415092,237.99067068099976,32,61,42,33.4,60.34,43.33,033.32872340425532,6.345319148936177,019.34553191489362
1769577348.795378,238.0446298122406,32,61,42,33.38,60.35,43.31,033.34872340425532,6.355319148936175,019.365531914893616
1769577348.847683,238.09657764434814,32,61,41,33.36,60.36,43.285,033.36872340425532,6.365319148936173,019.39053191489362
1769577348.898884,238.14804363250732,32,61,42,33.34,60.37,43.265,033.388723404255316,6.375319148936171,019.410531914893618
1769577348.950513,238.1996717453003,32,61,41,33.32,60.38,43.24,033.40872340425532,6.385319148936176,019.435531914893616
1769577349.0013812,238.2506287097931,32,61,41,33.3,60.39,43.215,033.42872340425532,6.395319148936174,019.460531914893615
1769577349.052421,238.3015637397766,32,61,41,33.28,60.4,43.19,033.44872340425532,6.405319148936172,019.48553191489362
1769577349.1064498,238.35568380355835,32,61,41,33.26,60.41,43.165,033.46872340425532,6.41531914893617,019.51053191489362
1769577349.158713,238.40787363052368,31,61,41,33.235,60.42,43.14,033.49372340425532,6.425319148936175,019.535531914893618
1769577349.214807,238.464017868042,32,61,41,33.215,60.43,43.115,033.513723404255316,6.435319148936173,019.560531914893616
1769577349.2688892,238.51807475090027,32,61,41,33.195,60.44,43.09,033.53372340425532,6.445319148936171,019.585531914893615
1769577349.319156,238.56835675239563,32,61,41,33.175,60.45,43.065,033.55372340425532,6.4553191489361765,019.61053191489362
1769577349.373166,238.62226581573486,32,61,41,33.155,60.46,43.04,033.57372340425532,6.4653191489361745,019.63553191489362
1769577349.424573,238.67373967170715,31,61,41,33.13,60.465,43.02,033.59872340425532,6.470319148936177,019.655531914893615
1769577349.4736068,238.72275567054749,31,61,41,33.11,60.47,43.0,033.61872340425532,6.4753191489361726,019.675531914893618
1769577349.522679,238.77187585830688,31,61,41,33.085,60.48,42.98,033.64372340425532,6.485319148936171,019.69553191489362
1769577349.572293,238.82135486602783,31,61,41,33.065,60.485,42.96,033.66372340425532,6.490319148936173,019.715531914893617
1769577349.624589,238.87380361557007,31,62,41,33.045,60.495,42.94,033.68372340425532,6.500319148936171,019.73553191489362
1769577349.67846,238.92763376235962,31,62,41,33.02,60.51,42.92,033.708723404255316,6.515319148936172,019.755531914893616
1769577349.72965,238.97887468338013,31,61,41,33.0,60.515,42.9,033.72872340425532,6.520319148936174,019.77553191489362
1769577349.783372,239.03252363204956,32,61,41,32.985,60.52,42.88,033.74372340425532,6.525319148936177,019.795531914893616
1769577349.8329852,239.0821816921234,31,61,41,32.965,60.525,42.86,033.763723404255316,6.530319148936172,019.81553191489362
1769577349.884311,239.13349890708923,32,61,41,32.95,60.53,42.84,033.77872340425532,6.535319148936175,019.835531914893615
1769577349.939344,239.18850183486938,32,61,41,32.935,60.535,42.82,033.79372340425532,6.54031914893617,019.855531914893618
1769577349.9945018,239.243754863739,31,62,41,32.915,60.545,42.8,033.81372340425532,6.550319148936175,019.87553191489362
1769577350.046271,239.29551076889038,32,61,41,32.9,60.55,42.78,033.82872340425532,6.555319148936171,019.895531914893617
1769577350.096697,239.34587788581848,32,62,41,32.885,60.56,42.76,033.84372340425532,6.565319148936176,019.91553191489362
1769577350.153038,239.40212678909302,31,62,40,32.865,60.57,42.735,033.86372340425532,6.575319148936174,019.94053191489362
1769577350.210586,239.45966792106628,31,62,41,32.845,60.58,42.715,033.88372340425532,6.585319148936172,019.960531914893615
1769577350.2621791,239.51142978668213,32,61,41,32.83,60.585,42.7,033.89872340425532,6.5903191489361745,019.975531914893615
1769577350.311784,239.56099271774292,32,61,41,32.815,60.59,42.685,033.91372340425532,6.595319148936177,019.990531914893616
1769577350.362051,239.61113381385803,32,61,41,32.8,60.595,42.665,033.92872340425532,6.6003191489361726,020.01053191489362
1769577350.4143202,239.66349697113037,32,62,41,32.785,60.605,42.65,033.94372340425532,6.610319148936171,020.02553191489362
1769577350.466443,239.71566581726074,32,62,41,32.77,60.615,42.635,033.958723404255316,6.620319148936176,020.04053191489362
1769577350.523249,239.77244877815247,32,62,41,32.755,60.625,42.62,033.97372340425532,6.630319148936174,020.05553191489362
1769577350.575511,239.82472491264343,32,62,41,32.74,60.635,42.605,033.98872340425532,6.640319148936172,020.07053191489362
1769577350.629177,239.87837958335876,32,62,41,32.725,60.645,42.59,034.00372340425532,6.650319148936177,020.085531914893615
1769577350.679471,239.92836785316467,32,62,41,32.71,60.655,42.575,034.01872340425532,6.660319148936175,020.100531914893615
1769577350.7293031,239.9784848690033,32,61,41,32.7,60.66,42.56,034.02872340425532,6.66531914893617,020.115531914893616
1769577350.781486,240.0306978225708,32,61,41,32.69,60.665,42.545,034.03872340425532,6.670319148936173,020.130531914893616
1769577350.831711,240.0808458328247,32,62,41,32.68,60.675,42.53,034.04872340425532,6.680319148936171,020.145531914893617
1769577350.8817222,240.13087368011475,32,62,41,32.665,60.685,42.515,034.06372340425532,6.690319148936176,020.160531914893618
1769577350.935293,240.18444085121155,32,62,41,32.65,60.695,42.495,034.07872340425532,6.700319148936174,020.18053191489362
1769577350.988309,240.23754692077637,32,62,41,32.64,60.705,42.48,034.08872340425532,6.710319148936172,020.19553191489362
1769577351.040468,240.2896478176117,32,62,41,32.63,60.715,42.465,034.09872340425532,6.720319148936177,020.210531914893615
1769577351.0461519,240.2953338623047,32,62,41,32.62,60.725,42.45,034.10872340425532,6.730319148936175,020.225531914893615
1769577351.096322,240.34553384780884,32,62,41,32.61,60.735,42.435,034.11872340425532,6.740319148936173,020.240531914893616
1769577351.150582,240.39974284172058,32,62,41,32.6,60.745,42.42,034.12872340425532,6.750319148936171,020.255531914893616
1769577351.204767,240.45394778251648,32,62,41,32.59,60.755,42.405,034.138723404255316,6.760319148936176,020.270531914893617
1769577351.262511,240.51157975196838,32,62,41,32.58,60.765,42.39,034.14872340425532,6.770319148936174,020.285531914893618
1769577351.3146849,240.56385278701782,32,62,41,32.57,60.775,42.375,034.15872340425532,6.780319148936172,020.300531914893618
1769577351.364098,240.6131887435913,32,62,41,32.56,60.785,42.36,034.16872340425532,6.79031914893617,020.31553191489362
1769577351.4151921,240.66433382034302,32,62,41,32.55,60.795,42.345,034.17872340425532,6.800319148936175,020.33053191489362
1769577351.465476,240.71464657783508,32,62,41,32.54,60.805,42.33,034.18872340425532,6.810319148936173,020.34553191489362
1769577351.5154932,240.76469683647156,32,62,41,32.53,60.815,42.315,034.19872340425532,6.820319148936171,020.36053191489362
1769577351.565448,240.814594745636,32,62,41,32.52,60.825,42.3,034.208723404255316,6.8303191489361765,020.37553191489362
1769577351.6156118,240.8647816181183,32,62,41,32.51,60.835,42.285,034.21872340425532,6.8403191489361745,020.39053191489362
1769577351.666226,240.91543078422546,32,62,41,32.5,60.845,42.27,034.22872340425532,6.8503191489361726,020.405531914893615
1769577351.718573,240.96776390075684,32,62,41,32.49,60.855,42.255,034.23872340425532,6.860319148936171,020.420531914893616
1769577351.769459,241.01857686042786,32,62,41,32.475,60.865,42.24,034.25372340425532,6.870319148936176,020.435531914893616
1769577351.818222,241.06744384765625,32,62,41,32.465,60.875,42.225,034.263723404255316,6.880319148936174,020.450531914893617
1769577351.870775,241.11996483802795,32,62,41,32.455,60.885,42.21,034.27372340425532,6.890319148936172,020.465531914893617
1769577351.924725,241.1738429069519,32,61,41,32.445,60.89,42.195,034.28372340425532,6.895319148936174,020.480531914893618
1769577351.9767199,241.22587871551514,32,61,41,32.435,60.895,42.18,034.29372340425532,6.900319148936177,020.49553191489362
1769577352.028916,241.27816581726074,32,61,41,32.425,60.9,42.165,034.30372340425532,6.905319148936172,020.51053191489362
1769577352.080032,241.32915377616882,32,61,41,32.415,60.905,42.15,034.31372340425532,6.910319148936175,020.52553191489362
1769577352.134115,241.3832287788391,32,62,41,32.405,60.915,42.135,034.32372340425532,6.920319148936173,020.54053191489362
1769577352.188355,241.43753290176392,32,62,41,32.395,60.925,42.12,034.333723404255316,6.930319148936171,020.55553191489362
1769577352.2406452,241.4898157119751,32,62,41,32.385,60.935,42.105,034.34372340425532,6.940319148936176,020.57053191489362
1769577352.2963939,241.5455527305603,32,62,41,32.375,60.945,42.09,034.35372340425532,6.950319148936174,020.585531914893615
1769577352.348984,241.59816884994507,32,62,41,32.365,60.955,42.075,034.36372340425532,6.960319148936172,020.600531914893615
1769577352.399662,241.64877796173096,32,62,41,32.355,60.965,42.06,034.37372340425532,6.970319148936177,020.615531914893616
1769577352.450733,241.69994187355042,32,62,41,32.345,60.975,42.045,034.38372340425532,6.980319148936175,020.630531914893616
1769577352.502083,241.75128078460693,32,62,41,32.335,60.985,42.03,034.39372340425532,6.990319148936173,020.645531914893617
1769577352.555007,241.80386996269226,32,62,41,32.325,60.995,42.015,034.40372340425532,7.000319148936171,020.660531914893618
1769577352.606438,241.85556197166443,32,62,41,32.315,61.005,42.0,034.41372340425532,7.010319148936176,020.675531914893618
1769577352.659662,241.90876078605652,32,62,41,32.305,61.015,41.985,034.42372340425532,7.020319148936174,020.69053191489362
1769577352.71168,241.9608438014984,32,61,41,32.295,61.02,41.97,034.43372340425532,7.025319148936177,020.70553191489362
1769577352.765474,242.01463294029236,32,61,41,32.285,61.025,41.955,034.44372340425532,7.030319148936172,020.72053191489362
1769577352.8191879,242.06807494163513,32,62,41,32.275,61.035,41.94,034.45372340425532,7.04031914893617,020.73553191489362
1769577352.87323,242.12241101264954,32,62,41,32.265,61.045,41.925,034.46372340425532,7.050319148936175,020.75053191489362
1769577352.9276001,242.17675375938416,33,61,42,32.26,61.05,41.915,034.46872340425532,7.055319148936171,020.76053191489362
1769577352.980979,242.23019695281982,32,62,41,32.25,61.06,41.9,034.47872340425532,7.065319148936176,020.77553191489362
1769577353.031739,242.28086280822754,32,62,41,32.24,61.07,41.885,034.48872340425532,7.075319148936174,020.79053191489362
1769577353.08285,242.33200979232788,32,62,41,32.23,61.08,41.87,034.49872340425532,7.085319148936172,020.80553191489362
1769577353.1423419,242.3914089202881,32,62,41,32.22,61.09,41.855,034.50872340425532,7.095319148936177,020.82053191489362
1769577353.200143,242.44907689094543,32,62,41,32.21,61.1,41.84,034.51872340425532,7.105319148936175,020.835531914893615
1769577353.2500632,242.4992618560791,32,62,41,32.2,61.11,41.825,034.52872340425532,7.115319148936173,020.850531914893615
1769577353.300787,242.5500066280365,32,62,41,32.19,61.12,41.81,034.53872340425532,7.125319148936171,020.865531914893616
1769577353.352735,242.60169172286987,32,62,41,32.18,61.13,41.795,034.54872340425532,7.135319148936176,020.880531914893616
1769577353.403798,242.65301299095154,32,62,41,32.17,61.14,41.78,034.55872340425532,7.145319148936174,020.895531914893617
1769577353.458143,242.70735263824463,32,62,41,32.16,61.15,41.765,034.56872340425532,7.155319148936172,020.910531914893618
1769577353.509251,242.75844883918762,32,62,41,32.15,61.16,41.75,034.57872340425532,7.16531914893617,020.925531914893618
1769577353.558481,242.8076229095459,32,62,41,32.14,61.17,41.735,034.58872340425532,7.175319148936175,020.94053191489362
1769577353.6128159,242.86195373535156,32,62,41,32.13,61.18,41.72,034.59872340425532,7.185319148936173,020.95553191489362
1769577353.662346,242.9115858078003,32,62,41,32.12,61.19,41.705,034.60872340425532,7.195319148936171,020.97053191489362
1769577353.711287,242.96047592163086,32,62,41,32.11,61.2,41.69,034.61872340425532,7.2053191489361765,020.98553191489362
1769577353.762183,243.01138377189636,32,62,41,32.1,61.21,41.675,034.62872340425532,7.2153191489361745,021.00053191489362
1769577353.812885,243.06187272071838,32,62,41,32.09,61.22,41.66,034.638723404255316,7.2253191489361726,021.01553191489362
1769577353.861985,243.1111707687378,32,62,41,32.08,61.23,41.645,034.64872340425532,7.235319148936171,021.030531914893615
1769577353.913651,243.1628909111023,32,62,41,32.07,61.24,41.63,034.65872340425532,7.245319148936176,021.045531914893616
1769577353.963406,243.21258187294006,32,62,41,32.06,61.25,41.615,034.66872340425532,7.255319148936174,021.060531914893616
1769577354.017853,243.26699590682983,32,62,41,32.055,61.26,41.6,034.67372340425532,7.265319148936172,021.075531914893617
1769577354.075296,243.3243908882141,32,62,41,32.05,61.27,41.585,034.67872340425532,7.275319148936177,021.090531914893617
1769577354.129237,243.37835693359375,32,62,41,32.045,61.28,41.575,034.68372340425532,7.285319148936175,021.100531914893615
1769577354.18006,243.42924690246582,32,62,41,32.04,61.29,41.565,034.68872340425532,7.295319148936173,021.11053191489362
1769577354.2302861,243.47947597503662,32,62,41,32.035,61.3,41.555,034.69372340425532,7.305319148936171,021.12053191489362
1769577354.2801762,243.5294008255005,32,62,41,32.03,61.31,41.54,034.69872340425532,7.315319148936176,021.13553191489362
1769577354.3342268,243.58337092399597,32,61,41,32.025,61.315,41.53,034.70372340425532,7.320319148936171,021.145531914893617
1769577354.388048,243.63719487190247,32,62,41,32.02,61.325,41.52,034.708723404255316,7.3303191489361765,021.155531914893615
1769577354.44114,243.6903088092804,32,62,41,32.015,61.335,41.51,034.71372340425532,7.3403191489361745,021.16553191489362
1769577354.4963388,243.74553775787354,32,62,41,32.01,61.345,41.5,034.71872340425532,7.3503191489361726,021.175531914893618
1769577354.548589,243.79784178733826,32,62,41,32.005,61.355,41.49,034.72372340425532,7.360319148936171,021.185531914893616
1769577354.5995982,243.8487868309021,32,62,41,32.0,61.365,41.48,034.72872340425532,7.370319148936176,021.19553191489362
1769577354.6497788,243.89901185035706,32,61,41,31.995,61.37,41.47,034.733723404255315,7.375319148936171,021.20553191489362
1769577354.699583,243.9487488269806,32,61,41,31.99,61.375,41.46,034.738723404255325,7.380319148936174,021.215531914893617
1769577354.7523131,244.0013928413391,33,61,42,31.99,61.38,41.455,034.738723404255325,7.385319148936176,021.22053191489362
1769577354.811156,244.06031894683838,32,61,41,31.985,61.385,41.445,034.74372340425532,7.390319148936172,021.230531914893618
1769577354.863332,244.1124677658081,32,61,41,31.98,61.385,41.435,034.748723404255315,7.390319148936172,021.240531914893616
1769577354.9123049,244.16154289245605,32,61,41,31.975,61.385,41.43,034.75372340425532,7.390319148936172,021.24553191489362
1769577354.963592,244.21275281906128,32,62,41,31.975,61.39,41.425,034.75372340425532,7.395319148936174,021.25053191489362
1769577355.015156,244.26432180404663,32,62,41,31.975,61.395,41.42,034.75372340425532,7.400319148936177,021.255531914893616
1769577355.065436,244.31464767456055,32,61,41,31.97,61.395,41.41,034.75872340425532,7.400319148936177,021.26553191489362
1769577355.1169221,244.36614179611206,32,61,42,31.965,61.395,41.405,034.763723404255316,7.400319148936177,021.270531914893617
1769577355.16771,244.41692066192627,32,62,41,31.965,61.4,41.4,034.763723404255316,7.405319148936172,021.27553191489362
1769577355.217547,244.4667308330536,32,61,41,31.965,61.4,41.395,034.763723404255316,7.405319148936172,021.280531914893615
1769577355.267045,244.51627278327942,32,61,41,31.965,61.4,41.39,034.763723404255316,7.405319148936172,021.285531914893618
1769577355.318228,244.56736159324646,32,61,41,31.96,61.4,41.38,034.76872340425532,7.405319148936172,021.295531914893616
1769577355.369844,244.61906480789185,33,61,42,31.96,61.405,41.375,034.76872340425532,7.410319148936175,021.300531914893618
1769577355.421057,244.67016863822937,33,61,42,31.965,61.405,41.375,034.763723404255316,7.410319148936175,021.300531914893618
1769577355.4739158,244.7231366634369,32,61,42,31.965,61.405,41.375,034.763723404255316,7.410319148936175,021.300531914893618
1769577355.527929,244.777099609375,33,61,42,31.97,61.405,41.375,034.75872340425532,7.410319148936175,021.300531914893618
1769577355.5806441,244.82982873916626,33,61,42,31.975,61.405,41.375,034.75372340425532,7.410319148936175,021.300531914893618
1769577355.632365,244.88158679008484,33,61,42,31.98,61.405,41.375,034.748723404255315,7.410319148936175,021.300531914893618
1769577355.683975,244.9331169128418,32,61,42,31.98,61.405,41.375,034.748723404255315,7.410319148936175,021.300531914893618
1769577355.7465768,244.9955656528473,32,61,42,31.98,61.405,41.375,034.748723404255315,7.410319148936175,021.300531914893618
1769577355.8001,245.0491967201233,32,61,42,31.975,61.405,41.375,034.75372340425532,7.410319148936175,021.300531914893618
1769577355.849664,245.09882378578186,32,61,42,31.975,61.405,41.375,034.75372340425532,7.410319148936175,021.300531914893618
1769577355.900662,245.14987182617188,33,61,42,31.98,61.405,41.375,034.748723404255315,7.410319148936175,021.300531914893618
1769577355.950628,245.19983887672424,33,61,42,31.985,61.405,41.375,034.74372340425532,7.410319148936175,021.300531914893618
1769577356.001429,245.25065398216248,32,61,42,31.985,61.405,41.375,034.74372340425532,7.410319148936175,021.300531914893618
1769577356.0509498,245.29996585845947,32,61,42,31.985,61.405,41.375,034.74372340425532,7.410319148936175,021.300531914893618
1769577356.100671,245.34992265701294,32,61,42,31.985,61.405,41.375,034.74372340425532,7.410319148936175,021.300531914893618
1769577356.1521862,245.40140080451965,32,61,42,31.985,61.405,41.375,034.74372340425532,7.410319148936175,021.300531914893618
1769577356.207038,245.45623970031738,32,61,42,31.985,61.405,41.375,034.74372340425532,7.410319148936175,021.300531914893618
1769577356.259098,245.50818276405334,33,61,42,31.99,61.405,41.375,034.738723404255325,7.410319148936175,021.300531914893618
1769577356.311082,245.56027483940125,33,61,42,31.995,61.405,41.375,034.733723404255315,7.410319148936175,021.300531914893618
1769577356.360808,245.60996294021606,32,61,42,31.995,61.405,41.375,034.733723404255315,7.410319148936175,021.300531914893618
1769577356.41072,245.65992975234985,32,61,42,31.995,61.405,41.375,034.733723404255315,7.410319148936175,021.300531914893618
1769577356.4635332,245.7126898765564,32,61,41,31.995,61.405,41.37,034.733723404255315,7.410319148936175,021.30553191489362
1769577356.5175302,245.76670694351196,32,61,41,31.995,61.405,41.365,034.733723404255315,7.410319148936175,021.310531914893616
1769577356.569349,245.81850695610046,32,61,42,31.995,61.405,41.365,034.733723404255315,7.410319148936175,021.310531914893616
1769577356.619415,245.86859583854675,32,61,42,31.995,61.405,41.365,034.733723404255315,7.410319148936175,021.310531914893616
1769577356.6717892,245.92096281051636,33,61,42,32.0,61.405,41.365,034.72872340425532,7.410319148936175,021.310531914893616
1769577356.7244968,245.97364783287048,33,61,42,32.005,61.405,41.365,034.72372340425532,7.410319148936175,021.310531914893616
1769577356.7751381,246.02429485321045,32,61,42,32.005,61.405,41.365,034.72372340425532,7.410319148936175,021.310531914893616
1769577356.825928,246.0751497745514,32,61,42,32.005,61.405,41.365,034.72372340425532,7.410319148936175,021.310531914893616
1769577356.876972,246.12613463401794,33,61,42,32.01,61.405,41.365,034.71872340425532,7.410319148936175,021.310531914893616
1769577356.927337,246.17649173736572,33,61,42,32.015,61.405,41.365,034.71372340425532,7.410319148936175,021.310531914893616
1769577356.982452,246.2315537929535,33,61,42,32.02,61.405,41.365,034.708723404255316,7.410319148936175,021.310531914893616
1769577357.0353222,246.28449177742004,33,61,42,32.025,61.405,41.365,034.70372340425532,7.410319148936175,021.310531914893616
1769577357.085681,246.3348548412323,33,61,42,32.03,61.405,41.365,034.69872340425532,7.410319148936175,021.310531914893616
1769577357.136399,246.38559579849243,33,61,42,32.035,61.405,41.365,034.69372340425532,7.410319148936175,021.310531914893616
1769577357.186898,246.4361069202423,33,61,42,32.04,61.405,41.365,034.68872340425532,7.410319148936175,021.310531914893616
1769577357.237365,246.48655486106873,32,61,42,32.04,61.405,41.365,034.68872340425532,7.410319148936175,021.310531914893616
1769577357.287137,246.5362937450409,32,61,41,32.04,61.405,41.36,034.68872340425532,7.410319148936175,021.31553191489362
1769577357.3370051,246.58617067337036,32,61,41,32.04,61.405,41.355,034.68872340425532,7.410319148936175,021.32053191489362
1769577357.392329,246.6411747932434,32,61,41,32.04,61.405,41.35,034.68872340425532,7.410319148936175,021.325531914893617
1769577357.4472342,246.69632267951965,32,61,41,32.04,61.405,41.345,034.68872340425532,7.410319148936175,021.33053191489362
1769577357.5000498,246.7492606639862,33,61,42,32.045,61.405,41.345,034.68372340425532,7.410319148936175,021.33053191489362
1769577357.548657,246.7978277206421,33,61,42,32.05,61.405,41.345,034.67872340425532,7.410319148936175,021.33053191489362
1769577357.600676,246.84958171844482,33,61,42,32.055,61.405,41.345,034.67372340425532,7.410319148936175,021.33053191489362
1769577357.652194,246.9014608860016,33,61,42,32.06,61.405,41.345,034.66872340425532,7.410319148936175,021.33053191489362
1769577357.7013152,246.95045971870422,33,61,42,32.065,61.405,41.345,034.66372340425532,7.410319148936175,021.33053191489362
1769577357.7504032,246.99956583976746,33,61,42,32.07,61.405,41.345,034.65872340425532,7.410319148936175,021.33053191489362
1769577357.800575,247.04977679252625,33,61,42,32.075,61.405,41.345,034.65372340425532,7.410319148936175,021.33053191489362
1769577357.85253,247.10170578956604,33,61,42,32.08,61.405,41.345,034.64872340425532,7.410319148936175,021.33053191489362
1769577357.902884,247.1520698070526,33,61,42,32.085,61.405,41.345,034.64372340425532,7.410319148936175,021.33053191489362
1769577357.954695,247.20389986038208,33,61,42,32.09,61.405,41.345,034.638723404255316,7.410319148936175,021.33053191489362
1769577358.005444,247.25463485717773,33,61,42,32.095,61.405,41.345,034.63372340425532,7.410319148936175,021.33053191489362
1769577358.0571342,247.30622959136963,33,61,42,32.1,61.405,41.345,034.62872340425532,7.410319148936175,021.33053191489362
1769577358.113118,247.362295627594,33,61,42,32.105,61.405,41.345,034.62372340425532,7.410319148936175,021.33053191489362
1769577358.16501,247.41419863700867,33,61,42,32.11,61.405,41.345,034.61872340425532,7.410319148936175,021.33053191489362
1769577358.218654,247.4677996635437,33,61,42,32.115,61.405,41.345,034.61372340425532,7.410319148936175,021.33053191489362
1769577358.275551,247.52476596832275,33,61,42,32.12,61.405,41.345,034.60872340425532,7.410319148936175,021.33053191489362
1769577358.3276758,247.57689762115479,33,61,42,32.125,61.405,41.345,034.60372340425532,7.410319148936175,021.33053191489362
1769577358.37658,247.62570476531982,33,61,42,32.13,61.405,41.345,034.59872340425532,7.410319148936175,021.33053191489362
1769577358.4285388,247.6777379512787,33,61,42,32.135,61.405,41.345,034.59372340425532,7.410319148936175,021.33053191489362
1769577358.481746,247.73086166381836,33,61,43,32.14,61.405,41.35,034.58872340425532,7.410319148936175,021.325531914893617
1769577358.539098,247.78815078735352,33,61,43,32.145,61.405,41.355,034.583723404255316,7.410319148936175,021.32053191489362
1769577358.598398,247.84733271598816,33,61,42,32.15,61.405,41.355,034.57872340425532,7.410319148936175,021.32053191489362
1769577358.6580648,247.90718173980713,33,61,42,32.155,61.405,41.36,034.57372340425532,7.410319148936175,021.31553191489362
1769577358.711838,247.96102094650269,33,61,42,32.16,61.405,41.365,034.56872340425532,7.410319148936175,021.310531914893616
1769577358.7638662,248.01271867752075,33,61,42,32.165,61.405,41.365,034.56372340425532,7.410319148936175,021.310531914893616
1769577358.8111732,248.0603847503662,33,61,42,32.17,61.405,41.365,034.55872340425532,7.410319148936175,021.310531914893616
1769577358.860387,248.10929584503174,33,61,43,32.175,61.405,41.37,034.55372340425532,7.410319148936175,021.30553191489362
1769577358.90769,248.15691590309143,33,61,43,32.18,61.405,41.375,034.54872340425532,7.410319148936175,021.300531914893618
1769577358.957555,248.2064938545227,33,61,43,32.185,61.405,41.38,034.54372340425532,7.410319148936175,021.295531914893616
1769577359.007833,248.2570617198944,33,61,43,32.19,61.405,41.385,034.53872340425532,7.410319148936175,021.29053191489362
1769577359.060562,248.3097448348999,33,61,43,32.195,61.405,41.39,034.53372340425532,7.410319148936175,021.285531914893618
1769577359.113964,248.36317682266235,33,61,43,32.2,61.405,41.395,034.52872340425532,7.410319148936175,021.280531914893615
1769577359.166662,248.41583490371704,33,61,43,32.205,61.405,41.4,034.52372340425532,7.410319148936175,021.27553191489362
1769577359.228197,248.477374792099,33,61,43,32.21,61.405,41.41,034.51872340425532,7.410319148936175,021.26553191489362
1769577359.28905,248.53814888000488,33,61,43,32.215,61.405,41.415,034.513723404255316,7.410319148936175,021.26053191489362
1769577359.349731,248.59878182411194,33,61,43,32.22,61.405,41.425,034.50872340425532,7.410319148936175,021.25053191489362
1769577359.407312,248.65642762184143,33,61,43,32.225,61.405,41.435,034.50372340425532,7.410319148936175,021.240531914893616
1769577359.4618618,248.71099281311035,33,60,43,32.23,61.4,41.445,034.49872340425532,7.405319148936172,021.230531914893618
1769577359.5181282,248.76723980903625,33,61,43,32.235,61.4,41.455,034.49372340425532,7.405319148936172,021.22053191489362
1769577359.569341,248.81854796409607,33,61,43,32.245,61.4,41.465,034.48372340425532,7.405319148936172,021.210531914893615
1769577359.6244,248.87360382080078,33,61,42,32.25,61.4,41.47,034.47872340425532,7.405319148936172,021.20553191489362
1769577359.686922,248.93607187271118,33,61,43,32.255,61.4,41.48,034.47372340425532,7.405319148936172,021.19553191489362
1769577359.749892,248.99869799613953,34,60,43,32.265,61.395,41.49,034.46372340425532,7.400319148936177,021.185531914893616
1769577359.8058162,249.0549759864807,34,60,43,32.275,61.39,41.5,034.45372340425532,7.395319148936174,021.175531914893618
1769577359.8621,249.11118578910828,33,61,43,32.285,61.39,41.51,034.44372340425532,7.395319148936174,021.16553191489362
1769577359.92135,249.17035484313965,34,61,43,32.3,61.39,41.52,034.42872340425532,7.395319148936174,021.155531914893615
1769577359.9888608,249.2380027770996,33,61,43,32.31,61.39,41.53,034.41872340425532,7.395319148936174,021.145531914893617
1769577360.059705,249.30873656272888,33,61,43,32.32,61.39,41.54,034.40872340425532,7.395319148936174,021.13553191489362
1769577360.123123,249.37218475341797,33,61,42,32.33,61.385,41.545,034.39872340425532,7.390319148936172,021.130531914893616
1769577360.187325,249.4362018108368,33,61,42,32.34,61.38,41.55,034.388723404255316,7.385319148936176,021.12553191489362
1769577360.284759,249.53217482566833,33,61,43,32.35,61.38,41.56,034.37872340425532,7.385319148936176,021.115531914893616
1769577360.5117812,249.75776982307434,33,61,43,32.355,61.38,41.57,034.37372340425532,7.385319148936176,021.105531914893618
1769577360.6776462,249.92667388916016,34,61,43,32.37,61.38,41.58,034.35872340425532,7.385319148936176,021.09553191489362
1769577360.7484522,249.99723768234253,34,61,43,32.38,61.38,41.59,034.34872340425532,7.385319148936176,021.085531914893615
1769577360.827413,250.07605981826782,34,61,43,32.39,61.38,41.6,034.33872340425532,7.385319148936176,021.075531914893617
1769577360.930461,250.17958664894104,34,61,43,32.405,61.375,41.61,034.32372340425532,7.380319148936174,021.06553191489362
1769577361.007471,250.25657272338867,34,61,43,32.415,61.375,41.62,034.31372340425532,7.380319148936174,021.05553191489362
1769577361.101911,250.3509817123413,34,61,43,32.425,61.37,41.63,034.30372340425532,7.375319148936171,021.045531914893616
1769577361.17859,250.42740297317505,34,61,43,32.44,61.365,41.645,034.28872340425532,7.370319148936176,021.030531914893615
1769577361.285322,250.52683186531067,33,61,43,32.45,61.36,41.655,034.27872340425532,7.365319148936173,021.020531914893617
1769577361.400633,250.64909958839417,34,60,43,32.46,61.355,41.665,034.26872340425532,7.360319148936171,021.01053191489362
1769577361.469232,250.71762466430664,34,60,43,32.47,61.35,41.675,034.25872340425532,7.355319148936175,021.00053191489362
1769577361.539598,250.78852677345276,33,61,43,32.475,61.35,41.685,034.25372340425532,7.355319148936175,020.990531914893616
1769577361.5477781,250.796710729599,34,61,43,32.485,61.345,41.695,034.24372340425532,7.3503191489361726,020.980531914893618
1769577361.612618,250.8616898059845,33,61,43,32.49,61.34,41.705,034.23872340425532,7.345319148936177,020.97053191489362
1769577361.67391,250.92294073104858,33,61,42,32.495,61.335,41.71,034.23372340425532,7.3403191489361745,020.965531914893617
1769577361.735708,250.98471879959106,34,61,43,32.505,61.33,41.72,034.22372340425532,7.335319148936172,020.95553191489362
1769577361.795188,251.04411482810974,34,61,43,32.515,61.325,41.73,034.21372340425532,7.3303191489361765,020.94553191489362
1769577361.857378,251.10612297058105,34,61,43,32.525,61.32,41.74,034.20372340425532,7.325319148936174,020.935531914893616
1769577361.921559,251.17062401771545,34,61,43,32.535,61.32,41.75,034.19372340425532,7.325319148936174,020.925531914893618
1769577361.990423,251.2384967803955,34,61,43,32.545,61.32,41.76,034.18372340425532,7.325319148936174,020.91553191489362
1769577362.062455,251.3109118938446,34,61,43,32.555,61.315,41.77,034.17372340425532,7.320319148936171,020.905531914893615
1769577362.1288629,251.37788081169128,34,61,43,32.565,61.31,41.78,034.16372340425532,7.315319148936176,020.895531914893617
1769577362.200133,251.44888377189636,33,61,43,32.57,61.305,41.79,034.15872340425532,7.310319148936173,020.88553191489362
1769577362.26266,251.51178169250488,34,61,43,32.58,61.3,41.8,034.14872340425532,7.305319148936171,020.87553191489362
1769577362.324107,251.57323384284973,34,60,44,32.59,61.29,41.815,034.138723404255316,7.295319148936173,020.86053191489362
1769577362.381415,251.63037967681885,34,61,43,32.6,61.285,41.825,034.12872340425532,7.29031914893617,020.850531914893615
1769577362.432935,251.68211674690247,34,61,43,32.61,61.28,41.835,034.11872340425532,7.285319148936175,020.840531914893617
1769577362.485803,251.73499870300293,34,61,43,32.62,61.275,41.845,034.10872340425532,7.280319148936172,020.83053191489362
1769577362.548404,251.79723072052002,34,61,43,32.63,61.27,41.855,034.09872340425532,7.275319148936177,020.82053191489362
1769577362.6289852,251.87782669067383,34,61,43,32.64,61.265,41.865,034.08872340425532,7.270319148936174,020.810531914893616
1769577362.744243,251.99331974983215,34,60,43,32.65,61.255,41.875,034.07872340425532,7.260319148936176,020.800531914893618
1769577362.800441,252.04961585998535,34,61,43,32.66,61.25,41.885,034.06872340425532,7.255319148936174,020.79053191489362
1769577362.853568,252.10270476341248,34,61,43,32.67,61.245,41.895,034.05872340425532,7.250319148936171,020.780531914893615
1769577362.9187992,252.16778779029846,34,61,43,32.68,61.24,41.905,034.04872340425532,7.245319148936176,020.770531914893617
1769577362.9968798,252.24506378173828,34,60,43,32.69,61.23,41.915,034.03872340425532,7.235319148936171,020.76053191489362
1769577363.0784519,252.32718181610107,34,60,44,32.7,61.22,41.93,034.02872340425532,7.2253191489361726,020.74553191489362
1769577363.149337,252.39826464653015,34,60,43,32.71,61.21,41.94,034.01872340425532,7.2153191489361745,020.73553191489362
1769577363.224427,252.47277975082397,34,60,43,32.72,61.2,41.95,034.00872340425532,7.2053191489361765,020.725531914893615
1769577363.323987,252.5730266571045,34,60,43,32.73,61.19,41.96,033.99872340425532,7.195319148936171,020.715531914893617
1769577363.413631,252.66216778755188,34,60,44,32.74,61.18,41.975,033.98872340425532,7.185319148936173,020.700531914893617
1769577363.529603,252.77393174171448,35,60,44,32.755,61.17,41.99,033.97372340425532,7.175319148936175,020.685531914893616
1769577363.633785,252.88269066810608,34,60,44,32.765,61.16,42.005,033.96372340425532,7.16531914893617,020.670531914893616
1769577363.781334,253.02640056610107,34,60,44,32.775,61.155,42.02,033.95372340425532,7.160319148936175,020.655531914893615
1769577363.912836,253.16126799583435,34,60,44,32.785,61.15,42.035,033.94372340425532,7.155319148936172,020.64053191489362
1769577364.055392,253.30309867858887,34,60,44,32.795,61.145,42.05,033.93372340425532,7.150319148936177,020.62553191489362
1769577364.181918,253.4308478832245,34,60,44,32.805,61.14,42.065,033.92372340425532,7.145319148936174,020.61053191489362
1769577364.296544,253.54250073432922,34,60,44,32.815,61.13,42.08,033.91372340425532,7.135319148936176,020.59553191489362
1769577364.4003341,253.64929103851318,34,60,44,32.825,61.12,42.095,033.90372340425532,7.125319148936171,020.58053191489362
1769577364.4804668,253.72923493385315,34,60,44,32.835,61.11,42.11,033.89372340425532,7.115319148936173,020.56553191489362
1769577364.554857,253.80363583564758,34,60,44,32.845,61.1,42.125,033.88372340425532,7.105319148936175,020.550531914893618
1769577364.645453,253.89376378059387,34,60,44,32.855,61.09,42.14,033.87372340425532,7.095319148936177,020.535531914893618
1769577364.729665,253.97881388664246,34,60,44,32.865,61.08,42.155,033.86372340425532,7.085319148936172,020.520531914893617
1769577364.804141,254.05313897132874,35,60,44,32.88,61.07,42.17,033.84872340425532,7.075319148936174,020.505531914893616
1769577364.897878,254.14684963226318,34,60,44,32.89,61.06,42.185,033.83872340425532,7.065319148936176,020.490531914893616
1769577365.0988421,254.3480887413025,34,60,44,32.9,61.05,42.2,033.82872340425532,7.055319148936171,020.475531914893615
1769577365.154628,254.40384483337402,34,60,44,32.91,61.04,42.215,033.81872340425532,7.045319148936173,020.460531914893615
1769577365.2133398,254.46242880821228,34,60,44,32.92,61.03,42.23,033.80872340425532,7.035319148936175,020.44553191489362
1769577365.27346,254.52260184288025,35,60,44,32.935,61.025,42.245,033.79372340425532,7.030319148936172,020.43053191489362
1769577365.332452,254.58161783218384,35,60,45,32.95,61.02,42.265,033.77872340425532,7.025319148936177,020.410531914893618
1769577365.394305,254.64337277412415,35,60,44,32.965,61.01,42.28,033.763723404255316,7.015319148936172,020.395531914893617
1769577365.4505,254.69949889183044,35,60,45,32.98,61.0,42.3,033.74872340425532,7.005319148936174,020.37553191489362
1769577365.5095491,254.75872898101807,35,60,44,32.99,60.995,42.31,033.73872340425532,7.000319148936171,020.365531914893616
1769577365.5683599,254.81755876541138,35,60,44,33.005,60.985,42.325,033.72372340425532,6.990319148936173,020.350531914893615
1769577365.62506,254.8742527961731,35,60,45,33.02,60.975,42.345,033.708723404255316,6.980319148936175,020.33053191489362
1769577365.6806421,254.92985582351685,35,60,44,33.035,60.965,42.36,033.69372340425532,6.970319148936177,020.31553191489362
1769577365.736487,254.98556971549988,35,60,44,33.05,60.955,42.375,033.67872340425532,6.960319148936172,020.300531914893618
1769577365.795542,255.04470872879028,35,60,44,33.065,60.945,42.39,033.66372340425532,6.950319148936174,020.285531914893618
1769577365.8547509,255.10388469696045,35,60,44,33.08,60.935,42.405,033.64872340425532,6.940319148936176,020.270531914893617
1769577365.916779,255.1659379005432,35,60,44,33.095,60.925,42.42,033.63372340425532,6.930319148936171,020.255531914893616
1769577365.993026,255.2419788837433,35,60,44,33.11,60.915,42.435,033.61872340425532,6.920319148936173,020.240531914893616
1769577366.069661,255.31821084022522,35,60,44,33.125,60.905,42.45,033.60372340425532,6.910319148936175,020.225531914893615
1769577366.140008,255.38898372650146,35,60,44,33.14,60.895,42.465,033.58872340425532,6.900319148936177,020.210531914893615
1769577366.205676,255.45458483695984,35,60,44,33.155,60.885,42.48,033.57372340425532,6.890319148936172,020.19553191489362
1769577366.27357,255.5225956439972,35,60,44,33.17,60.875,42.495,033.55872340425532,6.880319148936174,020.18053191489362
1769577366.3484879,255.59654664993286,34,60,44,33.18,60.865,42.51,033.54872340425532,6.870319148936176,020.16553191489362
1769577366.4434361,255.69232773780823,35,60,44,33.195,60.855,42.525,033.53372340425532,6.860319148936171,020.15053191489362
1769577366.5120902,255.7612328529358,35,60,44,33.21,60.845,42.54,033.51872340425532,6.8503191489361726,020.13553191489362
1769577366.576354,255.82508873939514,35,60,44,33.225,60.835,42.555,033.50372340425532,6.8403191489361745,020.12053191489362
1769577366.643639,255.8927628993988,35,60,44,33.24,60.825,42.57,033.48872340425532,6.8303191489361765,020.105531914893618
1769577366.711823,255.9609296321869,35,60,45,33.255,60.815,42.59,033.47372340425532,6.820319148936171,020.085531914893615
1769577366.7723122,256.02139687538147,35,60,45,33.27,60.805,42.61,033.458723404255316,6.810319148936173,020.06553191489362
1769577366.828204,256.07738184928894,35,60,44,33.285,60.795,42.625,033.44372340425532,6.800319148936175,020.050531914893618
1769577366.884622,256.133752822876,35,60,44,33.3,60.785,42.64,033.42872340425532,6.79031914893617,020.035531914893618
1769577366.940215,256.189368724823,35,60,44,33.315,60.775,42.655,033.41372340425532,6.780319148936172,020.020531914893617
1769577366.998931,256.24741673469543,36,60,45,33.335,60.765,42.675,033.39372340425532,6.770319148936174,020.00053191489362
1769577367.060054,256.3091948032379,36,60,45,33.355,60.755,42.695,033.37372340425532,6.760319148936176,019.980531914893618
1769577367.1163242,256.36549973487854,36,59,46,33.375,60.74,42.72,033.35372340425532,6.745319148936176,019.95553191489362
1769577367.176769,256.4255938529968,36,60,45,33.395,60.73,42.74,033.333723404255316,6.735319148936171,019.935531914893616
1769577367.237102,256.4861147403717,36,60,45,33.415,60.725,42.76,033.31372340425532,6.730319148936175,019.91553191489362
1769577367.297129,256.54617190361023,36,60,45,33.435,60.715,42.78,033.29372340425532,6.720319148936177,019.895531914893617
1769577367.3579478,256.6066219806671,36,60,45,33.455,60.705,42.8,033.27372340425532,6.710319148936172,019.87553191489362
1769577367.431989,256.6805148124695,36,60,45,33.475,60.695,42.82,033.25372340425532,6.700319148936174,019.855531914893618
1769577367.505999,256.7549660205841,36,60,45,33.495,60.685,42.84,033.23372340425532,6.690319148936176,019.835531914893615
1769577367.568247,256.8171298503876,36,60,45,33.515,60.675,42.86,033.21372340425532,6.680319148936171,019.81553191489362
1769577367.629384,256.87851071357727,36,60,45,33.535,60.67,42.88,033.19372340425532,6.675319148936175,019.795531914893616
1769577367.7086,256.951233625412,36,60,45,33.555,60.665,42.9,033.17372340425532,6.670319148936173,019.77553191489362
1769577367.768616,257.01763367652893,36,60,45,33.57,60.66,42.915,033.15872340425532,6.66531914893617,019.76053191489362
1769577367.8252192,257.07432079315186,36,60,45,33.59,60.655,42.935,033.138723404255316,6.660319148936175,019.740531914893616
1769577367.87961,257.1287658214569,36,60,45,33.61,60.65,42.955,033.11872340425532,6.655319148936172,019.72053191489362
1769577367.934706,257.1839265823364,36,60,45,33.63,60.645,42.975,033.09872340425532,6.650319148936177,019.700531914893617
1769577367.987783,257.23686385154724,36,60,45,33.65,60.635,42.995,033.07872340425532,6.640319148936172,019.68053191489362
1769577368.0450518,257.2941777706146,37,60,45,33.675,60.625,43.015,033.05372340425532,6.630319148936174,019.660531914893618
1769577368.09939,257.3485949039459,36,60,45,33.695,60.62,43.035,033.03372340425532,6.625319148936171,019.64053191489362
1769577368.153737,257.40295481681824,36,60,45,33.715,60.615,43.05,033.013723404255316,6.620319148936176,019.62553191489362
1769577368.2059588,257.4549446105957,36,60,45,33.735,60.605,43.07,032.99372340425532,6.610319148936171,019.605531914893618
1769577368.259186,257.508193731308,36,60,45,33.755,60.6,43.09,032.97372340425532,6.605319148936175,019.585531914893615
1769577368.312601,257.56175994873047,37,60,45,33.78,60.595,43.11,032.94872340425532,6.6003191489361726,019.56553191489362
1769577368.3704278,257.61959075927734,37,60,45,33.805,60.59,43.13,032.92372340425532,6.595319148936177,019.545531914893616
1769577368.4254541,257.67463779449463,37,60,45,33.825,60.585,43.145,032.90372340425532,6.5903191489361745,019.530531914893615
1769577368.4837928,257.73286986351013,37,60,45,33.845,60.58,43.16,032.88372340425532,6.585319148936172,019.51553191489362
1769577368.53879,257.7880036830902,37,60,45,33.87,60.575,43.175,032.85872340425532,6.5803191489361765,019.50053191489362
1769577368.5919812,257.84111285209656,37,60,45,33.89,60.57,43.19,032.83872340425532,6.575319148936174,019.48553191489362
1769577368.645886,257.8950288295746,37,60,45,33.91,60.565,43.205,032.81872340425532,6.570319148936171,019.47053191489362
1769577368.698923,257.9480435848236,36,60,45,33.925,60.56,43.22,032.80372340425532,6.565319148936176,019.45553191489362
1769577368.754516,258.003634929657,37,60,45,33.95,60.555,43.235,032.77872340425532,6.560319148936173,019.44053191489362
1769577368.8086,258.0577688217163,37,60,46,33.975,60.55,43.255,032.75372340425532,6.555319148936171,019.420531914893616
1769577368.860094,258.1092936992645,37,60,46,34.0,60.545,43.275,032.72872340425532,6.550319148936175,019.40053191489362
1769577368.911836,258.161052942276,37,60,46,34.025,60.54,43.295,032.70372340425532,6.545319148936173,019.380531914893616
1769577368.9633741,258.21244287490845,37,60,45,34.045,60.535,43.31,032.68372340425532,6.54031914893617,019.365531914893616
1769577369.018035,258.26719784736633,37,60,46,34.065,60.53,43.33,032.66372340425532,6.535319148936175,019.34553191489362
1769577369.070921,258.3201458454132,37,60,45,34.09,60.525,43.345,032.638723404255316,6.530319148936172,019.33053191489362
1769577369.1229708,258.37220191955566,37,60,45,34.115,60.52,43.36,032.61372340425532,6.525319148936177,019.31553191489362
1769577369.1752121,258.42444372177124,37,60,45,34.14,60.515,43.375,032.58872340425532,6.520319148936174,019.300531914893618
1769577369.230758,258.4798846244812,37,60,46,34.165,60.51,43.395,032.56372340425532,6.515319148936172,019.280531914893615
1769577369.287539,258.5366427898407,37,60,45,34.19,60.505,43.41,032.53872340425532,6.510319148936176,019.26553191489362
1769577369.3459399,258.5951249599457,37,60,46,34.21,60.5,43.43,032.51872340425532,6.505319148936174,019.24553191489362
1769577369.398474,258.64763593673706,37,60,46,34.23,60.495,43.45,032.49872340425532,6.500319148936171,019.225531914893615
1769577369.451191,258.70037293434143,37,60,46,34.255,60.49,43.47,032.47372340425532,6.495319148936176,019.20553191489362
1769577369.501604,258.75069284439087,37,60,46,34.28,60.485,43.49,032.44872340425532,6.490319148936173,019.185531914893616
1769577369.552736,258.8019118309021,37,60,46,34.305,60.48,43.515,032.42372340425532,6.485319148936171,019.160531914893618
1769577369.605342,258.85451769828796,37,60,46,34.33,60.475,43.54,032.39872340425532,6.480319148936175,019.13553191489362
1769577369.658505,258.9076838493347,37,60,46,34.355,60.47,43.56,032.37372340425532,6.4753191489361726,019.115531914893616
1769577369.71237,258.96127367019653,38,60,46,34.385,60.465,43.58,032.34372340425532,6.470319148936177,019.09553191489362
1769577369.767367,259.01660084724426,37,60,46,34.405,60.46,43.6,032.32372340425532,6.4653191489361745,019.075531914893617
1769577369.819941,259.0690577030182,37,60,46,34.425,60.455,43.62,032.30372340425532,6.460319148936172,019.05553191489362
1769577369.8722718,259.12143778800964,37,60,46,34.45,60.45,43.64,032.27872340425532,6.4553191489361765,019.035531914893618
1769577369.9239428,259.17308378219604,37,60,46,34.475,60.445,43.66,032.25372340425532,6.450319148936174,019.01553191489362
1769577369.9727628,259.2219467163086,37,60,46,34.495,60.44,43.68,032.23372340425532,6.445319148936171,018.99553191489362
1769577370.021922,259.2711217403412,37,60,46,34.515,60.435,43.7,032.21372340425532,6.440319148936176,018.975531914893615
1769577370.070716,259.3199348449707,37,60,46,34.535,60.43,43.72,032.19372340425532,6.435319148936173,018.95553191489362
1769577370.1213582,259.3705348968506,37,60,46,34.555,60.425,43.74,032.17372340425532,6.430319148936171,018.935531914893616
1769577370.173667,259.4228699207306,37,60,46,34.575,60.42,43.76,032.15372340425532,6.425319148936175,018.91553191489362
1769577370.2240949,259.47321581840515,37,60,46,34.595,60.415,43.78,032.13372340425532,6.420319148936173,018.895531914893617
1769577370.274579,259.52368569374084,37,60,46,34.615,60.41,43.8,032.11372340425532,6.41531914893617,018.87553191489362
1769577370.3293812,259.5784628391266,37,60,46,34.64,60.405,43.82,032.08872340425532,6.410319148936175,018.855531914893618
1769577370.381751,259.6308398246765,37,60,46,34.665,60.4,43.845,032.06372340425532,6.405319148936172,018.83053191489362
1769577370.438315,259.6875247955322,37,60,46,34.69,60.395,43.87,032.03872340425532,6.400319148936177,018.80553191489362
1769577370.489454,259.73861360549927,37,60,46,34.715,60.39,43.895,032.013723404255316,6.395319148936174,018.780531914893615
1769577370.494775,259.74404978752136,38,59,46,34.745,60.38,43.92,031.983723404255322,6.385319148936176,018.755531914893616
1769577370.545602,259.79480385780334,37,60,46,34.765,60.375,43.94,031.96372340425532,6.380319148936174,018.73553191489362
1769577370.598967,259.8480749130249,38,60,46,34.79,60.37,43.96,031.93872340425532,6.375319148936171,018.715531914893617
1769577370.651947,259.9011468887329,38,60,46,34.815,60.365,43.98,031.91372340425532,6.370319148936176,018.69553191489362
1769577370.70646,259.95552372932434,37,60,46,34.835,60.36,44.0,031.89372340425532,6.365319148936173,018.675531914893618
1769577370.76257,260.0117356777191,37,59,46,34.855,60.35,44.02,031.873723404255323,6.355319148936175,018.655531914893615
1769577370.820244,260.0692048072815,37,59,46,34.875,60.34,44.04,031.85372340425532,6.345319148936177,018.63553191489362
1769577370.8763928,260.1255576610565,37,60,46,34.895,60.335,44.06,031.833723404255316,6.3403191489361745,018.615531914893616
1769577370.9283168,260.17740869522095,37,60,46,34.915,60.33,44.08,031.81372340425532,6.335319148936172,018.59553191489362
1769577370.9812229,260.23038268089294,37,60,46,34.935,60.325,44.1,031.793723404255317,6.3303191489361765,018.575531914893617
1769577371.034467,260.28359174728394,37,60,46,34.955,60.32,44.12,031.77372340425532,6.325319148936174,018.55553191489362
1769577371.084095,260.3332779407501,37,60,46,34.975,60.315,44.14,031.753723404255318,6.320319148936171,018.535531914893618
1769577371.134654,260.3838608264923,37,60,46,34.995,60.31,44.16,031.733723404255322,6.315319148936176,018.51553191489362
1769577371.1878211,260.4369716644287,37,60,46,35.015,60.305,44.18,031.71372340425532,6.310319148936173,018.49553191489362
1769577371.237528,260.48669266700745,38,60,46,35.04,60.3,44.2,031.68872340425532,6.305319148936171,018.475531914893615
1769577371.287671,260.53687286376953,38,60,46,35.065,60.295,44.22,031.66372340425532,6.300319148936175,018.45553191489362
1769577371.341964,260.5911228656769,37,60,46,35.085,60.29,44.24,031.64372340425532,6.295319148936173,018.435531914893616
1769577371.3998342,260.6489899158478,38,59,46,35.11,60.28,44.26,031.61872340425532,6.285319148936175,018.41553191489362
1769577371.4536269,260.70272278785706,37,60,46,35.13,60.275,44.28,031.598723404255317,6.280319148936172,018.395531914893617
1769577371.503992,260.7531409263611,37,60,46,35.15,60.27,44.3,031.57872340425532,6.275319148936177,018.37553191489362
1769577371.560218,260.8093786239624,37,60,46,35.17,60.265,44.315,031.558723404255318,6.270319148936174,018.36053191489362
1769577371.61457,260.8637738227844,37,60,46,35.19,60.26,44.33,031.53872340425532,6.265319148936172,018.34553191489362
1769577371.667851,260.91701579093933,38,59,46,35.215,60.25,44.35,031.513723404255316,6.255319148936174,018.325531914893617
1769577371.721995,260.97107195854187,38,59,47,35.24,60.24,44.375,031.488723404255317,6.245319148936176,018.300531914893618
1769577371.7758,261.024915933609,38,59,47,35.265,60.23,44.4,031.46372340425532,6.235319148936171,018.27553191489362
1769577371.827446,261.07658982276917,38,59,47,35.29,60.22,44.425,031.43872340425532,6.2253191489361726,018.25053191489362
1769577371.880518,261.1297068595886,38,59,47,35.315,60.21,44.45,031.41372340425532,6.2153191489361745,018.225531914893615
1769577371.932061,261.1812889575958,38,59,47,35.34,60.2,44.47,031.388723404255316,6.2053191489361765,018.20553191489362
1769577371.983945,261.23304176330566,38,59,47,35.365,60.19,44.49,031.363723404255317,6.195319148936171,018.185531914893616
1769577372.034976,261.28416991233826,38,59,47,35.39,60.18,44.51,031.33872340425532,6.185319148936173,018.16553191489362
1769577372.087865,261.33709168434143,38,59,47,35.415,60.17,44.53,031.31372340425532,6.175319148936175,018.145531914893617
1769577372.14037,261.3895878791809,38,59,47,35.44,60.16,44.55,031.28872340425532,6.16531914893617,018.12553191489362
1769577372.196674,261.4457976818085,38,59,47,35.465,60.15,44.57,031.263723404255316,6.155319148936172,018.105531914893618
1769577372.25041,261.4995017051697,38,59,47,35.49,60.14,44.59,031.238723404255317,6.145319148936174,018.085531914893615
1769577372.302158,261.55134892463684,38,59,47,35.515,60.13,44.61,031.21372340425532,6.135319148936176,018.06553191489362
1769577372.351918,261.601069688797,38,59,47,35.54,60.12,44.63,031.18872340425532,6.125319148936171,018.045531914893616
1769577372.405377,261.65437388420105,38,59,47,35.565,60.11,44.65,031.16372340425532,6.115319148936173,018.02553191489362
1769577372.454869,261.7040157318115,38,59,47,35.59,60.1,44.67,031.138723404255316,6.105319148936175,018.005531914893616
1769577372.506082,261.7552876472473,38,59,47,35.615,60.095,44.69,031.113723404255317,6.1003191489361726,017.98553191489362
1769577372.560127,261.8093388080597,39,59,48,35.645,60.085,44.715,031.083723404255316,6.0903191489361745,017.960531914893615
1769577372.610983,261.86015486717224,39,59,48,35.675,60.075,44.74,031.053723404255322,6.0803191489361765,017.935531914893616
1769577372.66253,261.9115607738495,38,59,47,35.7,60.065,44.765,031.028723404255317,6.070319148936171,017.910531914893618
1769577372.715631,261.9647858142853,38,59,47,35.725,60.055,44.785,031.003723404255318,6.060319148936173,017.89053191489362
1769577372.7697861,262.0189046859741,38,59,47,35.745,60.05,44.805,030.983723404255322,6.055319148936171,017.87053191489362
1769577372.8277519,262.0768518447876,38,59,47,35.765,60.045,44.825,030.96372340425532,6.050319148936175,017.850531914893615
1769577372.883165,262.13233160972595,38,59,48,35.79,60.035,44.85,030.93872340425532,6.04031914893617,017.825531914893617
1769577372.934054,262.18325781822205,38,59,48,35.81,60.025,44.875,030.918723404255317,6.030319148936172,017.800531914893618
1769577372.984629,262.23384070396423,38,59,47,35.835,60.015,44.895,030.89372340425532,6.020319148936174,017.780531914893615
1769577373.03448,262.2835237979889,38,59,47,35.86,60.005,44.915,030.86872340425532,6.010319148936176,017.76053191489362
1769577373.084328,262.33349680900574,38,59,47,35.885,59.995,44.94,030.84372340425532,6.000319148936171,017.73553191489362
1769577373.138219,262.38735485076904,38,59,47,35.91,59.985,44.965,030.818723404255323,5.990319148936173,017.710531914893615
1769577373.1907609,262.43977189064026,38,59,47,35.935,59.975,44.985,030.793723404255317,5.980319148936175,017.69053191489362
1769577373.246576,262.4957387447357,38,59,47,35.96,59.965,45.005,030.76872340425532,5.970319148936177,017.670531914893616
1769577373.298568,262.54774284362793,38,59,47,35.98,59.955,45.025,030.748723404255323,5.960319148936172,017.65053191489362
1769577373.353415,262.6026020050049,38,59,47,36.0,59.945,45.045,030.72872340425532,5.950319148936174,017.630531914893616
1769577373.407147,262.6563446521759,38,59,47,36.02,59.935,45.065,030.708723404255316,5.940319148936176,017.61053191489362
1769577373.460166,262.7093949317932,38,59,47,36.04,59.925,45.085,030.68872340425532,5.930319148936171,017.590531914893617
1769577373.511988,262.76101779937744,38,59,47,36.06,59.915,45.105,030.668723404255317,5.920319148936173,017.57053191489362
1769577373.560747,262.8098957538605,38,59,47,36.08,59.905,45.125,030.64872340425532,5.910319148936175,017.550531914893618
1769577373.611163,262.86038184165955,38,59,47,36.1,59.895,45.145,030.628723404255318,5.900319148936177,017.530531914893615
1769577373.663915,262.91314482688904,38,59,47,36.125,59.885,45.165,030.60372340425532,5.890319148936172,017.51053191489362
1769577373.7143118,262.963476896286,38,59,47,36.145,59.88,45.185,030.583723404255316,5.885319148936176,017.490531914893616
1769577373.766261,263.0154547691345,38,59,47,36.165,59.875,45.205,030.56372340425532,5.880319148936174,017.47053191489362
1769577373.817199,263.0664110183716,38,59,46,36.19,59.865,45.22,030.53872340425532,5.870319148936176,017.45553191489362
1769577373.8685682,263.11775374412537,37,59,46,36.205,59.855,45.235,030.52372340425532,5.860319148936171,017.44053191489362
1769577373.9202292,263.1694128513336,37,59,46,36.225,59.845,45.25,030.503723404255318,5.8503191489361726,017.425531914893618
1769577373.970219,263.21937894821167,37,60,46,36.245,59.84,45.27,030.483723404255322,5.845319148936177,017.405531914893615
1769577374.024374,263.2735388278961,37,60,46,36.26,59.835,45.285,030.46872340425532,5.8403191489361745,017.39053191489362
1769577374.075139,263.3243417739868,37,60,45,36.275,59.83,45.295,030.45372340425532,5.835319148936172,017.380531914893616
1769577374.1255739,263.37471079826355,38,59,46,36.295,59.82,45.31,030.433723404255318,5.825319148936174,017.365531914893616
1769577374.174745,263.4239168167114,38,59,47,36.315,59.81,45.33,030.41372340425532,5.815319148936176,017.34553191489362
1769577374.2291908,263.4783697128296,38,59,46,36.335,59.8,45.345,030.39372340425532,5.805319148936171,017.33053191489362
1769577374.2833228,263.5325417518616,37,60,46,36.35,59.795,45.36,030.378723404255318,5.800319148936175,017.31553191489362
1769577374.3341088,263.5833168029785,37,59,46,36.365,59.785,45.375,030.363723404255317,5.79031914893617,017.300531914893618
1769577374.385327,263.634539604187,37,60,46,36.385,59.78,45.39,030.34372340425532,5.785319148936175,017.285531914893618
1769577374.4382951,263.68740582466125,38,59,46,36.405,59.77,45.405,030.32372340425532,5.775319148936177,017.270531914893617
1769577374.493671,263.74285888671875,38,59,46,36.425,59.765,45.415,030.303723404255322,5.770319148936174,017.26053191489362
1769577374.548028,263.7970218658447,37,60,46,36.44,59.76,45.43,030.28872340425532,5.765319148936172,017.24553191489362
1769577374.605081,263.85407066345215,37,60,46,36.455,59.755,45.445,030.27372340425532,5.760319148936176,017.230531914893618
1769577374.6543949,263.90361499786377,37,60,46,36.47,59.75,45.46,030.25872340425532,5.755319148936174,017.215531914893617
1769577374.703983,263.9531719684601,37,60,46,36.485,59.745,45.475,030.24372340425532,5.750319148936171,017.200531914893617
1769577374.755432,264.0046577453613,37,60,46,36.5,59.74,45.49,030.22872340425532,5.745319148936176,017.185531914893616
1769577374.8070881,264.0562958717346,37,60,45,36.515,59.74,45.5,030.21372340425532,5.745319148936176,017.175531914893618
1769577374.8616939,264.1108589172363,37,60,45,36.53,59.735,45.51,030.19872340425532,5.740319148936173,017.16553191489362
1769577374.916744,264.16598176956177,37,60,45,36.545,59.73,45.52,030.183723404255318,5.735319148936171,017.155531914893615
1769577374.967909,264.2168357372284,37,60,46,36.56,59.725,45.535,030.168723404255317,5.730319148936175,017.14053191489362
1769577375.022155,264.27133893966675,37,60,46,36.575,59.725,45.55,030.153723404255317,5.730319148936175,017.12553191489362
1769577375.076801,264.32599568367004,37,60,46,36.59,59.725,45.56,030.138723404255316,5.730319148936175,017.115531914893616
1769577375.1297789,264.3789367675781,37,60,45,36.605,59.725,45.57,030.123723404255323,5.730319148936175,017.105531914893618
1769577375.180547,264.42974162101746,37,60,45,36.62,59.725,45.58,030.108723404255322,5.730319148936175,017.09553191489362
1769577375.2306402,264.4798138141632,37,60,45,36.635,59.725,45.59,030.09372340425532,5.730319148936175,017.085531914893615
1769577375.2816389,264.53081583976746,37,60,45,36.65,59.725,45.595,030.07872340425532,5.730319148936175,017.08053191489362
1769577375.337624,264.5867967605591,37,60,45,36.66,59.725,45.6,030.068723404255323,5.730319148936175,017.075531914893617
1769577375.3912141,264.6403546333313,37,60,45,36.675,59.725,45.605,030.053723404255322,5.730319148936175,017.07053191489362
1769577375.446207,264.6951217651367,37,60,45,36.69,59.725,45.61,030.03872340425532,5.730319148936175,017.06553191489362
1769577375.497198,264.7464327812195,37,60,45,36.705,59.725,45.615,030.02372340425532,5.730319148936175,017.060531914893616
1769577375.5495622,264.79873275756836,37,60,45,36.72,59.725,45.62,030.00872340425532,5.730319148936175,017.05553191489362
1769577375.6062562,264.85543394088745,37,60,45,36.735,59.725,45.625,029.99372340425532,5.730319148936175,017.050531914893618
1769577375.657343,264.9065628051758,37,60,45,36.75,59.725,45.63,029.97872340425532,5.730319148936175,017.045531914893616
1769577375.7068748,264.95610070228577,37,60,45,36.765,59.725,45.635,029.96372340425532,5.730319148936175,017.04053191489362
1769577375.7594628,265.0086627006531,37,60,45,36.78,59.725,45.64,029.94872340425532,5.730319148936175,017.035531914893618
1769577375.812793,265.0619957447052,36,60,45,36.79,59.725,45.645,029.93872340425532,5.730319148936175,017.030531914893615
1769577375.867357,265.1164917945862,36,60,44,36.8,59.725,45.645,029.928723404255322,5.730319148936175,017.030531914893615
1769577375.920044,265.1692478656769,37,60,45,36.815,59.725,45.65,029.91372340425532,5.730319148936175,017.02553191489362
1769577375.973258,265.2224566936493,37,60,45,36.825,59.725,45.655,029.903723404255317,5.730319148936175,017.020531914893617
1769577376.0245109,265.2737407684326,37,60,45,36.84,59.725,45.66,029.888723404255316,5.730319148936175,017.01553191489362
1769577376.078474,265.3277027606964,36,60,44,36.85,59.725,45.66,029.878723404255318,5.730319148936175,017.01553191489362
1769577376.130913,265.38005089759827,36,60,44,36.86,59.725,45.66,029.86872340425532,5.730319148936175,017.01553191489362
1769577376.1874151,265.43659687042236,36,60,44,36.87,59.725,45.66,029.858723404255322,5.730319148936175,017.01553191489362
1769577376.2418911,265.49110078811646,36,60,45,36.875,59.725,45.665,029.85372340425532,5.730319148936175,017.01053191489362
1769577376.29552,265.54465794563293,36,60,45,36.88,59.725,45.665,029.848723404255317,5.730319148936175,017.01053191489362
1769577376.348337,265.59757375717163,36,60,45,36.885,59.725,45.67,029.84372340425532,5.730319148936175,017.005531914893616
1769577376.397695,265.64680075645447,36,60,45,36.89,59.725,45.67,029.83872340425532,5.730319148936175,017.005531914893616
1769577376.452058,265.70119071006775,36,60,44,36.895,59.725,45.67,029.833723404255316,5.730319148936175,017.005531914893616
1769577376.511529,265.7605776786804,36,61,44,36.9,59.73,45.67,029.82872340425532,5.735319148936171,017.005531914893616
1769577376.568616,265.8176348209381,36,61,44,36.905,59.735,45.665,029.82372340425532,5.740319148936173,017.01053191489362
1769577376.624096,265.87328267097473,36,61,44,36.91,59.74,45.665,029.818723404255323,5.745319148936176,017.01053191489362
1769577376.676916,265.9260778427124,36,61,44,36.915,59.745,45.665,029.81372340425532,5.750319148936171,017.01053191489362
1769577376.728245,265.97743797302246,36,60,44,36.92,59.745,45.665,029.808723404255318,5.750319148936171,017.01053191489362
1769577376.779222,266.02845883369446,36,61,44,36.925,59.75,45.665,029.803723404255322,5.755319148936174,017.01053191489362
1769577376.8334,266.0825779438019,36,61,44,36.93,59.755,45.665,029.79872340425532,5.760319148936176,017.01053191489362
1769577376.890035,266.1391167640686,36,61,44,36.935,59.76,45.665,029.793723404255317,5.765319148936172,017.01053191489362
1769577376.947851,266.19705176353455,36,61,44,36.94,59.765,45.665,029.78872340425532,5.770319148936174,017.01053191489362
1769577377.002221,266.25137281417847,36,61,44,36.945,59.77,45.665,029.78372340425532,5.775319148936177,017.01053191489362
1769577377.0575948,266.306777715683,36,61,44,36.95,59.775,45.665,029.778723404255317,5.780319148936172,017.01053191489362
1769577377.113564,266.36269783973694,36,61,44,36.955,59.78,45.665,029.77372340425532,5.785319148936175,017.01053191489362
1769577377.16572,266.41492986679077,36,61,44,36.965,59.785,45.665,029.763723404255316,5.79031914893617,017.01053191489362
1769577377.216971,266.466148853302,36,61,44,36.97,59.79,45.665,029.75872340425532,5.795319148936173,017.01053191489362
1769577377.275174,266.5242648124695,36,61,44,36.975,59.795,45.665,029.753723404255318,5.800319148936175,017.01053191489362
1769577377.337214,266.5863747596741,36,61,44,36.98,59.8,45.665,029.748723404255323,5.805319148936171,017.01053191489362
1769577377.392684,266.64176893234253,36,61,44,36.985,59.805,45.665,029.74372340425532,5.810319148936173,017.01053191489362
1769577377.444222,266.69345259666443,36,61,44,36.99,59.81,45.66,029.738723404255317,5.815319148936176,017.01553191489362
1769577377.4948428,266.7440257072449,36,61,44,36.995,59.815,45.655,029.733723404255322,5.820319148936171,017.020531914893617
1769577377.54958,266.79875683784485,36,61,44,37.0,59.82,45.655,029.72872340425532,5.825319148936174,017.020531914893617
1769577377.601664,266.85086965560913,36,61,44,37.005,59.825,45.655,029.723723404255317,5.8303191489361765,017.020531914893617
1769577377.6535602,266.9027326107025,36,61,44,37.01,59.83,45.655,029.71872340425532,5.835319148936172,017.020531914893617
1769577377.70545,266.9546046257019,36,61,44,37.01,59.835,45.65,029.71872340425532,5.8403191489361745,017.02553191489362
1769577377.757629,267.00678396224976,36,61,44,37.01,59.84,45.645,029.71872340425532,5.845319148936177,017.030531914893615
1769577377.813613,267.0628066062927,36,61,44,37.01,59.85,45.635,029.71872340425532,5.855319148936175,017.04053191489362
1769577377.8644779,267.1137008666992,35,61,44,37.005,59.855,45.63,029.723723404255317,5.860319148936171,017.045531914893616
1769577377.916032,267.1652207374573,36,61,44,37.005,59.86,45.625,029.723723404255317,5.865319148936173,017.050531914893618
1769577377.968908,267.2180507183075,35,61,44,37.0,59.865,45.62,029.72872340425532,5.870319148936176,017.05553191489362
1769577378.021415,267.2704668045044,35,61,44,36.995,59.87,45.615,029.733723404255322,5.875319148936171,017.060531914893616
1769577378.07525,267.32440185546875,36,61,44,36.995,59.875,45.61,029.733723404255322,5.880319148936174,017.06553191489362
1769577378.1291919,267.3783748149872,35,61,44,36.99,59.88,45.605,029.738723404255317,5.885319148936176,017.07053191489362
1769577378.179772,267.4289538860321,35,61,44,36.985,59.885,45.6,029.74372340425532,5.890319148936172,017.075531914893617
1769577378.2318358,267.4809226989746,36,61,44,36.985,59.89,45.595,029.74372340425532,5.895319148936174,017.08053191489362
1769577378.284642,267.53384280204773,35,61,44,36.98,59.895,45.59,029.748723404255323,5.900319148936177,017.085531914893615
1769577378.3418639,267.591050863266,35,61,44,36.975,59.9,45.585,029.753723404255318,5.905319148936172,017.090531914893617
1769577378.3952131,267.64447569847107,36,60,44,36.975,59.9,45.58,029.753723404255318,5.905319148936172,017.09553191489362
1769577378.4482958,267.69744896888733,36,60,44,36.975,59.9,45.575,029.753723404255318,5.905319148936172,017.100531914893615
1769577378.499198,267.74832677841187,35,61,44,36.97,59.905,45.57,029.75872340425532,5.910319148936175,017.105531914893618
1769577378.5497868,267.7989466190338,35,60,44,36.965,59.905,45.565,029.763723404255316,5.910319148936175,017.11053191489362
1769577378.60066,267.8498606681824,36,60,44,36.96,59.905,45.56,029.76872340425532,5.910319148936175,017.115531914893616
1769577378.656904,267.90589690208435,36,60,44,36.96,59.905,45.555,029.76872340425532,5.910319148936175,017.12053191489362
1769577378.716107,267.9653317928314,36,60,44,36.96,59.905,45.55,029.76872340425532,5.910319148936175,017.12553191489362
1769577378.767906,268.0170428752899,36,60,44,36.96,59.905,45.545,029.76872340425532,5.910319148936175,017.130531914893616
1769577378.817621,268.06679677963257,36,60,44,36.96,59.905,45.54,029.76872340425532,5.910319148936175,017.13553191489362
1769577378.868108,268.11732482910156,36,60,44,36.955,59.905,45.535,029.77372340425532,5.910319148936175,017.14053191489362
1769577378.918848,268.1677417755127,36,60,44,36.95,59.905,45.53,029.778723404255317,5.910319148936175,017.145531914893617
1769577378.969007,268.21819376945496,36,60,44,36.945,59.905,45.525,029.78372340425532,5.910319148936175,017.15053191489362
1769577379.023489,268.2726848125458,36,60,44,36.94,59.905,45.52,029.78872340425532,5.910319148936175,017.155531914893615
1769577379.076863,268.3260898590088,36,60,44,36.935,59.905,45.515,029.793723404255317,5.910319148936175,017.160531914893618
1769577379.129181,268.37807178497314,36,60,44,36.93,59.905,45.51,029.79872340425532,5.910319148936175,017.16553191489362
1769577379.185329,268.43428564071655,36,60,44,36.925,59.905,45.505,029.803723404255322,5.910319148936175,017.170531914893616
1769577379.236682,268.4858868122101,36,60,44,36.925,59.905,45.5,029.803723404255322,5.910319148936175,017.175531914893618
1769577379.288617,268.53777384757996,36,60,45,36.92,59.905,45.5,029.808723404255318,5.910319148936175,017.175531914893618
1769577379.293889,268.54315280914307,36,60,45,36.915,59.905,45.495,029.81372340425532,5.910319148936175,017.18053191489362
1769577379.345344,268.5945646762848,36,60,45,36.91,59.905,45.49,029.818723404255323,5.910319148936175,017.185531914893616
1769577379.396769,268.64588594436646,36,60,45,36.905,59.905,45.485,029.82372340425532,5.910319148936175,017.19053191489362
1769577379.4464672,268.695681810379,36,60,45,36.9,59.905,45.485,029.82872340425532,5.910319148936175,017.19053191489362
1769577379.497802,268.74700689315796,36,60,45,36.895,59.905,45.48,029.833723404255316,5.910319148936175,017.19553191489362
1769577379.550998,268.80015897750854,36,60,45,36.89,59.905,45.48,029.83872340425532,5.910319148936175,017.19553191489362
1769577379.603081,268.85227966308594,36,60,45,36.885,59.905,45.48,029.84372340425532,5.910319148936175,017.19553191489362
1769577379.652962,268.9021337032318,36,60,45,36.88,59.905,45.48,029.848723404255317,5.910319148936175,017.19553191489362
1769577379.7058408,268.95503282546997,36,60,45,36.875,59.905,45.475,029.85372340425532,5.910319148936175,017.200531914893617
1769577379.761724,269.0109498500824,36,60,45,36.87,59.905,45.475,029.858723404255322,5.910319148936175,017.200531914893617
1769577379.813696,269.0628967285156,36,60,45,36.865,59.905,45.47,029.863723404255317,5.910319148936175,017.20553191489362
1769577379.8675368,269.1167287826538,36,60,45,36.86,59.905,45.465,029.86872340425532,5.910319148936175,017.210531914893615
1769577379.918535,269.1676218509674,36,60,45,36.855,59.905,45.46,029.873723404255323,5.910319148936175,017.215531914893617
1769577379.972546,269.22165393829346,36,60,45,36.85,59.905,45.455,029.878723404255318,5.910319148936175,017.22053191489362
1769577380.022914,269.272118806839,36,60,45,36.845,59.905,45.45,029.88372340425532,5.910319148936175,017.225531914893615
1769577380.0734131,269.3226008415222,36,60,45,36.84,59.905,45.445,029.888723404255316,5.910319148936175,017.230531914893618
1769577380.127424,269.37661266326904,36,60,45,36.835,59.905,45.44,029.89372340425532,5.910319148936175,017.23553191489362
1769577380.177776,269.426974773407,36,60,45,36.825,59.905,45.435,029.903723404255317,5.910319148936175,017.240531914893616
1769577380.230122,269.4792959690094,36,60,45,36.82,59.905,45.43,029.90872340425532,5.910319148936175,017.24553191489362
1769577380.283361,269.5325765609741,36,60,45,36.815,59.905,45.425,029.91372340425532,5.910319148936175,017.25053191489362
1769577380.333388,269.58255791664124,36,60,45,36.81,59.905,45.42,029.918723404255317,5.910319148936175,017.255531914893616
1769577380.384584,269.63377380371094,36,60,45,36.805,59.905,45.415,029.92372340425532,5.910319148936175,017.26053191489362
1769577380.439421,269.68860960006714,36,60,45,36.8,59.905,45.41,029.928723404255322,5.910319148936175,017.26553191489362
1769577380.495009,269.74425077438354,36,60,45,36.795,59.905,45.405,029.933723404255318,5.910319148936175,017.270531914893617
1769577380.545063,269.794056892395,36,60,45,36.79,59.905,45.4,029.93872340425532,5.910319148936175,017.27553191489362
1769577380.595207,269.8443968296051,36,60,46,36.785,59.905,45.4,029.943723404255323,5.910319148936175,017.27553191489362
1769577380.646977,269.89606285095215,36,60,45,36.78,59.905,45.395,029.94872340425532,5.910319148936175,017.280531914893615
1769577380.7010298,269.9502248764038,36,60,45,36.775,59.905,45.39,029.95372340425532,5.910319148936175,017.285531914893618
1769577380.752241,270.0014178752899,36,60,45,36.77,59.905,45.385,029.958723404255316,5.910319148936175,017.29053191489362
1769577380.8033779,270.05261182785034,36,60,45,36.765,59.905,45.38,029.96372340425532,5.910319148936175,017.295531914893616
1769577380.8548539,270.1040189266205,36,60,45,36.76,59.905,45.375,029.96872340425532,5.910319148936175,017.300531914893618
1769577380.906836,270.1560637950897,36,60,45,36.755,59.905,45.37,029.973723404255317,5.910319148936175,017.30553191489362
1769577380.958839,270.20805191993713,36,60,45,36.75,59.905,45.365,029.97872340425532,5.910319148936175,017.310531914893616
1769577381.011559,270.2607879638672,36,60,45,36.74,59.91,45.36,029.988723404255317,5.91531914893617,017.31553191489362
1769577381.0627341,270.3119087219238,36,60,45,36.735,59.91,45.355,029.99372340425532,5.91531914893617,017.32053191489362
1769577381.1123142,270.36155796051025,36,60,45,36.725,59.91,45.35,030.003723404255318,5.91531914893617,017.325531914893617
1769577381.16078,270.4100008010864,36,60,45,36.715,59.91,45.345,030.013723404255316,5.91531914893617,017.33053191489362
1769577381.2186,270.46736693382263,35,60,44,36.705,59.91,45.335,030.02372340425532,5.91531914893617,017.340531914893617
1769577381.273675,270.5228486061096,35,60,44,36.695,59.915,45.325,030.03372340425532,5.920319148936173,017.350531914893615
1769577381.3244832,270.5736656188965,35,60,44,36.685,59.92,45.315,030.043723404255317,5.925319148936175,017.36053191489362
1769577381.375009,270.62418270111084,35,60,44,36.675,59.92,45.305,030.053723404255322,5.925319148936175,017.37053191489362
1769577381.426295,270.67542457580566,35,60,44,36.665,59.92,45.295,030.06372340425532,5.925319148936175,017.380531914893616
1769577381.477578,270.7267746925354,35,60,44,36.655,59.92,45.285,030.07372340425532,5.925319148936175,017.39053191489362
1769577381.5310478,270.7802348136902,35,60,44,36.645,59.92,45.275,030.083723404255316,5.925319148936175,017.40053191489362
1769577381.583489,270.83271074295044,35,60,44,36.635,59.92,45.265,030.09372340425532,5.925319148936175,017.410531914893618
1769577381.633468,270.8826768398285,35,60,44,36.625,59.92,45.255,030.10372340425532,5.925319148936175,017.420531914893616
1769577381.685374,270.9345328807831,35,60,44,36.615,59.92,45.245,030.113723404255317,5.925319148936175,017.43053191489362
1769577381.737,270.9861238002777,35,60,44,36.6,59.92,45.235,030.128723404255318,5.925319148936175,017.44053191489362
1769577381.785794,271.034982919693,35,61,44,36.585,59.925,45.225,030.14372340425532,5.930319148936171,017.450531914893617
1769577381.833614,271.08282685279846,35,61,43,36.575,59.93,45.21,030.153723404255317,5.935319148936173,017.465531914893617
1769577381.884151,271.1331367492676,35,61,43,36.56,59.94,45.195,030.168723404255317,5.945319148936171,017.480531914893618
1769577381.937176,271.1862459182739,35,61,43,36.55,59.945,45.18,030.178723404255322,5.950319148936174,017.49553191489362
1769577381.990311,271.23949694633484,35,61,43,36.54,59.95,45.165,030.18872340425532,5.9553191489361765,017.51053191489362
1769577382.045656,271.2948408126831,35,61,43,36.53,59.955,45.15,030.19872340425532,5.960319148936172,017.52553191489362
1769577382.095572,271.3447587490082,35,61,43,36.52,59.96,45.135,030.208723404255316,5.9653191489361745,017.54053191489362
1769577382.145024,271.39416670799255,35,61,43,36.505,59.97,45.12,030.223723404255317,5.9753191489361726,017.55553191489362
1769577382.197448,271.446653842926,34,61,43,36.485,59.98,45.1,030.24372340425532,5.985319148936171,017.575531914893617
1769577382.249037,271.4982719421387,34,61,43,36.465,59.99,45.08,030.263723404255316,5.995319148936176,017.59553191489362
1769577382.300416,271.54954075813293,35,61,43,36.45,60.0,45.06,030.278723404255317,6.005319148936174,017.615531914893616
1769577382.3555431,271.60474491119385,34,61,43,36.43,60.01,45.04,030.29872340425532,6.015319148936172,017.63553191489362
1769577382.406623,271.6558017730713,35,61,43,36.415,60.02,45.02,030.31372340425532,6.025319148936177,017.655531914893615
1769577382.460518,271.70967078208923,35,61,44,36.4,60.03,45.005,030.32872340425532,6.035319148936175,017.670531914893616
1769577382.516093,271.7652506828308,34,61,43,36.38,60.04,44.985,030.348723404255317,6.045319148936173,017.69053191489362
1769577382.5702882,271.8192358016968,34,61,43,36.36,60.05,44.965,030.36872340425532,6.055319148936171,017.710531914893615
1769577382.625949,271.875040769577,34,61,43,36.34,60.06,44.945,030.388723404255316,6.065319148936176,017.730531914893618
1769577382.6760042,271.9252038002014,34,61,43,36.32,60.07,44.925,030.40872340425532,6.075319148936174,017.75053191489362
1769577382.7254999,271.9747269153595,34,61,43,36.3,60.08,44.905,030.428723404255322,6.085319148936172,017.770531914893617
1769577382.773559,272.0227007865906,34,61,43,36.28,60.09,44.885,030.44872340425532,6.095319148936177,017.79053191489362
1769577382.8265522,272.075642824173,34,61,43,36.26,60.1,44.865,030.46872340425532,6.105319148936175,017.810531914893616
1769577382.880078,272.1293168067932,34,61,42,36.24,60.11,44.84,030.488723404255317,6.115319148936173,017.835531914893615
1769577382.931167,272.1802897453308,34,61,42,36.22,60.12,44.815,030.50872340425532,6.125319148936171,017.86053191489362
1769577382.983268,272.23251581192017,34,61,43,36.2,60.13,44.795,030.528723404255317,6.135319148936176,017.880531914893616
1769577383.0371158,272.28633880615234,34,61,43,36.175,60.14,44.77,030.553723404255322,6.145319148936174,017.905531914893615
1769577383.092853,272.3418607711792,35,61,43,36.155,60.15,44.745,030.57372340425532,6.155319148936172,017.93053191489362
1769577383.149146,272.39831280708313,34,61,43,36.135,60.16,44.725,030.59372340425532,6.16531914893617,017.950531914893617
1769577383.202525,272.4514968395233,34,61,43,36.115,60.17,44.705,030.613723404255317,6.175319148936175,017.97053191489362
1769577383.254196,272.50342178344727,34,61,43,36.095,60.18,44.685,030.63372340425532,6.185319148936173,017.990531914893616
1769577383.3072069,272.5564296245575,34,61,43,36.075,60.19,44.665,030.653723404255317,6.195319148936171,018.01053191489362
1769577383.3581948,272.60720896720886,34,61,43,36.055,60.2,44.64,030.67372340425532,6.2053191489361765,018.035531914893618
1769577383.410283,272.6595058441162,34,61,43,36.035,60.21,44.615,030.693723404255323,6.2153191489361745,018.060531914893616
1769577383.460608,272.709805727005,34,61,42,36.015,60.22,44.59,030.71372340425532,6.2253191489361726,018.085531914893615
1769577383.515392,272.76460790634155,34,61,43,35.995,60.23,44.57,030.733723404255322,6.235319148936171,018.105531914893618
1769577383.567882,272.817076921463,34,61,43,35.975,60.24,44.55,030.753723404255318,6.245319148936176,018.12553191489362
1769577383.623256,272.8722107410431,34,61,43,35.955,60.25,44.53,030.77372340425532,6.255319148936174,018.145531914893617
1769577383.6737761,272.922967672348,34,61,43,35.935,60.26,44.51,030.793723404255317,6.265319148936172,018.16553191489362
1769577383.724285,272.9734756946564,34,61,43,35.915,60.27,44.49,030.81372340425532,6.275319148936177,018.185531914893616
1769577383.7760599,273.02507185935974,34,61,43,35.895,60.28,44.47,030.833723404255316,6.285319148936175,018.20553191489362
1769577383.825414,273.0745937824249,34,61,43,35.875,60.29,44.45,030.85372340425532,6.295319148936173,018.225531914893615
1769577383.875767,273.1249837875366,34,61,42,35.855,60.3,44.425,030.873723404255323,6.305319148936171,018.25053191489362
1769577383.92463,273.17384672164917,34,61,42,35.835,60.31,44.4,030.89372340425532,6.315319148936176,018.27553191489362
1769577383.9746099,273.22384881973267,34,61,42,35.815,60.32,44.375,030.91372340425532,6.325319148936174,018.300531914893618
1769577384.029678,273.2788107395172,34,61,42,35.795,60.33,44.35,030.933723404255318,6.335319148936172,018.325531914893617
1769577384.08286,273.3319365978241,34,61,43,35.775,60.34,44.33,030.95372340425532,6.345319148936177,018.34553191489362
1769577384.134614,273.3838436603546,34,61,43,35.755,60.35,44.31,030.973723404255317,6.355319148936175,018.365531914893616
1769577384.186754,273.4359669685364,34,61,43,35.735,60.36,44.29,030.99372340425532,6.365319148936173,018.38553191489362
1769577384.23969,273.4889106750488,34,61,43,35.715,60.37,44.27,031.013723404255316,6.375319148936171,018.405531914893615
1769577384.2961988,273.545316696167,34,61,42,35.695,60.38,44.25,031.03372340425532,6.385319148936176,018.425531914893618
1769577384.3450508,273.59427785873413,34,61,42,35.68,60.39,44.23,031.04872340425532,6.395319148936174,018.44553191489362
1769577384.3946528,273.643887758255,35,61,43,35.67,60.4,44.215,031.058723404255318,6.405319148936172,018.460531914893615
1769577384.446037,273.69527077674866,35,61,43,35.66,60.405,44.2,031.068723404255323,6.410319148936175,018.475531914893615
1769577384.4980109,273.74718594551086,34,61,43,35.645,60.41,44.185,031.083723404255316,6.41531914893617,018.490531914893616
1769577384.551244,273.8003957271576,34,61,43,35.63,60.415,44.175,031.098723404255317,6.420319148936173,018.50053191489362
1769577384.609351,273.85853481292725,34,61,42,35.61,60.425,44.155,031.11872340425532,6.430319148936171,018.520531914893617
1769577384.6634939,273.9126846790314,34,61,42,35.59,60.435,44.13,031.138723404255316,6.440319148936176,018.545531914893616
1769577384.715501,273.96477794647217,34,61,42,35.57,60.445,44.11,031.15872340425532,6.450319148936174,018.56553191489362
1769577384.763762,274.01292085647583,34,61,42,35.555,60.45,44.09,031.17372340425532,6.4553191489361765,018.585531914893615
1769577384.815708,274.0648958683014,34,61,43,35.54,60.46,44.075,031.18872340425532,6.4653191489361745,018.600531914893615
1769577384.870085,274.1192739009857,34,61,43,35.525,60.465,44.06,031.20372340425532,6.470319148936177,018.615531914893616
1769577384.9189801,274.16815876960754,34,61,43,35.505,60.475,44.045,031.223723404255317,6.480319148936175,018.630531914893616
1769577384.968087,274.2172248363495,34,61,43,35.485,60.485,44.03,031.24372340425532,6.490319148936173,018.645531914893617
1769577385.020875,274.26981568336487,34,61,43,35.47,60.49,44.015,031.25872340425532,6.495319148936176,018.660531914893618
1769577385.0711522,274.320348739624,34,61,42,35.455,60.495,43.995,031.27372340425532,6.500319148936171,018.68053191489362
1769577385.123944,274.3731677532196,34,61,42,35.44,60.5,43.975,031.28872340425532,6.505319148936174,018.700531914893617
1769577385.177492,274.42657375335693,34,61,42,35.425,60.505,43.955,031.303723404255322,6.510319148936176,018.72053191489362
1769577385.2319622,274.4811227321625,34,61,42,35.41,60.51,43.935,031.318723404255323,6.515319148936172,018.740531914893616
1769577385.2829492,274.53213381767273,34,61,42,35.395,60.515,43.92,031.333723404255316,6.520319148936174,018.755531914893616
1769577385.337472,274.5866448879242,34,62,42,35.38,60.525,43.905,031.348723404255317,6.530319148936172,018.770531914893617
1769577385.3901162,274.63934779167175,34,62,42,35.365,60.535,43.89,031.363723404255317,6.54031914893617,018.785531914893618
1769577385.4443488,274.6935946941376,34,62,42,35.35,60.545,43.87,031.378723404255318,6.550319148936175,018.80553191489362
1769577385.493979,274.74323081970215,34,61,42,35.335,60.55,43.85,031.39372340425532,6.555319148936171,018.825531914893617
1769577385.545177,274.7943477630615,34,61,42,35.32,60.555,43.83,031.40872340425532,6.560319148936173,018.84553191489362
1769577385.597609,274.8467047214508,34,62,42,35.305,60.565,43.815,031.42372340425532,6.570319148936171,018.86053191489362
1769577385.6511512,274.9002637863159,34,62,42,35.29,60.575,43.8,031.43872340425532,6.5803191489361765,018.87553191489362
1769577385.701164,274.95033597946167,34,61,42,35.275,60.58,43.785,031.45372340425532,6.585319148936172,018.89053191489362
1769577385.753,275.00224590301514,34,62,42,35.26,60.59,43.77,031.46872340425532,6.595319148936177,018.905531914893615
1769577385.8054872,275.05458092689514,34,62,42,35.245,60.6,43.755,031.483723404255322,6.605319148936175,018.920531914893616
1769577385.856983,275.10620975494385,34,62,42,35.23,60.61,43.74,031.498723404255323,6.615319148936173,018.935531914893616
1769577385.909785,275.1589367389679,34,62,42,35.215,60.62,43.725,031.513723404255316,6.625319148936171,018.950531914893617
1769577385.965552,275.2147448062897,34,62,42,35.2,60.63,43.71,031.528723404255317,6.635319148936176,018.965531914893617
1769577386.021076,275.27021884918213,34,62,42,35.185,60.64,43.695,031.543723404255317,6.645319148936174,018.980531914893618
1769577386.0747,275.3238399028778,34,62,42,35.17,60.65,43.68,031.558723404255318,6.655319148936172,018.99553191489362
1769577386.131905,275.38106775283813,34,62,42,35.155,60.66,43.665,031.57372340425532,6.66531914893617,019.01053191489362
1769577386.186235,275.43546175956726,34,62,42,35.14,60.67,43.65,031.58872340425532,6.675319148936175,019.02553191489362
1769577386.234752,275.4839987754822,34,62,42,35.125,60.68,43.635,031.60372340425532,6.685319148936173,019.04053191489362
1769577386.283644,275.5328986644745,34,62,42,35.115,60.69,43.62,031.613723404255317,6.695319148936171,019.05553191489362
1769577386.332778,275.5819766521454,34,62,42,35.105,60.7,43.61,031.623723404255323,6.7053191489361765,019.06553191489362
1769577386.381589,275.63083696365356,34,62,42,35.09,60.71,43.595,031.638723404255316,6.7153191489361745,019.08053191489362
1769577386.430945,275.6801710128784,34,62,42,35.075,60.72,43.58,031.653723404255317,6.7253191489361726,019.09553191489362
1769577386.484289,275.73342776298523,34,62,42,35.06,60.73,43.565,031.668723404255317,6.735319148936171,019.11053191489362
1769577386.537848,275.7870488166809,34,62,42,35.05,60.74,43.555,031.678723404255322,6.745319148936176,019.12053191489362
1769577386.591933,275.84097385406494,34,62,42,35.04,60.75,43.545,031.68872340425532,6.755319148936174,019.130531914893616
1769577386.647522,275.8965528011322,34,62,42,35.03,60.76,43.535,031.69872340425532,6.765319148936172,019.14053191489362
1769577386.701292,275.9505169391632,34,62,42,35.02,60.77,43.52,031.708723404255316,6.775319148936177,019.155531914893615
1769577386.752265,276.00146675109863,34,62,42,35.01,60.78,43.505,031.71872340425532,6.785319148936175,019.170531914893616
1769577386.802468,276.05168175697327,34,62,42,35.0,60.79,43.49,031.72872340425532,6.795319148936173,019.185531914893616
1769577386.854312,276.1034777164459,34,62,42,34.99,60.8,43.475,031.738723404255317,6.805319148936171,019.200531914893617
1769577386.9088929,276.158127784729,34,62,42,34.98,60.81,43.465,031.748723404255323,6.815319148936176,019.210531914893615
1769577386.9589891,276.2081627845764,34,62,42,34.97,60.815,43.455,031.75872340425532,6.820319148936171,019.22053191489362
1769577387.009801,276.2589418888092,34,62,41,34.96,60.82,43.44,031.76872340425532,6.825319148936174,019.23553191489362
1769577387.0594308,276.30864691734314,34,62,42,34.95,60.825,43.43,031.778723404255317,6.8303191489361765,019.24553191489362
1769577387.11089,276.36007499694824,34,62,42,34.94,60.83,43.42,031.78872340425532,6.835319148936172,019.255531914893616
1769577387.161699,276.4109237194061,34,62,41,34.93,60.84,43.405,031.79872340425532,6.845319148936177,019.270531914893617
1769577387.215929,276.4650979042053,34,62,42,34.92,60.845,43.395,031.808723404255318,6.8503191489361726,019.280531914893615
1769577387.271016,276.520201921463,34,62,42,34.91,60.85,43.385,031.818723404255323,6.855319148936175,019.29053191489362
1769577387.3217669,276.57093572616577,34,62,42,34.9,60.855,43.375,031.82872340425532,6.860319148936171,019.300531914893618
1769577387.372289,276.6214096546173,34,62,42,34.89,60.86,43.365,031.83872340425532,6.865319148936173,019.310531914893616
1769577387.422774,276.67196583747864,34,62,42,34.88,60.865,43.355,031.848723404255317,6.870319148936176,019.32053191489362
1769577387.4821959,276.73123478889465,34,62,42,34.87,60.87,43.345,031.858723404255322,6.875319148936171,019.33053191489362
1769577387.5441449,276.79307770729065,34,62,42,34.86,60.875,43.335,031.86872340425532,6.880319148936174,019.340531914893617
1769577387.597033,276.84624886512756,34,62,41,34.85,60.88,43.32,031.878723404255318,6.885319148936176,019.355531914893618
1769577387.6448379,276.8940589427948,34,62,42,34.84,60.885,43.31,031.888723404255316,6.890319148936172,019.365531914893616
1769577387.694588,276.943856716156,34,62,42,34.83,60.89,43.3,031.89872340425532,6.895319148936174,019.37553191489362
1769577387.743697,276.99294686317444,35,62,42,34.825,60.895,43.29,031.903723404255317,6.900319148936177,019.38553191489362
1769577387.794113,277.0431468486786,35,62,42,34.82,60.9,43.28,031.90872340425532,6.905319148936172,019.395531914893617
1769577387.844744,277.09392261505127,34,62,42,34.81,60.905,43.27,031.918723404255317,6.910319148936175,019.405531914893615
1769577387.897496,277.1466176509857,34,62,42,34.8,60.91,43.26,031.928723404255322,6.91531914893617,019.41553191489362
1769577387.9498072,277.19903469085693,34,62,42,34.79,60.915,43.25,031.93872340425532,6.920319148936173,019.425531914893618
1769577388.003415,277.25249099731445,35,62,42,34.785,60.92,43.24,031.943723404255323,6.925319148936175,019.435531914893616
1769577388.064388,277.3135418891907,34,62,42,34.775,60.925,43.23,031.95372340425532,6.930319148936171,019.44553191489362
1769577388.120609,277.36982464790344,34,62,42,34.765,60.93,43.22,031.96372340425532,6.935319148936173,019.45553191489362
1769577388.170902,277.42012071609497,34,62,42,34.755,60.935,43.21,031.973723404255317,6.940319148936176,019.465531914893617
1769577388.225277,277.4744818210602,34,62,42,34.745,60.94,43.2,031.983723404255322,6.945319148936171,019.475531914893615
1769577388.277937,277.52715969085693,34,62,42,34.74,60.945,43.19,031.988723404255317,6.950319148936174,019.48553191489362
1769577388.32968,277.5787527561188,34,62,42,34.73,60.95,43.18,031.998723404255323,6.9553191489361765,019.49553191489362
1769577388.3807411,277.6299707889557,34,62,42,34.725,60.955,43.17,032.00372340425532,6.960319148936172,019.505531914893616
1769577388.432218,277.681453704834,34,62,42,34.72,60.96,43.16,032.00872340425532,6.9653191489361745,019.51553191489362
1769577388.4838982,277.7330927848816,34,62,42,34.71,60.965,43.15,032.01872340425532,6.970319148936177,019.52553191489362
1769577388.5347688,277.7839367389679,34,62,41,34.705,60.97,43.135,032.02372340425532,6.9753191489361726,019.54053191489362
1769577388.5869389,277.8361518383026,34,62,41,34.7,60.975,43.12,032.02872340425532,6.980319148936175,019.55553191489362
1769577388.636108,277.88531470298767,34,62,41,34.69,60.98,43.105,032.03872340425532,6.985319148936171,019.57053191489362
1769577388.685668,277.9348838329315,34,62,41,34.685,60.985,43.09,032.04372340425532,6.990319148936173,019.585531914893615
1769577388.737441,277.9866518974304,34,62,41,34.68,60.99,43.075,032.04872340425532,6.995319148936176,019.600531914893615
1769577388.791735,278.04089069366455,34,62,41,34.67,61.0,43.06,032.05872340425532,7.005319148936174,019.615531914893616
1769577388.844515,278.0936849117279,34,62,41,34.66,61.01,43.045,032.06872340425532,7.015319148936172,019.630531914893616
1769577388.8954701,278.1446578502655,34,62,41,34.655,61.015,43.03,032.07372340425532,7.020319148936174,019.645531914893617
1769577388.950171,278.19938588142395,34,62,41,34.65,61.025,43.015,032.07872340425532,7.030319148936172,019.660531914893618
1769577389.0040069,278.2531588077545,34,62,41,34.64,61.035,43.0,032.08872340425532,7.04031914893617,019.675531914893618
1769577389.056724,278.30572867393494,34,62,41,34.63,61.045,42.985,032.09872340425532,7.050319148936175,019.69053191489362
1769577389.109725,278.3588936328888,34,62,41,34.62,61.055,42.97,032.10872340425532,7.060319148936173,019.70553191489362
1769577389.161797,278.4110178947449,34,63,41,34.61,61.07,42.955,032.11872340425532,7.075319148936174,019.72053191489362
1769577389.216301,278.4655156135559,34,63,40,34.6,61.085,42.935,032.12872340425532,7.0903191489361745,019.740531914893616
1769577389.273422,278.52249670028687,33,63,40,34.585,61.1,42.915,032.14372340425532,7.105319148936175,019.76053191489362
1769577389.328694,278.5778958797455,34,62,41,34.575,61.11,42.9,032.15372340425532,7.115319148936173,019.77553191489362
1769577389.3831522,278.632337808609,34,63,41,34.565,61.125,42.885,032.16372340425532,7.130319148936174,019.79053191489362
1769577389.4355998,278.6847448348999,34,63,41,34.555,61.14,42.87,032.17372340425532,7.145319148936174,019.80553191489362
1769577389.489834,278.7390377521515,34,63,41,34.545,61.155,42.855,032.18372340425532,7.160319148936175,019.82053191489362
1769577389.546054,278.7951817512512,34,63,41,34.535,61.17,42.84,032.19372340425532,7.175319148936175,019.835531914893615
1769577389.603026,278.85212802886963,34,63,40,34.525,61.185,42.82,032.20372340425532,7.190319148936176,019.855531914893618
1769577389.655683,278.90491795539856,34,63,40,34.515,61.2,42.8,032.21372340425532,7.2053191489361765,019.87553191489362
1769577389.707625,278.956800699234,34,63,41,34.505,61.215,42.78,032.22372340425532,7.220319148936177,019.895531914893617
1769577389.7607832,279.0098989009857,34,63,41,34.495,61.23,42.76,032.23372340425532,7.235319148936171,019.91553191489362
1769577389.816136,279.06532096862793,34,63,41,34.485,61.245,42.74,032.24372340425532,7.250319148936171,019.935531914893616
1769577389.872627,279.121661901474,34,63,41,34.475,61.26,42.72,032.25372340425532,7.265319148936172,019.95553191489362
1769577389.92549,279.1747238636017,34,63,41,34.465,61.275,42.7,032.263723404255316,7.280319148936172,019.975531914893615
1769577389.9752471,279.2244508266449,34,63,41,34.455,61.29,42.68,032.27372340425532,7.295319148936173,019.99553191489362
1769577390.030915,279.28007674217224,34,63,41,34.445,61.305,42.66,032.28372340425532,7.310319148936173,020.01553191489362
1769577390.082025,279.3312158584595,34,63,40,34.435,61.32,42.635,032.29372340425532,7.325319148936174,020.04053191489362
1769577390.13287,279.38208985328674,34,63,41,34.425,61.335,42.615,032.30372340425532,7.3403191489361745,020.060531914893616
1769577390.184874,279.4340789318085,34,63,41,34.415,61.35,42.595,032.31372340425532,7.355319148936175,020.08053191489362
1769577390.23701,279.4861948490143,34,63,41,34.405,61.365,42.575,032.32372340425532,7.370319148936176,020.100531914893615
1769577390.289657,279.5388958454132,34,63,41,34.395,61.38,42.555,032.333723404255316,7.385319148936176,020.12053191489362
1769577390.343369,279.59263467788696,34,63,40,34.385,61.395,42.53,032.34372340425532,7.400319148936177,020.145531914893617
1769577390.395437,279.64444875717163,34,63,40,34.375,61.41,42.505,032.35372340425532,7.41531914893617,020.170531914893616
1769577390.4444501,279.6935977935791,34,63,40,34.365,61.425,42.48,032.36372340425532,7.430319148936171,020.19553191489362
1769577390.495588,279.7448217868805,34,63,41,34.355,61.44,42.46,032.37372340425532,7.445319148936171,020.215531914893617
1769577390.547508,279.7966377735138,34,63,40,34.345,61.455,42.435,032.38372340425532,7.460319148936172,020.240531914893616
1769577390.599964,279.84912276268005,34,63,41,34.335,61.47,42.415,032.39372340425532,7.4753191489361726,020.26053191489362
1769577390.656619,279.90579891204834,34,63,41,34.325,61.485,42.395,032.40372340425532,7.490319148936173,020.280531914893615
1769577390.711498,279.9606726169586,34,63,41,34.315,61.5,42.375,032.41372340425532,7.505319148936174,020.300531914893618
1769577390.764881,280.0141019821167,34,63,41,34.305,61.515,42.355,032.42372340425532,7.520319148936174,020.32053191489362
1769577390.8174982,280.06668066978455,34,63,41,34.295,61.53,42.335,032.43372340425532,7.535319148936175,020.340531914893617
1769577390.867796,280.1169807910919,34,63,41,34.285,61.545,42.315,032.44372340425532,7.550319148936175,020.36053191489362
1769577390.9162009,280.1653985977173,34,63,41,34.275,61.56,42.295,032.45372340425532,7.565319148936176,020.380531914893616
1769577390.967537,280.2167298793793,34,63,41,34.265,61.575,42.275,032.46372340425532,7.5803191489361765,020.40053191489362
1769577391.027627,280.27670192718506,34,63,40,34.255,61.59,42.25,032.47372340425532,7.595319148936177,020.425531914893618
1769577391.087753,280.3367078304291,34,63,40,34.245,61.605,42.22,032.48372340425532,7.610319148936171,020.45553191489362
1769577391.1445389,280.3937118053436,34,63,41,34.235,61.62,42.2,032.49372340425532,7.625319148936171,020.475531914893615
1769577391.19887,280.4480447769165,34,63,41,34.225,61.635,42.18,032.50372340425532,7.640319148936172,020.49553191489362
1769577391.252306,280.5014708042145,34,63,41,34.215,61.65,42.16,032.513723404255316,7.655319148936172,020.51553191489362
1769577391.3072278,280.5560476779938,34,63,41,34.205,61.665,42.14,032.52372340425532,7.670319148936173,020.535531914893618
1769577391.3657348,280.61491870880127,34,63,41,34.195,61.68,42.12,032.53372340425532,7.685319148936173,020.55553191489362
1769577391.420449,280.6696529388428,34,63,41,34.185,61.695,42.1,032.54372340425532,7.700319148936174,020.575531914893617
1769577391.478731,280.7279417514801,34,63,41,34.175,61.71,42.08,032.55372340425532,7.7153191489361745,020.59553191489362
1769577391.529464,280.778648853302,34,63,40,34.165,61.725,42.055,032.56372340425532,7.730319148936175,020.62053191489362
1769577391.584366,280.83348989486694,34,63,40,34.155,61.74,42.03,032.57372340425532,7.745319148936176,020.645531914893617
1769577391.640834,280.88998675346375,34,63,40,34.145,61.755,42.005,032.583723404255316,7.760319148936176,020.670531914893616
1769577391.6957262,280.9449269771576,34,63,40,34.135,61.77,41.98,032.59372340425532,7.775319148936177,020.69553191489362
1769577391.747214,280.9962649345398,34,63,41,34.13,61.785,41.965,032.59872340425532,7.79031914893617,020.710531914893615
1769577391.7988522,281.0480499267578,34,63,41,34.125,61.8,41.95,032.60372340425532,7.805319148936171,020.725531914893615
1769577391.853724,281.102906703949,34,63,41,34.12,61.815,41.935,032.60872340425532,7.820319148936171,020.740531914893616
1769577391.908187,281.1573917865753,34,63,41,34.115,61.83,41.92,032.61372340425532,7.835319148936172,020.755531914893616
1769577391.966957,281.21615982055664,34,63,41,34.11,61.845,41.905,032.61872340425532,7.8503191489361726,020.770531914893617
1769577392.0256078,281.2747766971588,34,63,41,34.105,61.86,41.89,032.62372340425532,7.865319148936173,020.785531914893618
1769577392.0844412,281.33356380462646,34,63,41,34.1,61.875,41.875,032.62872340425532,7.880319148936174,020.800531914893618
1769577392.139093,281.38820576667786,34,63,40,34.095,61.89,41.855,032.63372340425532,7.895319148936174,020.82053191489362
1769577392.1946712,281.443874835968,34,63,40,34.09,61.905,41.835,032.638723404255316,7.910319148936175,020.840531914893617
1769577392.247804,281.4969358444214,34,63,41,34.085,61.92,41.82,032.64372340425532,7.925319148936175,020.855531914893618
1769577392.308358,281.5574417114258,34,63,41,34.08,61.935,41.805,032.64872340425532,7.940319148936176,020.87053191489362
1769577392.368536,281.61755084991455,34,63,41,34.075,61.945,41.79,032.65372340425532,7.950319148936174,020.88553191489362
1769577392.425461,281.67467975616455,34,63,40,34.07,61.955,41.775,032.65872340425532,7.960319148936172,020.90053191489362
1769577392.4793012,281.72850584983826,34,63,41,34.065,61.965,41.765,032.66372340425532,7.970319148936177,020.910531914893618
1769577392.535114,281.78428173065186,34,63,41,34.06,61.975,41.755,032.66872340425532,7.980319148936175,020.920531914893616
1769577392.592907,281.8420658111572,34,63,41,34.055,61.985,41.745,032.67372340425532,7.990319148936173,020.93053191489362
1769577392.64877,281.8979067802429,34,63,41,34.05,61.995,41.735,032.67872340425532,8.000319148936171,020.94053191489362
1769577392.701443,281.95060992240906,34,63,41,34.045,62.005,41.725,032.68372340425532,8.010319148936176,020.950531914893617
1769577392.7528892,282.00210785865784,34,63,41,34.04,62.015,41.715,032.68872340425532,8.020319148936174,020.960531914893615
1769577392.805175,282.05435371398926,34,62,41,34.04,62.02,41.705,032.68872340425532,8.025319148936177,020.97053191489362
1769577392.857739,282.1069347858429,34,63,41,34.04,62.03,41.695,032.68872340425532,8.035319148936175,020.980531914893618
1769577392.9106948,282.1599040031433,34,63,41,34.035,62.04,41.685,032.69372340425532,8.045319148936173,020.990531914893616
1769577392.9633632,282.2123808860779,34,63,41,34.035,62.05,41.675,032.69372340425532,8.05531914893617,021.00053191489362
1769577393.027529,282.27623987197876,34,63,41,34.03,62.06,41.665,032.69872340425532,8.065319148936176,021.01053191489362
1769577393.0855098,282.33462285995483,34,63,41,34.025,62.07,41.65,032.70372340425532,8.075319148936174,021.02553191489362
1769577393.13896,282.3880786895752,34,63,41,34.025,62.08,41.64,032.70372340425532,8.085319148936172,021.035531914893618
1769577393.1943512,282.44357466697693,34,63,41,34.025,62.09,41.63,032.70372340425532,8.095319148936177,021.045531914893616
1769577393.2444742,282.49370861053467,34,62,41,34.025,62.095,41.62,032.70372340425532,8.100319148936173,021.05553191489362
1769577393.2999082,282.5489978790283,35,62,41,34.03,62.1,41.61,032.69872340425532,8.105319148936175,021.06553191489362
1769577393.356046,282.60522174835205,35,62,41,34.035,62.105,41.6,032.69372340425532,8.11031914893617,021.075531914893617
1769577393.407974,282.65719389915466,35,62,41,34.04,62.11,41.59,032.68872340425532,8.115319148936173,021.085531914893615
1769577393.462158,282.71130871772766,35,62,41,34.045,62.115,41.58,032.68372340425532,8.120319148936176,021.09553191489362
1769577393.514473,282.7637026309967,34,62,41,34.045,62.12,41.575,032.68372340425532,8.125319148936171,021.100531914893615
1769577393.5675871,282.81682682037354,35,62,41,34.05,62.125,41.57,032.67872340425532,8.130319148936174,021.105531914893618
1769577393.62219,282.8713049888611,35,62,42,34.055,62.13,41.565,032.67372340425532,8.135319148936176,021.11053191489362
1769577393.680541,282.9295868873596,35,62,42,34.06,62.135,41.56,032.66872340425532,8.140319148936172,021.115531914893616
1769577393.737747,282.9869329929352,35,62,41,34.06,62.14,41.55,032.66872340425532,8.145319148936174,021.12553191489362
1769577393.792143,283.0413398742676,35,62,41,34.065,62.145,41.54,032.66372340425532,8.150319148936177,021.13553191489362
1769577393.850921,283.100133895874,35,62,41,34.07,62.15,41.53,032.65872340425532,8.155319148936172,021.145531914893617
1769577393.92348,283.1721999645233,35,62,42,34.075,62.155,41.525,032.65372340425532,8.160319148936175,021.15053191489362
1769577393.997956,283.2462615966797,35,62,42,34.08,62.16,41.52,032.64872340425532,8.16531914893617,021.155531914893615
1769577394.07661,283.32458877563477,35,62,42,34.085,62.165,41.515,032.64372340425532,8.170319148936173,021.160531914893618
1769577394.146014,283.39506483078003,35,62,42,34.09,62.17,41.51,032.638723404255316,8.175319148936175,021.16553191489362
1769577394.221666,283.47062397003174,35,62,42,34.095,62.175,41.51,032.63372340425532,8.18031914893617,021.16553191489362
1769577394.317152,283.5661828517914,35,62,42,34.1,62.18,41.505,032.62872340425532,8.185319148936173,021.170531914893616
1769577394.4092932,283.65740180015564,35,62,42,34.105,62.185,41.5,032.62372340425532,8.190319148936176,021.175531914893618
1769577394.495751,283.74484872817993,35,62,42,34.11,62.19,41.495,032.61872340425532,8.195319148936171,021.18053191489362
1769577394.5609012,283.80983567237854,35,62,42,34.115,62.195,41.49,032.61372340425532,8.200319148936174,021.185531914893616
1769577394.6232479,283.8723177909851,35,62,42,34.12,62.2,41.485,032.60872340425532,8.205319148936177,021.19053191489362
1769577394.6996639,283.9487109184265,35,62,42,34.125,62.205,41.48,032.60372340425532,8.210319148936172,021.19553191489362
1769577394.7940722,284.0429356098175,35,62,42,34.13,62.21,41.475,032.59872340425532,8.215319148936175,021.200531914893617
1769577394.875509,284.12446784973145,35,62,42,34.135,62.215,41.475,032.59372340425532,8.220319148936177,021.200531914893617
1769577394.941876,284.19053387641907,35,62,42,34.14,62.22,41.475,032.58872340425532,8.225319148936173,021.200531914893617
1769577395.013721,284.26284074783325,35,62,42,34.145,62.225,41.475,032.583723404255316,8.230319148936175,021.200531914893617
1769577395.081655,284.3307168483734,35,62,42,34.15,62.23,41.475,032.57872340425532,8.23531914893617,021.200531914893617
1769577395.152425,284.40147376060486,35,62,42,34.155,62.235,41.47,032.57372340425532,8.240319148936173,021.20553191489362
1769577395.2181451,284.46718287467957,35,62,42,34.16,62.24,41.465,032.56872340425532,8.245319148936176,021.210531914893615
1769577395.284076,284.53291487693787,35,62,42,34.165,62.245,41.46,032.56372340425532,8.250319148936171,021.215531914893617
1769577395.361876,284.61087584495544,35,62,42,34.17,62.25,41.455,032.55872340425532,8.255319148936174,021.22053191489362
1769577395.4417222,284.6906898021698,35,62,42,34.175,62.255,41.455,032.55372340425532,8.260319148936176,021.22053191489362
1769577395.5105212,284.75954270362854,35,62,42,34.18,62.26,41.455,032.54872340425532,8.265319148936172,021.22053191489362
1769577395.579516,284.82848477363586,35,62,42,34.18,62.265,41.45,032.54872340425532,8.270319148936174,021.225531914893615
1769577395.647604,284.8967468738556,35,62,42,34.18,62.27,41.445,032.54872340425532,8.275319148936177,021.230531914893618
1769577395.706489,284.9556128978729,35,62,42,34.185,62.275,41.44,032.54372340425532,8.280319148936172,021.23553191489362
1769577395.7645051,285.0136876106262,35,62,42,34.19,62.28,41.435,032.53872340425532,8.285319148936175,021.240531914893616
1769577395.821986,285.0711569786072,35,62,42,34.195,62.285,41.435,032.53372340425532,8.29031914893617,021.240531914893616
1769577395.892836,285.14187693595886,35,62,42,34.2,62.29,41.435,032.52872340425532,8.295319148936173,021.240531914893616
1769577395.9621289,285.2112567424774,35,62,42,34.205,62.295,41.435,032.52372340425532,8.300319148936175,021.240531914893616
1769577396.0210938,285.2700695991516,35,62,42,34.21,62.3,41.435,032.51872340425532,8.30531914893617,021.240531914893616
1769577396.0819042,285.3310008049011,35,62,42,34.215,62.305,41.43,032.513723404255316,8.310319148936173,021.24553191489362
1769577396.143672,285.3927149772644,35,62,42,34.22,62.31,41.425,032.50872340425532,8.315319148936176,021.25053191489362
1769577396.209099,285.45817971229553,35,62,42,34.225,62.315,41.42,032.50372340425532,8.320319148936171,021.255531914893616
1769577396.281585,285.53041100502014,35,62,42,34.23,62.32,41.415,032.49872340425532,8.325319148936174,021.26053191489362
1769577396.345769,285.5944457054138,35,62,42,34.235,62.325,41.41,032.49372340425532,8.330319148936177,021.26553191489362
1769577396.406467,285.6556317806244,34,62,42,34.235,62.33,41.41,032.49372340425532,8.335319148936172,021.26553191489362
1769577396.464284,285.7134428024292,34,62,42,34.235,62.335,41.41,032.49372340425532,8.340319148936175,021.26553191489362
1769577396.524228,285.773131608963,34,62,42,34.235,62.34,41.41,032.49372340425532,8.345319148936177,021.26553191489362
1769577396.585957,285.8350787162781,34,62,42,34.235,62.345,41.41,032.49372340425532,8.350319148936173,021.26553191489362
1769577396.6447842,285.89394879341125,35,62,42,34.24,62.35,41.41,032.48872340425532,8.355319148936175,021.26553191489362
1769577396.704788,285.9539427757263,35,62,42,34.245,62.35,41.41,032.48372340425532,8.355319148936175,021.26553191489362
1769577396.76457,286.0136787891388,34,62,42,34.245,62.35,41.41,032.48372340425532,8.355319148936175,021.26553191489362
1769577396.822617,286.0716757774353,34,62,42,34.245,62.35,41.41,032.48372340425532,8.355319148936175,021.26553191489362
1769577396.8845,286.13363575935364,34,62,42,34.245,62.355,41.41,032.48372340425532,8.36031914893617,021.26553191489362
1769577396.941517,286.1907138824463,34,62,42,34.245,62.36,41.41,032.48372340425532,8.365319148936173,021.26553191489362
1769577396.9947689,286.2439696788788,34,62,42,34.245,62.36,41.41,032.48372340425532,8.365319148936173,021.26553191489362
1769577397.0490701,286.2979488372803,34,62,42,34.245,62.36,41.41,032.48372340425532,8.365319148936173,021.26553191489362
1769577397.105122,286.3543276786804,34,62,42,34.245,62.365,41.41,032.48372340425532,8.370319148936176,021.26553191489362
1769577397.161823,286.4109687805176,34,62,42,34.245,62.365,41.41,032.48372340425532,8.370319148936176,021.26553191489362
1769577397.219084,286.46804785728455,35,62,42,34.25,62.365,41.41,032.47872340425532,8.370319148936176,021.26553191489362
1769577397.279964,286.5288407802582,34,62,42,34.25,62.365,41.41,032.47872340425532,8.370319148936176,021.26553191489362
1769577397.336695,286.5857689380646,34,62,42,34.25,62.365,41.41,032.47872340425532,8.370319148936176,021.26553191489362
1769577397.3921978,286.64133977890015,34,62,42,34.25,62.365,41.41,032.47872340425532,8.370319148936176,021.26553191489362
1769577397.447668,286.69684886932373,34,62,42,34.25,62.365,41.41,032.47872340425532,8.370319148936176,021.26553191489362
1769577397.502203,286.75128865242004,34,62,42,34.25,62.365,41.41,032.47872340425532,8.370319148936176,021.26553191489362
1769577397.5570529,286.8061797618866,34,62,42,34.25,62.365,41.41,032.47872340425532,8.370319148936176,021.26553191489362
1769577397.612972,286.8621277809143,34,62,42,34.25,62.365,41.41,032.47872340425532,8.370319148936176,021.26553191489362
1769577397.6732109,286.92226576805115,34,62,42,34.25,62.365,41.41,032.47872340425532,8.370319148936176,021.26553191489362
1769577397.741636,286.98793601989746,34,62,42,34.25,62.365,41.41,032.47872340425532,8.370319148936176,021.26553191489362
1769577397.801434,287.05063557624817,34,62,42,34.25,62.365,41.41,032.47872340425532,8.370319148936176,021.26553191489362
1769577397.853451,287.10265278816223,34,62,42,34.25,62.365,41.41,032.47872340425532,8.370319148936176,021.26553191489362
1769577397.907928,287.1571409702301,34,62,42,34.25,62.365,41.41,032.47872340425532,8.370319148936176,021.26553191489362
1769577397.963239,287.21243166923523,34,62,42,34.25,62.365,41.41,032.47872340425532,8.370319148936176,021.26553191489362
1769577398.020614,287.26984190940857,34,61,42,34.25,62.36,41.41,032.47872340425532,8.365319148936173,021.26553191489362
1769577398.076888,287.3258697986603,34,62,42,34.25,62.36,41.41,032.47872340425532,8.365319148936173,021.26553191489362
1769577398.1330051,287.38218879699707,34,61,42,34.25,62.355,41.41,032.47872340425532,8.36031914893617,021.26553191489362
1769577398.184644,287.4338638782501,34,61,42,34.25,62.35,41.41,032.47872340425532,8.355319148936175,021.26553191489362
1769577398.2417002,287.49079966545105,34,62,42,34.25,62.35,41.41,032.47872340425532,8.355319148936175,021.26553191489362
1769577398.298136,287.5471076965332,34,62,42,34.25,62.35,41.41,032.47872340425532,8.355319148936175,021.26553191489362
1769577398.358248,287.6070947647095,34,61,42,34.25,62.345,41.41,032.47872340425532,8.350319148936173,021.26553191489362
1769577398.413686,287.6627857685089,34,61,42,34.25,62.34,41.41,032.47872340425532,8.345319148936177,021.26553191489362
1769577398.467009,287.71625089645386,34,61,43,34.25,62.335,41.415,032.47872340425532,8.340319148936175,021.26053191489362
1769577398.519066,287.7682738304138,35,61,43,34.255,62.33,41.425,032.47372340425532,8.335319148936172,021.25053191489362
1769577398.5727959,287.8219966888428,34,61,43,34.255,62.325,41.43,032.47372340425532,8.330319148936177,021.24553191489362
1769577398.629225,287.87838888168335,34,61,43,34.255,62.32,41.435,032.47372340425532,8.325319148936174,021.240531914893616
1769577398.684188,287.93330669403076,34,61,43,34.255,62.315,41.445,032.47372340425532,8.320319148936171,021.230531914893618
1769577398.7371762,287.9862928390503,34,61,43,34.255,62.31,41.45,032.47372340425532,8.315319148936176,021.225531914893615
1769577398.7959921,288.0450367927551,35,61,43,34.26,62.305,41.455,032.46872340425532,8.310319148936173,021.22053191489362
1769577398.853882,288.10293769836426,34,61,43,34.26,62.3,41.46,032.46872340425532,8.30531914893617,021.215531914893617
1769577398.910281,288.15940380096436,34,61,43,34.26,62.295,41.465,032.46872340425532,8.300319148936175,021.210531914893615
1769577398.973938,288.22310185432434,34,61,43,34.26,62.29,41.47,032.46872340425532,8.295319148936173,021.20553191489362
